; XGA area-fill fallback bits: 512 rotation phases, 16 bytes per phase.
; By Dag Erik Hagesæter / Retro Erik using Codex in VS Code
torus_area_unsafe:
    db 0x02,0x04,0x04,0x00,0x87,0x87,0x00,0x04,0x06,0x02,0x02,0x16,0x1e,0x1e,0x02,0x02
    db 0x02,0x04,0x04,0x83,0x87,0x83,0x00,0x04,0x06,0x02,0x02,0x1e,0x1e,0x1a,0x00,0x02
    db 0x02,0x04,0x04,0x87,0x87,0x00,0x00,0x04,0x06,0x02,0x02,0x1e,0x1e,0x10,0x00,0x02
    db 0x06,0x04,0x04,0x87,0x87,0x00,0x04,0x04,0x06,0x02,0x02,0x1e,0x1e,0x00,0x00,0x02
    db 0x06,0x04,0x04,0x87,0x87,0x00,0x04,0x04,0x06,0x02,0x02,0x1e,0x1e,0x00,0x02,0x02
    db 0x06,0x04,0x04,0x87,0x87,0x00,0x04,0x04,0x06,0x02,0x00,0x1e,0x1e,0x00,0x02,0x02
    db 0x06,0x04,0x00,0x87,0x87,0x00,0x04,0x04,0x06,0x02,0x00,0x1e,0x1e,0x00,0x02,0x06
    db 0x06,0x04,0x00,0x87,0x87,0x00,0x04,0x04,0x06,0x02,0x00,0x00,0x1e,0x00,0x02,0x02
    db 0x06,0x04,0x00,0x04,0x87,0x00,0x04,0x04,0x06,0x02,0x00,0x02,0x1e,0x00,0x02,0x06
    db 0x06,0x04,0x00,0x83,0x87,0x00,0x04,0x06,0x06,0x02,0x00,0x1e,0x1e,0x02,0x02,0x02
    db 0x06,0x04,0x00,0x87,0x87,0x00,0x04,0x06,0x06,0x02,0x00,0x1e,0x1e,0x00,0x02,0x06
    db 0x06,0x04,0x00,0x87,0x87,0x00,0x04,0x06,0x06,0x02,0x00,0x1e,0x1e,0x00,0x02,0x06
    db 0x06,0x04,0x00,0x87,0x87,0x00,0x04,0x06,0x02,0x02,0x00,0x1e,0x1e,0x02,0x02,0x02
    db 0x04,0x04,0x80,0x87,0x87,0x00,0x04,0x06,0x02,0x02,0x00,0x1e,0x1e,0x02,0x02,0x02
    db 0x06,0x04,0x00,0x87,0x83,0x00,0x04,0x06,0x02,0x02,0x00,0x1e,0x1e,0x02,0x02,0x06
    db 0x04,0x04,0x80,0x87,0x00,0x00,0x04,0x06,0x02,0x00,0x00,0x1e,0x1c,0x02,0x02,0x06
    db 0x04,0x04,0x80,0x87,0x00,0x04,0x04,0x06,0x02,0x00,0x1c,0x1e,0x00,0x02,0x02,0x06
    db 0x04,0x04,0x81,0x87,0x00,0x04,0x04,0x06,0x02,0x00,0x18,0x1e,0x00,0x02,0x02,0x06
    db 0x04,0x00,0x87,0x87,0x00,0x04,0x04,0x06,0x02,0x00,0x1e,0x1e,0x00,0x02,0x02,0x06
    db 0x04,0x00,0x87,0x87,0x00,0x04,0x04,0x06,0x02,0x00,0x1e,0x1e,0x00,0x02,0x02,0x06
    db 0x04,0x00,0x87,0x87,0x00,0x04,0x04,0x06,0x02,0x00,0x1e,0x1e,0x00,0x02,0x06,0x06
    db 0x04,0x00,0x87,0x87,0x00,0x00,0x06,0x06,0x02,0x00,0x1e,0x1e,0x00,0x02,0x06,0x06
    db 0x04,0x00,0x87,0x87,0x00,0x00,0x06,0x06,0x02,0x00,0x1e,0x1e,0x00,0x00,0x06,0x06
    db 0x04,0x00,0x87,0x87,0x00,0x00,0x06,0x06,0x02,0x00,0x1e,0x1e,0x00,0x00,0x06,0x06
    db 0x04,0x00,0x83,0x87,0x00,0x04,0x06,0x06,0x02,0x00,0x18,0x1e,0x00,0x02,0x06,0x06
    db 0x04,0x00,0x81,0x87,0x00,0x04,0x04,0x06,0x02,0x00,0x18,0x1e,0x00,0x02,0x06,0x06
    db 0x04,0x00,0x87,0x87,0x00,0x04,0x06,0x06,0x02,0x00,0x1e,0x1e,0x00,0x02,0x06,0x06
    db 0x04,0x00,0x87,0x87,0x00,0x04,0x06,0x06,0x00,0x00,0x1e,0x1e,0x00,0x02,0x06,0x06
    db 0x00,0x00,0x87,0x87,0x08,0x04,0x06,0x06,0x00,0x00,0x1e,0x0e,0x00,0x02,0x06,0x06
    db 0x00,0x00,0x87,0x0f,0x00,0x04,0x06,0x02,0x00,0x00,0x1e,0x0d,0x01,0x02,0x06,0x06
    db 0x00,0x80,0x87,0x0c,0x08,0x04,0x06,0x02,0x00,0x01,0x1e,0x01,0x01,0x03,0x06,0x06
    db 0x00,0x00,0x87,0x08,0x08,0x04,0x06,0x02,0x00,0x00,0x1e,0x01,0x01,0x02,0x06,0x06
    db 0x00,0x80,0x87,0x08,0x00,0x04,0x06,0x02,0x00,0x01,0x0f,0x00,0x03,0x02,0x06,0x06
    db 0x00,0x80,0x07,0x08,0x08,0x04,0x06,0x02,0x00,0x10,0x0e,0x01,0x03,0x03,0x06,0x04
    db 0x00,0x8f,0x0f,0x08,0x08,0x06,0x06,0x02,0x00,0x17,0x0f,0x01,0x03,0x06,0x06,0x04
    db 0x08,0x0f,0x0f,0x08,0x08,0x06,0x06,0x03,0x00,0x1f,0x0f,0x01,0x03,0x07,0x06,0x04
    db 0x08,0x0f,0x0f,0x08,0x08,0x06,0x06,0x02,0x01,0x0f,0x0f,0x01,0x03,0x07,0x06,0x0c
    db 0x00,0x07,0x0f,0x08,0x08,0x06,0x06,0x02,0x00,0x0f,0x0f,0x01,0x03,0x02,0x06,0x0c
    db 0x00,0x0f,0x0f,0x08,0x0c,0x04,0x06,0x03,0x01,0x0f,0x0f,0x01,0x03,0x02,0x06,0x04
    db 0x00,0x09,0x0f,0x08,0x0c,0x06,0x06,0x02,0x01,0x09,0x0f,0x01,0x03,0x07,0x06,0x04
    db 0x08,0x0b,0x0f,0x08,0x0c,0x06,0x06,0x03,0x01,0x0b,0x0f,0x01,0x03,0x07,0x06,0x0c
    db 0x08,0x0f,0x0f,0x08,0x0c,0x06,0x07,0x03,0x01,0x0f,0x0f,0x01,0x03,0x07,0x0e,0x08
    db 0x08,0x0f,0x0f,0x08,0x0c,0x0e,0x06,0x01,0x01,0x0f,0x0f,0x01,0x03,0x07,0x0e,0x08
    db 0x08,0x0f,0x0f,0x08,0x0c,0x06,0x06,0x01,0x00,0x0f,0x0f,0x01,0x03,0x07,0x06,0x08
    db 0x00,0x0f,0x03,0x08,0x0c,0x06,0x07,0x01,0x00,0x0f,0x03,0x01,0x03,0x07,0x06,0x00
    db 0x00,0x0f,0x08,0x08,0x0c,0x06,0x07,0x01,0x00,0x0f,0x00,0x01,0x03,0x07,0x0e,0x08
    db 0x00,0x0f,0x00,0x08,0x0e,0x0e,0x07,0x01,0x00,0x0f,0x00,0x01,0x03,0x07,0x0c,0x08
    db 0x00,0x0f,0x00,0x08,0x0e,0x07,0x07,0x01,0x01,0x0f,0x00,0x01,0x07,0x07,0x0c,0x08
    db 0x00,0x0f,0x00,0x08,0x0e,0x06,0x02,0x00,0x01,0x0f,0x00,0x00,0x07,0x0f,0x0e,0x08
    db 0x00,0x0f,0x00,0x00,0x0e,0x0f,0x03,0x00,0x01,0x0f,0x00,0x01,0x07,0x0f,0x0c,0x08
    db 0x0e,0x0f,0x00,0x08,0x0c,0x07,0x03,0x00,0x03,0x0f,0x00,0x01,0x07,0x0f,0x0c,0x08
    db 0x0f,0x0f,0x00,0x08,0x0e,0x07,0x03,0x00,0x0f,0x0f,0x00,0x01,0x07,0x0f,0x0c,0x08
    db 0x0f,0x0f,0x00,0x08,0x0e,0x07,0x03,0x00,0x0f,0x0f,0x00,0x00,0x07,0x0f,0x0c,0x00
    db 0x0f,0x0f,0x00,0x08,0x0e,0x07,0x03,0x00,0x0f,0x0f,0x00,0x01,0x07,0x0f,0x0c,0x00
    db 0x0f,0x0f,0x00,0x00,0x0e,0x0f,0x03,0x00,0x0f,0x0f,0x00,0x00,0x07,0x0f,0x08,0x00
    db 0x0b,0x0f,0x00,0x00,0x06,0x07,0x03,0x00,0x0f,0x0f,0x00,0x01,0x07,0x0f,0x08,0x00
    db 0x0c,0x0f,0x00,0x08,0x0f,0x0f,0x01,0x00,0x07,0x0f,0x00,0x03,0x07,0x07,0x00,0x00
    db 0x0f,0x0f,0x00,0x00,0x0e,0x0f,0x01,0x00,0x01,0x0f,0x00,0x02,0x0f,0x0f,0x00,0x00
    db 0x0f,0x0f,0x00,0x00,0x06,0x06,0x00,0x00,0x0f,0x0f,0x00,0x02,0x0f,0x0f,0x08,0x00
    db 0x0f,0x0d,0x00,0x08,0x0e,0x06,0x00,0x00,0x0f,0x0f,0x00,0x07,0x0f,0x0f,0x00,0x00
    db 0x0f,0x04,0x00,0x06,0x0f,0x07,0x00,0x00,0x0f,0x08,0x00,0x07,0x0f,0x0f,0x00,0x00
    db 0x0f,0x00,0x00,0x06,0x0f,0x0f,0x00,0x00,0x0f,0x00,0x00,0x06,0x0f,0x0f,0x00,0x00
    db 0x0f,0x00,0x00,0x07,0x0f,0x0f,0x00,0x00,0x0f,0x00,0x00,0x07,0x0f,0x0f,0x00,0x00
    db 0x0f,0x00,0x00,0x06,0x0f,0x0f,0x00,0x00,0x0f,0x00,0x00,0x06,0x0f,0x0f,0x00,0x00
    db 0x0f,0x00,0x00,0x00,0x0f,0x0f,0x00,0x00,0x0f,0x00,0x00,0x00,0x0f,0x0f,0x00,0x00
    db 0x0f,0x00,0x00,0x06,0x0f,0x0f,0x00,0x01,0x0f,0x00,0x00,0x06,0x0f,0x0f,0x00,0x00
    db 0x0f,0x00,0x00,0x0f,0x0f,0x0c,0x00,0x0f,0x0f,0x00,0x00,0x0e,0x0f,0x07,0x00,0x01
    db 0x0f,0x00,0x00,0x07,0x0f,0x04,0x00,0x0f,0x0f,0x00,0x00,0x0e,0x0f,0x07,0x00,0x03
    db 0x0f,0x00,0x00,0x0f,0x0f,0x08,0x00,0x0f,0x0f,0x00,0x00,0x0e,0x0f,0x01,0x00,0x0f
    db 0x0f,0x00,0x00,0x0f,0x0f,0x08,0x00,0x0f,0x0f,0x00,0x08,0x0f,0x0f,0x01,0x00,0x0f
    db 0x0f,0x00,0x01,0x0f,0x0f,0x08,0x00,0x0f,0x0f,0x00,0x08,0x0f,0x0f,0x01,0x00,0x0f
    db 0x0f,0x00,0x01,0x0f,0x0f,0x08,0x00,0x01,0x0f,0x00,0x00,0x0f,0x0f,0x01,0x00,0x0f
    db 0x0f,0x00,0x01,0x07,0x0e,0x00,0x00,0x07,0x0f,0x00,0x08,0x0e,0x0f,0x01,0x00,0x0c
    db 0x0f,0x00,0x01,0x07,0x0f,0x08,0x00,0x0f,0x0f,0x00,0x04,0x07,0x0f,0x01,0x00,0x0b
    db 0x0f,0x00,0x03,0x0f,0x0e,0x08,0x00,0x0f,0x0f,0x08,0x0c,0x0f,0x07,0x01,0x00,0x0f
    db 0x0f,0x00,0x03,0x0f,0x0e,0x08,0x00,0x0f,0x0f,0x00,0x0c,0x0f,0x07,0x01,0x00,0x0f
    db 0x00,0x01,0x03,0x07,0x0e,0x08,0x00,0x0f,0x0f,0x08,0x0c,0x0f,0x07,0x01,0x00,0x0f
    db 0x00,0x00,0x07,0x0e,0x0e,0x08,0x00,0x0f,0x0c,0x08,0x0c,0x0e,0x07,0x01,0x00,0x0f
    db 0x00,0x00,0x05,0x07,0x0e,0x08,0x00,0x0f,0x00,0x08,0x0e,0x0e,0x07,0x01,0x00,0x0f
    db 0x00,0x01,0x07,0x0e,0x0e,0x08,0x00,0x0f,0x00,0x08,0x0e,0x0e,0x07,0x01,0x00,0x0f
    db 0x00,0x01,0x07,0x06,0x0e,0x08,0x00,0x0f,0x00,0x08,0x0e,0x0f,0x03,0x01,0x01,0x0f
    db 0x00,0x01,0x07,0x0e,0x0c,0x08,0x00,0x0f,0x00,0x08,0x0e,0x0f,0x03,0x01,0x01,0x0f
    db 0x00,0x01,0x07,0x06,0x0c,0x08,0x0e,0x0f,0x08,0x08,0x0e,0x06,0x03,0x01,0x09,0x0f
    db 0x01,0x01,0x07,0x06,0x0c,0x08,0x0f,0x0f,0x08,0x08,0x0e,0x06,0x03,0x01,0x0b,0x0f
    db 0x00,0x01,0x07,0x06,0x0c,0x08,0x0f,0x0f,0x08,0x0c,0x0e,0x06,0x03,0x01,0x0f,0x0f
    db 0x00,0x01,0x06,0x06,0x0c,0x08,0x0f,0x0f,0x00,0x0c,0x0c,0x06,0x03,0x01,0x0f,0x0f
    db 0x01,0x03,0x07,0x06,0x0c,0x08,0x0f,0x0f,0x08,0x0c,0x06,0x06,0x03,0x01,0x0f,0x0f
    db 0x00,0x03,0x06,0x06,0x0c,0x08,0x0f,0x0f,0x08,0x0c,0x06,0x06,0x03,0x01,0x0f,0x0f
    db 0x01,0x03,0x06,0x06,0x04,0x00,0x0b,0x0f,0x08,0x0c,0x04,0x06,0x03,0x01,0x0b,0x0f
    db 0x01,0x01,0x07,0x06,0x08,0x08,0x09,0x0f,0x08,0x0c,0x06,0x06,0x03,0x01,0x09,0x0f
    db 0x01,0x01,0x06,0x06,0x00,0x00,0x07,0x0f,0x08,0x08,0x06,0x06,0x00,0x00,0x0f,0x0f
    db 0x01,0x03,0x06,0x06,0x00,0x00,0x07,0x0f,0x08,0x08,0x06,0x06,0x00,0x00,0x0f,0x0f
    db 0x01,0x02,0x06,0x06,0x00,0x00,0x0f,0x08,0x08,0x0c,0x06,0x06,0x00,0x00,0x0f,0x0f
    db 0x01,0x03,0x06,0x06,0x00,0x00,0x07,0x08,0x08,0x04,0x06,0x06,0x00,0x00,0x0f,0x01
    db 0x01,0x03,0x06,0x04,0x00,0x00,0x07,0x08,0x08,0x04,0x06,0x02,0x00,0x00,0x0e,0x0d
    db 0x01,0x02,0x06,0x04,0x00,0x00,0x07,0x08,0x08,0x0c,0x06,0x02,0x00,0x00,0x0e,0x01
    db 0x00,0x02,0x06,0x04,0x00,0x00,0x07,0x08,0x08,0x04,0x06,0x02,0x00,0x00,0x0e,0x08
    db 0x01,0x02,0x06,0x04,0x00,0x03,0x07,0x08,0x00,0x06,0x06,0x02,0x00,0x10,0x0e,0x01
    db 0x00,0x02,0x06,0x04,0x00,0x87,0x07,0x08,0x08,0x06,0x06,0x02,0x00,0x16,0x0e,0x01
    db 0x00,0x02,0x06,0x04,0x00,0x07,0x07,0x08,0x0c,0x06,0x06,0x02,0x00,0x0e,0x0e,0x01
    db 0x02,0x02,0x06,0x04,0x00,0x87,0x87,0x00,0x04,0x06,0x06,0x02,0x00,0x1e,0x1e,0x00
    db 0x02,0x06,0x06,0x04,0x00,0x87,0x87,0x00,0x04,0x06,0x06,0x02,0x00,0x1e,0x1e,0x00
    db 0x02,0x06,0x06,0x04,0x00,0x87,0x87,0x00,0x04,0x06,0x06,0x02,0x00,0x1e,0x1e,0x00
    db 0x02,0x06,0x06,0x04,0x00,0x81,0x87,0x00,0x04,0x06,0x06,0x02,0x00,0x18,0x1e,0x00
    db 0x02,0x02,0x06,0x04,0x00,0x81,0x87,0x00,0x04,0x06,0x06,0x02,0x00,0x1a,0x1e,0x00
    db 0x02,0x06,0x06,0x04,0x00,0x87,0x87,0x00,0x00,0x06,0x06,0x02,0x00,0x1e,0x1e,0x00
    db 0x02,0x02,0x06,0x04,0x00,0x87,0x87,0x00,0x04,0x04,0x06,0x02,0x00,0x1e,0x1e,0x00
    db 0x02,0x06,0x06,0x04,0x00,0x87,0x87,0x00,0x04,0x06,0x06,0x02,0x00,0x1e,0x1e,0x00
    db 0x02,0x06,0x06,0x00,0x00,0x87,0x87,0x00,0x04,0x06,0x06,0x02,0x00,0x1e,0x1e,0x00
    db 0x02,0x06,0x06,0x00,0x00,0x87,0x87,0x00,0x04,0x04,0x02,0x02,0x00,0x1e,0x1e,0x00
    db 0x02,0x06,0x04,0x04,0x00,0x87,0x83,0x04,0x04,0x06,0x02,0x02,0x10,0x1e,0x02,0x00
    db 0x02,0x06,0x04,0x04,0x80,0x87,0x04,0x04,0x04,0x06,0x02,0x02,0x00,0x1e,0x16,0x02
    db 0x02,0x06,0x04,0x00,0x80,0x87,0x00,0x04,0x04,0x06,0x02,0x02,0x04,0x1e,0x00,0x02
    db 0x02,0x06,0x04,0x00,0x80,0x87,0x00,0x04,0x04,0x06,0x02,0x02,0x00,0x1e,0x00,0x02
    db 0x02,0x06,0x04,0x00,0x87,0x87,0x00,0x04,0x04,0x06,0x02,0x00,0x1e,0x1e,0x00,0x02
    db 0x02,0x06,0x04,0x00,0x87,0x87,0x00,0x04,0x06,0x06,0x02,0x00,0x1e,0x1e,0x00,0x02
    db 0x02,0x06,0x04,0x00,0x87,0x87,0x00,0x00,0x06,0x06,0x02,0x00,0x1e,0x1e,0x00,0x00
    db 0x06,0x06,0x04,0x00,0x87,0x87,0x00,0x00,0x06,0x06,0x02,0x00,0x1e,0x1e,0x00,0x02
    db 0x02,0x06,0x04,0x00,0x87,0x87,0x00,0x00,0x06,0x06,0x02,0x00,0x1e,0x1e,0x00,0x02
    db 0x02,0x06,0x04,0x00,0x87,0x87,0x00,0x04,0x06,0x06,0x02,0x00,0x1a,0x1e,0x00,0x02
    db 0x02,0x06,0x04,0x00,0x83,0x87,0x00,0x04,0x06,0x06,0x02,0x00,0x1c,0x1e,0x00,0x02
    db 0x06,0x06,0x04,0x00,0x81,0x87,0x00,0x04,0x06,0x06,0x02,0x00,0x1e,0x1e,0x00,0x02
    db 0x06,0x04,0x04,0x00,0x87,0x87,0x04,0x04,0x06,0x06,0x02,0x00,0x1e,0x1e,0x00,0x02
    db 0x06,0x04,0x04,0x00,0x87,0x87,0x04,0x04,0x06,0x06,0x02,0x00,0x1e,0x1e,0x02,0x02
    db 0x06,0x04,0x04,0x00,0x87,0x87,0x04,0x04,0x06,0x06,0x02,0x00,0x1e,0x1e,0x02,0x02
    db 0x06,0x04,0x04,0x00,0x87,0x87,0x04,0x04,0x04,0x02,0x02,0x00,0x1e,0x1e,0x02,0x02
    db 0x06,0x04,0x04,0x00,0x87,0x87,0x04,0x04,0x04,0x02,0x02,0x00,0x1e,0x1e,0x02,0x02
    db 0x02,0x04,0x04,0x83,0x87,0x87,0x04,0x04,0x06,0x02,0x02,0x06,0x1e,0x1e,0x00,0x02
    db 0x06,0x04,0x04,0x87,0x87,0x87,0x04,0x04,0x04,0x02,0x02,0x08,0x1e,0x1e,0x00,0x02
    db 0x02,0x04,0x04,0x87,0x87,0x83,0x04,0x04,0x04,0x02,0x02,0x0a,0x1e,0x0a,0x00,0x02
    db 0x06,0x04,0x04,0x87,0x87,0x81,0x04,0x04,0x04,0x02,0x02,0x1e,0x1e,0x1c,0x02,0x02
    db 0x02,0x04,0x04,0x87,0x87,0x00,0x04,0x04,0x04,0x02,0x02,0x1e,0x1e,0x00,0x02,0x02
    db 0x06,0x04,0x04,0x87,0x87,0x00,0x04,0x04,0x06,0x02,0x02,0x1e,0x1e,0x18,0x02,0x02
    db 0x06,0x04,0x04,0x87,0x87,0x00,0x04,0x04,0x06,0x02,0x02,0x1e,0x1e,0x00,0x02,0x02
    db 0x06,0x04,0x04,0x87,0x87,0x04,0x04,0x04,0x06,0x02,0x02,0x1e,0x1e,0x02,0x02,0x02
    db 0x06,0x04,0x04,0x81,0x87,0x04,0x04,0x04,0x06,0x02,0x02,0x1e,0x1e,0x02,0x02,0x02
    db 0x02,0x04,0x04,0x83,0x87,0x04,0x04,0x04,0x04,0x02,0x02,0x1c,0x1e,0x00,0x02,0x02
    db 0x02,0x04,0x04,0x87,0x87,0x00,0x04,0x04,0x06,0x02,0x02,0x18,0x1e,0x02,0x02,0x02
    db 0x06,0x04,0x04,0x87,0x87,0x04,0x04,0x04,0x06,0x02,0x02,0x1e,0x1e,0x02,0x02,0x02
    db 0x06,0x04,0x00,0x87,0x87,0x00,0x04,0x04,0x06,0x02,0x02,0x1e,0x1e,0x00,0x02,0x02
    db 0x04,0x04,0x04,0x87,0x87,0x04,0x04,0x04,0x02,0x02,0x02,0x1e,0x1e,0x02,0x02,0x02
    db 0x04,0x04,0x04,0x87,0x87,0x04,0x04,0x06,0x02,0x02,0x12,0x1e,0x1e,0x02,0x02,0x02
    db 0x04,0x04,0x06,0x87,0x87,0x04,0x04,0x06,0x02,0x02,0x0e,0x1e,0x1e,0x02,0x02,0x02
    db 0x04,0x04,0x87,0x87,0x87,0x04,0x04,0x06,0x02,0x02,0x1e,0x1e,0x1e,0x02,0x02,0x02
    db 0x04,0x04,0x87,0x87,0x87,0x04,0x04,0x06,0x02,0x02,0x1e,0x1e,0x1e,0x02,0x02,0x06
    db 0x04,0x04,0x87,0x87,0x87,0x04,0x04,0x06,0x02,0x02,0x1e,0x1e,0x1e,0x02,0x02,0x06
    db 0x04,0x04,0x87,0x87,0x87,0x04,0x04,0x06,0x02,0x02,0x1e,0x1e,0x1e,0x02,0x02,0x06
    db 0x04,0x04,0x87,0x87,0x87,0x04,0x04,0x06,0x02,0x02,0x1e,0x1e,0x1e,0x02,0x02,0x06
    db 0x04,0x04,0x87,0x87,0x87,0x04,0x04,0x06,0x02,0x02,0x1e,0x1e,0x1e,0x02,0x02,0x06
    db 0x04,0x04,0x87,0x87,0x87,0x04,0x04,0x06,0x02,0x02,0x1e,0x1e,0x1e,0x02,0x02,0x06
    db 0x04,0x04,0x87,0x87,0x87,0x04,0x04,0x06,0x02,0x02,0x1e,0x1e,0x1e,0x02,0x02,0x06
    db 0x04,0x04,0x87,0x87,0x87,0x04,0x04,0x06,0x02,0x02,0x06,0x1e,0x1e,0x02,0x02,0x06
    db 0x04,0x84,0x81,0x87,0x87,0x04,0x04,0x06,0x02,0x02,0x18,0x1e,0x0e,0x02,0x02,0x06
    db 0x04,0x06,0x81,0x87,0x87,0x04,0x04,0x06,0x02,0x06,0x18,0x1e,0x1e,0x02,0x02,0x06
    db 0x04,0x86,0x87,0x87,0x87,0x04,0x04,0x04,0x02,0x06,0x1e,0x1e,0x16,0x02,0x02,0x06
    db 0x04,0x87,0x87,0x87,0x06,0x04,0x04,0x02,0x02,0x0e,0x1e,0x1e,0x16,0x02,0x02,0x04
    db 0x00,0x87,0x87,0x87,0x04,0x04,0x04,0x00,0x02,0x1e,0x1e,0x1e,0x1e,0x02,0x02,0x00
    db 0x04,0x87,0x87,0x87,0x04,0x04,0x04,0x02,0x02,0x0e,0x1e,0x1e,0x02,0x02,0x02,0x00
    db 0x04,0x87,0x83,0x87,0x04,0x04,0x04,0x00,0x02,0x1c,0x1e,0x1e,0x02,0x02,0x02,0x00
    db 0x04,0x87,0x87,0x87,0x04,0x04,0x04,0x02,0x02,0x1e,0x1c,0x1e,0x02,0x02,0x02,0x00
    db 0x04,0xc7,0xc7,0x87,0x04,0x04,0x04,0x02,0x02,0x1e,0x1e,0x1e,0x02,0x02,0x02,0x00
    db 0x04,0x87,0x87,0x87,0x04,0x04,0x04,0x00,0x02,0x3c,0x1c,0x1c,0x02,0x02,0x02,0x00
    db 0x04,0xc3,0x83,0x87,0x04,0x04,0x04,0x00,0x02,0x3c,0x1c,0x1c,0x02,0x02,0x02,0x00
    db 0x04,0x83,0x83,0x87,0x04,0x04,0x04,0x00,0x02,0x3c,0x1c,0x1c,0x02,0x02,0x02,0x00
    db 0x00,0xc3,0xc3,0x87,0x04,0x04,0x04,0x00,0x02,0x3c,0x3c,0x1c,0x02,0x02,0x02,0x00
    db 0x00,0xc3,0xc3,0x87,0x04,0x04,0x04,0x00,0x0c,0x3c,0x3c,0x1c,0x02,0x02,0x02,0x04
    db 0xc1,0xc3,0xc3,0x87,0x04,0x04,0x04,0x00,0x2c,0x18,0x3c,0x1c,0x02,0x02,0x02,0x04
    db 0xc3,0xc1,0xc3,0x83,0x04,0x04,0x04,0x00,0x2c,0x38,0x3c,0x1c,0x02,0x02,0x02,0x00
    db 0xc3,0x40,0xc3,0x83,0x04,0x04,0x04,0x00,0x3c,0x00,0x3c,0x1c,0x02,0x02,0x02,0x00
    db 0xc3,0xc3,0xc3,0x83,0x04,0x04,0x04,0x00,0x3c,0x24,0x3c,0x1c,0x02,0x02,0x02,0x00
    db 0xc3,0xc3,0xc3,0x83,0x04,0x04,0x04,0x00,0x3c,0x3c,0x3c,0x1c,0x02,0x02,0x02,0x00
    db 0xc3,0xc3,0xc3,0x83,0x04,0x04,0x04,0x00,0x3c,0x3c,0x3c,0x1c,0x02,0x02,0x00,0x00
    db 0xc3,0xc3,0xc3,0x83,0x04,0x04,0x04,0x00,0x3c,0x3c,0x3c,0x1c,0x02,0x02,0x00,0x00
    db 0xc3,0xc3,0xc3,0x83,0x04,0x04,0x04,0x00,0x3c,0x3c,0x3c,0x1c,0x02,0x02,0x00,0x00
    db 0xc3,0xc3,0xc3,0x83,0x04,0x04,0x04,0x10,0x3c,0x3c,0x3c,0x1c,0x02,0x02,0x02,0xc0
    db 0xc3,0xc3,0xc3,0x83,0x04,0x04,0x04,0x10,0x3c,0x3c,0x3c,0x1c,0x02,0x02,0x02,0xc0
    db 0xc3,0xc3,0xc3,0x83,0x04,0x04,0x00,0x3c,0x3c,0x3c,0x3c,0x1c,0x02,0x02,0x00,0xc3
    db 0xc3,0xc3,0xc3,0x83,0x04,0x04,0x00,0x3c,0x3c,0x3c,0x3c,0x1c,0x02,0x02,0x00,0xc3
    db 0xc3,0xc3,0xc3,0x83,0x04,0x04,0x00,0x3c,0x3c,0x3c,0x3c,0x1c,0x02,0x02,0x00,0xc3
    db 0xc3,0xc3,0xc3,0x83,0x04,0x04,0x00,0x3c,0x3c,0x3c,0x3c,0x1c,0x02,0x02,0x00,0xc3
    db 0xc3,0xc3,0xc3,0x83,0x04,0x04,0x20,0x3c,0x3c,0x3c,0x3c,0x1c,0x02,0x02,0x00,0xc3
    db 0xc3,0xc3,0xc3,0x83,0x04,0x04,0x00,0x3c,0x3c,0x3c,0x3c,0x1c,0x02,0x02,0x00,0xc3
    db 0x42,0xc3,0xc3,0x83,0x04,0x04,0x3c,0x3c,0x3c,0x3c,0x3c,0x1c,0x02,0x02,0xc1,0xc3
    db 0x00,0xc3,0xc3,0x83,0x04,0x04,0x3c,0x3c,0x18,0x3c,0x3c,0x1c,0x02,0x02,0x41,0xc3
    db 0x42,0xc3,0xc3,0x83,0x04,0x04,0x3c,0x3c,0x18,0x3c,0x3c,0x1c,0x02,0x02,0xc3,0xc3
    db 0x00,0xc3,0xc3,0x83,0x04,0x04,0x3c,0x3c,0x18,0x3c,0x3c,0x1c,0x02,0x02,0xc3,0xc3
    db 0x00,0xc3,0xc3,0xc3,0x04,0x04,0x3c,0x3c,0x00,0x3c,0x3c,0x1c,0x02,0xc3,0xc3,0xc3
    db 0x00,0xc3,0xc3,0x83,0x04,0x1c,0x3c,0x3c,0x00,0x3c,0x3c,0x1c,0x02,0xc3,0xc3,0xc3
    db 0x42,0xc3,0xc3,0x83,0x04,0x3c,0x3c,0x18,0x18,0x3c,0x3c,0x1c,0x02,0xc3,0xc3,0xc3
    db 0x42,0xc3,0xc3,0x83,0x04,0x3c,0x3c,0x3c,0x3c,0x3c,0x3c,0x1c,0x02,0xc3,0xc3,0xc3
    db 0x00,0xc3,0xc3,0xc3,0x04,0x3c,0x24,0x00,0x00,0x24,0x3c,0x24,0x02,0xc3,0xc3,0xc3
    db 0x00,0xc3,0xc3,0xc3,0x04,0x3c,0x24,0x00,0x00,0x24,0x3c,0x20,0x02,0xc3,0xc3,0xc3
    db 0x00,0x00,0x40,0x40,0x04,0x04,0x00,0x00,0x00,0x00,0x20,0x20,0x02,0x02,0x00,0x00
    db 0x00,0x00,0x40,0x40,0x04,0x04,0x00,0x00,0x00,0x00,0x20,0x20,0x02,0x02,0x00,0x00
    db 0xc3,0xc3,0xc3,0x40,0x24,0x3c,0x24,0x00,0x00,0x24,0x3c,0x20,0xc3,0xc3,0xc3,0x00
    db 0xc3,0xc3,0xc3,0x40,0x24,0x3c,0x24,0x00,0x00,0x3c,0x3c,0x20,0xc3,0xc3,0xc3,0x00
    db 0xc3,0xc3,0xc3,0x40,0x3c,0x3c,0x3c,0x00,0x00,0x3c,0x3c,0x20,0xc1,0xc3,0xc3,0x42
    db 0xc3,0xc3,0xc3,0x40,0x3c,0x3c,0x3c,0x00,0x00,0x3c,0x3c,0x20,0xc1,0xc3,0xc3,0x42
    db 0xc3,0xc3,0xc1,0x40,0x3c,0x3c,0x3c,0x00,0x3c,0x3c,0x20,0x20,0xc1,0xc3,0xc3,0x00
    db 0xc3,0xc3,0x41,0x40,0x3c,0x3c,0x3c,0x00,0x3c,0x3c,0x28,0x20,0xc1,0xc3,0xc3,0x00
    db 0xc3,0xc3,0x40,0x40,0x38,0x3c,0x3c,0x00,0x3c,0x3c,0x20,0x20,0xc1,0xc3,0xc3,0x42
    db 0xc3,0xc3,0x40,0x40,0x38,0x3c,0x3c,0x00,0x3c,0x3c,0x20,0x20,0xc1,0xc3,0xc3,0x00
    db 0xc3,0xc1,0x40,0x40,0x38,0x3c,0x3c,0x24,0x3c,0x1c,0x20,0x20,0xc1,0xc3,0xc3,0xc3
    db 0xc3,0xc3,0x40,0x40,0x38,0x3c,0x3c,0x24,0x3c,0x00,0x20,0x20,0xc1,0xc3,0xc3,0xc3
    db 0xc3,0x00,0x40,0x40,0x38,0x3c,0x3c,0x3c,0x3c,0x00,0x20,0x20,0xc1,0xc3,0xc3,0xc3
    db 0xc3,0x00,0x40,0x40,0x38,0x3c,0x3c,0x3c,0x3c,0x00,0x20,0x20,0xc1,0xc3,0xc3,0xc3
    db 0xc3,0x00,0x40,0x40,0x38,0x3c,0x3c,0x3c,0x3c,0x00,0x20,0x20,0xc1,0xc3,0xc3,0xc3
    db 0xc3,0x00,0x40,0x40,0x38,0x3c,0x3c,0x3c,0x3c,0x00,0x20,0x20,0xc1,0xc3,0xc3,0xc3
    db 0xc3,0x00,0x40,0x40,0x38,0x3c,0x3c,0x3c,0x3c,0x00,0x20,0x20,0xc1,0xc3,0xc3,0xc3
    db 0xc3,0x00,0x40,0x40,0x38,0x3c,0x3c,0x3c,0x3c,0x00,0x20,0x20,0xc1,0xc3,0xc3,0xc3
    db 0xc2,0x40,0x40,0x40,0x38,0x3c,0x3c,0x3c,0x04,0x20,0x20,0x20,0xc1,0xc3,0xc3,0xc3
    db 0x02,0x40,0x40,0x40,0x38,0x3c,0x3c,0x3c,0x04,0x20,0x20,0x20,0xc1,0xc3,0xc3,0xc3
    db 0x02,0x40,0x40,0x40,0x38,0x3c,0x3c,0x3c,0x00,0x00,0x20,0x20,0xc1,0xc3,0xc3,0xc3
    db 0x00,0x40,0x40,0x40,0x38,0x3c,0x3c,0x3c,0x00,0x00,0x20,0x20,0xc1,0xc3,0xc3,0xc3
    db 0x00,0x40,0x40,0x40,0x38,0x3c,0x3c,0x3c,0x00,0x20,0x20,0x20,0xc1,0xc3,0xc3,0xc3
    db 0x00,0x40,0x40,0x40,0x38,0x3c,0x00,0x3c,0x00,0x20,0x20,0x20,0xc1,0xc3,0xc3,0xc3
    db 0x00,0x40,0x40,0x40,0x38,0x3c,0x00,0x3c,0x00,0x20,0x20,0x20,0xc1,0xc3,0x02,0xc3
    db 0x00,0x40,0x40,0x40,0x38,0x3c,0x00,0x3c,0x00,0x20,0x20,0x20,0xc1,0xc3,0x00,0xc3
    db 0x00,0x40,0x40,0x40,0x38,0x3c,0x04,0x1c,0x00,0x20,0x20,0x20,0xe1,0xc3,0xc3,0xc3
    db 0x00,0x40,0x40,0x40,0x38,0x3c,0x24,0x04,0x00,0x20,0x20,0x20,0xc1,0xc3,0xc3,0x02
    db 0x00,0x40,0x40,0x40,0x78,0x3c,0x3c,0x00,0x00,0x20,0x20,0x20,0xc1,0xc3,0xc3,0x00
    db 0x20,0x40,0x40,0x40,0x78,0x3c,0x3c,0x00,0x00,0x20,0x20,0x20,0xe1,0xc3,0xc3,0x20
    db 0x20,0x40,0x40,0x40,0x78,0x38,0x3c,0x40,0x00,0x20,0x20,0x20,0xe1,0xc1,0xc3,0x20
    db 0x20,0x40,0x40,0x40,0x78,0x3c,0x38,0x40,0x00,0x20,0x20,0x20,0xc1,0xc1,0xc3,0x20
    db 0x00,0x40,0x40,0x40,0x78,0x78,0x78,0x40,0x40,0x20,0x20,0x20,0xe1,0xe1,0xe1,0x20
    db 0x00,0x40,0x40,0x40,0x78,0x3c,0x38,0x40,0x00,0x20,0x20,0x20,0xe1,0xe1,0xc1,0x20
    db 0x00,0x40,0x40,0x40,0x78,0x78,0x38,0x40,0x00,0x20,0x20,0x60,0xe1,0xc1,0xe1,0x20
    db 0x20,0x40,0x40,0x40,0x78,0x38,0x78,0x40,0x00,0x20,0x20,0x21,0xe1,0xc1,0xe1,0x00
    db 0x20,0x40,0x40,0x70,0x78,0x78,0x78,0x40,0x00,0x20,0x20,0xa0,0xe1,0xe1,0xe1,0x20
    db 0x40,0x40,0x40,0x68,0x78,0x60,0x78,0x00,0x00,0x20,0x20,0xe1,0xe1,0xe1,0xe1,0x20
    db 0x40,0x40,0x40,0x40,0x78,0x78,0x40,0x40,0x20,0x20,0x20,0xe1,0xe1,0xe1,0xa1,0x20
    db 0x40,0x40,0x40,0x78,0x78,0x40,0x40,0x00,0x20,0x20,0x20,0xe1,0xe1,0x20,0x21,0x00
    db 0x60,0x40,0x40,0x70,0x78,0x00,0x40,0x40,0x60,0x20,0x20,0xe1,0xe1,0x81,0x20,0x20
    db 0x60,0x40,0x40,0x78,0x78,0x78,0x40,0x40,0x60,0x20,0x20,0xe1,0xe1,0xe1,0x20,0x20
    db 0x60,0x40,0x40,0x78,0x78,0x78,0x40,0x40,0x60,0x20,0x20,0xe1,0xe1,0xe1,0x20,0x20
    db 0x60,0x40,0x40,0x78,0x78,0x78,0x40,0x40,0x20,0x20,0x20,0xe1,0xe1,0xe1,0x20,0x20
    db 0x60,0x40,0x40,0x78,0x78,0x78,0x40,0x40,0x60,0x20,0x20,0xe1,0xe1,0xe1,0x20,0x20
    db 0x60,0x40,0x40,0x78,0x78,0x78,0x40,0x40,0x20,0x20,0x20,0xe1,0xe1,0xe1,0x20,0x20
    db 0x60,0x40,0x40,0x78,0x78,0x78,0x40,0x40,0x60,0x20,0x20,0xe1,0xe1,0xe1,0x20,0x20
    db 0x60,0x40,0x40,0x78,0x78,0x78,0x40,0x40,0x20,0x20,0x20,0xe1,0xe1,0xe1,0x20,0x20
    db 0x60,0x40,0x40,0x78,0x78,0x78,0x40,0x40,0x20,0x20,0x20,0xe1,0xe1,0xe1,0x20,0x20
    db 0x40,0x40,0x40,0x78,0x78,0x78,0x40,0x40,0x20,0x20,0x20,0xe1,0xe1,0x60,0x20,0x20
    db 0x60,0x40,0x40,0x78,0x78,0x78,0x40,0x40,0x20,0x20,0x20,0xe1,0xe1,0x60,0x20,0x20
    db 0x40,0x40,0x40,0x78,0x78,0x58,0x40,0x40,0x20,0x20,0x20,0xe1,0xe1,0x61,0x20,0x20
    db 0x60,0x40,0x40,0x78,0x78,0x40,0x40,0x40,0x20,0x20,0x20,0xe1,0xe1,0x20,0x20,0x60
    db 0x40,0x40,0x40,0x78,0x78,0x40,0x40,0x40,0x20,0x20,0x20,0xe1,0xe1,0x20,0x20,0x40
    db 0x60,0x40,0x40,0x78,0x78,0x40,0x40,0x60,0x20,0x20,0x20,0xe1,0xe1,0x20,0x20,0x60
    db 0x40,0x40,0x00,0x78,0x00,0x40,0x40,0x60,0x20,0x20,0x20,0xe1,0xe1,0x20,0x20,0x40
    db 0x40,0x40,0x00,0x78,0x38,0x40,0x40,0x20,0x20,0x20,0x20,0xe1,0xc1,0x20,0x20,0x40
    db 0x40,0x40,0x40,0x78,0x78,0x40,0x40,0x60,0x20,0x20,0x20,0xe1,0x81,0x20,0x20,0x40
    db 0x40,0x40,0x40,0x78,0x78,0x40,0x40,0x60,0x20,0x20,0x20,0xe1,0xe1,0x20,0x20,0x60
    db 0x40,0x40,0x00,0x78,0x78,0x40,0x40,0x60,0x20,0x20,0x20,0xe1,0xe1,0x20,0x20,0x60
    db 0x40,0x40,0x18,0x78,0x78,0x40,0x40,0x60,0x20,0x20,0x20,0xe1,0xe1,0x20,0x20,0x60
    db 0x40,0x40,0x00,0x78,0x78,0x40,0x40,0x20,0x20,0x20,0x81,0xe1,0xe1,0x20,0x20,0x60
    db 0x40,0x40,0x18,0x78,0x78,0x40,0x40,0x20,0x20,0x20,0xa1,0xe1,0xe1,0x20,0x20,0x60
    db 0x40,0x40,0x78,0x78,0x78,0x40,0x40,0x20,0x20,0x20,0xe1,0xe1,0xe1,0x20,0x20,0x60
    db 0x40,0x00,0x78,0x78,0x58,0x40,0x40,0x20,0x20,0x20,0xe1,0xe1,0x41,0x20,0x20,0x60
    db 0x40,0x00,0x78,0x78,0x00,0x40,0x40,0x20,0x20,0x00,0xe1,0xe1,0x60,0x20,0x20,0x60
    db 0x40,0x40,0x78,0x78,0x00,0x40,0x40,0x20,0x20,0x20,0xe1,0xe1,0x20,0x20,0x20,0x60
    db 0x40,0x40,0x78,0x78,0x00,0x40,0x40,0x20,0x20,0x20,0xe1,0xe1,0x00,0x20,0x20,0x60
    db 0x40,0x40,0x78,0x78,0x00,0x40,0x60,0x60,0x20,0x20,0xe1,0xe1,0x00,0x20,0x20,0x60
    db 0x40,0x40,0x78,0x78,0x00,0x40,0x60,0x60,0x20,0x20,0xe1,0xe1,0x00,0x20,0x60,0x60
    db 0x40,0x40,0x78,0x78,0x00,0x40,0x60,0x60,0x20,0x00,0xe1,0xe1,0x00,0x20,0x60,0x60
    db 0x40,0x40,0x78,0x60,0x00,0x40,0x60,0x60,0x20,0x00,0xe1,0x81,0x00,0x20,0x60,0x60
    db 0x40,0x40,0x78,0x38,0x00,0x40,0x60,0x20,0x20,0x00,0xe1,0xc1,0x00,0x20,0x60,0x40
    db 0x40,0x00,0x78,0x40,0x00,0x40,0x60,0x20,0x20,0x00,0xe1,0xe1,0x00,0x20,0x60,0x40
    db 0x40,0x00,0x78,0x78,0x00,0x40,0x60,0x60,0x00,0x00,0xe1,0xe1,0x00,0x20,0x60,0x60
    db 0x00,0x00,0x78,0x78,0x00,0x40,0x60,0x20,0x20,0x00,0xe1,0xe1,0x00,0x20,0x60,0x60
    db 0x00,0x00,0x78,0x78,0x00,0x40,0x60,0x20,0x00,0x00,0xe1,0xe1,0x00,0x20,0x60,0x40
    db 0x40,0x00,0x78,0x78,0x00,0x40,0x60,0x20,0x20,0x00,0xe1,0xe1,0x00,0x20,0x60,0x40
    db 0x40,0x00,0x78,0x78,0x00,0x40,0x60,0x20,0x20,0x00,0xe1,0x60,0x00,0x20,0x60,0x40
    db 0x40,0x00,0x78,0x38,0x40,0x40,0x60,0x20,0x20,0x00,0xe1,0x00,0x00,0x20,0x60,0x40
    db 0x40,0x00,0x78,0x78,0x40,0x40,0x60,0x20,0x20,0x00,0xe1,0x01,0x00,0x20,0x60,0x40
    db 0x40,0x78,0x78,0x00,0x40,0x40,0x60,0x20,0x20,0x60,0xe1,0x01,0x20,0x20,0x60,0x40
    db 0x00,0x20,0x78,0x00,0x40,0x40,0x60,0x20,0x00,0xe1,0xe1,0x00,0x20,0x20,0x60,0x40
    db 0x40,0x78,0x78,0x00,0x40,0x40,0x20,0x20,0x00,0xe1,0xe1,0x00,0x20,0x60,0x60,0x40
    db 0x00,0x78,0x78,0x00,0x40,0x60,0x60,0x20,0x00,0xe1,0xe1,0x00,0x20,0x60,0x60,0x40
    db 0x00,0x78,0x78,0x00,0x40,0x60,0x60,0x20,0x00,0xe1,0xe1,0x00,0x20,0x60,0x60,0x40
    db 0x00,0x78,0x78,0x00,0x40,0x60,0x20,0x20,0x00,0xe1,0xe1,0x00,0x20,0x60,0x40,0x40
    db 0x00,0x78,0x78,0x00,0x40,0x60,0x20,0x20,0x00,0xe1,0xe1,0x00,0x20,0x60,0x40,0x40
    db 0x80,0x78,0x40,0x00,0x40,0x60,0x60,0x20,0x00,0xe1,0xc1,0x00,0x20,0x60,0x60,0x40
    db 0x00,0x78,0x00,0x00,0x40,0x60,0x20,0x20,0x00,0xe1,0x81,0x00,0x20,0x60,0x60,0x40
    db 0x00,0x78,0x78,0x00,0x40,0x60,0x60,0x20,0x00,0xe1,0xe1,0x00,0x20,0x60,0x60,0x40
    db 0x00,0x78,0x78,0x00,0x40,0x60,0x60,0x20,0x00,0xe1,0xe1,0x00,0x20,0x60,0x60,0x40
    db 0x80,0x78,0x78,0x00,0x40,0x60,0x60,0x20,0x00,0xe1,0xe1,0x00,0x20,0x60,0x60,0x40
    db 0x80,0x78,0x78,0x00,0x40,0x60,0x60,0x00,0x00,0xe1,0xe1,0x00,0x20,0x60,0x60,0xc0
    db 0x80,0x78,0x68,0x00,0x40,0x60,0x60,0x10,0x10,0xe1,0x61,0x00,0x20,0x60,0x60,0xc0
    db 0x80,0x70,0x28,0x00,0x40,0x60,0x20,0x10,0x10,0xe1,0x01,0x00,0x20,0x60,0x40,0xc0
    db 0x80,0x70,0x00,0x00,0x40,0x60,0x20,0x10,0x10,0xe1,0x01,0x00,0x60,0x60,0x40,0xc0
    db 0x80,0x78,0x00,0x00,0x40,0x60,0x20,0x10,0x10,0xe1,0x00,0x00,0x60,0x60,0x40,0x80
    db 0x90,0xf8,0x00,0x00,0x40,0x60,0x30,0x10,0x10,0xe1,0x10,0x00,0x60,0x60,0xc0,0x80
    db 0x80,0xf0,0x00,0x00,0x40,0x60,0x30,0x10,0x10,0xe0,0x00,0x00,0x60,0x60,0xc0,0x80
    db 0xf0,0xf0,0x00,0x00,0x60,0x60,0x20,0x10,0x90,0xf0,0x00,0x00,0x60,0x60,0xc0,0x80
    db 0xf0,0xf0,0x80,0x00,0x60,0x60,0x10,0x10,0xf0,0xf0,0x00,0x20,0x60,0x60,0xc0,0x80
    db 0xf0,0xf0,0x80,0x80,0xe0,0x60,0x10,0x10,0xf0,0xf0,0x10,0x10,0x60,0x60,0x80,0x80
    db 0xf0,0x90,0x80,0xc0,0x60,0x60,0x10,0x10,0xf0,0x90,0x10,0x30,0x60,0xe0,0x80,0x80
    db 0xf0,0xc0,0x80,0xc0,0xe0,0x30,0x30,0x10,0xf0,0xd0,0x10,0x30,0x60,0xe0,0x40,0x00
    db 0xf0,0xf0,0x80,0xc0,0x60,0x60,0x30,0x10,0xf0,0xf0,0x10,0x30,0x60,0xe0,0x40,0x00
    db 0xf0,0xf0,0x80,0xc0,0xe0,0x60,0x30,0x10,0xf0,0xf0,0x10,0x30,0x70,0xe0,0xc0,0x00
    db 0xf0,0xf0,0x80,0xc0,0xe0,0x70,0x30,0x00,0xf0,0xf0,0x10,0x30,0x70,0xe0,0x80,0x00
    db 0xf0,0xf0,0x80,0xc0,0xe0,0x70,0x10,0x10,0xf0,0xf0,0x10,0x30,0x70,0xe0,0x80,0x80
    db 0xf0,0xf0,0x80,0xc0,0x60,0x70,0x10,0x10,0xf0,0xf0,0x10,0x30,0x60,0xe0,0x80,0x80
    db 0xf0,0xf0,0x80,0xc0,0xe0,0x70,0x10,0x00,0xf0,0x90,0x10,0x30,0x60,0xe0,0x80,0x80
    db 0xf0,0x90,0x80,0xc0,0xf0,0x70,0x10,0x00,0xf0,0x90,0x10,0x70,0x70,0xe0,0x80,0x00
    db 0xf0,0x00,0x80,0xc0,0x70,0x70,0x10,0x00,0xf0,0x00,0x10,0x70,0xf0,0x60,0x00,0x00
    db 0xf0,0x00,0x80,0xe0,0xf0,0x30,0x10,0x00,0xf0,0x00,0x10,0x70,0xe0,0xe0,0x80,0x00
    db 0xf0,0x00,0x80,0xe0,0xf0,0x30,0x10,0x00,0xf0,0x00,0x10,0x70,0xf0,0xa0,0x80,0x00
    db 0xf0,0x00,0x80,0xe0,0x70,0x30,0x10,0x00,0xf0,0x00,0x10,0x70,0xf0,0xe0,0x80,0x00
    db 0xf0,0x00,0x80,0xe0,0x70,0x30,0x00,0xe0,0xf0,0x00,0x10,0x70,0xf0,0xc0,0x00,0x80
    db 0xf0,0x00,0x80,0xe0,0xf0,0x30,0x00,0xf0,0xf0,0x00,0x10,0x70,0xf0,0xc0,0x00,0xf0
    db 0xf0,0x00,0x80,0xe0,0x70,0x30,0x00,0xf0,0xf0,0x00,0x10,0xf0,0xe0,0xc0,0x00,0xf0
    db 0xc0,0x00,0x80,0xe0,0xf0,0x20,0x00,0xf0,0xf0,0x00,0x10,0xf0,0xe0,0xc0,0x00,0xf0
    db 0x30,0x00,0x00,0xf0,0xf0,0x00,0x00,0xf0,0xe0,0x00,0x00,0xf0,0xf0,0x80,0x00,0xf0
    db 0xf0,0x00,0x80,0xf0,0x70,0x10,0x00,0xf0,0x80,0x00,0x10,0xe0,0xe0,0x00,0x00,0xf0
    db 0xf0,0x00,0x80,0xf0,0x70,0x00,0x00,0xf0,0xf0,0x00,0x10,0xf0,0xe0,0x00,0x00,0xf0
    db 0xf0,0x00,0x80,0xf0,0xf0,0x10,0x00,0xf0,0xf0,0x00,0x10,0xf0,0xf0,0x00,0x00,0xf0
    db 0xf0,0x00,0x00,0xf0,0xf0,0x00,0x00,0xf0,0xf0,0x00,0x10,0xe0,0xe0,0x80,0x00,0xf0
    db 0xe0,0x00,0xa0,0xf0,0x70,0x00,0x00,0xf0,0xf0,0x00,0x70,0xe0,0xe0,0x00,0x00,0xf0
    db 0x90,0x00,0xa0,0xe0,0xe0,0x00,0x00,0xf0,0x90,0x00,0xe0,0xe0,0xe0,0x00,0x00,0xf0
    db 0x80,0x00,0xf0,0xf0,0x60,0x00,0x00,0xf0,0x00,0x00,0xf0,0xf0,0x60,0x00,0x00,0xf0
    db 0x00,0x00,0xf0,0xf0,0x00,0x00,0x00,0xf0,0x00,0x00,0xf0,0xf0,0x00,0x00,0x00,0xf0
    db 0x00,0x00,0xf0,0xf0,0x60,0x00,0x00,0xf0,0x00,0x00,0xf0,0xf0,0x60,0x00,0x00,0xf0
    db 0x00,0x00,0xf0,0xf0,0x70,0x00,0x00,0xf0,0x00,0x00,0xf0,0xf0,0x70,0x00,0x00,0xf0
    db 0x00,0x00,0xf0,0xf0,0x60,0x00,0x00,0xf0,0x00,0x00,0xf0,0xf0,0x60,0x00,0x00,0xf0
    db 0x00,0x00,0xf0,0xf0,0x60,0x00,0x20,0xf0,0x00,0x00,0x60,0x70,0x70,0x00,0x10,0xf0
    db 0x00,0x00,0xf0,0xf0,0x80,0x00,0xb0,0xf0,0x00,0x00,0x70,0x70,0x70,0x00,0xf0,0xf0
    db 0x00,0x10,0xf0,0xf0,0x80,0x00,0xf0,0xf0,0x00,0x80,0xe0,0xf0,0x50,0x00,0xf0,0xf0
    db 0x00,0x10,0xf0,0xe0,0x80,0x00,0xf0,0x80,0x00,0x80,0xf0,0xf0,0x10,0x00,0xf0,0xf0
    db 0x00,0x10,0xf0,0xf0,0x00,0x00,0xf0,0xe0,0x00,0x80,0xf0,0x70,0x00,0x00,0xf0,0x30
    db 0x00,0x10,0xf0,0xe0,0x80,0x00,0xf0,0xf0,0x00,0x80,0xe0,0x60,0x00,0x00,0xf0,0xc0
    db 0x00,0x10,0xf0,0xe0,0x80,0x00,0xf0,0xf0,0x00,0xc0,0xf0,0x70,0x10,0x00,0xf0,0xf0
    db 0x00,0x30,0xf0,0xe0,0x80,0x00,0xf0,0xf0,0x00,0xc0,0xe0,0x70,0x10,0x00,0xf0,0xf0
    db 0x00,0x30,0xf0,0xe0,0x80,0x00,0xf0,0xf0,0x00,0xc0,0xe0,0x70,0x10,0x00,0xf0,0xf0
    db 0x00,0x30,0xf0,0xe0,0x80,0x00,0xf0,0xd0,0x00,0x40,0x60,0x70,0x10,0x00,0xf0,0xf0
    db 0x10,0x30,0xe0,0xe0,0x80,0x00,0xf0,0xc0,0x80,0xc0,0x60,0x30,0x10,0x00,0xf0,0xf0
    db 0x10,0x30,0x60,0xe0,0x80,0x00,0xf0,0x80,0x80,0x60,0x70,0x70,0x10,0x00,0xf0,0xa0
    db 0x10,0x70,0xe0,0xc0,0x80,0x00,0xf0,0x80,0x80,0xc0,0xf0,0x70,0x10,0x00,0xf0,0x10
    db 0x10,0x70,0xe0,0xc0,0x80,0x00,0xf0,0x00,0x80,0xe0,0xe0,0x70,0x10,0x00,0xf0,0x00
    db 0x10,0x30,0x60,0xc0,0x80,0x00,0xf0,0x00,0x00,0x60,0x70,0x70,0x10,0x00,0xf0,0x10
    db 0x10,0x70,0x60,0xc0,0x80,0x20,0xf0,0x00,0x00,0x60,0x70,0x30,0x10,0x10,0xf0,0x10
    db 0x10,0x70,0xe0,0xc0,0x80,0xc0,0xf0,0x80,0x80,0x60,0x60,0x30,0x10,0xc0,0xf0,0x00
    db 0x10,0x60,0x60,0x80,0x80,0xf0,0xf0,0x80,0x80,0x60,0x60,0x30,0x10,0xf0,0xf0,0x10
    db 0x10,0x60,0x60,0xc0,0x80,0xf0,0xf0,0x80,0x80,0xe0,0x70,0x30,0x10,0xf0,0xf0,0x10
    db 0x10,0x70,0xe0,0xc0,0x80,0xf0,0xf0,0x80,0xc0,0xe0,0x60,0x30,0x10,0xf0,0xf0,0x10
    db 0x20,0x60,0x60,0xc0,0x80,0xf0,0xd0,0x80,0xc0,0xe0,0x60,0x30,0x10,0xf0,0xc0,0x00
    db 0x30,0x60,0xe0,0xc0,0x80,0xf0,0x90,0x00,0x40,0x60,0x30,0x30,0x10,0xf0,0x80,0x10
    db 0x20,0x60,0x40,0xc0,0x80,0xf0,0xf0,0x80,0x40,0x60,0x20,0x30,0x10,0xf0,0xe0,0x10
    db 0x20,0x60,0x40,0xc0,0x80,0xf0,0xf0,0x80,0xc0,0x60,0x60,0x30,0x10,0xf0,0xe0,0x10
    db 0x20,0x60,0x60,0x80,0x80,0x70,0xf0,0x80,0x40,0x60,0x60,0x10,0x10,0xe0,0xf0,0x00
    db 0x20,0x60,0x60,0x80,0x80,0xf0,0xf0,0x00,0x40,0x60,0x60,0x10,0x10,0xe0,0xe0,0x00
    db 0x20,0x60,0x40,0x80,0x80,0xf0,0x60,0x00,0x40,0x60,0x60,0x10,0x10,0xe0,0xe0,0x00
    db 0x20,0x60,0x40,0x80,0x80,0x70,0x80,0x00,0x40,0x60,0x60,0x10,0x10,0xf0,0xc0,0x00
    db 0x20,0x60,0x40,0x00,0x80,0x70,0x00,0x00,0x40,0x60,0x20,0x00,0x00,0xe0,0x00,0x00
    db 0x20,0x60,0x40,0x00,0x80,0x78,0x00,0x00,0x40,0x60,0x20,0x10,0x10,0xe0,0x00,0x00
    db 0x20,0x60,0x40,0x00,0x80,0x78,0x00,0x00,0x40,0x60,0x20,0x10,0x20,0xe1,0x00,0x00
    db 0x60,0x60,0x40,0x00,0x80,0x78,0x00,0x00,0x60,0x60,0x20,0x10,0xf0,0xe0,0x00,0x00
    db 0x60,0x60,0x40,0x00,0x50,0x78,0x00,0x00,0x60,0x60,0x20,0x10,0xe0,0xe1,0x00,0x00
    db 0x60,0x60,0x40,0x00,0x70,0x78,0x00,0x00,0x60,0x60,0x20,0x00,0xe1,0xe1,0x00,0x20
    db 0x60,0x60,0x40,0x00,0x78,0x78,0x00,0x40,0x60,0x60,0x20,0x00,0xe1,0xe1,0x00,0x20
    db 0x60,0x60,0x00,0x00,0x78,0x18,0x00,0x40,0x60,0x60,0x00,0x00,0xe1,0x81,0x00,0x20
    db 0x60,0x60,0x40,0x00,0x78,0x58,0x00,0x40,0x60,0x60,0x20,0x00,0xe1,0xc1,0x00,0x20
    db 0x60,0x40,0x40,0x00,0x78,0x78,0x00,0x40,0x60,0x60,0x20,0x00,0xe1,0xe1,0x00,0x20
    db 0x60,0x60,0x00,0x00,0x78,0x78,0x00,0x40,0x60,0x60,0x00,0x00,0xe1,0xe1,0x00,0x20
    db 0x60,0x60,0x40,0x00,0x78,0x78,0x00,0x40,0x60,0x60,0x20,0x00,0xe1,0xe1,0x00,0x20
    db 0x60,0x60,0x40,0x00,0x78,0x78,0x00,0x40,0x60,0x20,0x20,0x00,0xe1,0xe1,0x00,0x20
    db 0x60,0x40,0x40,0x00,0x78,0x78,0x00,0x40,0x60,0x60,0x20,0x00,0xe1,0xe1,0x00,0x20
    db 0x60,0x40,0x40,0x00,0x78,0x78,0x00,0x40,0x60,0x20,0x20,0x00,0xe1,0xe1,0x00,0x20
    db 0x60,0x40,0x40,0x00,0x78,0x08,0x00,0x40,0x60,0x20,0x20,0x00,0xe1,0x81,0x00,0x20
    db 0x60,0x40,0x40,0x00,0x78,0x18,0x00,0x40,0x60,0x20,0x20,0x00,0xe1,0x61,0x00,0x20
    db 0x60,0x40,0x40,0x78,0x78,0x00,0x40,0x40,0x60,0x20,0x20,0x00,0xe1,0x00,0x20,0x20
    db 0x60,0x40,0x40,0x78,0x78,0x00,0x40,0x40,0x60,0x20,0x00,0xc1,0xe1,0x01,0x20,0x20
    db 0x60,0x40,0x00,0x78,0x78,0x00,0x40,0x60,0x60,0x20,0x00,0xe1,0xe1,0x00,0x20,0x20
    db 0x40,0x40,0x40,0x78,0x78,0x00,0x40,0x60,0x60,0x20,0x00,0xe1,0xe1,0x00,0x20,0x60
    db 0x40,0x40,0x00,0x78,0x78,0x00,0x40,0x60,0x60,0x20,0x20,0xe1,0xe1,0x00,0x20,0x60
    db 0x60,0x40,0x00,0x78,0x78,0x00,0x40,0x60,0x60,0x20,0x00,0xe1,0xe1,0x00,0x20,0x60
    db 0x60,0x40,0x00,0x78,0x78,0x00,0x40,0x60,0x60,0x20,0x00,0xe1,0xc1,0x00,0x20,0x60
    db 0x60,0x40,0x00,0x78,0x40,0x00,0x40,0x60,0x20,0x20,0x00,0xe1,0x20,0x00,0x20,0x60
    db 0x40,0x40,0x00,0x78,0x00,0x00,0x40,0x60,0x20,0x20,0x00,0xe1,0xe1,0x00,0x20,0x60
    db 0x40,0x40,0x00,0x78,0x60,0x00,0x40,0x60,0x20,0x20,0x00,0xe1,0xe1,0x00,0x20,0x60
    db 0x40,0x40,0x00,0x78,0x78,0x00,0x40,0x60,0x20,0x20,0x00,0xe1,0xe1,0x00,0x20,0x60
    db 0x40,0x40,0x00,0x78,0x78,0x40,0x40,0x60,0x20,0x20,0x00,0xe1,0xe1,0x20,0x20,0x60
    db 0x40,0x40,0x00,0x78,0x78,0x40,0x40,0x60,0x20,0x20,0x00,0xe1,0xe1,0x20,0x20,0x60
    db 0x40,0x00,0x10,0x78,0x78,0x40,0x40,0x60,0x20,0x00,0x00,0xe1,0xe1,0x20,0x20,0x60
    db 0x40,0x00,0x18,0x78,0x50,0x40,0x40,0x60,0x20,0x20,0x80,0xe1,0xe1,0x20,0x20,0x60
    db 0x40,0x40,0x78,0x78,0x40,0x40,0x40,0x60,0x20,0x00,0xe1,0xe1,0xc1,0x20,0x20,0x40
    db 0x40,0x40,0x78,0x78,0x60,0x40,0x40,0x20,0x20,0x00,0xe1,0xe1,0x80,0x20,0x20,0x40
    db 0x40,0x00,0x78,0x78,0x20,0x40,0x40,0x60,0x20,0x00,0xe1,0xe1,0x00,0x20,0x20,0x60
    db 0x40,0x00,0x78,0x78,0x00,0x40,0x40,0x60,0x20,0x00,0xe1,0xe1,0x00,0x20,0x20,0x60
    db 0x40,0x40,0x78,0x78,0x00,0x40,0x60,0x60,0x20,0x20,0xe1,0xe1,0x00,0x20,0x20,0x60
    db 0x40,0x40,0x78,0x78,0x00,0x40,0x60,0x60,0x20,0x20,0xe1,0xe1,0x00,0x20,0x20,0x40
    db 0x40,0x40,0x78,0x60,0x40,0x40,0x60,0x20,0x20,0x20,0xe1,0xe1,0x00,0x20,0x20,0x40
    db 0x40,0x00,0x78,0x00,0x40,0x40,0x60,0x20,0x20,0x20,0xe1,0xe1,0x20,0x20,0x60,0x40
    db 0x40,0x00,0x78,0x40,0x40,0x40,0x20,0x20,0x20,0x00,0xe1,0x20,0x20,0x20,0x60,0x40
    db 0x40,0x40,0x78,0x78,0x40,0x40,0x20,0x20,0x20,0x00,0xe1,0x81,0x20,0x20,0x40,0x40
    db 0x40,0x40,0x78,0x78,0x40,0x40,0x20,0x20,0x20,0x20,0xe1,0xe1,0x20,0x20,0x40,0x40
    db 0x40,0x40,0x78,0x78,0x40,0x40,0x20,0x20,0x20,0x20,0xe1,0xe1,0x20,0x20,0x40,0x40
    db 0x40,0x78,0x78,0x78,0x40,0x40,0x60,0x20,0x20,0xe1,0xe1,0xe1,0x20,0x20,0x60,0x40
    db 0x40,0x78,0x78,0x78,0x40,0x40,0x60,0x20,0x20,0xe1,0xe1,0xe1,0x20,0x20,0x60,0x40
    db 0x40,0x78,0x78,0x78,0x40,0x40,0x60,0x20,0x20,0xe1,0xe1,0xe1,0x20,0x20,0x60,0x40
    db 0x40,0x78,0x78,0x78,0x40,0x40,0x60,0x20,0x20,0xe1,0xe1,0xe1,0x20,0x20,0x40,0x40
    db 0x40,0x78,0x78,0x78,0x40,0x40,0x20,0x20,0x20,0xe1,0xe1,0xe1,0x20,0x20,0x40,0x40
    db 0x40,0x78,0x78,0x78,0x40,0x40,0x20,0x20,0x20,0xe1,0xe1,0xe1,0x20,0x20,0x40,0x40
    db 0x40,0x78,0x78,0x70,0x40,0x40,0x60,0x20,0x20,0xe1,0xe1,0xe1,0x20,0x00,0x40,0x40
    db 0x40,0x78,0x78,0x60,0x40,0x00,0x20,0x20,0x20,0xe1,0xe1,0xe1,0x20,0x00,0x40,0x40
    db 0x40,0x78,0x78,0x60,0x40,0x60,0x20,0x20,0x20,0xe1,0xe1,0x61,0x20,0x00,0x40,0x40
    db 0x40,0x78,0x78,0x40,0x40,0x60,0x20,0x20,0x20,0xe1,0xe1,0x60,0x20,0x00,0x40,0x40
    db 0x40,0x78,0x78,0x58,0x40,0x60,0x20,0x20,0x20,0xe1,0xe1,0x20,0x20,0x60,0x40,0x40
    db 0x58,0x78,0x60,0x40,0x40,0x60,0x20,0x20,0x20,0xe1,0xe1,0x20,0x20,0x60,0x40,0x40
    db 0x78,0x78,0x00,0x40,0x40,0x60,0x20,0x20,0xe1,0xe1,0xa1,0x20,0x20,0x60,0x40,0x40
    db 0x78,0x78,0x00,0x40,0x40,0x60,0x20,0x20,0xe1,0xe1,0xa1,0x20,0x20,0x60,0x40,0x40
    db 0x78,0x78,0x78,0x40,0x40,0x60,0x20,0x20,0xe1,0xe1,0xe1,0x20,0x20,0x40,0x40,0x40
    db 0x78,0x78,0x78,0x40,0x00,0x20,0x20,0x20,0xe1,0xe1,0xe1,0x20,0x20,0x40,0x40,0x40
    db 0x78,0x78,0x78,0x40,0x40,0x20,0x20,0x20,0xe1,0xe1,0xe1,0x20,0x20,0x40,0x40,0x40
    db 0x78,0x78,0x78,0x40,0x40,0x20,0x20,0x20,0xe1,0xe1,0xe1,0x20,0x20,0x40,0x40,0x40
    db 0x78,0x78,0x78,0x40,0x40,0x20,0x20,0x20,0xe1,0xe1,0xc1,0x20,0x20,0x40,0x40,0x40
    db 0x78,0x78,0x38,0x40,0x40,0x20,0x20,0x20,0xe1,0xe1,0xe1,0x20,0x00,0x40,0x40,0x40
    db 0x78,0x78,0x78,0x40,0x00,0x20,0x20,0x20,0xe1,0xc1,0xc1,0x20,0x00,0x40,0x40,0x40
    db 0x78,0x38,0x78,0x40,0x00,0x20,0x20,0x20,0xe1,0xc1,0xe1,0x20,0x00,0x40,0x40,0x40
    db 0x78,0x3c,0x3c,0x40,0x00,0x20,0x20,0xc1,0xe1,0xc3,0xc1,0x20,0x00,0x40,0x40,0x38
    db 0x78,0x3c,0x3c,0x40,0x00,0x20,0x20,0xe1,0xe1,0xc3,0xc1,0x20,0x00,0x40,0x40,0x38
    db 0x7c,0x3c,0x3c,0x00,0x20,0x20,0x20,0xe1,0xc1,0xc3,0xc3,0x20,0x40,0x40,0x40,0x38
    db 0x78,0x3c,0x3c,0x00,0x20,0x20,0x20,0xe1,0xc1,0xc3,0xc3,0x00,0x40,0x40,0x40,0x38
    db 0x3c,0x3c,0x34,0x00,0x20,0x20,0x20,0xc1,0xc3,0x83,0xc3,0x00,0x40,0x40,0x40,0x38
    db 0x3c,0x04,0x34,0x00,0x20,0x20,0x20,0xc1,0xc3,0x83,0xc3,0x00,0x40,0x40,0x40,0x38
    db 0x3c,0x18,0x34,0x00,0x20,0x20,0x20,0xc1,0xc3,0x81,0xc3,0x00,0x40,0x40,0x40,0x38
    db 0x3c,0x3c,0x3c,0x00,0x20,0x20,0x20,0xc1,0xc3,0xc3,0xc3,0x00,0x40,0x40,0x40,0x38
    db 0x3c,0x3c,0x3c,0x00,0x20,0x20,0x20,0xc1,0xc3,0xc3,0xc3,0x00,0x40,0x40,0x50,0x38
    db 0x3c,0x24,0x34,0x00,0x20,0x20,0x20,0xc3,0xc3,0xc3,0x83,0x00,0x40,0x40,0x50,0x38
    db 0x3c,0x24,0x24,0x00,0x20,0x20,0xc1,0xc1,0xc3,0xc3,0xc3,0x00,0x40,0x40,0x78,0x38
    db 0x3c,0x3c,0x3c,0x00,0x20,0x20,0xc1,0xc3,0xc3,0xc3,0xc3,0x00,0x40,0x40,0x38,0x38
    db 0x3c,0x3c,0x34,0x00,0x20,0x20,0xc1,0xc1,0xc3,0xc3,0xc3,0x00,0x40,0x40,0x38,0x38
    db 0x3c,0x3c,0x3c,0x20,0x20,0x20,0xc1,0xc3,0xc3,0xc3,0xc3,0x40,0x40,0x40,0x38,0x3c
    db 0x3c,0x3c,0x3c,0x00,0x20,0x20,0xc1,0xc3,0xc3,0xc3,0xc3,0x00,0x40,0x40,0x38,0x3c
    db 0x3c,0x3c,0x3c,0x20,0x20,0x20,0xc1,0xc3,0xc3,0xc3,0xc3,0x00,0x40,0x40,0x38,0x3c
    db 0x3c,0x3c,0x3c,0x20,0x20,0x20,0xc1,0xc3,0xc3,0xc3,0xc3,0x40,0x40,0x40,0x38,0x3c
    db 0x3c,0x3c,0x24,0x20,0x20,0x20,0xc1,0xc3,0xc3,0xc3,0xc3,0x00,0x40,0x40,0x38,0x3c
    db 0x24,0x3c,0x3c,0x20,0x20,0x41,0xc1,0xc3,0xc3,0xc3,0xc3,0x40,0x40,0x38,0x38,0x3c
    db 0x00,0x3c,0x38,0x20,0x20,0xc1,0xc3,0xc3,0xc3,0xc3,0xc3,0x40,0x40,0x38,0x38,0x3c
    db 0x00,0x3c,0x3c,0x20,0x20,0xc1,0xc3,0xc3,0xc3,0xc3,0xc3,0x40,0x40,0x38,0x3c,0x3c
    db 0x00,0x3c,0x3c,0x20,0x20,0xc1,0xc3,0xc3,0x00,0xc3,0xc3,0x40,0x40,0x38,0x3c,0x3c
    db 0x24,0x3c,0x3c,0x20,0x20,0xc1,0xc3,0xc3,0x00,0xc3,0xc3,0x40,0x40,0x38,0x3c,0x3c
    db 0x00,0x3c,0x3c,0x20,0x20,0xc1,0xc3,0xc3,0x00,0xc3,0xc3,0x40,0x40,0x38,0x3c,0x3c
    db 0x00,0x3c,0x3c,0x24,0x20,0xc1,0xc3,0xc3,0x00,0xc3,0xc3,0x40,0x40,0x38,0x3c,0x3c
    db 0x00,0x3c,0x3c,0x20,0x20,0xc1,0xc3,0xc3,0x00,0xc3,0xc3,0x40,0x40,0x3c,0x3c,0x3c
    db 0x24,0x3c,0x3c,0x3c,0xe1,0xc3,0xc3,0xc3,0x00,0xc3,0xc3,0xc0,0x00,0x3c,0x3c,0x3c
    db 0x3c,0x3c,0x3c,0x3c,0xc1,0xc3,0xc3,0xc3,0x42,0xc3,0xc3,0x40,0x78,0x3c,0x3c,0x3c
    db 0x00,0x24,0x3c,0x24,0xc1,0xc3,0xc3,0xc3,0xc3,0xc3,0xc3,0xc3,0x38,0x3c,0x24,0x00
    db 0x00,0x24,0x3c,0x20,0xc3,0xc3,0xc3,0xc3,0xc3,0xc3,0xc3,0xc3,0x38,0x3c,0x24,0x00
    db 0x00,0x00,0x20,0x20,0x02,0x02,0x00,0x00,0x00,0x00,0x40,0x40,0x04,0x04,0x00,0x00
    db 0x00,0x00,0x20,0x20,0x02,0x02,0x00,0x00,0x00,0x00,0x40,0x40,0x04,0x04,0x00,0x00
    db 0x00,0x24,0x3c,0x1c,0xc3,0xc3,0xc3,0x00,0xc3,0xc3,0xc3,0x83,0x24,0x3c,0x24,0x00
    db 0x00,0x24,0x3c,0x1c,0xc3,0xc3,0xc3,0x00,0xc3,0xc3,0xc3,0x83,0x24,0x3c,0x24,0x00
    db 0x3c,0x3c,0x3c,0x1c,0x82,0xc3,0xc3,0x00,0xc3,0xc3,0xc3,0x87,0x0c,0x3c,0x3c,0x3c
    db 0x3c,0x3c,0x3c,0x1e,0x03,0xc3,0xc3,0x00,0xc3,0xc3,0xc3,0x04,0x3c,0x3c,0x3c,0x24
    db 0x3c,0x3c,0x1c,0x02,0x42,0xc3,0xc3,0x00,0xc3,0xc3,0xc3,0x04,0x04,0x3c,0x3c,0x00
    db 0x3c,0x3c,0x1c,0x02,0x02,0xc3,0xc3,0x00,0xc3,0xc3,0xc3,0x04,0x04,0x3c,0x3c,0x00
    db 0x3c,0x3c,0x1c,0x02,0x02,0xc3,0xc3,0x00,0xc3,0xc3,0x83,0x04,0x04,0x3c,0x3c,0x24
    db 0x3c,0x3c,0x1c,0x02,0x02,0xc3,0xc3,0x00,0xc3,0xc3,0x83,0x04,0x04,0x3c,0x3c,0x18
    db 0x3c,0x3c,0x1c,0x02,0x02,0xc3,0xc3,0x42,0xc3,0xc3,0x83,0x04,0x04,0x34,0x3c,0x3c
    db 0x3c,0x3c,0x1c,0x02,0x02,0xc3,0xc3,0xc3,0xc3,0xc3,0x83,0x04,0x04,0x3c,0x3c,0x3c
    db 0x3c,0x1c,0x1c,0x02,0x02,0xc3,0xc3,0xc3,0xc3,0x83,0x03,0x04,0x04,0x3c,0x3c,0x24
    db 0x3c,0x3c,0x1e,0x02,0x02,0xc3,0xc3,0xc3,0xc3,0x83,0x87,0x04,0x04,0x3c,0x3c,0x3c
    db 0x3c,0x1c,0x02,0x02,0x02,0xc3,0xc3,0xc3,0xc3,0x83,0x04,0x04,0x00,0x3c,0x3c,0x3c
    db 0x3c,0x1c,0x02,0x02,0x02,0xc3,0xc3,0xc3,0xc3,0x83,0x04,0x04,0x00,0x3c,0x3c,0x3c
    db 0x3c,0x1c,0x02,0x02,0x02,0xc3,0xc3,0xc3,0xc3,0x83,0x04,0x04,0x00,0x3c,0x3c,0x3c
    db 0x3c,0x1c,0x02,0x02,0x02,0xc3,0xc3,0xc3,0xc3,0x83,0x04,0x04,0x00,0x3c,0x3c,0x3c
    db 0x1c,0x1c,0x02,0x02,0x00,0xc3,0xc3,0xc3,0xc3,0x83,0x04,0x04,0x00,0x38,0x3c,0x3c
    db 0x3c,0x1c,0x02,0x02,0x00,0xc3,0xc3,0xc3,0x83,0x83,0x04,0x04,0x00,0x3c,0x3c,0x3c
    db 0x1c,0x1c,0x02,0x02,0x00,0xc3,0xc3,0xc3,0xc3,0x83,0x04,0x04,0x00,0x3c,0x24,0x3c
    db 0x1c,0x1e,0x02,0x02,0x00,0xc3,0xc3,0xc3,0x83,0x87,0x04,0x04,0x00,0x3c,0x24,0x3c
    db 0x1c,0x12,0x02,0x02,0x00,0xc3,0xc3,0xc3,0x83,0x04,0x04,0x04,0x00,0x3c,0x3c,0x3c
    db 0x1c,0x02,0x02,0x02,0x00,0x43,0x00,0xc3,0x83,0x04,0x04,0x04,0x00,0x3c,0x24,0x3c
    db 0x1c,0x02,0x02,0x02,0x00,0xc3,0x81,0xc3,0x83,0x04,0x04,0x04,0x00,0x34,0x18,0x3c
    db 0x1c,0x02,0x02,0x02,0x00,0xc3,0x81,0xc3,0x83,0x04,0x04,0x04,0x00,0x3c,0x18,0x3c
    db 0x1c,0x02,0x02,0x02,0x00,0xc3,0xc1,0xc3,0x83,0x04,0x04,0x04,0x00,0x3c,0x3c,0x3c
    db 0x1c,0x02,0x02,0x02,0x00,0xc3,0xc3,0xc3,0x83,0x04,0x04,0x00,0x00,0x3c,0x3c,0x3c
    db 0x1e,0x02,0x02,0x02,0x04,0xc3,0xc3,0x83,0x83,0x04,0x04,0x00,0x00,0x3c,0x3c,0x3e
    db 0x1c,0x02,0x02,0x02,0x04,0xc3,0xc3,0x83,0x83,0x04,0x04,0x00,0x02,0x3c,0x3c,0x1e
    db 0x1c,0x02,0x02,0x00,0x04,0x83,0x83,0x87,0x83,0x04,0x04,0x00,0x02,0x3c,0x3c,0x1e
    db 0x0a,0x02,0x02,0x00,0x00,0xc3,0xc3,0x87,0x04,0x04,0x04,0x00,0x02,0x3c,0x3c,0x1e
    db 0x02,0x02,0x02,0x00,0x04,0x83,0x83,0x87,0x04,0x04,0x04,0x00,0x02,0x1c,0x1c,0x1e
    db 0x02,0x02,0x02,0x00,0x04,0x83,0x87,0x87,0x04,0x04,0x04,0x02,0x02,0x1c,0x1e,0x1e
    db 0x02,0x02,0x02,0x04,0x04,0x83,0x87,0x87,0x04,0x04,0x04,0x02,0x02,0x1e,0x1e,0x1e
    db 0x02,0x02,0x02,0x04,0x04,0x87,0x87,0x87,0x04,0x04,0x04,0x02,0x02,0x1e,0x1e,0x1e
    db 0x02,0x02,0x02,0x04,0x04,0x87,0x87,0x87,0x04,0x04,0x04,0x02,0x02,0x1e,0x1e,0x1e
    db 0x02,0x02,0x06,0x04,0x04,0x87,0x87,0x87,0x04,0x04,0x04,0x02,0x02,0x1e,0x1e,0x1e
    db 0x02,0x02,0x06,0x00,0x04,0x87,0x87,0x87,0x04,0x04,0x04,0x02,0x02,0x1e,0x1e,0x1e
    db 0x02,0x02,0x06,0x04,0x04,0x85,0x87,0x87,0x04,0x04,0x04,0x00,0x02,0x1a,0x1e,0x1e
    db 0x02,0x02,0x06,0x04,0x04,0x85,0x87,0x87,0x04,0x04,0x06,0x02,0x02,0x00,0x1e,0x1e
    db 0x02,0x02,0x06,0x04,0x04,0x87,0x87,0x87,0x04,0x04,0x06,0x02,0x02,0x1e,0x1e,0x16
    db 0x02,0x02,0x06,0x04,0x86,0x87,0x87,0x04,0x04,0x04,0x06,0x02,0x1a,0x1e,0x1e,0x02
    db 0x02,0x02,0x06,0x04,0x86,0x87,0x87,0x04,0x04,0x04,0x02,0x02,0x02,0x1e,0x1e,0x02
    db 0x02,0x02,0x02,0x04,0x87,0x87,0x87,0x04,0x04,0x04,0x02,0x02,0x16,0x1e,0x1e,0x02
    db 0x02,0x02,0x06,0x04,0x87,0x87,0x87,0x04,0x04,0x04,0x02,0x02,0x16,0x1e,0x1e,0x02
    db 0x02,0x02,0x00,0x04,0x87,0x87,0x87,0x04,0x04,0x04,0x02,0x02,0x16,0x1e,0x1e,0x02
    db 0x02,0x02,0x00,0x04,0x87,0x87,0x87,0x04,0x04,0x04,0x02,0x02,0x16,0x1e,0x1e,0x02
    db 0x02,0x06,0x04,0x04,0x87,0x87,0x87,0x04,0x04,0x04,0x02,0x02,0x1e,0x1e,0x1e,0x02
    db 0x02,0x06,0x04,0x04,0x87,0x87,0x87,0x04,0x04,0x06,0x02,0x02,0x1e,0x1e,0x1e,0x02
    db 0x02,0x06,0x04,0x04,0x87,0x87,0x87,0x04,0x04,0x06,0x02,0x02,0x1e,0x1e,0x1e,0x02
    db 0x02,0x06,0x04,0x04,0x87,0x87,0x87,0x04,0x04,0x06,0x02,0x02,0x1e,0x1e,0x1e,0x02
    db 0x02,0x06,0x04,0x04,0x87,0x87,0x87,0x04,0x04,0x06,0x02,0x02,0x1e,0x1e,0x1e,0x02
    db 0x02,0x06,0x04,0x04,0x87,0x87,0x07,0x04,0x04,0x06,0x02,0x02,0x1e,0x1e,0x1e,0x02
    db 0x02,0x02,0x04,0x04,0x87,0x87,0x04,0x04,0x04,0x04,0x02,0x02,0x1e,0x1e,0x02,0x02
    db 0x02,0x06,0x04,0x04,0x00,0x87,0x04,0x04,0x04,0x04,0x02,0x02,0x1e,0x1e,0x02,0x02
    db 0x02,0x06,0x04,0x04,0x04,0x87,0x00,0x04,0x04,0x04,0x02,0x02,0x02,0x1e,0x00,0x02
    db 0x02,0x00,0x04,0x04,0x87,0x87,0x04,0x04,0x04,0x04,0x02,0x02,0x00,0x1e,0x02,0x02
    db 0x02,0x06,0x04,0x00,0x87,0x87,0x04,0x04,0x04,0x06,0x02,0x00,0x06,0x1e,0x02,0x02
    db 0x02,0x04,0x04,0x00,0x87,0x87,0x00,0x04,0x06,0x06,0x02,0x00,0x1e,0x1e,0x00,0x02
    db 0x06,0x04,0x04,0x00,0x87,0x87,0x04,0x04,0x06,0x06,0x02,0x00,0x1e,0x1e,0x02,0x02
    db 0x06,0x04,0x04,0x00,0x87,0x87,0x04,0x04,0x06,0x02,0x02,0x02,0x1e,0x1e,0x02,0x02
    db 0x06,0x04,0x04,0x01,0x87,0x87,0x04,0x04,0x06,0x02,0x02,0x00,0x1e,0x1e,0x00,0x02
    db 0x06,0x04,0x04,0x06,0x87,0x87,0x04,0x04,0x04,0x02,0x02,0x16,0x1e,0x1e,0x02,0x02
boing_area_unsafe:
    db 0x40,0x20,0x80,0xcf,0xe7,0x03,0x80,0x40,0x20,0x08,0x0c,0x06,0x83,0xc0,0x00,0x00
    db 0x40,0x20,0x80,0xcf,0xa7,0x03,0x80,0x40,0x30,0x08,0x0c,0x06,0x83,0xc0,0x00,0x00
    db 0x40,0x20,0x80,0xc7,0xa7,0x01,0x80,0x40,0x30,0x08,0x04,0x06,0x81,0xc1,0x00,0x00
    db 0x40,0x20,0x80,0xc7,0x87,0x00,0x80,0x40,0x30,0x08,0x04,0x06,0x81,0xc1,0x00,0x00
    db 0x40,0x20,0x80,0xc7,0x87,0x00,0x80,0x40,0x20,0x08,0x04,0x06,0x81,0xc1,0x00,0x00
    db 0x40,0x00,0x80,0xc7,0x07,0x00,0x80,0x40,0x30,0x08,0x04,0x06,0x81,0xc1,0x00,0x00
    db 0x40,0x00,0x80,0xcf,0x07,0x00,0x00,0x40,0x30,0x08,0x04,0x06,0x81,0xc1,0x00,0x00
    db 0x40,0x00,0x80,0xc7,0x07,0x00,0x80,0x40,0x30,0x08,0x0c,0x06,0x81,0xc1,0x00,0x00
    db 0x40,0x00,0x00,0xc0,0x07,0x00,0x80,0x60,0x30,0x08,0x0c,0x06,0x81,0xc1,0x00,0x00
    db 0x40,0x00,0x80,0xc3,0x07,0x00,0x80,0x60,0x30,0x08,0x0c,0x06,0x81,0xc1,0x00,0x00
    db 0x40,0x00,0x90,0xc3,0x07,0x00,0x80,0x40,0x30,0x08,0x04,0x06,0x81,0xc1,0x00,0x00
    db 0x40,0x00,0x80,0xcf,0x07,0x00,0x80,0x60,0x30,0x08,0x0c,0x06,0x81,0xc1,0x00,0x00
    db 0x40,0x00,0x80,0xcf,0x07,0x00,0x80,0x60,0x10,0x08,0x0c,0x06,0x81,0xc0,0x00,0x00
    db 0x40,0x00,0x80,0xcf,0x07,0x00,0x81,0x60,0x10,0x00,0x0c,0x06,0x81,0xc1,0x00,0x00
    db 0x40,0x00,0x80,0xcf,0x03,0x00,0x80,0x60,0x10,0x00,0x0c,0x06,0x81,0xc1,0x00,0x00
    db 0x40,0x00,0x80,0x0f,0x00,0x00,0x81,0x60,0x10,0x18,0x0c,0x06,0x81,0xc1,0x00,0x00
    db 0x40,0x00,0x98,0xcf,0x00,0x00,0xc1,0x60,0x10,0x08,0x0c,0x02,0x81,0xc1,0x00,0x00
    db 0x40,0x00,0x9d,0x0f,0x00,0x00,0xc1,0x60,0x10,0x00,0x0c,0x02,0x81,0xc1,0x00,0x00
    db 0x40,0x00,0x9d,0x0f,0x00,0x00,0xc1,0x60,0x10,0x00,0x0c,0x00,0x81,0xc1,0x00,0x00
    db 0x00,0x00,0x87,0x0f,0x00,0x00,0xc0,0x60,0x10,0x18,0x0c,0x02,0x81,0xc1,0x00,0x00
    db 0x00,0x00,0x9f,0x0f,0x00,0x00,0x81,0x60,0x10,0x18,0x0c,0x06,0x81,0xc1,0x00,0x00
    db 0x00,0x00,0x9f,0x0f,0x02,0x00,0x81,0x60,0x00,0x18,0x0c,0x02,0x83,0x81,0x00,0x00
    db 0x00,0x00,0x8f,0x0f,0x00,0x00,0xc1,0x60,0x10,0x18,0x0c,0x00,0x81,0x81,0x00,0x00
    db 0x00,0x00,0x87,0x0f,0x00,0x00,0xc1,0x60,0x00,0x00,0x0c,0x02,0x83,0x81,0x00,0x00
    db 0x00,0x00,0x18,0x0f,0x00,0x00,0xc1,0x60,0x00,0x18,0x0c,0x83,0x81,0x81,0x00,0x00
    db 0x00,0x00,0x9f,0x0f,0x00,0x00,0xc1,0x20,0x00,0x18,0x0c,0x03,0x83,0x81,0x00,0x00
    db 0x00,0x00,0x1f,0x0f,0x00,0x80,0xc1,0x20,0x00,0x18,0x04,0x83,0x83,0x81,0x00,0x00
    db 0x00,0x00,0x1e,0x0f,0x00,0x82,0xc1,0x20,0x00,0x18,0x06,0x03,0x83,0x81,0x00,0x00
    db 0x00,0x00,0x1e,0x0f,0x00,0x82,0xc1,0x20,0x00,0x18,0x0e,0x83,0x83,0x81,0x00,0x00
    db 0x00,0x00,0x1e,0x06,0x00,0x82,0xc1,0x20,0x08,0x18,0x06,0x81,0x83,0x81,0x00,0x00
    db 0x00,0x00,0x1e,0x06,0x00,0x02,0xc1,0x20,0x08,0x18,0x06,0x81,0x83,0x81,0x00,0x00
    db 0x00,0x00,0x1e,0x00,0x00,0x02,0xc1,0x30,0x08,0x1c,0x02,0x83,0x83,0x81,0x00,0x00
    db 0x00,0x0c,0x1e,0x00,0x00,0x82,0xc1,0x30,0x08,0x1c,0x02,0x83,0x83,0x81,0x00,0x00
    db 0x00,0x0c,0x1e,0x04,0x00,0x82,0xc1,0x10,0x18,0x1c,0x02,0x83,0x83,0x81,0x00,0x00
    db 0x00,0x0c,0x1e,0x00,0x00,0x80,0xc1,0x00,0x08,0x1c,0x02,0x83,0x83,0x81,0x00,0x00
    db 0x00,0x0c,0x1e,0x00,0x00,0x82,0xc1,0x00,0x08,0x1c,0x02,0x83,0x83,0x81,0x00,0x00
    db 0x00,0x0c,0x1e,0x00,0x00,0x82,0xc1,0x00,0x38,0x1c,0x02,0x81,0x83,0x01,0x00,0x00
    db 0x00,0x3c,0x1e,0x00,0x00,0x83,0x41,0x00,0x38,0x1c,0x02,0x83,0x83,0x01,0x00,0x00
    db 0x00,0x3c,0x1e,0x00,0x00,0x83,0x61,0x10,0x38,0x1c,0x02,0x81,0x83,0x01,0x00,0x00
    db 0x00,0x3c,0x1e,0x00,0x00,0x83,0x61,0x10,0x38,0x1c,0x02,0x83,0x83,0x01,0x00,0x00
    db 0x00,0x30,0x0e,0x00,0x00,0x83,0x61,0x10,0x30,0x0c,0x02,0x83,0x83,0x01,0x00,0x00
    db 0x00,0x0c,0x0e,0x00,0x00,0xc2,0x61,0x10,0x08,0x1c,0x02,0x83,0x83,0x01,0x00,0x00
    db 0x00,0x3c,0x1e,0x00,0x00,0x83,0x41,0x00,0x38,0x1c,0x02,0x83,0x83,0x01,0x00,0x00
    db 0x00,0x3c,0x1e,0x00,0x04,0xc3,0x61,0x00,0x38,0x1c,0x02,0x87,0x83,0x01,0x00,0x00
    db 0x00,0x3c,0x1e,0x00,0x04,0xc3,0x61,0x00,0x38,0x0c,0x02,0x87,0x83,0x01,0x00,0x00
    db 0x20,0x3c,0x00,0x00,0x04,0xc3,0x21,0x00,0x38,0x00,0x02,0x87,0x03,0x01,0x00,0x00
    db 0x00,0x3c,0x06,0x00,0x04,0xc3,0x21,0x00,0x38,0x04,0x02,0x87,0x83,0x01,0x00,0x00
    db 0x00,0x3c,0x00,0x00,0x04,0xc3,0x21,0x00,0x38,0x00,0x02,0x03,0x03,0x01,0x00,0x00
    db 0x00,0x3c,0x00,0x00,0x04,0xc3,0x01,0x00,0x38,0x00,0x00,0x87,0x03,0x01,0x00,0x00
    db 0x30,0x3c,0x00,0x00,0x84,0xc3,0x21,0x00,0x38,0x00,0x00,0x87,0x03,0x01,0x00,0x00
    db 0x30,0x3c,0x00,0x00,0x06,0x83,0x01,0x10,0x38,0x00,0x00,0x87,0x03,0x01,0x00,0x00
    db 0x78,0x3c,0x00,0x00,0x86,0xc3,0x01,0x10,0x38,0x00,0x02,0x87,0x03,0x01,0x00,0x00
    db 0x78,0x3c,0x00,0x00,0x86,0xc3,0x00,0x30,0x38,0x00,0x04,0x87,0x03,0x01,0x00,0x00
    db 0x78,0x3c,0x00,0x00,0x87,0x43,0x00,0x30,0x38,0x00,0x04,0x87,0x03,0x01,0x00,0x00
    db 0x18,0x3c,0x00,0x00,0x86,0xc3,0x00,0x70,0x38,0x00,0x00,0x87,0x03,0x00,0x00,0x00
    db 0x38,0x3c,0x00,0x00,0x86,0x43,0x00,0x10,0x38,0x00,0x04,0x87,0x03,0x00,0x00,0x00
    db 0x30,0x3c,0x00,0x00,0x86,0x03,0x00,0x70,0x38,0x00,0x04,0x87,0x03,0x00,0x00,0x00
    db 0x38,0x3c,0x00,0x00,0x87,0x03,0x00,0x70,0x38,0x00,0x04,0x87,0x03,0x00,0x00,0x00
    db 0x78,0x3c,0x00,0x00,0x87,0x03,0x00,0x30,0x38,0x00,0x04,0x87,0x03,0x00,0x00,0x00
    db 0x78,0x1c,0x00,0x00,0x87,0x03,0x00,0x30,0x38,0x00,0x0e,0x87,0x03,0x00,0x00,0x00
    db 0x78,0x00,0x00,0x0c,0x87,0x03,0x00,0x30,0x00,0x00,0x0e,0x87,0x03,0x00,0x00,0x00
    db 0x78,0x10,0x00,0x0c,0x87,0x03,0x00,0x70,0x20,0x00,0x0e,0x87,0x03,0x00,0x00,0x00
    db 0x78,0x00,0x00,0x04,0x87,0x03,0x00,0x70,0x00,0x00,0x0c,0x87,0x03,0x00,0x00,0x00
    db 0x78,0x00,0x00,0x02,0x87,0x03,0x00,0x70,0x00,0x00,0x0e,0x87,0x03,0x10,0x00,0x00
    db 0x70,0x00,0x00,0x00,0x87,0x03,0x00,0x70,0x00,0x00,0x00,0x87,0x03,0x00,0x00,0x00
    db 0x70,0x00,0x00,0x0c,0x87,0x03,0xc0,0x70,0x00,0x00,0x00,0x87,0x03,0x00,0x00,0x00
    db 0x70,0x00,0x00,0x0e,0x07,0x02,0xf0,0x78,0x00,0x00,0x04,0x87,0x03,0x00,0x00,0x00
    db 0x70,0x00,0x00,0x0e,0x07,0x00,0xf0,0x78,0x00,0x00,0x0c,0x87,0x03,0x00,0x00,0x00
    db 0x70,0x00,0x00,0x0e,0x07,0x00,0x70,0x78,0x00,0x00,0x0e,0x87,0x03,0xe0,0x00,0x00
    db 0x70,0x00,0x00,0x0e,0x07,0x00,0x70,0x78,0x00,0x00,0x0c,0x86,0x02,0xe0,0x00,0x00
    db 0x70,0x00,0x00,0x0e,0x07,0x00,0x60,0x78,0x00,0x00,0x0c,0x86,0x02,0xe0,0x00,0x00
    db 0x70,0x00,0x10,0x0e,0x07,0x00,0xe0,0x78,0x00,0x00,0x0e,0x87,0x00,0x60,0x00,0x00
    db 0x30,0x00,0x18,0x0e,0x07,0x00,0xf0,0x78,0x00,0x00,0x0c,0x87,0x00,0x60,0x00,0x00
    db 0x70,0x00,0x18,0x0e,0x07,0x00,0xf0,0x78,0x00,0x00,0x0c,0x06,0x00,0x60,0x00,0x00
    db 0x70,0x00,0x1c,0x0e,0x06,0x00,0xf0,0x78,0x00,0x00,0x0e,0x87,0x00,0x20,0x00,0x00
    db 0x00,0x00,0x1c,0x0e,0x06,0x00,0xf0,0x78,0x00,0x00,0x0c,0x87,0x00,0xe0,0x00,0x00
    db 0x00,0x00,0x0c,0x0e,0x06,0x00,0xf0,0x78,0x00,0x00,0x0c,0x06,0x00,0xe0,0x00,0x00
    db 0x00,0x00,0x1c,0x0e,0x04,0x00,0xf0,0x78,0x00,0x00,0x0c,0x06,0x00,0xe0,0x00,0x00
    db 0x00,0x00,0x1c,0x0e,0x04,0x00,0xf0,0x60,0x00,0x10,0x0c,0x87,0x00,0xe0,0x00,0x00
    db 0x00,0x08,0x1c,0x0e,0x04,0x00,0xf0,0x00,0x00,0x10,0x0c,0x87,0x00,0xe0,0x00,0x00
    db 0x00,0x00,0x1c,0x0e,0x04,0x80,0xf0,0x00,0x00,0x10,0x0c,0x87,0x00,0xe0,0x00,0x00
    db 0x00,0x00,0x1c,0x0e,0x04,0x40,0xf0,0x40,0x00,0x10,0x0c,0x06,0x00,0xe0,0x00,0x00
    db 0x00,0x08,0x1c,0x0e,0x00,0xc0,0xf1,0x00,0x00,0x18,0x0e,0x87,0x00,0xe0,0x00,0x00
    db 0x00,0x08,0x1c,0x0c,0x00,0xc0,0xf1,0x00,0x00,0x18,0x0c,0x87,0xc0,0xe1,0x00,0x00
    db 0x10,0x18,0x1c,0x0c,0x00,0xc0,0xf1,0x40,0x00,0x18,0x0c,0x87,0xc0,0xe1,0x00,0x00
    db 0x00,0x18,0x1c,0x0c,0x00,0xe0,0xf1,0x40,0x00,0x18,0x0e,0x87,0xc0,0xe1,0x00,0x00
    db 0x10,0x18,0x1c,0x0c,0x00,0xe0,0xf1,0x00,0x00,0x18,0x0e,0x07,0xc0,0xe1,0x00,0x00
    db 0x10,0x38,0x1c,0x0c,0x00,0x60,0xf0,0x00,0x00,0x10,0x0c,0x83,0x40,0xe0,0x00,0x00
    db 0x00,0x38,0x1c,0x0c,0x00,0x80,0xf1,0x00,0x00,0x18,0x0c,0x83,0x80,0xe1,0x00,0x00
    db 0x10,0x38,0x18,0x0c,0x00,0xe0,0x71,0x00,0x00,0x18,0x0e,0x83,0xc0,0xe1,0x00,0x00
    db 0x10,0x18,0x18,0x0c,0x00,0xe0,0x61,0x00,0x00,0x10,0x0c,0x83,0xc0,0xe1,0x00,0x00
    db 0x10,0x38,0x18,0x08,0x00,0xe0,0x61,0x00,0x00,0x10,0x0c,0x83,0xc0,0xe1,0x00,0x00
    db 0x10,0x38,0x18,0x08,0x00,0xe0,0x61,0x00,0x00,0x18,0x0e,0x03,0xc0,0xe1,0x00,0x00
    db 0x30,0x38,0x18,0x08,0x00,0xe0,0x01,0x00,0x00,0x18,0x0e,0x03,0xc0,0x61,0x00,0x00
    db 0x30,0x38,0x18,0x08,0x00,0xe0,0x01,0x00,0x20,0x18,0x0c,0x83,0xc0,0xe1,0x00,0x00
    db 0x30,0x38,0x18,0x08,0x00,0xe0,0x01,0x00,0x00,0x10,0x0e,0x83,0xc0,0x61,0x00,0x00
    db 0x30,0x38,0x18,0x00,0xc0,0xe0,0x01,0x00,0x20,0x18,0x0c,0x83,0xc0,0x21,0x00,0x00
    db 0x10,0x30,0x18,0x00,0xc0,0xe0,0x01,0x00,0x20,0x18,0x0c,0x83,0xc0,0x61,0x00,0x00
    db 0x30,0x30,0x18,0x00,0xc0,0xe3,0x01,0x00,0x20,0x10,0x08,0x01,0xc0,0x21,0x00,0x00
    db 0x30,0x30,0x18,0x00,0xc0,0xe3,0x01,0x00,0x20,0x18,0x0c,0x81,0xc1,0x21,0x00,0x00
    db 0x30,0x30,0x18,0x00,0xc0,0xe0,0x01,0x00,0x20,0x18,0x0c,0x01,0xc3,0x21,0x00,0x00
    db 0x20,0x30,0x10,0x00,0xc0,0xe3,0x01,0x00,0x30,0x18,0x0c,0x00,0x83,0x21,0x00,0x00
    db 0x60,0x30,0x18,0x00,0xe0,0xe3,0x01,0x00,0x00,0x18,0x0c,0x00,0x83,0x21,0x00,0x00
    db 0x60,0x30,0x10,0x00,0xe0,0xe3,0x01,0x00,0x00,0x18,0x0c,0x00,0x83,0x21,0x00,0x00
    db 0x60,0x30,0x10,0x00,0x00,0xe3,0x01,0x00,0x20,0x18,0x0c,0x00,0x83,0x20,0x00,0x00
    db 0x20,0x30,0x10,0x00,0x00,0xe0,0x01,0x00,0x20,0x18,0x0c,0x00,0x80,0x60,0x00,0x00
    db 0x60,0x30,0x10,0x00,0xe0,0xe3,0x01,0x00,0x20,0x18,0x0c,0x00,0x81,0x61,0x00,0x00
    db 0x60,0x30,0x10,0x00,0xe0,0xf3,0x01,0x00,0x20,0x18,0x04,0x00,0x80,0x41,0x00,0x00
    db 0x60,0x30,0x10,0x00,0xe0,0xf3,0x01,0x00,0x20,0x18,0x04,0x00,0x83,0x41,0x00,0x00
    db 0x60,0x30,0x10,0x00,0xe0,0x63,0x00,0x00,0x20,0x18,0x04,0x02,0x03,0x40,0x00,0x00
    db 0x60,0x30,0x00,0x00,0xe0,0x73,0x01,0x00,0x20,0x18,0x04,0x02,0x03,0x40,0x00,0x00
    db 0x60,0x30,0x00,0x40,0xe0,0x03,0x01,0x00,0x30,0x18,0x04,0x06,0x03,0x40,0x00,0x00
    db 0x60,0x20,0x00,0x00,0xe0,0x63,0x00,0x00,0x20,0x18,0x04,0x06,0x03,0x40,0x00,0x00
    db 0x60,0x20,0x00,0x00,0xe1,0x03,0x00,0x00,0x30,0x18,0x04,0x06,0x03,0x40,0x00,0x00
    db 0x60,0x20,0x00,0x40,0xe1,0x03,0x00,0x40,0x30,0x18,0x04,0x02,0x83,0x40,0x00,0x00
    db 0x60,0x20,0x00,0xc0,0xe7,0x03,0x00,0x00,0x30,0x18,0x04,0x06,0x83,0x40,0x00,0x00
    db 0x60,0x20,0x00,0x40,0xe3,0x03,0x00,0x40,0x30,0x18,0x04,0x06,0x03,0xc0,0x00,0x00
    db 0x60,0x20,0x00,0xc0,0xe3,0x03,0x00,0x40,0x30,0x18,0x04,0x06,0x83,0xc0,0x00,0x00
    db 0x60,0x20,0x00,0xc0,0xe3,0x03,0x00,0x40,0x30,0x18,0x04,0x00,0x83,0x40,0x00,0x00
    db 0x60,0x20,0x00,0xc0,0xe7,0x03,0x00,0x40,0x30,0x18,0x04,0x02,0x03,0x40,0x00,0x00
    db 0x60,0x20,0x00,0xc0,0xe7,0x03,0x00,0x40,0x30,0x18,0x04,0x00,0x83,0x40,0x00,0x00
    db 0x60,0x20,0x00,0x40,0xe7,0x03,0x00,0x40,0x30,0x18,0x04,0x02,0x83,0xc0,0x00,0x00
    db 0x60,0x20,0x00,0x40,0xe3,0x03,0x00,0x00,0x30,0x18,0x04,0x06,0x83,0xc0,0x00,0x00
    db 0x60,0x20,0x00,0xc0,0xe3,0x03,0x00,0x40,0x30,0x18,0x04,0x06,0x83,0xc0,0x00,0x00
    db 0x40,0x20,0x00,0xc0,0xe3,0x03,0x00,0x00,0x30,0x18,0x04,0x02,0x83,0xc0,0x00,0x00
    db 0x40,0x20,0x80,0xcc,0xe7,0x03,0x00,0x00,0x30,0x18,0x04,0x06,0x83,0xc0,0x00,0x00
    db 0x40,0x20,0x80,0xcc,0xe3,0x03,0x00,0x40,0x30,0x18,0x04,0x06,0x83,0xc0,0x00,0x00
    db 0x40,0x20,0x80,0xcf,0xe3,0x03,0x00,0x40,0x30,0x18,0x04,0x06,0x83,0xc1,0x00,0x00
    db 0x40,0x20,0x80,0xcf,0xa7,0x03,0x00,0x40,0x30,0x18,0x0c,0x06,0x83,0xc1,0x00,0x00
    db 0x40,0x00,0x80,0xcf,0x27,0x03,0x00,0x40,0x30,0x18,0x0c,0x06,0x83,0xc1,0x00,0x00
    db 0x40,0x00,0x80,0xc7,0xa7,0x03,0x00,0x40,0x30,0x18,0x04,0x06,0x81,0xc1,0x00,0x00
    db 0x40,0x00,0x80,0xc7,0x27,0x03,0x80,0x40,0x30,0x18,0x04,0x06,0x81,0xc0,0x00,0x00
    db 0x40,0x00,0x80,0xc7,0xa7,0x01,0x80,0x40,0x20,0x10,0x0c,0x06,0x83,0xc0,0x00,0x00
    db 0x40,0x00,0x80,0xc7,0x07,0x00,0x80,0x40,0x20,0x10,0x0c,0x06,0x81,0xc1,0x00,0x00
    db 0x40,0x00,0x80,0xc6,0x07,0x00,0x80,0x40,0x20,0x00,0x08,0x06,0x81,0xc1,0x00,0x00
    db 0x40,0x00,0x00,0xcc,0x07,0x00,0x80,0x40,0x20,0x08,0x00,0x06,0x81,0x81,0x00,0x00
    db 0x40,0x00,0x80,0xc3,0x07,0x02,0x80,0x40,0x20,0x00,0x00,0x06,0x81,0x81,0x00,0x00
    db 0x40,0x00,0x80,0xcf,0x07,0x00,0x80,0x40,0x20,0x00,0x00,0x06,0x81,0x81,0x00,0x00
    db 0x40,0x00,0xc0,0xcf,0x07,0x00,0x80,0x40,0x20,0x00,0x00,0x04,0x81,0x81,0x00,0x00
    db 0x40,0x80,0x84,0xcf,0x07,0x00,0x80,0x40,0x20,0x00,0x00,0x04,0x83,0x81,0x00,0x00
    db 0x40,0x00,0xc0,0xcf,0x07,0x00,0x00,0x40,0x20,0x00,0x08,0x04,0x83,0x81,0x00,0x00
    db 0x40,0x00,0xc0,0xcf,0x07,0x00,0x00,0x40,0x20,0x00,0x08,0x04,0x83,0x81,0x00,0x00
    db 0x40,0x80,0xc5,0xcf,0x07,0x00,0x80,0x40,0x20,0x00,0x08,0x04,0x83,0x81,0x00,0x00
    db 0x40,0x80,0xdf,0xcf,0x07,0x00,0x00,0x40,0x20,0x10,0x08,0x04,0x01,0x81,0x00,0x00
    db 0x40,0x80,0xdf,0xcf,0x07,0x00,0x00,0x40,0x20,0x10,0x08,0x04,0x01,0x81,0x00,0x00
    db 0x40,0x80,0xdf,0xcf,0x07,0x00,0x00,0x40,0x20,0x10,0x08,0x04,0x83,0x81,0x00,0x00
    db 0x40,0x80,0xdf,0xcf,0x07,0x00,0x80,0x40,0x20,0x10,0x08,0x04,0x01,0x81,0x00,0x00
    db 0x40,0x80,0xdf,0xef,0x07,0x00,0x81,0x40,0x20,0x10,0x08,0x04,0x03,0x81,0x00,0x00
    db 0x00,0x80,0xcf,0xef,0x07,0x00,0x80,0x40,0x20,0x00,0x08,0x04,0x02,0x81,0x00,0x00
    db 0x00,0x00,0xc7,0xef,0x07,0x00,0x81,0x40,0x20,0x00,0x08,0x04,0x02,0x81,0x00,0x00
    db 0x00,0x80,0xdf,0xef,0x07,0x00,0x81,0x40,0x20,0x10,0x08,0x04,0x02,0x81,0x00,0x00
    db 0x00,0x00,0xc7,0xef,0x07,0x00,0x81,0x40,0x20,0x00,0x08,0x04,0x02,0x81,0x00,0x00
    db 0x00,0x82,0xd8,0xef,0x05,0x00,0x81,0x40,0x20,0x00,0x08,0x04,0x02,0x81,0x00,0x00
    db 0x00,0x82,0xdd,0xcf,0x05,0x00,0x81,0x40,0x20,0x00,0x08,0x04,0x02,0x81,0x00,0x00
    db 0x00,0x0b,0xc7,0xef,0x07,0x00,0x81,0x40,0x20,0x00,0x08,0x00,0x02,0x81,0x00,0x00
    db 0x00,0x80,0xcf,0xaf,0x05,0x00,0x81,0x40,0x20,0x00,0x08,0x00,0x02,0x81,0x00,0x00
    db 0x00,0xbf,0xcf,0x8f,0x01,0x00,0x81,0x40,0x20,0x10,0x08,0x04,0x02,0x81,0x00,0x00
    db 0x00,0xbf,0xcf,0xaf,0x05,0x00,0x81,0x40,0x20,0x10,0x08,0x04,0x02,0x81,0x00,0x00
    db 0x00,0x9f,0xdf,0x2f,0x04,0x00,0x81,0x40,0x20,0x10,0x08,0x04,0x02,0x81,0x00,0x00
    db 0x00,0x9f,0xdf,0x0f,0x00,0x00,0x81,0x40,0x20,0x10,0x08,0x04,0x02,0x81,0x00,0x00
    db 0x00,0x9f,0xdf,0xaf,0x07,0x00,0x81,0x40,0x20,0x10,0x08,0x04,0x02,0x81,0x00,0x00
    db 0x00,0xbf,0xdf,0x0f,0x00,0x00,0x81,0x40,0x20,0x10,0x08,0x04,0x02,0x81,0x00,0x00
    db 0x00,0x9f,0xdf,0x0f,0x04,0x00,0x81,0x40,0x20,0x10,0x08,0x04,0x02,0x81,0x00,0x00
    db 0x00,0x9f,0xdf,0x0f,0x00,0x00,0x81,0x40,0x20,0x10,0x08,0x04,0x02,0x81,0x00,0x00
    db 0x00,0xbf,0xdf,0x0f,0x00,0x00,0x81,0x40,0x20,0x10,0x08,0x04,0x02,0x81,0x00,0x00
    db 0x10,0xbf,0xdf,0x0f,0x04,0x00,0x81,0x40,0x20,0x10,0x08,0x04,0x02,0x81,0x00,0x00
    db 0x76,0xbb,0xdf,0x0f,0x00,0x02,0x81,0x40,0x20,0x10,0x08,0x04,0x02,0x81,0x00,0x00
    db 0x76,0xbb,0xdf,0x0f,0x00,0x02,0x81,0x40,0x20,0x10,0x08,0x04,0x02,0x81,0x00,0x00
    db 0x3e,0x80,0xdf,0x0f,0x00,0x00,0x81,0x00,0x00,0x00,0x08,0x04,0x02,0x01,0x00,0x00
    db 0x3e,0x80,0xdf,0x0f,0x00,0x00,0x81,0x00,0x00,0x00,0x08,0x04,0x02,0x01,0x00,0x00
    db 0x7e,0x9f,0xdf,0x0f,0x00,0x00,0x81,0x00,0x00,0x00,0x08,0x04,0x02,0x01,0x00,0x00
    db 0x7e,0x8e,0xdf,0x0f,0x00,0x00,0x81,0x00,0x00,0x00,0x08,0x04,0x02,0x01,0x00,0x00
    db 0x7e,0x9f,0xdf,0x0f,0x04,0x02,0x81,0x00,0x00,0x10,0x08,0x04,0x02,0xc5,0x00,0x00
    db 0x3e,0x8e,0xdf,0x0f,0x00,0x02,0x81,0x00,0x00,0x10,0x08,0x04,0x02,0x01,0x00,0x00
    db 0x7e,0xbf,0xdf,0x0f,0x00,0x02,0x81,0x00,0x00,0x10,0x08,0x04,0x02,0x01,0x00,0x00
    db 0x7e,0xbf,0xdf,0x0f,0x00,0x02,0x81,0x00,0x00,0x10,0x08,0x04,0x02,0xc5,0x00,0x00
    db 0x7e,0x9f,0xdf,0x0f,0x00,0x02,0x01,0x00,0x00,0x00,0x08,0x04,0x02,0xfd,0x00,0x00
    db 0x7e,0x9f,0xdf,0x0f,0x00,0x02,0x01,0x00,0x00,0x00,0x08,0x04,0x02,0xfd,0x00,0x00
    db 0x1c,0x8e,0xdf,0x0f,0x00,0x02,0x00,0x00,0x00,0x00,0x08,0x04,0x02,0xfd,0x00,0x00
    db 0x1c,0x9f,0xdf,0x0f,0x00,0x02,0x01,0x00,0x00,0x00,0x08,0x04,0x02,0xfd,0x00,0x00
    db 0x80,0x9f,0xdf,0x0f,0x00,0x02,0x00,0x00,0x00,0x00,0x00,0x04,0xca,0xff,0x00,0x00
    db 0x81,0x9f,0xdf,0x0f,0x00,0x02,0x00,0x00,0x00,0x00,0x00,0x04,0xca,0xff,0x00,0x00
    db 0xb6,0xdf,0xdf,0x0f,0x00,0x02,0x00,0x00,0x00,0x00,0x08,0x04,0xca,0x7d,0x00,0x00
    db 0x63,0xff,0xdf,0x0f,0x00,0x02,0x00,0x00,0x00,0x00,0x08,0x04,0xce,0x7d,0x00,0x00
    db 0xe3,0xff,0xdf,0x0f,0x04,0x00,0x00,0x00,0x00,0x00,0x00,0x04,0xfe,0x7d,0x00,0x00
    db 0xe3,0xff,0xdf,0x0f,0x04,0x00,0x00,0x00,0x00,0x00,0x00,0x04,0xfe,0x7d,0x00,0x00
    db 0x80,0xfb,0xcf,0x0f,0x04,0x00,0x00,0x00,0x00,0x00,0x00,0xb4,0xff,0x6d,0x00,0x00
    db 0xb7,0xf1,0xcf,0x0f,0x04,0x00,0x00,0x00,0x00,0x00,0x00,0xb4,0xff,0x6d,0x00,0x00
    db 0x80,0x8e,0xdf,0x07,0x04,0x00,0x00,0x00,0x00,0x00,0x00,0xf4,0xdf,0x39,0x00,0x00
    db 0x80,0xce,0xff,0x07,0x04,0x00,0x00,0x00,0x00,0x00,0x00,0xf4,0xfb,0x01,0x00,0x00
    db 0x80,0xc0,0x2f,0x00,0x04,0x00,0x00,0x00,0x00,0x00,0x00,0xe4,0xda,0x01,0x00,0x00
    db 0x80,0x5b,0x27,0x00,0x04,0x00,0x00,0x00,0x00,0x00,0x00,0xe4,0xda,0x01,0x00,0x00
    db 0x80,0x40,0x00,0x08,0x00,0x00,0x00,0x00,0x00,0x00,0x00,0x00,0x02,0x01,0x00,0x00
    db 0x80,0x40,0x00,0x08,0x00,0x00,0x00,0x00,0x00,0x00,0x00,0x00,0x02,0x01,0x00,0x00
    db 0x80,0x5b,0x27,0x00,0x00,0x00,0x00,0x00,0x00,0x00,0x00,0xf0,0x03,0x01,0x00,0x00
    db 0x81,0x5b,0x27,0x00,0x00,0x00,0x00,0x00,0x00,0x00,0x00,0xf0,0x03,0x01,0x00,0x00
    db 0x80,0xff,0x2f,0x00,0x00,0x00,0x00,0x00,0x00,0x00,0xe0,0xfb,0x73,0x01,0x00,0x00
    db 0x9c,0xfb,0x2d,0x00,0x00,0x00,0x00,0x00,0x00,0x00,0xe0,0xfb,0x73,0x01,0x00,0x00
    db 0xb6,0xdf,0x2d,0x00,0x00,0x00,0x00,0x00,0x00,0x00,0xf0,0xf3,0xdf,0x01,0x00,0x00
    db 0xf7,0x5f,0x27,0x00,0x00,0x00,0x00,0x00,0x00,0x20,0xf0,0xf3,0x8f,0x6d,0x00,0x00
    db 0xff,0x5f,0x20,0x00,0x00,0x00,0x00,0x00,0x00,0x20,0xf0,0xfb,0xff,0x01,0x00,0x00
    db 0xbf,0x5f,0x20,0x00,0x00,0x00,0x00,0x00,0x00,0x20,0xf0,0xfb,0xff,0xc7,0x00,0x00
    db 0xbe,0x79,0x20,0x10,0x00,0x00,0x00,0x80,0x40,0x00,0xf0,0xfb,0xff,0xff,0x00,0x00
    db 0xbe,0x79,0x20,0x10,0x00,0x00,0x00,0x00,0x00,0x00,0xf0,0xfb,0xff,0xff,0x00,0x00
    db 0xbf,0x79,0x20,0x00,0x08,0x00,0x00,0x00,0x40,0x00,0xf0,0xfb,0xfb,0x01,0x00,0x00
    db 0xbf,0x79,0x20,0x00,0x00,0x00,0x00,0x80,0x40,0x00,0xf0,0xfb,0xfb,0x01,0x00,0x00
    db 0xff,0x40,0x20,0x10,0x00,0x00,0x00,0x01,0x40,0x60,0xf0,0xfb,0x71,0x39,0x00,0x00
    db 0xff,0x40,0x20,0x10,0x00,0x00,0x00,0x00,0x40,0x00,0xf0,0xfb,0x71,0x39,0x00,0x00
    db 0xff,0x40,0x20,0x10,0x00,0x00,0x00,0x80,0x40,0x00,0xf0,0xfb,0xf9,0x7e,0x00,0x00
    db 0xff,0x40,0x20,0x10,0x00,0x00,0x00,0x80,0x40,0x00,0xf0,0xfb,0xf9,0x7e,0x00,0x00
    db 0x81,0x40,0x20,0x10,0x08,0x00,0x00,0x81,0x40,0x00,0xf0,0xfb,0xfd,0x7e,0x00,0x00
    db 0x81,0x40,0x20,0x10,0x00,0x00,0x00,0x81,0x00,0x00,0xf0,0xfb,0x01,0x7e,0x00,0x00
    db 0xa3,0x40,0x20,0x10,0x08,0x00,0x00,0x81,0x40,0x40,0xf0,0xfb,0xf9,0x7e,0x00,0x00
    db 0xa3,0x40,0x20,0x10,0x08,0x00,0x00,0x81,0x00,0x60,0xe0,0xfb,0x01,0x7e,0x00,0x00
    db 0x81,0x40,0x20,0x10,0x00,0x04,0x02,0x81,0x00,0x00,0xf0,0xfb,0xf9,0x7e,0x00,0x00
    db 0x81,0x40,0x20,0x10,0x08,0x04,0x02,0x81,0x40,0x40,0xf0,0xfb,0x71,0x7e,0x00,0x00
    db 0x81,0x40,0x20,0x10,0x08,0x04,0x02,0x81,0x40,0x00,0xf0,0xfb,0x01,0x7c,0x00,0x00
    db 0x81,0x40,0x20,0x10,0x08,0x04,0x02,0x81,0x40,0x00,0xf0,0xfb,0x01,0x38,0x00,0x00
    db 0x81,0x40,0x20,0x10,0x08,0x00,0x02,0x81,0x40,0x40,0xf0,0xfb,0xd9,0x08,0x00,0x00
    db 0x81,0x40,0x20,0x10,0x08,0x04,0x02,0x81,0x40,0x40,0xf3,0xfb,0xd9,0x20,0x00,0x00
    db 0x81,0x40,0x20,0x10,0x08,0x04,0x02,0x81,0x00,0x00,0xf0,0xfb,0xfd,0x20,0x00,0x00
    db 0x81,0x40,0x20,0x10,0x08,0x04,0x02,0x81,0x00,0x00,0xf0,0xfb,0xfd,0x00,0x00,0x00
    db 0x81,0x40,0x20,0x10,0x08,0x04,0x02,0x81,0x00,0x60,0xf0,0xfb,0xf9,0x00,0x00,0x00
    db 0x81,0x40,0x20,0x10,0x08,0x04,0x02,0x81,0x00,0xe0,0xf7,0xfb,0xf9,0x00,0x00,0x00
    db 0x81,0x40,0x20,0x10,0x08,0x04,0x02,0x81,0x00,0xe0,0xf7,0xfb,0xf9,0x00,0x00,0x00
    db 0x81,0x40,0x20,0x10,0x00,0x04,0x02,0x81,0x00,0xe0,0xf7,0xfb,0xfd,0x00,0x00,0x00
    db 0x81,0x40,0x20,0x10,0x08,0x04,0x02,0x81,0x00,0x60,0xf7,0xfb,0xfd,0x00,0x00,0x00
    db 0x81,0x40,0x20,0x10,0x08,0x04,0x02,0x81,0x00,0xe0,0xf7,0xfb,0x19,0x00,0x00,0x00
    db 0x81,0x40,0x00,0x10,0x08,0x04,0x02,0x81,0x00,0xc0,0xf7,0xf3,0xfd,0x00,0x00,0x00
    db 0x81,0x40,0x20,0x10,0x08,0x04,0x02,0x81,0x00,0xe0,0xf7,0xf3,0x8d,0x00,0x00,0x00
    db 0x81,0x40,0x20,0x10,0x00,0x04,0x02,0x81,0x00,0xc0,0xf7,0xe3,0x18,0x00,0x00,0x00
    db 0x81,0x40,0x20,0x10,0x00,0x04,0x02,0x81,0x00,0xe0,0xf7,0xe3,0x00,0x00,0x00,0x00
    db 0x81,0xc0,0x20,0x10,0x00,0x04,0x02,0x81,0x00,0xe0,0xf7,0x03,0x10,0x00,0x00,0x00
    db 0x81,0x40,0x20,0x10,0x00,0x04,0x02,0x81,0x00,0xe0,0xf7,0x03,0x00,0x02,0x00,0x00
    db 0x81,0x40,0x20,0x10,0x08,0x04,0x02,0x81,0x00,0xe0,0xf7,0xfb,0x01,0x00,0x00,0x00
    db 0x81,0x40,0x20,0x10,0x08,0x04,0x02,0x81,0x00,0xe0,0xf7,0xfb,0x01,0x02,0x00,0x00
    db 0x81,0x40,0x20,0x10,0x00,0x04,0x02,0x81,0x00,0xe0,0xf7,0xf3,0x01,0x02,0x00,0x00
    db 0x81,0x40,0x20,0x10,0x00,0x04,0x02,0x81,0x00,0xe0,0xf7,0xe3,0x00,0x02,0x00,0x00
    db 0x81,0xc0,0x20,0x10,0x08,0x04,0x02,0x81,0x00,0xe0,0xf3,0xfb,0x01,0x02,0x00,0x00
    db 0x81,0xc0,0x20,0x10,0x08,0x04,0x02,0x01,0x00,0xe0,0xf3,0xfb,0x01,0x02,0x00,0x00
    db 0x81,0xc0,0x20,0x10,0x08,0x04,0x02,0x01,0x00,0xe0,0xf3,0xfb,0x01,0x02,0x00,0x00
    db 0x81,0xc1,0x20,0x10,0x08,0x04,0x02,0x01,0x00,0xe0,0xf3,0xfb,0x01,0x02,0x00,0x00
    db 0x81,0xc1,0x20,0x10,0x00,0x04,0x02,0x00,0x00,0xe0,0xf3,0x3b,0x01,0x02,0x00,0x00
    db 0x81,0xc1,0x20,0x00,0x00,0x04,0x02,0x00,0x00,0xe0,0xf3,0x3b,0x01,0x02,0x00,0x00
    db 0x81,0xc1,0x20,0x10,0x00,0x04,0x02,0x01,0x00,0xe0,0xf3,0x03,0x00,0x02,0x00,0x00
    db 0x81,0x81,0x20,0x10,0x00,0x04,0x02,0x00,0x00,0xe0,0xf3,0x93,0x01,0x02,0x00,0x00
    db 0x81,0x81,0x20,0x00,0x00,0x04,0x02,0x00,0x00,0xe0,0xf3,0x0b,0x01,0x02,0x00,0x00
    db 0x81,0x81,0x60,0x00,0x00,0x04,0x02,0x00,0x00,0xe0,0xf3,0x03,0x00,0x02,0x00,0x00
    db 0x81,0x81,0x60,0x00,0x00,0x04,0x02,0x01,0x80,0xe0,0xc3,0x01,0x00,0x02,0x00,0x00
    db 0x81,0x81,0x60,0x00,0x10,0x04,0x02,0x01,0x00,0xe0,0x63,0x01,0x00,0x02,0x00,0x00
    db 0x83,0x81,0x60,0x10,0x00,0x04,0x02,0x01,0x00,0xe0,0x63,0x01,0x00,0x02,0x00,0x00
    db 0x03,0xc1,0x60,0x10,0x10,0x04,0x02,0x01,0x80,0xe0,0xe3,0x01,0x00,0x02,0x00,0x00
    db 0x83,0xc1,0x60,0x30,0x00,0x04,0x02,0x01,0x80,0xe5,0xe3,0x01,0x04,0x02,0x00,0x00
    db 0x83,0xc1,0x60,0x30,0x00,0x04,0x02,0x01,0x80,0xe1,0xf3,0x01,0x04,0x02,0x00,0x00
    db 0x83,0x81,0x60,0x20,0x10,0x0c,0x02,0x01,0xc0,0xe5,0xf3,0x01,0x04,0x02,0x00,0x00
    db 0x83,0xc1,0x60,0x20,0x10,0x04,0x02,0x00,0xc0,0xe5,0xf3,0x01,0x04,0x02,0x00,0x00
    db 0x83,0xc1,0x60,0x30,0x18,0x0c,0x02,0x00,0xc0,0xe5,0xf3,0x01,0x04,0x02,0x00,0x00
    db 0x83,0xc1,0x60,0x20,0x18,0x0c,0x02,0x00,0xc0,0xe7,0xf3,0x01,0x04,0x02,0x00,0x00
    db 0x03,0xc1,0x60,0x00,0x18,0x0c,0x02,0x00,0xc0,0xe7,0x43,0x00,0x04,0x02,0x00,0x00
    db 0x03,0xc1,0x60,0x00,0x18,0x04,0x02,0x00,0xc0,0xe7,0x43,0x00,0x04,0x02,0x00,0x00
    db 0x03,0xc1,0x40,0x20,0x18,0x0c,0x02,0x00,0xc0,0xc7,0x03,0x00,0x04,0x06,0x00,0x00
    db 0x03,0xc1,0x40,0x20,0x18,0x04,0x02,0x00,0xc0,0xc7,0x03,0x00,0x04,0x06,0x00,0x00
    db 0x03,0xc1,0x60,0x20,0x18,0x04,0x02,0x00,0xc0,0xc7,0x02,0x00,0x04,0x06,0x00,0x00
    db 0x02,0xc1,0x40,0x20,0x18,0x04,0x00,0x00,0xc0,0x07,0x00,0x00,0x04,0x06,0x00,0x00
    db 0x03,0xc1,0x00,0x20,0x18,0x04,0x00,0x00,0xc0,0xe7,0x03,0x00,0x04,0x06,0x00,0x00
    db 0x03,0xc1,0x00,0x20,0x18,0x04,0x00,0x00,0xc0,0x87,0x03,0x00,0x04,0x06,0x00,0x00
    db 0x03,0xc1,0x00,0x20,0x18,0x0c,0x02,0x00,0xc0,0xe7,0x03,0x00,0x04,0x06,0x00,0x00
    db 0x03,0xc0,0x60,0x20,0x18,0x0c,0x02,0x00,0xc0,0xe7,0x03,0x00,0x04,0x06,0x00,0x00
    db 0x02,0xc0,0x60,0x20,0x18,0x0c,0x02,0x00,0xc0,0xc7,0x02,0x00,0x04,0x06,0x00,0x00
    db 0x02,0xc1,0x60,0x20,0x18,0x04,0x02,0x00,0xc0,0x07,0x02,0x00,0x04,0x06,0x00,0x00
    db 0x82,0xc1,0x60,0x20,0x18,0x04,0x02,0x00,0xc0,0x07,0x02,0x00,0x04,0x06,0x00,0x00
    db 0x02,0xc1,0x40,0x20,0x18,0x04,0x02,0x00,0xc0,0x07,0x00,0x08,0x0c,0x06,0x00,0x00
    db 0x02,0xc0,0x60,0x20,0x18,0x04,0x00,0x00,0xcc,0x07,0x00,0x08,0x0c,0x06,0x00,0x00
    db 0x02,0xc0,0x60,0x20,0x18,0x04,0x00,0x00,0xc1,0x07,0x00,0x08,0x0c,0x06,0x00,0x00
    db 0x02,0xc0,0x00,0x20,0x18,0x04,0x00,0x00,0xcf,0x07,0x02,0x08,0x0c,0x06,0x00,0x00
    db 0x02,0x00,0x00,0x20,0x18,0x04,0x00,0x00,0xcc,0x07,0x00,0x08,0x0c,0x06,0x00,0x00
    db 0x82,0xc1,0x00,0x20,0x18,0x04,0x00,0x80,0xcf,0x07,0x00,0x08,0x0c,0x04,0x00,0x00
    db 0x80,0xc1,0x00,0x00,0x08,0x04,0x00,0x80,0xcf,0x07,0x00,0x08,0x0c,0x04,0x00,0x00
    db 0x86,0x81,0x00,0x30,0x18,0x04,0x00,0x80,0xc7,0x07,0x00,0x08,0x0c,0x04,0x00,0x00
    db 0x86,0x01,0x00,0x30,0x18,0x04,0x00,0x80,0x0f,0x07,0x00,0x08,0x0c,0x04,0x00,0x00
    db 0x06,0xc1,0x00,0x30,0x18,0x04,0x00,0x80,0x07,0x00,0x00,0x08,0x0c,0x06,0x00,0x00
    db 0x86,0xc1,0x00,0x30,0x18,0x04,0x00,0x80,0x87,0x07,0x00,0x08,0x0c,0x06,0x00,0x00
    db 0x84,0xc1,0x00,0x30,0x18,0x04,0x00,0x80,0xc7,0x07,0x00,0x18,0x0c,0x04,0x00,0x00
    db 0x84,0xc1,0x00,0x30,0x18,0x04,0x00,0x80,0xcf,0x03,0x00,0x08,0x0c,0x06,0x00,0x00
    db 0x84,0xc1,0x80,0x30,0x18,0x04,0x00,0x80,0x07,0x03,0x00,0x18,0x0c,0x0c,0x00,0x00
    db 0x84,0xc3,0xc0,0x30,0x08,0x04,0x00,0x80,0x07,0x03,0x00,0x18,0x0c,0x0c,0x00,0x00
    db 0x84,0x01,0x80,0x10,0x08,0x04,0x00,0x80,0xc7,0x03,0x00,0x18,0x0c,0x0c,0x00,0x00
    db 0x84,0x83,0x01,0x30,0x18,0x04,0x00,0x80,0xc7,0x00,0x00,0x18,0x0c,0x0c,0x00,0x00
    db 0x84,0x03,0xc1,0x30,0x18,0x04,0x00,0x80,0x07,0x03,0x10,0x18,0x1c,0x0c,0x00,0x00
    db 0x85,0x03,0xc1,0x30,0x08,0x04,0x00,0x80,0x07,0x00,0x10,0x18,0x1c,0x0c,0x00,0x00
    db 0x87,0x03,0x40,0x30,0x18,0x04,0x00,0x84,0x07,0x00,0x10,0x18,0x1c,0x0c,0x00,0x00
    db 0x87,0x03,0xc1,0x30,0x18,0x00,0x00,0x84,0x07,0x00,0x10,0x18,0x18,0x0c,0x00,0x00
    db 0x87,0x03,0xc0,0x70,0x08,0x00,0x00,0x86,0x07,0x00,0x10,0x18,0x18,0x08,0x00,0x00
    db 0x87,0x03,0xc1,0x30,0x18,0x00,0x00,0x06,0x07,0x00,0x10,0x18,0x18,0x08,0x00,0x00
    db 0x87,0x03,0xc1,0x30,0x08,0x00,0x00,0x8e,0x07,0x00,0x30,0x38,0x1c,0x08,0x00,0x00
    db 0x87,0x03,0xc1,0x30,0x18,0x00,0x00,0x8e,0x07,0x00,0x30,0x38,0x1c,0x08,0x00,0x00
    db 0x87,0x01,0xc1,0x30,0x18,0x00,0x00,0x8f,0x01,0x00,0x30,0x38,0x1c,0x00,0x00,0x00
    db 0x07,0x02,0xc1,0x70,0x18,0x00,0x00,0x0e,0x06,0x00,0x30,0x38,0x04,0x00,0x00,0x00
    db 0x87,0x03,0xc0,0x70,0x18,0x00,0x00,0x8f,0x07,0x00,0x30,0x38,0x18,0x08,0x00,0x00
    db 0x87,0x03,0xe1,0x70,0x18,0x00,0x00,0x8f,0x07,0x00,0x30,0x38,0x1c,0x08,0x00,0x00
    db 0x87,0x03,0xc1,0x30,0x08,0x00,0x04,0x8f,0x03,0x00,0x30,0x38,0x18,0x08,0x00,0x00
    db 0x87,0x03,0xe1,0x30,0x08,0x00,0x00,0x8f,0x03,0x00,0x30,0x38,0x18,0x00,0x00,0x00
    db 0x07,0x00,0xe1,0x70,0x18,0x00,0x00,0x8f,0x01,0x00,0x70,0x38,0x10,0x00,0x00,0x00
    db 0x07,0x00,0xe1,0x30,0x18,0x00,0x00,0x8f,0x01,0x20,0x70,0x38,0x10,0x00,0x00,0x00
    db 0x07,0x01,0xe1,0x30,0x08,0x00,0x00,0x0f,0x00,0x20,0x70,0x38,0x00,0x00,0x00,0x00
    db 0x07,0x00,0xe1,0x30,0x08,0x00,0x00,0x0f,0x00,0x20,0x70,0x38,0x10,0x00,0x00,0x00
    db 0x07,0x00,0xe1,0x30,0x08,0x00,0x06,0x0f,0x00,0x20,0x70,0x38,0x00,0x00,0x00,0x00
    db 0x07,0x00,0xe1,0x70,0x08,0x00,0x06,0x0f,0x00,0x20,0x70,0x30,0x00,0x00,0x00,0x00
    db 0x07,0x00,0x60,0x30,0x08,0x00,0x1c,0x0f,0x00,0x60,0x70,0x38,0x00,0x08,0x00,0x00
    db 0x07,0x00,0xe1,0x30,0x00,0x00,0x1c,0x0f,0x00,0x60,0x70,0x38,0x00,0x08,0x00,0x00
    db 0x04,0x00,0xe1,0x30,0x00,0x00,0x1e,0x0f,0x00,0xe0,0x70,0x38,0x00,0x0e,0x00,0x00
    db 0x06,0x00,0x60,0x30,0x00,0x00,0x1e,0x0f,0x00,0xe0,0x70,0x18,0x00,0x0e,0x00,0x00
    db 0x06,0x00,0xe1,0x30,0x00,0x00,0x1e,0x0f,0x00,0xe0,0x70,0x18,0x00,0x0e,0x00,0x00
    db 0x06,0x00,0xe1,0x30,0x00,0x00,0x1e,0x07,0x00,0xe0,0x70,0x20,0x00,0x0e,0x00,0x00
    db 0x07,0x00,0xe0,0x30,0x00,0x00,0x1e,0x06,0x00,0xe0,0x70,0x20,0x00,0x0e,0x00,0x00
    db 0x07,0x40,0xe0,0x30,0x00,0x00,0x1e,0x0e,0x00,0xe0,0x70,0x20,0x00,0x0e,0x00,0x00
    db 0x07,0x40,0xe1,0x70,0x00,0x00,0x1e,0x0e,0x40,0xe0,0x70,0x20,0x00,0x0e,0x00,0x00
    db 0x00,0xc0,0xe1,0x70,0x00,0x00,0x1e,0x0f,0x40,0xe0,0x70,0x00,0x00,0x0e,0x00,0x00
    db 0x00,0x40,0xe1,0x30,0x00,0x00,0x1e,0x0f,0xc0,0xe0,0x70,0x00,0x00,0x0e,0x00,0x00
    db 0x00,0xc0,0xe1,0x60,0x00,0x00,0x1e,0x0b,0xc0,0xe1,0x60,0x00,0x00,0x0e,0x00,0x00
    db 0x00,0xc0,0xe1,0x00,0x00,0x00,0x0e,0x00,0xc0,0xe1,0x00,0x00,0x00,0x0e,0x00,0x00
    db 0x00,0xc0,0xe1,0x20,0x00,0x00,0x0e,0x00,0xc0,0xe1,0x20,0x00,0x00,0x0e,0x00,0x00
    db 0x00,0xc0,0xe1,0x30,0x00,0x00,0x0e,0x00,0xc0,0xe1,0x70,0x00,0x00,0x1e,0x00,0x00
    db 0x00,0xc0,0xe1,0x30,0x00,0x08,0x0e,0x00,0xc0,0xe1,0x70,0x00,0x04,0x1e,0x00,0x00
    db 0x00,0xc0,0xe1,0x70,0x00,0x00,0x0c,0x00,0xc0,0xe1,0x30,0x00,0x00,0x1e,0x00,0x00
    db 0x00,0xc0,0xe1,0x70,0x00,0x18,0x0c,0x00,0xc0,0xe1,0x10,0x00,0x3c,0x1e,0x00,0x00
    db 0x00,0xc0,0xe1,0x30,0x00,0x1c,0x0c,0x00,0xc0,0xe1,0x00,0x00,0x3c,0x1e,0x00,0x00
    db 0x00,0xc0,0xe1,0x60,0x00,0x1c,0x0e,0x00,0xc0,0xe1,0x00,0x00,0x3c,0x1c,0x00,0x00
    db 0x00,0xc0,0xe1,0x20,0x00,0x1c,0x0e,0x00,0xc2,0x60,0x00,0x00,0x3c,0x0c,0x00,0x00
    db 0x00,0xc0,0xe1,0x00,0x00,0x1c,0x08,0x00,0xc2,0x61,0x00,0x00,0x3c,0x1c,0x00,0x00
    db 0x00,0xc0,0xe1,0x40,0x00,0x1c,0x0e,0x00,0xc3,0x61,0x00,0x00,0x3c,0x18,0x00,0x00
    db 0x00,0xc0,0xe1,0x00,0x00,0x1c,0x0c,0x80,0xc3,0xe1,0x00,0x00,0x3c,0x1e,0x00,0x00
    db 0x00,0xc0,0xe1,0x00,0x00,0x1c,0x0c,0x80,0xc3,0xe1,0x00,0x00,0x3c,0x1e,0x00,0x00
    db 0x80,0xc0,0xe1,0x00,0x00,0x1c,0x08,0x80,0xc3,0xe1,0x00,0x00,0x3c,0x1e,0x00,0x00
    db 0x80,0xc0,0xe1,0x00,0x00,0x1c,0x00,0x80,0xc1,0x40,0x00,0x00,0x3c,0x0c,0x00,0x00
    db 0x80,0xc0,0xe1,0x00,0x00,0x1c,0x00,0x84,0xc3,0x01,0x00,0x00,0x3c,0x0c,0x00,0x00
    db 0x80,0xc0,0xc1,0x00,0x00,0x1c,0x00,0x84,0xc1,0x20,0x00,0x00,0x3c,0x08,0x00,0x00
    db 0x80,0xc0,0xc1,0x00,0x00,0x1c,0x00,0x84,0xc3,0x20,0x00,0x00,0x3c,0x00,0x00,0x00
    db 0x80,0xc0,0xc1,0x40,0x20,0x1c,0x00,0x84,0xc3,0x20,0x00,0x60,0x3c,0x00,0x00,0x00
    db 0x80,0xc0,0xe1,0x40,0x00,0x18,0x00,0x84,0xc3,0x00,0x00,0x00,0x3c,0x00,0x00,0x00
    db 0x80,0xc1,0xe1,0x40,0x20,0x1c,0x08,0x86,0xc3,0x00,0x00,0x78,0x3c,0x00,0x00,0x00
    db 0x80,0xc1,0xe1,0x40,0x38,0x1c,0x08,0x86,0xc3,0x00,0x00,0x78,0x3c,0x00,0x00,0x00
    db 0x80,0xc1,0xe1,0x40,0x38,0x1c,0x00,0x82,0xc1,0x00,0x00,0x78,0x3c,0x00,0x00,0x00
    db 0x80,0xc1,0xa1,0x00,0x30,0x10,0x08,0x82,0xc1,0x00,0x00,0x78,0x30,0x00,0x00,0x00
    db 0x80,0xc1,0xc1,0x40,0x30,0x0c,0x08,0x86,0xc1,0x00,0x00,0x70,0x0c,0x00,0x00,0x00
    db 0x80,0xc1,0xc1,0x40,0x38,0x1c,0x08,0x86,0xc3,0x00,0x00,0x78,0x3c,0x00,0x00,0x00
    db 0x80,0xc1,0x80,0x40,0x38,0x1c,0x00,0x83,0xc1,0x00,0x00,0x78,0x3c,0x00,0x00,0x00
    db 0x80,0xc1,0x81,0x40,0x38,0x1c,0x00,0x83,0x81,0x00,0x00,0x78,0x3c,0x00,0x00,0x00
    db 0x80,0xc1,0x81,0x40,0x38,0x1c,0x00,0x83,0x41,0x00,0x00,0x78,0x30,0x00,0x00,0x00
    db 0x80,0xc1,0x81,0x40,0x38,0x1c,0x08,0x87,0x41,0x00,0x00,0x78,0x38,0x00,0x00,0x00
    db 0x80,0xc1,0xc1,0x40,0x38,0x10,0x00,0x83,0x41,0x00,0x00,0x78,0x30,0x00,0x00,0x00
    db 0x81,0xc1,0xc0,0x40,0x38,0x10,0x08,0x83,0x41,0x00,0x10,0x78,0x00,0x00,0x00,0x00
    db 0x81,0xc1,0xc1,0x40,0x38,0x10,0x0c,0x83,0x41,0x00,0x00,0x78,0x30,0x00,0x00,0x00
    db 0x81,0xc1,0xc1,0x40,0x38,0x10,0x04,0x83,0x41,0x00,0x10,0x78,0x00,0x00,0x00,0x00
    db 0x81,0xc1,0x81,0x40,0x18,0x00,0x04,0x83,0x40,0x00,0x60,0x78,0x00,0x00,0x00,0x00
    db 0x81,0x81,0xc1,0x40,0x38,0x00,0x04,0x83,0x00,0x00,0x30,0x78,0x00,0x00,0x00,0x00
    db 0x81,0x81,0xc0,0x70,0x18,0x00,0x04,0x83,0x01,0x00,0xf0,0x78,0x00,0x00,0x00,0x00
    db 0x81,0x81,0xc0,0x60,0x18,0x00,0x04,0x83,0x00,0x00,0xf0,0x78,0x00,0x00,0x00,0x00
    db 0x81,0xc1,0xc1,0x20,0x18,0x00,0x04,0x83,0x01,0x00,0xf0,0xf8,0x00,0x00,0x00,0x00
    db 0x81,0xc1,0x81,0x20,0x18,0x00,0x06,0x83,0x00,0x00,0xf0,0xf8,0x00,0x00,0x00,0x00
    db 0x81,0xc1,0x40,0x20,0x00,0x00,0x06,0x83,0x00,0x00,0xf0,0x18,0x00,0x00,0x00,0x00
    db 0x81,0xc1,0xc0,0x30,0x00,0x00,0x06,0x83,0x00,0x00,0xf0,0xe1,0x00,0x00,0x00,0x00
    db 0x81,0xc1,0x00,0x30,0x18,0x08,0x06,0x83,0x00,0x00,0xf0,0xf1,0x00,0x00,0x00,0x00
    db 0x81,0xc1,0x40,0x30,0x18,0x00,0x06,0x03,0x00,0x00,0xf0,0xe1,0x00,0x00,0x00,0x00
    db 0x83,0x81,0x40,0x30,0x18,0x08,0x06,0x81,0x00,0x00,0xf0,0xf9,0x00,0x00,0x00,0x00
    db 0x81,0x81,0x00,0x30,0x18,0x08,0x06,0x03,0x00,0x00,0xf0,0xf9,0x00,0x00,0x00,0x00
    db 0x83,0x81,0x00,0x30,0x00,0x08,0x06,0x83,0x00,0x00,0xf0,0xb9,0x00,0x00,0x00,0x00
    db 0x83,0x81,0x60,0x30,0x00,0x08,0x06,0x83,0x00,0x00,0xf0,0xb9,0x00,0x00,0x00,0x00
    db 0x83,0x81,0x40,0x30,0x00,0x08,0x06,0x83,0x00,0x00,0xf0,0x39,0x00,0x02,0x00,0x00
    db 0x81,0x81,0x60,0x30,0x00,0x08,0x06,0x01,0x00,0x00,0xf0,0x39,0x00,0x02,0x00,0x00
    db 0x83,0x81,0x60,0x30,0x00,0x08,0x06,0x81,0x00,0x80,0xf1,0x01,0x00,0x02,0x00,0x00
    db 0x83,0x81,0x60,0x30,0x10,0x08,0x06,0x01,0x00,0xe0,0xf3,0x01,0x00,0x02,0x00,0x00
    db 0x83,0x81,0x60,0x30,0x10,0x0c,0x06,0x01,0x00,0xe0,0xf3,0x01,0x00,0x02,0x00,0x00
    db 0x83,0x81,0x60,0x30,0x10,0x0c,0x06,0x01,0x00,0xe0,0xf3,0x01,0x00,0x02,0x00,0x00
    db 0x83,0x81,0x60,0x30,0x10,0x0c,0x02,0x01,0x00,0xe0,0xc3,0x01,0x00,0x02,0x00,0x00
    db 0x83,0x81,0x60,0x30,0x10,0x0c,0x02,0x00,0x00,0xe0,0xe3,0x01,0x00,0x02,0x00,0x00
    db 0x83,0x81,0x60,0x30,0x10,0x0c,0x06,0x01,0x00,0xe0,0x03,0x00,0x00,0x02,0x00,0x00
    db 0x83,0x81,0x60,0x30,0x10,0x0c,0x06,0x00,0x00,0xe0,0xe3,0x01,0x00,0x02,0x00,0x00
    db 0x83,0x81,0x60,0x20,0x10,0x0c,0x02,0x01,0x00,0xe0,0xf3,0x01,0x00,0x02,0x00,0x00
    db 0x83,0x81,0x60,0x20,0x10,0x0c,0x02,0x01,0x00,0xe0,0xf3,0x01,0x00,0x02,0x00,0x00
    db 0x83,0x81,0x60,0x20,0x00,0x04,0x02,0x01,0x80,0xe4,0xe3,0x01,0x00,0x02,0x00,0x00
    db 0x83,0x81,0x60,0x30,0x10,0x04,0x02,0x01,0x80,0xe4,0xf3,0x01,0x00,0x02,0x00,0x00
    db 0x83,0x81,0x60,0x30,0x10,0x0c,0x02,0x01,0x80,0xe5,0xe3,0x01,0x04,0x02,0x00,0x00
    db 0x03,0xc1,0x60,0x30,0x10,0x0c,0x02,0x01,0xc0,0xe5,0x43,0x01,0x04,0x02,0x00,0x00
    db 0x83,0xc1,0x60,0x30,0x18,0x04,0x02,0x00,0xc0,0xe7,0xf3,0x01,0x04,0x02,0x00,0x00
    db 0x03,0xc1,0x60,0x30,0x18,0x04,0x02,0x00,0xc0,0xe7,0x03,0x01,0x04,0x02,0x00,0x00
    db 0x03,0xc1,0x60,0x20,0x08,0x04,0x02,0x00,0xc0,0xe7,0x03,0x00,0x04,0x02,0x00,0x00
    db 0x03,0xc1,0x60,0x20,0x08,0x04,0x02,0x00,0xc0,0xe7,0x03,0x00,0x04,0x02,0x00,0x00
    db 0x03,0xc1,0x00,0x20,0x08,0x04,0x02,0x00,0xc0,0xe7,0x03,0x00,0x04,0x02,0x00,0x00
    db 0x03,0xc1,0x00,0x20,0x08,0x04,0x00,0x00,0xc0,0xe7,0x03,0x00,0x04,0x02,0x00,0x00
    db 0x03,0xc1,0x00,0x20,0x08,0x04,0x00,0x00,0xc0,0xe7,0x03,0x00,0x04,0x02,0x00,0x00
    db 0x03,0xc1,0x20,0x00,0x08,0x04,0x02,0x00,0xc0,0xc7,0x03,0x00,0x04,0x02,0x00,0x00
    db 0x03,0xc1,0x00,0x00,0x08,0x04,0x02,0x00,0xc0,0xc7,0x02,0x00,0x04,0x02,0x00,0x00
    db 0x03,0xc1,0x20,0x00,0x08,0x04,0x02,0x00,0xc0,0xc7,0x03,0x00,0x04,0x06,0x00,0x00
    db 0x03,0x41,0x20,0x00,0x08,0x04,0x02,0x00,0xc0,0x0f,0x04,0x00,0x04,0x06,0x00,0x00
    db 0x02,0x41,0x20,0x20,0x08,0x04,0x02,0x00,0xc0,0x8f,0x03,0x00,0x04,0x02,0x00,0x00
    db 0x02,0x41,0x20,0x10,0x08,0x04,0x02,0x80,0xce,0xef,0x07,0x00,0x04,0x06,0x00,0x00
    db 0x82,0x40,0x20,0x10,0x08,0x04,0x02,0x80,0xcf,0xef,0x07,0x08,0x04,0x06,0x00,0x00
    db 0x82,0x40,0x00,0x10,0x08,0x04,0x02,0x80,0xcf,0xef,0x07,0x08,0x04,0x06,0x00,0x00
    db 0x82,0x40,0x20,0x10,0x08,0x04,0x00,0x80,0xcf,0xef,0x07,0x08,0x04,0x02,0x00,0x00
    db 0x03,0x40,0x00,0x10,0x08,0x04,0x00,0x80,0xcf,0xef,0x07,0x08,0x04,0x02,0x00,0x00
    db 0x83,0x40,0x00,0x10,0x08,0x00,0x00,0x80,0xcf,0xef,0x07,0x08,0x04,0x06,0x00,0x00
    db 0x83,0x40,0x00,0x10,0x08,0x04,0x00,0x80,0xdf,0xcf,0x06,0x08,0x04,0x02,0x00,0x00
    db 0x81,0x00,0x00,0x10,0x08,0x00,0x00,0x80,0xdf,0xcf,0x06,0x08,0x04,0x02,0x00,0x00
    db 0x83,0x00,0x00,0x10,0x08,0x04,0x00,0x80,0x9f,0xef,0x04,0x08,0x04,0x06,0x00,0x00
    db 0x81,0x00,0x20,0x10,0x08,0x04,0x00,0x80,0x1f,0xc7,0x06,0x08,0x04,0x02,0x00,0x00
    db 0x81,0x40,0x20,0x10,0x08,0x04,0x00,0x96,0xdf,0x8f,0x04,0x08,0x04,0x02,0x00,0x00
    db 0x81,0x00,0x20,0x10,0x08,0x04,0x00,0x80,0x1f,0x07,0x00,0x08,0x04,0x02,0x00,0x00
    db 0x81,0x00,0x20,0x10,0x08,0x04,0x00,0xb7,0x1f,0x80,0x00,0x08,0x04,0x02,0x00,0x00
    db 0x81,0x00,0x20,0x10,0x08,0x04,0x00,0xbf,0x9f,0x0d,0x00,0x08,0x04,0x02,0x00,0x00
    db 0x81,0x00,0x20,0x10,0x08,0x04,0x00,0xbf,0x1f,0x07,0x10,0x08,0x04,0x02,0x00,0x00
    db 0x81,0x00,0x20,0x10,0x08,0x04,0x00,0xbf,0x1f,0x07,0x10,0x08,0x04,0x02,0x00,0x00
    db 0x81,0x00,0x20,0x10,0x00,0x04,0x00,0xbf,0xdf,0x0f,0x10,0x08,0x04,0x02,0x00,0x00
    db 0x81,0x00,0x20,0x10,0x00,0x00,0x00,0xbf,0xdf,0x0f,0x10,0x08,0x04,0x02,0x00,0x00
    db 0x81,0x40,0x20,0x10,0x08,0x00,0x00,0xbf,0xdf,0x0f,0x10,0x08,0x04,0x02,0x00,0x00
    db 0x81,0x40,0x20,0x10,0x08,0x00,0x00,0xbf,0xdf,0x0f,0x10,0x08,0x04,0x02,0x00,0x00
    db 0x81,0x40,0x20,0x10,0x08,0x00,0x42,0xbf,0xdf,0x0f,0x10,0x08,0x04,0x02,0x00,0x00
    db 0x81,0x40,0x20,0x10,0x08,0x00,0x18,0x3f,0xdf,0x0f,0x10,0x08,0x04,0x02,0x00,0x00
    db 0x01,0x40,0x20,0x10,0x08,0x00,0x7e,0xbf,0x9f,0x0f,0x10,0x08,0x04,0x02,0x00,0x00
    db 0x01,0x40,0x20,0x00,0x08,0x00,0x7e,0xbf,0xdf,0x0f,0x10,0x08,0x04,0x02,0x00,0x00
    db 0x81,0x40,0x20,0x00,0x08,0x00,0x7e,0xbf,0xdf,0x0f,0x10,0x08,0x04,0x02,0x00,0x00
    db 0x81,0x40,0x20,0x10,0x08,0x00,0x7e,0x3f,0xc0,0x0f,0x10,0x08,0x04,0x02,0x00,0x00
    db 0x01,0x40,0x20,0x10,0x08,0x00,0x7e,0x3f,0xc0,0x2f,0x10,0x08,0x04,0x02,0x00,0x00
    db 0x01,0x40,0x20,0x10,0x08,0x00,0x7e,0x3f,0xc0,0x2f,0x10,0x08,0x04,0x02,0x00,0x00
    db 0x81,0x40,0x20,0x10,0x08,0x04,0x7e,0x3f,0xc0,0x2f,0x10,0x08,0x04,0x02,0x00,0x00
    db 0x81,0x40,0x20,0x10,0x00,0x00,0x7e,0x3f,0xce,0x2f,0x10,0x08,0x04,0x02,0x00,0x00
    db 0x00,0x00,0x20,0x10,0x00,0x48,0x7e,0xbf,0xd1,0x2f,0x10,0x08,0x04,0x02,0x00,0x00
    db 0x00,0x40,0x20,0x10,0x00,0x00,0x7e,0xbf,0xd1,0x2c,0x10,0x08,0x04,0x02,0x00,0x00
    db 0x00,0x00,0x20,0x10,0x00,0xfc,0x7e,0x3f,0x0e,0x27,0x10,0x08,0x04,0x00,0x00,0x00
    db 0x00,0x00,0x20,0x10,0x00,0xfc,0x7e,0x3f,0x0e,0x20,0x10,0x08,0x04,0x02,0x00,0x00
    db 0x00,0x00,0x20,0x10,0x00,0xfc,0x7e,0x3e,0x1f,0x27,0x10,0x08,0x04,0x02,0x00,0x00
    db 0x00,0x00,0x20,0x10,0x00,0xfc,0x7e,0x3e,0x1f,0x24,0x10,0x08,0x04,0x00,0x00,0x00
    db 0x00,0x40,0x20,0x10,0x00,0xfc,0x7e,0xbf,0xdf,0x2f,0x10,0x08,0x04,0x00,0x00,0x00
    db 0x00,0x40,0x20,0x10,0x00,0xfc,0x7e,0xbf,0xdf,0x2d,0x10,0x08,0x04,0x00,0x00,0x00
    db 0x00,0x40,0x20,0x10,0x00,0xfc,0x7e,0x9c,0xff,0x3f,0x10,0x08,0x04,0x00,0x00,0x00
    db 0x00,0x00,0x20,0x10,0x00,0xfc,0x7e,0x9c,0xff,0x3d,0x10,0x08,0x04,0x00,0x00,0x00
    db 0x00,0x00,0x20,0x10,0xe8,0xfd,0xfe,0x40,0xdf,0x25,0x10,0x08,0x00,0x00,0x00,0x00
    db 0x00,0x00,0x00,0x10,0xe8,0xfd,0x7f,0x40,0xdf,0x25,0x10,0x08,0x00,0x00,0x00,0x00
    db 0x00,0x00,0x00,0x00,0xf8,0xfd,0xfc,0x40,0xdf,0x3f,0x10,0x08,0x00,0x00,0x00,0x00
    db 0x00,0x00,0x20,0x10,0xf8,0xfd,0xfc,0x40,0xdf,0x3f,0x10,0x08,0x00,0x00,0x00,0x00
    db 0x00,0x00,0x00,0x10,0xf8,0xfd,0xfd,0x00,0xdf,0xff,0x16,0x00,0x00,0x00,0x00,0x00
    db 0x00,0x00,0x00,0x10,0xf8,0xfd,0xfc,0x00,0x5f,0x3f,0x10,0x00,0x00,0x00,0x00,0x00
    db 0x00,0x00,0x00,0x20,0xf9,0xf9,0xef,0xb6,0x71,0xe7,0x12,0x00,0x00,0x00,0x00,0x00
    db 0x00,0x00,0x00,0x60,0xf9,0xf9,0xef,0xb6,0x7f,0x9f,0x18,0x00,0x00,0x00,0x00,0x00
    db 0x00,0x00,0x00,0xe0,0xf1,0xdf,0xb8,0x80,0xce,0x9f,0x18,0x00,0x00,0x00,0x00,0x00
    db 0x00,0x00,0x00,0xf0,0xf3,0xdf,0xb8,0x80,0x5f,0x1f,0x10,0x00,0x00,0x00,0x00,0x00
    db 0x00,0x00,0x00,0xf0,0xe3,0xda,0x81,0x80,0x5b,0x07,0x10,0x00,0x00,0x00,0x00,0x00
    db 0x00,0x00,0x00,0xf0,0xe3,0xda,0x81,0x80,0x5b,0x27,0x00,0x00,0x00,0x00,0x00,0x00
    db 0x00,0x00,0x00,0x10,0x00,0x02,0x01,0x80,0x40,0x00,0x00,0x00,0x00,0x00,0x00,0x00
    db 0x00,0x00,0x00,0x10,0x00,0x02,0x01,0x80,0x40,0x00,0x00,0x00,0x00,0x00,0x00,0x00
    db 0x00,0x00,0x00,0x10,0xe0,0xda,0x01,0x80,0x5b,0x87,0x07,0x00,0x00,0x00,0x00,0x00
    db 0x00,0x00,0x00,0x10,0xe0,0xda,0x01,0x80,0x5b,0x87,0x07,0x00,0x00,0x00,0x00,0x00
    db 0x00,0x00,0x00,0xf8,0xf1,0x73,0x01,0x9d,0xfb,0x8f,0x03,0x00,0x00,0x00,0x00,0x00
    db 0x00,0x00,0x00,0xf8,0xf1,0x73,0x01,0x9d,0xfb,0x0f,0x02,0x00,0x00,0x00,0x00,0x00
    db 0x00,0x00,0x00,0x68,0xe7,0x8f,0x6d,0xf7,0x9f,0x1f,0x00,0x04,0x00,0x00,0x00,0x00
    db 0x00,0x00,0x00,0x08,0xf4,0x8f,0x01,0xe3,0x9f,0x1f,0x08,0x00,0x00,0x00,0x00,0x00
    db 0x00,0x00,0x00,0x68,0xf7,0xfb,0x01,0xbf,0xbf,0x1f,0x08,0x00,0x00,0x00,0x00,0x00
    db 0x00,0x00,0x00,0x08,0xf4,0xfb,0x00,0xbf,0xbf,0x1f,0x08,0x00,0x00,0x00,0x00,0x00
    db 0x00,0x00,0x10,0x08,0xf4,0x73,0x00,0xbf,0xbf,0x0f,0x00,0x04,0x00,0x00,0x00,0x00
    db 0x00,0x20,0x00,0x08,0xf4,0x73,0x02,0x3f,0xbf,0x1f,0x08,0x00,0x00,0x00,0x00,0x00
    db 0x00,0x00,0x10,0x08,0x94,0xfb,0x02,0xff,0x3f,0x0f,0x08,0x04,0x00,0x00,0x00,0x00
    db 0x00,0x00,0x10,0x08,0xb4,0xfb,0x02,0x7f,0xbf,0x1f,0x08,0x04,0x00,0x00,0x00,0x00
    db 0x00,0x20,0x10,0x08,0xbc,0xff,0x3b,0x7e,0x3f,0x08,0x08,0x04,0x02,0x00,0x00,0x00
    db 0x00,0x20,0x10,0x08,0xbc,0xff,0xff,0x7f,0x3f,0x00,0x08,0x00,0x02,0x00,0x00,0x00
    db 0x00,0x20,0x10,0x08,0xfc,0xff,0xff,0x7e,0x3f,0x00,0x08,0x04,0x02,0x00,0x00,0x00
    db 0x00,0x20,0x10,0x08,0xbc,0xff,0xff,0x7e,0x3f,0x00,0x08,0x04,0x02,0x00,0x00,0x00
    db 0x40,0x20,0x10,0x08,0xe4,0xf8,0x7c,0x7e,0x3f,0x00,0x08,0x04,0x00,0x00,0x00,0x00
    db 0x40,0x20,0x10,0x08,0xf4,0xfb,0x7c,0x7e,0x3f,0x00,0x08,0x04,0x00,0x00,0x00,0x00
    db 0x00,0x20,0x10,0x08,0xe4,0x70,0xfc,0x7e,0x3f,0x10,0x08,0x04,0x00,0x00,0x00,0x00
    db 0x00,0x20,0x10,0x08,0xe4,0x72,0xfc,0x7e,0x1f,0x10,0x08,0x04,0x00,0x00,0x00,0x00
    db 0x40,0x20,0x10,0x08,0xf4,0x8b,0xfd,0x7e,0x09,0x10,0x08,0x04,0x02,0x81,0x00,0x00
    db 0x40,0x20,0x10,0x08,0xf4,0x01,0xfc,0x7e,0x10,0x10,0x08,0x04,0x02,0x81,0x00,0x00
    db 0x40,0x20,0x10,0x08,0xf4,0x03,0xfc,0x7e,0x10,0x10,0x08,0x04,0x02,0x81,0x00,0x00
    db 0x40,0x20,0x10,0x08,0xf4,0xfb,0xfc,0x7e,0x00,0x10,0x08,0x04,0x02,0x80,0x00,0x00
    db 0x40,0x20,0x10,0x08,0xf4,0x03,0xfc,0x7e,0x00,0x10,0x08,0x04,0x02,0x81,0x00,0x00
    db 0x40,0x20,0x10,0x08,0xf4,0xdb,0xfc,0x7e,0x00,0x10,0x08,0x04,0x02,0x81,0x00,0x00
    db 0x40,0x20,0x10,0x08,0xf0,0xfb,0xfd,0x3e,0x00,0x10,0x08,0x04,0x02,0x81,0x00,0x00
    db 0x40,0x20,0x10,0x08,0xf0,0xfb,0xfd,0x3e,0x00,0x10,0x08,0x04,0x02,0x81,0x00,0x00
    db 0x40,0x20,0x10,0x08,0xf0,0xfb,0xfd,0x3c,0x00,0x10,0x08,0x04,0x02,0x80,0x00,0x00
    db 0x40,0x20,0x10,0x08,0xf0,0xfb,0xfd,0x1c,0x00,0x10,0x08,0x04,0x02,0x80,0x00,0x00
    db 0x40,0x20,0x10,0x08,0xf0,0xfb,0xfd,0x00,0x20,0x00,0x08,0x04,0x02,0x81,0x00,0x00
    db 0x40,0x20,0x10,0x08,0xf0,0xf9,0xfd,0x00,0x20,0x00,0x08,0x04,0x02,0x81,0x00,0x00
    db 0x40,0x20,0x10,0x08,0xf0,0xfb,0xfd,0x00,0x00,0x00,0x08,0x04,0x02,0x81,0x00,0x00
    db 0x40,0x20,0x10,0x08,0xf0,0xfb,0xfd,0x00,0x20,0x00,0x08,0x04,0x02,0x81,0x00,0x00
    db 0x40,0x20,0x10,0x08,0xf0,0xfb,0xfd,0x00,0x20,0x10,0x08,0x04,0x00,0x81,0x00,0x00
    db 0x40,0x20,0x10,0x08,0xb0,0xfb,0xfd,0x00,0x20,0x10,0x08,0x04,0x00,0x81,0x00,0x00
    db 0x40,0x20,0x10,0x08,0xe0,0xf8,0xfd,0x00,0x20,0x10,0x08,0x04,0x00,0x81,0x00,0x00
    db 0x40,0x20,0x10,0x08,0xe0,0xf8,0xfd,0x00,0x20,0x10,0x08,0x04,0x00,0x81,0x00,0x00
    db 0x60,0x20,0x10,0x08,0x02,0xf8,0xfd,0x00,0x20,0x10,0x08,0x04,0x02,0x81,0x00,0x00
    db 0x60,0x20,0x10,0x00,0x03,0xf8,0x6d,0x00,0x20,0x10,0x08,0x04,0x00,0x81,0x00,0x00
    db 0x40,0x20,0x10,0x00,0xf3,0xfb,0x69,0x00,0x20,0x10,0x08,0x00,0x02,0x81,0x00,0x00
    db 0x40,0x20,0x10,0x00,0xf3,0xfb,0x01,0x00,0x20,0x10,0x08,0x00,0x02,0x81,0x00,0x00
    db 0x60,0x20,0x10,0x20,0xf6,0xf9,0x01,0x00,0x00,0x10,0x08,0x00,0x00,0x81,0x00,0x00
    db 0x40,0x20,0x10,0x60,0xe7,0xf8,0x41,0x00,0x00,0x10,0x08,0x00,0x00,0xc1,0x00,0x00
    db 0x60,0x20,0x10,0xe0,0xf3,0xfb,0x01,0x00,0x20,0x10,0x08,0x00,0x02,0xc1,0x00,0x00
    db 0x40,0x20,0x10,0xe0,0xf7,0xf3,0x01,0x00,0x20,0x10,0x08,0x00,0x02,0xc1,0x00,0x00
    db 0x60,0x20,0x10,0xe0,0xf7,0xf3,0x00,0x00,0x20,0x10,0x08,0x00,0x02,0xc1,0x00,0x00
    db 0x60,0x20,0x10,0xe0,0xf7,0xf3,0x00,0x40,0x20,0x10,0x08,0x00,0x02,0xc1,0x00,0x00
    db 0x60,0x20,0x10,0xe0,0xf7,0xf3,0x01,0x40,0x20,0x10,0x08,0x00,0x02,0xc1,0x00,0x00
    db 0x60,0x20,0x10,0xe0,0xf3,0xf3,0x01,0x40,0x20,0x10,0x08,0x04,0x02,0x41,0x00,0x00
    db 0x60,0x20,0x10,0xe0,0xf7,0xf3,0x00,0x40,0x20,0x10,0x00,0x04,0x82,0xc1,0x00,0x00
    db 0x40,0x20,0x10,0xe0,0xf7,0x03,0x00,0x40,0x20,0x10,0x00,0x04,0x82,0xc0,0x00,0x00
    db 0x60,0x20,0x10,0x20,0xe0,0x03,0x00,0x40,0x20,0x10,0x00,0x04,0x82,0x40,0x00,0x00
    db 0x40,0x20,0x10,0x60,0xe3,0x03,0x00,0x40,0x20,0x10,0x08,0x00,0x82,0x40,0x00,0x00
    db 0x40,0x20,0x00,0x40,0xe3,0x03,0x00,0x00,0x20,0x10,0x00,0x00,0x83,0x40,0x00,0x00
    db 0x40,0x20,0x00,0xc0,0xe3,0x03,0x00,0x00,0x20,0x10,0x04,0x00,0x83,0xc0,0x00,0x00
    db 0x40,0x20,0x00,0xc0,0xe7,0x03,0x00,0x40,0x20,0x10,0x04,0x00,0x83,0xc0,0x00,0x00
    db 0x60,0x20,0x00,0xc0,0xe7,0x03,0x00,0x40,0x20,0x18,0x04,0x00,0x83,0xc0,0x00,0x00
    db 0x40,0x20,0x00,0xc0,0xe7,0x03,0x00,0x40,0x20,0x10,0x04,0x00,0x83,0xc0,0x00,0x00
    db 0x40,0x20,0x00,0xc0,0xe7,0x03,0x00,0x40,0x20,0x18,0x04,0x06,0x83,0xc0,0x00,0x00
    db 0x40,0x20,0x00,0xc2,0xe7,0x03,0x00,0x40,0x20,0x10,0x0c,0x02,0x83,0xc0,0x00,0x00
    db 0x40,0x20,0x00,0xc0,0xe7,0x03,0x80,0x40,0x30,0x18,0x0c,0x02,0x83,0xc0,0x00,0x00
crystal_area_unsafe:
    db 0x70,0xf0,0x0f,0x07,0xfe,0x70,0x00,0x00,0x00,0x00,0x00,0x00,0x00,0x00,0x00,0x00
    db 0x70,0xe0,0x0f,0x07,0xff,0x70,0x00,0x00,0x00,0x00,0x00,0x00,0x00,0x00,0x00,0x00
    db 0x60,0xb0,0x0f,0x07,0xff,0x70,0x00,0x00,0x00,0x00,0x00,0x00,0x00,0x00,0x00,0x00
    db 0x60,0xb0,0x0f,0x07,0xff,0x70,0x00,0x00,0x00,0x00,0x00,0x00,0x00,0x00,0x00,0x00
    db 0x60,0xb8,0x0f,0x07,0xfe,0x70,0x00,0x00,0x00,0x00,0x00,0x00,0x00,0x00,0x00,0x00
    db 0x60,0xb8,0x0e,0x07,0xfe,0x70,0x00,0x00,0x00,0x00,0x00,0x00,0x00,0x00,0x00,0x00
    db 0x30,0xb8,0x0f,0x03,0xfb,0x30,0x00,0x00,0x00,0x00,0x00,0x00,0x00,0x00,0x00,0x00
    db 0x30,0xf8,0x0f,0x83,0xff,0x20,0x00,0x00,0x00,0x00,0x00,0x00,0x00,0x00,0x00,0x00
    db 0x30,0xdc,0x0f,0x83,0xff,0x20,0x00,0x00,0x00,0x00,0x00,0x00,0x00,0x00,0x00,0x00
    db 0x28,0x9c,0x0f,0x82,0xff,0x20,0x00,0x00,0x00,0x00,0x00,0x00,0x00,0x00,0x00,0x00
    db 0x28,0xdc,0x0e,0x83,0x7f,0x30,0x00,0x00,0x00,0x00,0x00,0x00,0x00,0x00,0x00,0x00
    db 0x30,0xdc,0x8e,0x83,0x7f,0x30,0x00,0x00,0x00,0x00,0x00,0x00,0x00,0x00,0x00,0x00
    db 0x30,0xdc,0x8f,0xc3,0x7f,0x38,0x00,0x00,0x00,0x00,0x00,0x00,0x00,0x00,0x00,0x00
    db 0x30,0xd8,0x0f,0xc3,0x7d,0x30,0x00,0x00,0x00,0x00,0x00,0x00,0x00,0x00,0x00,0x00
    db 0x10,0xfc,0x0e,0xc3,0x7f,0x30,0x00,0x00,0x00,0x00,0x00,0x00,0x00,0x00,0x00,0x00
    db 0x38,0xdc,0x86,0x83,0x7f,0x38,0x00,0x00,0x00,0x00,0x00,0x00,0x00,0x00,0x00,0x00
    db 0x10,0xee,0x86,0xc1,0x7f,0x18,0x00,0x00,0x00,0x00,0x00,0x00,0x00,0x00,0x00,0x00
    db 0x18,0xce,0x86,0xc1,0x77,0x18,0x00,0x00,0x00,0x00,0x00,0x00,0x00,0x00,0x00,0x00
    db 0x10,0x4e,0x06,0xc1,0x74,0x10,0x00,0x00,0x00,0x00,0x00,0x00,0x00,0x00,0x00,0x00
    db 0x30,0xce,0x87,0xc3,0x7e,0x18,0x00,0x00,0x00,0x00,0x00,0x00,0x00,0x00,0x00,0x00
    db 0x10,0x4c,0x86,0xe1,0x7e,0x18,0x00,0x00,0x00,0x00,0x00,0x00,0x00,0x00,0x00,0x00
    db 0x18,0x6e,0x87,0xe1,0x7e,0x18,0x00,0x00,0x00,0x00,0x00,0x00,0x00,0x00,0x00,0x00
    db 0x18,0x6e,0x87,0xe1,0x7e,0x18,0x00,0x00,0x00,0x00,0x00,0x00,0x00,0x00,0x00,0x00
    db 0x18,0x6e,0x87,0xe1,0x7e,0x18,0x00,0x00,0x00,0x00,0x00,0x00,0x00,0x00,0x00,0x00
    db 0x14,0x67,0xc7,0xe1,0x7e,0x18,0x00,0x00,0x00,0x00,0x00,0x00,0x00,0x00,0x00,0x00
    db 0x0c,0x67,0x87,0xe1,0x7e,0x18,0x00,0x00,0x00,0x00,0x00,0x00,0x00,0x00,0x00,0x00
    db 0x18,0x77,0x87,0x61,0x7f,0x18,0x00,0x00,0x00,0x00,0x00,0x00,0x00,0x00,0x00,0x00
    db 0x18,0x77,0xc7,0x71,0x7f,0x1c,0x00,0x00,0x00,0x00,0x00,0x00,0x00,0x00,0x00,0x00
    db 0x08,0x27,0xc7,0x70,0x7f,0x0c,0x00,0x00,0x00,0x00,0x00,0x00,0x00,0x00,0x00,0x00
    db 0x08,0x27,0xc7,0x70,0x7b,0x0c,0x00,0x00,0x00,0x00,0x00,0x00,0x00,0x00,0x00,0x00
    db 0x08,0x27,0xc7,0x70,0x7b,0x0c,0x00,0x00,0x00,0x00,0x00,0x00,0x00,0x00,0x00,0x00
    db 0x0c,0xb7,0xc7,0x60,0x7b,0x0c,0x00,0x00,0x00,0x00,0x00,0x00,0x00,0x00,0x00,0x00
    db 0x88,0x23,0x87,0x70,0x7a,0x08,0x00,0x00,0x00,0x00,0x00,0x00,0x00,0x00,0x00,0x00
    db 0x8c,0x33,0xc7,0x70,0x3b,0x08,0x00,0x00,0x00,0x00,0x00,0x00,0x00,0x00,0x00,0x00
    db 0x8a,0xa3,0xc7,0x30,0x33,0x0c,0x00,0x00,0x00,0x00,0x00,0x00,0x00,0x00,0x00,0x00
    db 0x8c,0xb3,0xc3,0x30,0x3b,0x0c,0x00,0x00,0x00,0x00,0x00,0x00,0x00,0x00,0x00,0x00
    db 0x02,0x83,0xc7,0xb8,0x3b,0x0c,0x00,0x00,0x00,0x00,0x00,0x00,0x00,0x00,0x00,0x00
    db 0x8c,0xb3,0xc3,0x38,0x33,0x0c,0x00,0x00,0x00,0x00,0x00,0x00,0x00,0x00,0x00,0x00
    db 0x8e,0xb3,0xc3,0xb8,0x33,0x0c,0x00,0x00,0x00,0x00,0x00,0x00,0x00,0x00,0x00,0x00
    db 0x8c,0xb3,0xe3,0xb8,0x3b,0x06,0x00,0x00,0x00,0x00,0x00,0x00,0x00,0x00,0x00,0x00
    db 0x86,0x93,0x63,0x38,0x39,0x04,0x00,0x00,0x00,0x00,0x00,0x00,0x00,0x00,0x00,0x00
    db 0x84,0x99,0x63,0xb8,0x39,0x06,0x00,0x00,0x00,0x00,0x00,0x00,0x00,0x00,0x00,0x00
    db 0xc6,0x91,0x63,0x98,0x39,0x06,0x00,0x00,0x00,0x00,0x00,0x00,0x00,0x00,0x00,0x00
    db 0xc6,0x99,0x63,0x98,0x39,0x06,0x00,0x00,0x00,0x00,0x00,0x00,0x00,0x00,0x00,0x00
    db 0xc4,0x11,0x63,0x9c,0x39,0x06,0x00,0x00,0x00,0x00,0x00,0x00,0x00,0x00,0x00,0x00
    db 0xc4,0x91,0x63,0x9c,0x39,0x06,0x00,0x00,0x00,0x00,0x00,0x00,0x00,0x00,0x00,0x00
    db 0xc4,0x91,0x43,0x18,0x39,0x04,0x00,0x00,0x00,0x00,0x00,0x00,0x00,0x00,0x00,0x00
    db 0xc6,0x99,0x63,0x98,0x39,0x06,0x00,0x00,0x00,0x00,0x00,0x00,0x00,0x00,0x00,0x00
    db 0xc6,0x91,0x63,0xdc,0x39,0x06,0x00,0x00,0x00,0x00,0x00,0x00,0x00,0x00,0x00,0x00
    db 0xc6,0x90,0x63,0xdc,0x39,0x06,0x00,0x00,0x00,0x00,0x00,0x00,0x00,0x00,0x00,0x00
    db 0xc3,0x98,0x63,0xcc,0x39,0x06,0x00,0x00,0x00,0x00,0x00,0x00,0x00,0x00,0x00,0x00
    db 0xe2,0x88,0x63,0xdc,0x3d,0x06,0x00,0x00,0x00,0x00,0x00,0x00,0x00,0x00,0x00,0x00
    db 0xe2,0x88,0x33,0x8c,0x1c,0x03,0x00,0x00,0x00,0x00,0x00,0x00,0x00,0x00,0x00,0x00
    db 0xe2,0x88,0x33,0xce,0x1c,0x03,0x00,0x00,0x00,0x00,0x00,0x00,0x00,0x00,0x00,0x00
    db 0xe3,0xc8,0x33,0xce,0x18,0x03,0x00,0x00,0x00,0x00,0x00,0x00,0x00,0x00,0x00,0x00
    db 0xc2,0xcc,0x31,0xcc,0x1c,0x03,0x00,0x00,0x00,0x00,0x00,0x00,0x00,0x00,0x00,0x00
    db 0xe3,0xc8,0x33,0xce,0x1c,0x02,0x00,0x00,0x00,0x00,0x00,0x00,0x00,0x00,0x00,0x00
    db 0xe3,0xc8,0x33,0xce,0x1c,0x02,0x00,0x00,0x00,0x00,0x00,0x00,0x00,0x00,0x00,0x00
    db 0xe3,0xc8,0x31,0x8e,0x1c,0x03,0x00,0x00,0x00,0x00,0x00,0x00,0x00,0x00,0x00,0x00
    db 0xe3,0xc8,0x31,0xc6,0x1c,0x03,0x00,0x00,0x00,0x00,0x00,0x00,0x00,0x00,0x00,0x00
    db 0x73,0xc8,0x31,0xc6,0x1c,0x03,0x00,0x00,0x00,0x00,0x00,0x00,0x00,0x00,0x00,0x00
    db 0x73,0xcc,0x31,0xc7,0x18,0x03,0x00,0x00,0x00,0x00,0x00,0x00,0x00,0x00,0x00,0x00
    db 0x73,0xcc,0x31,0xc7,0x1c,0x03,0x00,0x00,0x00,0x00,0x00,0x00,0x00,0x00,0x00,0x00
    db 0x71,0xcc,0x31,0xc7,0x18,0x03,0x00,0x08,0x00,0x00,0x00,0x00,0x00,0x00,0x00,0x00
    db 0x61,0x8c,0x31,0xc6,0x18,0x00,0x00,0x00,0x00,0x00,0x00,0x00,0x00,0x00,0x00,0x00
    db 0x71,0x8e,0x31,0x67,0x1c,0x00,0x00,0x00,0x00,0x00,0x00,0x00,0x00,0x00,0x00,0x00
    db 0x71,0x86,0x11,0x67,0x1c,0x00,0x06,0x00,0x00,0x00,0x00,0x00,0x00,0x00,0x00,0x00
    db 0x71,0xc6,0x11,0x67,0x9c,0x00,0x06,0x00,0x00,0x00,0x00,0x00,0x00,0x00,0x00,0x00
    db 0x71,0xc4,0x19,0x63,0x9c,0x00,0x06,0x00,0x00,0x00,0x00,0x00,0x00,0x00,0x00,0x00
    db 0x39,0xc4,0x19,0x63,0x9c,0x00,0x06,0x00,0x00,0x00,0x00,0x00,0x00,0x00,0x00,0x00
    db 0x39,0xc4,0x19,0x43,0x9c,0x00,0x04,0x00,0x00,0x00,0x00,0x00,0x00,0x00,0x00,0x00
    db 0x31,0xc6,0x99,0x63,0x9c,0x00,0x06,0x00,0x00,0x00,0x00,0x00,0x00,0x00,0x00,0x00
    db 0x39,0xc6,0x99,0x63,0x9c,0x00,0x06,0x00,0x00,0x00,0x00,0x00,0x00,0x00,0x00,0x00
    db 0x39,0xc6,0x91,0x63,0x8c,0x00,0x06,0x00,0x00,0x00,0x00,0x00,0x00,0x00,0x00,0x00
    db 0x38,0xc6,0x99,0x63,0x8c,0x00,0x06,0x00,0x00,0x00,0x00,0x00,0x00,0x00,0x00,0x00
    db 0x39,0xc6,0x99,0x63,0x8c,0x00,0x06,0x00,0x00,0x00,0x00,0x00,0x00,0x00,0x00,0x00
    db 0x39,0xc6,0x99,0x63,0xcc,0x00,0x06,0x00,0x00,0x00,0x00,0x00,0x00,0x00,0x00,0x00
    db 0x38,0xc6,0x88,0x63,0x8e,0x00,0x06,0x00,0x00,0x00,0x00,0x00,0x00,0x00,0x00,0x00
    db 0x1c,0xc7,0xc8,0x71,0x8e,0x00,0x06,0x00,0x00,0x00,0x00,0x00,0x00,0x00,0x00,0x00
    db 0x1c,0xe2,0xcc,0x31,0xce,0x00,0x03,0x00,0x00,0x00,0x00,0x00,0x00,0x00,0x00,0x00
    db 0x18,0xe2,0xcc,0x31,0xce,0x00,0x03,0x00,0x00,0x00,0x00,0x00,0x00,0x00,0x00,0x00
    db 0x18,0xe3,0x88,0x31,0xce,0x00,0x03,0x00,0x00,0x00,0x00,0x00,0x00,0x00,0x00,0x00
    db 0x1c,0xe2,0x88,0x21,0x8e,0x00,0x02,0x00,0x00,0x00,0x00,0x00,0x00,0x00,0x00,0x00
    db 0x1c,0xe2,0xc8,0x31,0xce,0x00,0x03,0x00,0x00,0x00,0x00,0x00,0x00,0x00,0x00,0x00
    db 0x1c,0xe2,0xc8,0x31,0xce,0x00,0x03,0x00,0x00,0x00,0x00,0x00,0x00,0x00,0x00,0x00
    db 0x1c,0xe3,0xcc,0x31,0xce,0x00,0x03,0x00,0x00,0x00,0x00,0x00,0x00,0x00,0x00,0x00
    db 0x1c,0xe2,0xcc,0x31,0xce,0x00,0x03,0x00,0x00,0x00,0x00,0x00,0x00,0x00,0x00,0x00
    db 0x0c,0xc1,0xec,0x31,0xce,0x00,0x03,0x00,0x00,0x00,0x00,0x00,0x00,0x00,0x00,0x00
    db 0x8e,0xe0,0xee,0x38,0xce,0x00,0x03,0x00,0x00,0x00,0x00,0x00,0x00,0x00,0x00,0x00
    db 0x0e,0xc1,0xe4,0x30,0xce,0x00,0x03,0x00,0x00,0x00,0x00,0x00,0x00,0x00,0x00,0x00
    db 0x0c,0xe3,0xec,0x38,0xcc,0x00,0x01,0x00,0x00,0x00,0x00,0x00,0x00,0x00,0x00,0x00
    db 0x0e,0xe3,0xec,0x18,0xee,0x00,0x01,0x00,0x00,0x00,0x00,0x00,0x00,0x00,0x00,0x00
    db 0x0e,0xe1,0xe4,0x18,0xee,0x80,0x01,0x00,0x00,0x00,0x00,0x00,0x00,0x00,0x00,0x00
    db 0x0e,0xe1,0xec,0x18,0xee,0x80,0x01,0x00,0x00,0x00,0x00,0x00,0x00,0x00,0x00,0x00
    db 0x0e,0xe1,0xf4,0x18,0x6e,0x80,0x01,0x00,0x00,0x00,0x00,0x00,0x00,0x00,0x00,0x00
    db 0x8e,0xe1,0xf6,0x18,0x6e,0x80,0x01,0x00,0x00,0x00,0x00,0x00,0x00,0x00,0x00,0x00
    db 0x07,0xe1,0x74,0x10,0xce,0x00,0x01,0x00,0x00,0x00,0x00,0x00,0x00,0x00,0x00,0x00
    db 0x87,0xe1,0x76,0x18,0x6e,0x80,0x01,0x00,0x00,0x00,0x00,0x00,0x00,0x00,0x00,0x00
    db 0x07,0xe1,0x74,0x18,0x6e,0x80,0x01,0x00,0x00,0x00,0x00,0x00,0x00,0x00,0x00,0x00
    db 0x86,0x71,0x76,0x18,0x6e,0x80,0x01,0x00,0x00,0x00,0x00,0x00,0x00,0x00,0x00,0x00
    db 0x07,0xe1,0x71,0x18,0x76,0x80,0x01,0x00,0x00,0x00,0x00,0x00,0x00,0x00,0x00,0x00
    db 0x87,0x61,0x76,0x18,0x67,0x80,0x01,0x00,0x00,0x00,0x00,0x00,0x00,0x00,0x00,0x00
    db 0xc7,0x71,0x77,0x1c,0x6f,0x80,0x01,0x00,0x00,0x00,0x00,0x00,0x00,0x00,0x00,0x00
    db 0xc7,0x71,0x76,0x0c,0xf7,0xc0,0x00,0x00,0x00,0x00,0x00,0x00,0x00,0x00,0x00,0x00
    db 0xc7,0x60,0x7a,0x1c,0xa7,0xc0,0x01,0x00,0x00,0x00,0x00,0x00,0x00,0x00,0x00,0x00
    db 0x87,0x71,0x3b,0x1c,0xf7,0xc0,0x01,0x00,0x00,0x00,0x00,0x00,0x00,0x00,0x00,0x00
    db 0xc3,0x70,0x33,0x0c,0xb7,0xc0,0x00,0x00,0x00,0x00,0x00,0x00,0x00,0x00,0x00,0x00
    db 0xc3,0x70,0x33,0x0c,0xb7,0xc0,0x00,0x00,0x00,0x00,0x00,0x00,0x00,0x00,0x00,0x00
    db 0x83,0x70,0x3a,0x0c,0xb7,0xc0,0x00,0x00,0x00,0x00,0x00,0x00,0x00,0x00,0x00,0x00
    db 0x83,0x70,0x3a,0x08,0xb7,0x80,0x00,0x00,0x00,0x00,0x00,0x00,0x00,0x00,0x00,0x00
    db 0x83,0x70,0x3a,0x08,0xe7,0x80,0x00,0x00,0x00,0x00,0x00,0x00,0x00,0x00,0x00,0x00
    db 0xc3,0x70,0x3f,0x0c,0xf7,0xc0,0x00,0x00,0x00,0x00,0x00,0x00,0x00,0x00,0x00,0x00
    db 0xc3,0xf0,0x3e,0x0c,0xff,0xc0,0x00,0x00,0x00,0x00,0x00,0x00,0x00,0x00,0x00,0x00
    db 0xc3,0xf0,0x3a,0x0c,0xff,0xc0,0x00,0x00,0x00,0x00,0x00,0x00,0x00,0x00,0x00,0x00
    db 0xc3,0xf0,0x1f,0x0c,0xff,0xc0,0x00,0x00,0x00,0x00,0x00,0x00,0x00,0x00,0x00,0x00
    db 0xc1,0x70,0x1f,0x0c,0xf7,0xc0,0x00,0x00,0x00,0x00,0x00,0x00,0x00,0x00,0x00,0x00
    db 0xc1,0x70,0x1f,0x0e,0xff,0xe0,0x00,0x00,0x00,0x00,0x00,0x00,0x00,0x00,0x00,0x00
    db 0xc1,0x70,0x1f,0x0e,0xff,0xe0,0x00,0x00,0x00,0x00,0x00,0x00,0x00,0x00,0x00,0x00
    db 0x41,0x70,0x1f,0x0e,0xff,0xe0,0x00,0x00,0x00,0x00,0x00,0x00,0x00,0x00,0x00,0x00
    db 0x61,0x70,0x1f,0x0e,0xff,0xe0,0x00,0x00,0x00,0x00,0x00,0x00,0x00,0x00,0x00,0x00
    db 0xe1,0xe0,0x1d,0x0e,0xff,0xe0,0x00,0x00,0x00,0x00,0x00,0x00,0x00,0x00,0x00,0x00
    db 0xe1,0xe0,0x1d,0x06,0xff,0x60,0x00,0x00,0x00,0x00,0x00,0x00,0x00,0x00,0x00,0x00
    db 0xc1,0xf0,0x0f,0x04,0xff,0x40,0x00,0x00,0x00,0x00,0x00,0x00,0x00,0x00,0x00,0x00
    db 0x41,0xf0,0x0f,0x06,0xff,0x60,0x00,0x00,0x00,0x00,0x00,0x00,0x00,0x00,0x00,0x00
    db 0x40,0x70,0x0f,0x06,0xff,0x60,0x00,0x00,0x00,0x00,0x00,0x00,0x00,0x00,0x00,0x00
    db 0x70,0xf0,0x0f,0x07,0xff,0x60,0x00,0x00,0x00,0x00,0x00,0x00,0x00,0x00,0x00,0x00
    db 0x50,0xf0,0x0f,0x07,0xff,0x60,0x00,0x00,0x00,0x00,0x00,0x00,0x00,0x00,0x00,0x00
    db 0x50,0xf0,0x0f,0x07,0xff,0x70,0x00,0x00,0x00,0x00,0x00,0x00,0x00,0x00,0x00,0x00
    db 0x60,0xf0,0x0f,0x07,0xff,0x60,0x00,0x00,0x00,0x00,0x00,0x00,0x00,0x00,0x00,0x00
    db 0x70,0xf0,0x0f,0x07,0xff,0x70,0x00,0x00,0x00,0x00,0x00,0x00,0x00,0x00,0x00,0x00
    db 0x70,0xf0,0x0f,0x07,0xfc,0x70,0x00,0x00,0x00,0x00,0x00,0x00,0x00,0x00,0x00,0x00
    db 0x70,0xf0,0x0f,0x07,0x7e,0x70,0x00,0x00,0x00,0x00,0x00,0x00,0x00,0x00,0x00,0x00
    db 0x60,0x00,0x07,0x07,0x60,0x70,0x00,0x00,0x03,0x00,0x00,0x00,0x00,0x00,0x00,0x00
    db 0x60,0xb0,0x07,0x07,0x72,0x70,0x00,0x00,0x01,0x00,0x00,0x00,0x00,0x00,0x00,0x00
    db 0x60,0x80,0x06,0x06,0x60,0x60,0x00,0x00,0x03,0x00,0x00,0x00,0x00,0x00,0x00,0x00
    db 0x70,0xa0,0x06,0x07,0x60,0x70,0x00,0x00,0x03,0x00,0x00,0x00,0x00,0x00,0x00,0x00
    db 0x70,0x00,0x87,0x07,0x20,0x70,0x00,0x00,0x03,0x00,0x00,0x00,0x00,0x00,0x00,0x00
    db 0x30,0x00,0x06,0x03,0x30,0x30,0x00,0x80,0x01,0x00,0x00,0x00,0x00,0x00,0x00,0x00
    db 0x70,0x00,0x07,0x07,0x30,0x30,0x00,0x00,0x03,0x00,0x18,0x00,0x00,0x00,0x00,0x00
    db 0x70,0x00,0x83,0x03,0x30,0x38,0x00,0x80,0x01,0x00,0x18,0x00,0x00,0x00,0x00,0x00
    db 0x70,0x00,0x83,0x03,0x30,0x38,0x00,0x80,0x03,0x00,0x10,0x00,0x00,0x00,0x00,0x00
    db 0x70,0x00,0x83,0x07,0x30,0x38,0x00,0x80,0x03,0x00,0x18,0x00,0x00,0x00,0x00,0x00
    db 0x30,0x00,0x83,0x03,0x10,0x38,0x00,0x80,0x03,0x00,0x18,0x00,0x00,0x00,0x00,0x00
    db 0x78,0x00,0x83,0x03,0x00,0x38,0x00,0x80,0x03,0x00,0x1c,0x00,0x00,0x00,0x00,0x00
    db 0x30,0x00,0x81,0x03,0x00,0x38,0x00,0x80,0x03,0x00,0x10,0x00,0x00,0x00,0x00,0x00
    db 0x38,0x00,0x81,0x03,0x00,0x30,0x00,0x80,0x03,0x00,0x18,0x00,0x00,0x00,0x00,0x00
    db 0x30,0x00,0x00,0x03,0x00,0x30,0x00,0x00,0x03,0x00,0x14,0x00,0x00,0x00,0x00,0x00
    db 0x30,0x00,0x80,0x03,0x00,0x38,0x00,0x80,0x03,0x00,0x10,0x00,0x00,0x00,0x00,0x00
    db 0x30,0x00,0x40,0x03,0x00,0x30,0x00,0x00,0x03,0x00,0x10,0x00,0x00,0x00,0x00,0x00
    db 0x38,0x00,0xc0,0x03,0x00,0x38,0x00,0xc0,0x03,0x00,0x1c,0x00,0x00,0x00,0x00,0x00
    db 0x38,0x00,0x80,0x03,0x00,0x38,0x00,0xc0,0x03,0x00,0x38,0x00,0x00,0x00,0x00,0x00
    db 0x38,0x00,0xc0,0x03,0x00,0x38,0x00,0x80,0x03,0x00,0x3c,0x00,0x00,0x00,0x00,0x00
    db 0x3c,0x00,0xc0,0x03,0x00,0x3c,0x00,0xc0,0x03,0x00,0x3c,0x00,0x00,0x00,0x00,0x00
    db 0x3c,0x00,0xc0,0x03,0x00,0x3c,0x00,0xc0,0x03,0x00,0x3c,0x00,0x00,0x00,0x00,0x00
    db 0x3c,0x00,0xc0,0x03,0x00,0x3c,0x00,0xc0,0x03,0x00,0x3c,0x00,0x00,0x00,0x00,0x00
    db 0x3c,0x00,0xc0,0x03,0x00,0x3c,0x00,0xc0,0x03,0x00,0x1c,0x00,0x00,0x00,0x00,0x00
    db 0x38,0x00,0xc0,0x03,0x00,0x1c,0x00,0xc0,0x03,0x00,0x38,0x00,0x00,0x00,0x00,0x00
    db 0x3c,0x00,0xc0,0x03,0x00,0x3c,0x00,0xc0,0x03,0x00,0x1c,0x00,0x00,0x00,0x00,0x00
    db 0x38,0x00,0xc0,0x03,0x00,0x3c,0x00,0xe0,0x03,0x00,0x3a,0x00,0x00,0x00,0x00,0x00
    db 0x38,0x00,0xc0,0x03,0x00,0x3c,0x00,0xe0,0x03,0x00,0x18,0x00,0x00,0x00,0x00,0x00
    db 0x18,0x00,0x80,0x01,0x00,0x18,0x00,0xa0,0x01,0x00,0x18,0x00,0x00,0x00,0x00,0x00
    db 0x18,0x00,0xa0,0x01,0x00,0x1a,0x00,0xa0,0x01,0x00,0x18,0x00,0x00,0x00,0x00,0x00
    db 0x1a,0x00,0xe0,0x01,0x00,0x1e,0x00,0xe0,0x01,0x00,0x1a,0x00,0x00,0x00,0x00,0x00
    db 0x1a,0x00,0xe0,0x01,0x00,0x1e,0x00,0xe0,0x01,0x00,0x1a,0x00,0x00,0x00,0x00,0x00
    db 0x1a,0x00,0xe0,0x01,0x00,0x1e,0x00,0xe0,0x01,0x00,0x1a,0x00,0x00,0x00,0x00,0x00
    db 0x1a,0x00,0xf0,0x01,0x00,0x1e,0x00,0xe0,0x01,0x00,0x1a,0x00,0x00,0x00,0x00,0x00
    db 0x1e,0x00,0xe0,0x01,0x00,0x1e,0x00,0xf0,0x01,0x00,0x1e,0x00,0x00,0x00,0x00,0x00
    db 0x3c,0x00,0xe0,0x01,0x00,0x1e,0x00,0xf0,0x03,0x00,0x1c,0x00,0x00,0x00,0x00,0x00
    db 0x1c,0x00,0xf0,0x01,0x00,0x1f,0x00,0xf0,0x01,0x00,0x1c,0x00,0x00,0x00,0x00,0x00
    db 0x1c,0x00,0xf0,0x01,0x00,0x1f,0x00,0xf0,0x01,0x00,0x1c,0x00,0x00,0x00,0x00,0x00
    db 0x1c,0x00,0xf0,0x01,0x00,0x1f,0x00,0xf0,0x01,0x00,0x1d,0x00,0x00,0x00,0x00,0x00
    db 0x1d,0x00,0xf0,0x01,0x00,0x1f,0x00,0xf0,0x01,0x00,0x1d,0x00,0x00,0x00,0x00,0x00
    db 0x1d,0x00,0xd0,0x01,0x00,0x1d,0x00,0xd0,0x01,0x00,0x1d,0x00,0x00,0x00,0x00,0x00
    db 0x1d,0x00,0xf0,0x01,0x00,0x1f,0x00,0xf0,0x01,0x00,0x1d,0x00,0x00,0x00,0x00,0x00
    db 0x1d,0x00,0xd0,0x01,0x00,0x1d,0x00,0xd0,0x01,0x00,0x1d,0x00,0x00,0x00,0x00,0x00
    db 0x3d,0x00,0xd8,0x01,0x80,0x1d,0x00,0xd0,0x03,0x80,0x1d,0x00,0x08,0x00,0x00,0x00
    db 0x1d,0x00,0xd8,0x01,0x80,0x1d,0x00,0xd8,0x01,0x80,0x1d,0x00,0x08,0x00,0x00,0x00
    db 0x1d,0x00,0xd8,0x01,0x80,0x1d,0x00,0xd8,0x01,0x80,0x1d,0x00,0x08,0x00,0x00,0x00
    db 0x1c,0x00,0xf8,0x01,0x80,0x1f,0x00,0xf8,0x01,0x80,0x1c,0x00,0x08,0x00,0x00,0x00
    db 0x1c,0x00,0xf8,0x01,0x80,0x1f,0x00,0xf8,0x01,0x80,0x1c,0x00,0x08,0x00,0x00,0x00
    db 0x1c,0x00,0xfc,0x01,0xc0,0x1f,0x00,0xf8,0x01,0xc0,0x1c,0x00,0x0c,0x00,0x00,0x00
    db 0x1c,0x00,0xfc,0x01,0xc0,0x1f,0x00,0xfc,0x01,0xc0,0x1c,0x00,0x0c,0x00,0x00,0x00
    db 0x1c,0x00,0xcc,0x01,0xc0,0x1c,0x00,0xc8,0x01,0xc0,0x1c,0x00,0x0c,0x00,0x00,0x00
    db 0x1a,0x00,0xec,0x01,0xc0,0x1c,0x00,0xe8,0x01,0xc0,0x1a,0x00,0x0c,0x00,0x00,0x00
    db 0x17,0x00,0xf6,0x01,0xc0,0x1c,0x00,0xfc,0x01,0xe0,0x07,0x00,0x04,0x00,0x00,0x00
    db 0x1f,0x00,0xf6,0x01,0xc0,0x1c,0x00,0xfc,0x01,0xe0,0x1f,0x00,0x04,0x00,0x00,0x00
    db 0x1a,0x00,0xea,0x01,0xe0,0x1c,0x00,0xe6,0x01,0xe0,0x1a,0x00,0x08,0x00,0x00,0x00
    db 0x1a,0x00,0xea,0x01,0xe0,0x1e,0x00,0xe6,0x01,0xe0,0x1a,0x00,0x0a,0x00,0x00,0x00
    db 0x0a,0x00,0xe8,0x01,0xf0,0x1e,0x00,0xe7,0x01,0xf0,0x0a,0x00,0x08,0x00,0x00,0x00
    db 0x09,0x00,0xf8,0x01,0xf0,0x1e,0x00,0xf7,0x01,0xf0,0x09,0x00,0x08,0x00,0x00,0x00
    db 0x01,0x00,0xb8,0x00,0xd0,0x0a,0x00,0xb5,0x00,0xd0,0x01,0x00,0x08,0x00,0x00,0x00
    db 0x01,0x00,0xb8,0x00,0xd0,0x0a,0x00,0xb5,0x00,0xd0,0x01,0x00,0x08,0x00,0x00,0x00
    db 0x00,0x00,0x00,0x00,0x00,0x00,0x00,0x00,0x00,0x00,0x00,0x00,0x00,0x00,0x00,0x00
    db 0x00,0x00,0x00,0x00,0x00,0x00,0x00,0x00,0x00,0x00,0x00,0x00,0x00,0x00,0x00,0x00
    db 0x01,0x00,0xb8,0x00,0xd0,0x0a,0x00,0xb5,0x00,0xd0,0x01,0x00,0x08,0x00,0x00,0x00
    db 0x01,0x00,0xb8,0x00,0xd0,0x0a,0x00,0xb5,0x00,0xd0,0x01,0x00,0x08,0x00,0x00,0x00
    db 0x01,0x00,0xf5,0x00,0x58,0x0e,0x80,0xf5,0x00,0x58,0x01,0x00,0x05,0x00,0x00,0x00
    db 0x05,0x00,0x75,0x00,0x58,0x06,0x80,0x75,0x00,0x58,0x05,0x00,0x05,0x00,0x00,0x00
    db 0x05,0x80,0x75,0x00,0x78,0x06,0x80,0x73,0x00,0x78,0x01,0x80,0x05,0x00,0x00,0x00
    db 0x04,0xc0,0xfd,0x00,0xf8,0x0f,0x80,0x73,0x00,0xfc,0x00,0x80,0x0d,0x00,0x00,0x00
    db 0x06,0x40,0x7d,0x00,0xf8,0x03,0x80,0x73,0x00,0xfc,0x02,0x00,0x0d,0x00,0x00,0x00
    db 0x02,0x80,0x7d,0x00,0xf8,0x03,0x80,0x3f,0x00,0xf8,0x02,0x00,0x0d,0x00,0x00,0x00
    db 0x03,0x80,0x73,0x00,0xf8,0x01,0x80,0x3f,0x00,0xf8,0x03,0x80,0x03,0x00,0x00,0x00
    db 0x03,0x80,0x33,0x00,0x38,0x01,0x80,0x33,0x00,0x38,0x03,0x00,0x03,0x00,0x00,0x00
    db 0x03,0xc0,0x33,0x00,0xf8,0x01,0x80,0x3f,0x00,0xfc,0x03,0x40,0x03,0x00,0x00,0x00
    db 0x03,0x80,0x33,0x00,0xf8,0x01,0x80,0x3f,0x00,0xf8,0x03,0x80,0x03,0x00,0x00,0x00
    db 0x01,0x80,0x13,0x00,0xf8,0x01,0x80,0x1f,0x00,0xf8,0x01,0x80,0x03,0x00,0x00,0x00
    db 0x03,0x80,0x3b,0x00,0xf8,0x01,0x80,0x3f,0x00,0xf8,0x03,0x80,0x0b,0x00,0x00,0x00
    db 0x01,0x80,0x1b,0x00,0xb8,0x01,0x80,0x1b,0x00,0xb8,0x01,0x80,0x0b,0x00,0x00,0x00
    db 0x01,0xc0,0x1b,0x00,0xbc,0x01,0x80,0x1b,0x00,0xbc,0x01,0xc0,0x0b,0x00,0x00,0x00
    db 0x01,0x80,0x1b,0x00,0xb8,0x00,0x80,0x1b,0x00,0xb8,0x01,0x80,0x0b,0x00,0x00,0x00
    db 0x01,0x80,0x1b,0x00,0xb8,0x00,0x80,0x1b,0x00,0xb8,0x01,0x80,0x0b,0x00,0x00,0x00
    db 0x00,0x80,0x0b,0x00,0xb8,0x00,0x80,0x0b,0x00,0xb8,0x00,0x80,0x0b,0x00,0x00,0x00
    db 0x00,0x80,0x0b,0x00,0xf8,0x00,0x80,0x0f,0x00,0xf8,0x00,0x80,0x0b,0x00,0x00,0x00
    db 0x00,0x80,0x03,0x00,0xf8,0x00,0x80,0x0f,0x00,0xf8,0x00,0x80,0x03,0x00,0x00,0x00
    db 0x00,0xc0,0x03,0x00,0xf8,0x00,0x80,0x0f,0x00,0xfc,0x00,0x80,0x03,0x00,0x00,0x00
    db 0x00,0xc0,0x03,0x00,0xf8,0x00,0x80,0x0f,0x00,0xfc,0x00,0x80,0x03,0x00,0x00,0x00
    db 0x00,0xc0,0x03,0x00,0x7c,0x00,0x80,0x07,0x00,0x7c,0x00,0xc0,0x03,0x00,0x00,0x00
    db 0x00,0x80,0x07,0x00,0x7c,0x00,0xc0,0x07,0x00,0xf8,0x00,0x80,0x07,0x00,0x00,0x00
    db 0x00,0x80,0x05,0x00,0x78,0x00,0x80,0x07,0x00,0x78,0x00,0x80,0x05,0x00,0x00,0x00
    db 0x00,0xc0,0x05,0x00,0x78,0x00,0x80,0x07,0x00,0x7c,0x00,0x80,0x05,0x00,0x00,0x00
    db 0x00,0xc0,0x05,0x00,0x7c,0x00,0x80,0x07,0x00,0x7c,0x00,0xc0,0x05,0x00,0x00,0x00
    db 0x00,0xc0,0x05,0x00,0x78,0x00,0x80,0x07,0x00,0x7c,0x00,0x80,0x05,0x00,0x00,0x00
    db 0x00,0xc0,0x05,0x00,0x5c,0x00,0xc0,0x05,0x00,0x5c,0x00,0xc0,0x05,0x00,0x00,0x00
    db 0x00,0xc0,0x01,0x00,0x18,0x00,0x80,0x01,0x00,0x5c,0x00,0x80,0x01,0x00,0x00,0x00
    db 0x00,0xc0,0x01,0x00,0x5c,0x00,0xc0,0x01,0x00,0x5c,0x00,0xc0,0x05,0x00,0x00,0x00
    db 0x00,0xc0,0x01,0x00,0x7c,0x00,0xc0,0x03,0x00,0x3c,0x00,0xc0,0x05,0x00,0x00,0x00
    db 0x00,0xc0,0x03,0x00,0x3c,0x00,0xc0,0x03,0x00,0x3c,0x00,0xc0,0x03,0x00,0x00,0x00
    db 0x00,0xc0,0x01,0x00,0x3c,0x00,0xc0,0x03,0x00,0x3c,0x00,0xc0,0x01,0x00,0x00,0x00
    db 0x00,0xc0,0x03,0x00,0x3c,0x00,0xc0,0x03,0x00,0x3c,0x00,0xc0,0x07,0x00,0x00,0x00
    db 0x00,0xc0,0x03,0x00,0x3c,0x00,0xc0,0x03,0x00,0x3c,0x00,0xc0,0x03,0x00,0x00,0x00
    db 0x00,0xc0,0x03,0x00,0x3c,0x00,0xc0,0x03,0x00,0x3c,0x00,0xc0,0x03,0x00,0x00,0x00
    db 0x00,0xc0,0x03,0x00,0x3c,0x00,0xc0,0x03,0x00,0x3c,0x00,0xc0,0x03,0x00,0x00,0x00
    db 0x00,0xc0,0x01,0x00,0x1c,0x00,0xc0,0x01,0x00,0x3c,0x00,0xc0,0x03,0x00,0x00,0x00
    db 0x00,0xc0,0x01,0x00,0x3c,0x00,0xc0,0x01,0x00,0x3c,0x00,0xc0,0x03,0x00,0x00,0x00
    db 0x00,0xc0,0x00,0x00,0x3c,0x00,0xc0,0x01,0x00,0x3c,0x00,0xc0,0x02,0x00,0x00,0x00
    db 0x00,0xc0,0x00,0x00,0x2c,0x00,0xc0,0x00,0x00,0x0c,0x08,0xc0,0x02,0x00,0x00,0x00
    db 0x00,0xc0,0x00,0x00,0x1c,0x00,0xc0,0x01,0x00,0x3c,0x08,0xc0,0x00,0x00,0x00,0x00
    db 0x00,0xc0,0x00,0x00,0x2c,0x00,0xc0,0x00,0x00,0x0c,0x0c,0xc0,0x02,0x00,0x00,0x00
    db 0x00,0xc0,0x01,0x00,0x1c,0x00,0xc0,0x01,0x00,0x1c,0x0c,0xc0,0x01,0x00,0x00,0x00
    db 0x00,0x80,0x00,0x00,0x1c,0x00,0xc0,0x01,0x00,0x1c,0x0c,0xc0,0x00,0x00,0x00,0x00
    db 0x00,0xc0,0x00,0x00,0x1c,0x00,0xc0,0x01,0x00,0x1e,0x04,0xc0,0x00,0x00,0x00,0x00
    db 0x00,0x80,0x00,0x00,0x1c,0x00,0xc0,0x81,0x00,0x1c,0x0c,0xc0,0x00,0x00,0x00,0x00
    db 0x00,0x80,0x00,0x00,0x1c,0x00,0xc0,0x01,0x00,0x1e,0x04,0xe0,0x00,0x00,0x00,0x00
    db 0x00,0x80,0x00,0x00,0x1c,0x00,0xc0,0xc1,0x00,0x1e,0x0e,0xc0,0x00,0x00,0x00,0x00
    db 0x00,0x80,0x01,0x00,0x1c,0x00,0xc0,0xc1,0x00,0x1e,0x06,0xc0,0x00,0x00,0x00,0x00
    db 0x00,0x80,0x00,0x00,0x1c,0x00,0xc0,0xc0,0x00,0x1e,0x0e,0xe0,0x01,0x00,0x00,0x00
    db 0x00,0xc0,0x00,0x00,0x1c,0x00,0xe0,0xc0,0x00,0x1e,0x06,0xc0,0x01,0x00,0x00,0x00
    db 0x00,0x00,0x00,0x00,0x08,0x00,0xe0,0xe0,0x00,0x0e,0xce,0xc0,0x01,0x00,0x00,0x00
    db 0x00,0x00,0x00,0x00,0x0c,0x00,0xe0,0x60,0x00,0x0e,0xce,0xe0,0x01,0x00,0x00,0x00
    db 0x00,0x00,0x00,0x00,0x0c,0x00,0x60,0x60,0x04,0x06,0x5e,0x60,0x01,0x00,0x00,0x00
    db 0x00,0x00,0x00,0x00,0x1c,0x00,0xe0,0x60,0x00,0x0e,0xde,0x60,0x01,0x00,0x00,0x00
    db 0x00,0x00,0x00,0x00,0x08,0x00,0xe0,0x60,0x00,0x0e,0xff,0x60,0x00,0x00,0x00,0x00
    db 0x00,0x00,0x00,0x00,0x0c,0x00,0xe0,0x60,0x04,0x0e,0xff,0xe0,0x00,0x00,0x00,0x00
    db 0x00,0x00,0x00,0x00,0x00,0x00,0xe0,0xf0,0x03,0x0e,0x7f,0xe0,0x00,0x00,0x00,0x00
    db 0x00,0x00,0x00,0x00,0x00,0x00,0xe0,0xf0,0x07,0x0e,0xff,0xe0,0x00,0x00,0x00,0x00
    db 0x00,0x00,0x00,0x00,0x00,0x00,0x60,0xf0,0x0f,0x06,0xff,0x60,0x00,0x00,0x00,0x00
    db 0x00,0x00,0x00,0x00,0x00,0x00,0x60,0xf0,0x07,0x0e,0xff,0x60,0x00,0x00,0x00,0x00
    db 0x00,0x00,0x00,0x00,0x00,0x00,0x60,0xf0,0x0f,0x0e,0xff,0xa0,0x00,0x00,0x00,0x00
    db 0x00,0x00,0x00,0x00,0x00,0x00,0x60,0xf0,0x0f,0x0e,0xff,0xa0,0x08,0x00,0x00,0x00
    db 0x00,0x00,0x00,0x00,0x00,0x00,0x60,0xf0,0x0f,0x06,0xef,0x20,0x08,0x00,0x00,0x00
    db 0x00,0x00,0x00,0x00,0x00,0x00,0x20,0xf0,0x0f,0x02,0xef,0x20,0x08,0x00,0x00,0x00
    db 0x00,0x00,0x00,0x00,0x00,0x00,0x20,0xf0,0x0f,0x83,0x7f,0x20,0x08,0x00,0x00,0x00
    db 0x00,0x00,0x00,0x00,0x00,0x00,0x60,0xf0,0x0f,0x87,0xff,0x20,0x08,0x00,0x00,0x00
    db 0x00,0x00,0x00,0x00,0x00,0x00,0x70,0xf0,0x0f,0x87,0xff,0x60,0x08,0x00,0x00,0x00
    db 0x00,0x00,0x00,0x00,0x00,0x00,0x70,0xf0,0x0e,0x87,0xef,0x30,0x08,0x00,0x00,0x00
    db 0x00,0x00,0x00,0x00,0x00,0x00,0x70,0xf0,0x0f,0x87,0x6b,0x20,0x08,0x00,0x00,0x00
    db 0x00,0x00,0x00,0x00,0x00,0x00,0x70,0xf0,0x0f,0x87,0x7f,0x30,0x08,0x00,0x00,0x00
    db 0x00,0x00,0x00,0x00,0x00,0x00,0x70,0xf0,0x0f,0x87,0xef,0x30,0x08,0x00,0x00,0x00
    db 0x00,0x00,0x00,0x00,0x00,0x00,0x30,0xf0,0x0f,0x83,0xef,0x30,0x0c,0x00,0x00,0x00
    db 0x00,0x00,0x00,0x00,0x00,0x00,0x30,0xf0,0x0e,0x87,0xef,0x70,0x0c,0x00,0x00,0x00
    db 0x00,0x00,0x00,0x00,0x00,0x00,0x30,0xf0,0x06,0xc3,0xef,0x50,0x0c,0x00,0x00,0x00
    db 0x00,0x00,0x00,0x00,0x00,0x00,0x30,0xf0,0x0f,0xc3,0xf7,0x70,0x0c,0x00,0x00,0x00
    db 0x00,0x00,0x00,0x00,0x00,0x00,0x30,0xf0,0x06,0xc3,0xed,0x30,0x0c,0x00,0x00,0x00
    db 0x00,0x00,0x00,0x00,0x00,0x00,0x10,0x70,0x0e,0xc1,0xe5,0x10,0x0c,0x00,0x00,0x00
    db 0x00,0x00,0x00,0x00,0x00,0x00,0x30,0xd0,0x06,0xc3,0xe7,0x10,0x0c,0x00,0x00,0x00
    db 0x00,0x00,0x00,0x00,0x00,0x00,0x30,0xd0,0x06,0xc3,0xe5,0x10,0x0c,0x00,0x00,0x00
    db 0x00,0x00,0x00,0x00,0x00,0x00,0x30,0xd0,0x0e,0xc3,0xed,0x30,0x0e,0x00,0x00,0x00
    db 0x00,0x00,0x00,0x00,0x00,0x00,0x30,0xd0,0x0e,0xc3,0xed,0x30,0x0c,0x00,0x00,0x00
    db 0x00,0x00,0x00,0x00,0x00,0x00,0x38,0xf0,0x86,0xc3,0xe7,0x10,0x0e,0x00,0x00,0x00
    db 0x00,0x00,0x00,0x00,0x00,0x00,0x38,0xf0,0x06,0xe3,0xec,0x30,0x0e,0x00,0x00,0x00
    db 0x00,0x00,0x00,0x00,0x00,0x00,0x18,0xf0,0x86,0xe1,0xe7,0x18,0x0e,0x00,0x00,0x00
    db 0x00,0x00,0x00,0x00,0x00,0x00,0x18,0x70,0x87,0xe3,0xe6,0x38,0x0e,0x00,0x00,0x00
    db 0x00,0x00,0x00,0x00,0x00,0x00,0x18,0x60,0x87,0xe3,0x66,0x18,0x0e,0x00,0x00,0x00
    db 0x00,0x00,0x00,0x00,0x00,0x00,0x18,0xe0,0x87,0xe1,0xea,0x20,0x06,0x00,0x00,0x00
    db 0x00,0x00,0x00,0x00,0x00,0x00,0x18,0x60,0x87,0xe1,0x66,0x18,0x0e,0x00,0x00,0x00
    db 0x00,0x00,0x00,0x00,0x00,0x00,0x18,0x60,0x87,0xe1,0x62,0x28,0x0e,0x00,0x00,0x00
    db 0x00,0x00,0x00,0x00,0x00,0x00,0x18,0x60,0x87,0x61,0x76,0x18,0x0e,0x00,0x00,0x00
    db 0x00,0x00,0x00,0x00,0x00,0x00,0x08,0x20,0x87,0xf0,0x62,0x08,0x0f,0x00,0x00,0x00
    db 0x00,0x00,0x00,0x00,0x00,0x00,0x18,0x60,0x87,0xf1,0x76,0x18,0x07,0x00,0x00,0x00
    db 0x00,0x00,0x00,0x00,0x00,0x00,0x18,0x60,0x87,0x71,0x72,0x08,0x07,0x00,0x00,0x00
    db 0x00,0x00,0x00,0x00,0x00,0x00,0x18,0x60,0x87,0x71,0x72,0x08,0x07,0x00,0x00,0x00
    db 0x00,0x00,0x00,0x00,0x00,0x00,0x18,0x60,0x83,0x71,0x72,0x08,0x07,0x00,0x00,0x00
    db 0x00,0x00,0x00,0x00,0x00,0x00,0x08,0x70,0x83,0x70,0x73,0x08,0x03,0x00,0x00,0x00
    db 0x00,0x00,0x00,0x00,0x00,0x00,0x08,0x70,0xc7,0x30,0x73,0x0c,0x07,0x00,0x00,0x00
    db 0x00,0x00,0x00,0x00,0x00,0x00,0x0c,0x30,0xc7,0x70,0x73,0x08,0x07,0x00,0x00,0x00
    db 0x00,0x00,0x00,0x00,0x00,0x00,0x0c,0x70,0xc7,0x71,0x33,0x10,0x07,0x00,0x00,0x00
    db 0x00,0x00,0x00,0x00,0x00,0x00,0x0c,0x30,0xc7,0x78,0x73,0x08,0x07,0x00,0x00,0x00
    db 0x00,0x00,0x00,0x00,0x00,0x00,0x0c,0x30,0xc7,0x78,0x73,0x94,0x03,0x00,0x00,0x00
    db 0x00,0x00,0x00,0x00,0x00,0x00,0x0c,0x30,0xc7,0x38,0x73,0x8c,0x03,0x00,0x00,0x00
    db 0x00,0x00,0x00,0x00,0x00,0x00,0x0c,0x30,0xc7,0x38,0x71,0x84,0x03,0x00,0x00,0x00
    db 0x00,0x00,0x00,0x00,0x00,0x00,0x0c,0x30,0xc7,0x38,0x71,0x84,0x03,0x00,0x00,0x00
    db 0x00,0x00,0x00,0x00,0x00,0x00,0x04,0x10,0x47,0x38,0x71,0x84,0x01,0x00,0x00,0x00
    db 0x00,0x00,0x00,0x00,0x00,0x00,0x0c,0x30,0xc3,0x38,0x71,0x84,0x03,0x00,0x00,0x00
    db 0x00,0x00,0x00,0x00,0x00,0x00,0x0c,0x30,0xc3,0x38,0x73,0x84,0x03,0x00,0x00,0x00
    db 0x00,0x00,0x00,0x00,0x00,0x00,0x0c,0x30,0xc3,0x38,0x73,0x84,0x03,0x00,0x00,0x00
    db 0x00,0x00,0x00,0x00,0x00,0x00,0x06,0x10,0xc3,0x38,0x31,0xcc,0x03,0x00,0x00,0x00
    db 0x00,0x00,0x00,0x00,0x00,0x00,0x06,0x10,0xe3,0xbc,0x31,0xcc,0x03,0x00,0x00,0x00
    db 0x00,0x00,0x00,0x00,0x00,0x00,0x06,0x10,0xe3,0x9c,0x31,0xc6,0x09,0x00,0x00,0x00
    db 0x00,0x00,0x00,0x00,0x00,0x00,0x06,0x10,0x63,0x9c,0x39,0xc6,0x09,0x00,0x00,0x00
    db 0x00,0x00,0x00,0x00,0x00,0x00,0x06,0x10,0x63,0x9c,0x39,0xc6,0x09,0x00,0x00,0x00
    db 0x00,0x00,0x00,0x00,0x00,0x00,0x06,0x90,0x63,0x8c,0x38,0xc6,0x09,0x00,0x00,0x00
    db 0x00,0x00,0x00,0x00,0x00,0x00,0x06,0x90,0x63,0x9c,0x39,0xc6,0x08,0x00,0x00,0x00
    db 0x00,0x00,0x00,0x00,0x00,0x00,0x06,0x90,0x63,0x9c,0x39,0xc6,0x09,0x00,0x00,0x00
    db 0x00,0x00,0x00,0x00,0x00,0x00,0x02,0x90,0x23,0x9c,0x39,0xc2,0x09,0x00,0x00,0x00
    db 0x00,0x00,0x00,0x00,0x00,0x00,0x06,0x90,0x63,0x9c,0x39,0xc2,0x09,0x00,0x00,0x00
    db 0x00,0x00,0x00,0x00,0x00,0x00,0x06,0x90,0x63,0x8c,0x39,0xe2,0x08,0x00,0x00,0x00
    db 0x00,0x00,0x00,0x00,0x00,0x00,0x06,0x90,0x61,0x8e,0x38,0xe6,0x08,0x00,0x00,0x00
    db 0x00,0x00,0x00,0x00,0x00,0x00,0x06,0x80,0x63,0x8e,0x38,0xe6,0x08,0x00,0x00,0x00
    db 0x00,0x00,0x00,0x00,0x00,0x00,0x06,0x80,0x71,0x8e,0x18,0xe6,0x0c,0x00,0x00,0x00
    db 0x00,0x00,0x00,0x00,0x00,0x00,0x00,0x80,0x31,0xc6,0x18,0x62,0x0c,0x00,0x00,0x00
    db 0x00,0x00,0x00,0x00,0x00,0x00,0x00,0x80,0x33,0xce,0x38,0xe2,0x0c,0x00,0x00,0x00
    db 0x00,0x00,0x00,0x00,0x00,0x00,0x00,0x8c,0x33,0xce,0x38,0xe3,0x0c,0x00,0x00,0x00
    db 0x00,0x00,0x00,0x00,0x00,0x00,0x00,0x8c,0x33,0xce,0x38,0xe3,0x0c,0x00,0x00,0x00
    db 0x00,0x00,0x00,0x00,0x00,0x00,0x00,0x8c,0x33,0xce,0x38,0xe1,0x0c,0x00,0x00,0x00
    db 0x00,0x00,0x00,0x00,0x00,0x00,0x00,0x8c,0x33,0xc7,0x38,0xf1,0x0c,0x00,0x00,0x00
    db 0x00,0x00,0x00,0x00,0x00,0x00,0x00,0x8c,0x13,0xc7,0x38,0x71,0x0c,0x00,0x00,0x00
    db 0x00,0x00,0x00,0x00,0x00,0x00,0x00,0x84,0x33,0xc7,0x38,0x71,0x0c,0x00,0x00,0x00
    db 0x00,0x00,0x00,0x00,0x00,0x00,0x00,0x84,0x33,0xc7,0x18,0x71,0x0c,0x00,0x00,0x00
    db 0x00,0x00,0x00,0x00,0x00,0x00,0x00,0x8c,0x33,0xc7,0x1c,0x73,0x04,0x00,0x00,0x00
    db 0x00,0x00,0x00,0x00,0x00,0x00,0x00,0x8c,0x31,0xc7,0x1c,0x71,0x0c,0x00,0x00,0x00
    db 0x00,0x00,0x00,0x00,0x00,0x00,0x00,0x8c,0x31,0xc7,0x1c,0x71,0x04,0x00,0x00,0x00
    db 0x00,0x00,0x00,0x00,0x00,0x00,0x00,0x8c,0x11,0xc7,0x1c,0x71,0x04,0x00,0x00,0x00
    db 0x00,0x00,0x00,0x00,0x00,0x00,0x00,0xc6,0x11,0xe7,0x1c,0x71,0x04,0x00,0x00,0x00
    db 0x00,0x00,0x00,0x00,0x00,0x00,0x00,0xc6,0x99,0xe3,0x1c,0x33,0x06,0x00,0x00,0x00
    db 0x00,0x00,0x00,0x00,0x00,0x00,0x00,0xc6,0x99,0x63,0x9c,0x38,0x06,0x00,0x00,0x00
    db 0x00,0x00,0x00,0x00,0x00,0x00,0x00,0xc6,0x99,0x63,0x9c,0x38,0x06,0x00,0x00,0x00
    db 0x00,0x00,0x00,0x00,0x00,0x00,0x00,0xc6,0x99,0x61,0x9c,0x39,0x06,0x00,0x00,0x00
    db 0x00,0x00,0x00,0x00,0x00,0x00,0x00,0xc2,0x89,0x23,0x9c,0x38,0x02,0x00,0x00,0x00
    db 0x00,0x00,0x00,0x00,0x00,0x00,0x00,0xc6,0x99,0x63,0x8c,0x18,0x02,0x00,0x00,0x00
    db 0x00,0x00,0x00,0x00,0x00,0x00,0x00,0xc6,0x99,0x63,0x9c,0x38,0x02,0x00,0x00,0x00
    db 0x00,0x00,0x00,0x00,0x00,0x00,0x00,0xc6,0x99,0x63,0x8c,0x39,0x06,0x00,0x00,0x00
    db 0x00,0x00,0x00,0x00,0x00,0x00,0x00,0xc6,0xd9,0x61,0x8c,0x38,0x06,0x00,0x00,0x00
    db 0x00,0x00,0x00,0x00,0x00,0x00,0x00,0xc6,0xd9,0x61,0x9c,0x19,0x02,0x00,0x00,0x00
    db 0x00,0x00,0x00,0x00,0x00,0x00,0x00,0xc2,0xc9,0x61,0x9c,0x1c,0x06,0x00,0x00,0x00
    db 0x00,0x00,0x00,0x00,0x00,0x00,0x00,0xc2,0xdd,0x61,0x9c,0x1d,0x03,0x00,0x00,0x00
    db 0x00,0x00,0x00,0x00,0x00,0x00,0x00,0xc3,0xcd,0x30,0xdc,0x1d,0x03,0x00,0x00,0x00
    db 0x00,0x00,0x00,0x00,0x00,0x00,0x00,0xc3,0xdd,0x31,0xdc,0x1c,0x03,0x00,0x00,0x00
    db 0x00,0x00,0x00,0x00,0x00,0x00,0x00,0xc3,0xcd,0x31,0x1c,0x0d,0x00,0x00,0x00,0x00
    db 0x00,0x00,0x00,0x00,0x00,0x00,0x00,0xc3,0xcd,0x31,0xce,0x1c,0x03,0x00,0x00,0x00
    db 0x00,0x00,0x00,0x00,0x00,0x00,0x00,0xc3,0xcd,0x30,0x5c,0x1c,0x01,0x00,0x00,0x00
    db 0x00,0x00,0x00,0x00,0x00,0x00,0x00,0xc3,0xed,0x31,0xce,0x1c,0x03,0x00,0x00,0x00
    db 0x00,0x00,0x00,0x00,0x00,0x00,0x00,0xc1,0xe5,0x10,0x4e,0x9e,0x01,0x00,0x00,0x00
    db 0x00,0x00,0x00,0x00,0x00,0x00,0x00,0xe1,0xed,0x30,0xce,0x0e,0x03,0x00,0x00,0x00
    db 0x00,0x00,0x00,0x00,0x00,0x00,0x00,0xe3,0xed,0x30,0x4e,0x0e,0x01,0x00,0x00,0x00
    db 0x00,0x00,0x00,0x00,0x00,0x00,0x80,0xe3,0xed,0x38,0xce,0x0e,0x01,0x00,0x00,0x00
    db 0x00,0x00,0x00,0x00,0x00,0x00,0x80,0xe3,0xed,0x38,0x4e,0x0e,0x01,0x00,0x00,0x00
    db 0x00,0x00,0x00,0x00,0x00,0x00,0x80,0xe1,0xe7,0x38,0x4e,0x8e,0x01,0x00,0x00,0x00
    db 0x00,0x00,0x00,0x00,0x00,0x00,0x80,0xe1,0xed,0x38,0xce,0x8e,0x01,0x00,0x00,0x00
    db 0x00,0x00,0x00,0x00,0x00,0x00,0x80,0xe1,0x77,0x18,0xce,0x8e,0x01,0x00,0x00,0x00
    db 0x00,0x00,0x00,0x00,0x00,0x00,0x80,0xe1,0x76,0x38,0xee,0x8f,0x03,0x00,0x00,0x00
    db 0x00,0x00,0x00,0x00,0x00,0x00,0x80,0xe1,0x76,0x18,0x6e,0x8f,0x01,0x00,0x00,0x00
    db 0x00,0x00,0x00,0x00,0x00,0x00,0x80,0xe1,0x77,0x18,0x6e,0x87,0x01,0x00,0x00,0x00
    db 0x00,0x00,0x00,0x00,0x00,0x00,0x80,0xe1,0x76,0x18,0x6e,0x87,0x01,0x00,0x00,0x00
    db 0x00,0x00,0x00,0x00,0x00,0x00,0x80,0xe1,0x76,0x18,0x26,0x83,0x00,0x00,0x00,0x00
    db 0x00,0x00,0x00,0x00,0x00,0x00,0x80,0xe1,0x73,0x18,0x36,0x83,0x00,0x00,0x00,0x00
    db 0x00,0x00,0x00,0x00,0x00,0x00,0x80,0xe0,0x7a,0x08,0x2e,0x87,0x00,0x00,0x00,0x00
    db 0x00,0x00,0x00,0x00,0x00,0x00,0x80,0xe1,0x3f,0x18,0xf6,0x87,0x00,0x00,0x00,0x00
    db 0x00,0x00,0x00,0x00,0x00,0x00,0x80,0xe1,0x3f,0x18,0xf6,0x87,0x00,0x00,0x00,0x00
    db 0x00,0x00,0x00,0x00,0x00,0x00,0x80,0xe1,0x3f,0x18,0xfe,0x87,0x00,0x00,0x00,0x00
    db 0x00,0x00,0x00,0x00,0x00,0x00,0xc0,0xe0,0x3f,0x1c,0xf7,0x83,0x00,0x00,0x00,0x00
    db 0x00,0x00,0x00,0x00,0x00,0x00,0xc0,0xe0,0x3f,0x1c,0xff,0x83,0x00,0x00,0x00,0x00
    db 0x00,0x00,0x00,0x00,0x00,0x00,0xc0,0xe1,0x3f,0x1c,0xb7,0xc3,0x00,0x00,0x00,0x00
    db 0x00,0x00,0x00,0x00,0x00,0x00,0xc0,0xe0,0x3f,0x0c,0xbf,0xc3,0x00,0x00,0x00,0x00
    db 0x00,0x00,0x00,0x00,0x00,0x00,0xc0,0xe0,0x3f,0x0c,0xf7,0x43,0x00,0x00,0x00,0x00
    db 0x00,0x00,0x00,0x00,0x00,0x00,0xc0,0xf0,0x1f,0x0c,0xbf,0x43,0x00,0x00,0x00,0x00
    db 0x00,0x00,0x00,0x00,0x00,0x00,0x40,0xf0,0x1f,0x0c,0xff,0xc1,0x00,0x00,0x00,0x00
    db 0x00,0x00,0x00,0x00,0x00,0x00,0x40,0xf0,0x1f,0x0c,0xff,0xc1,0x00,0x00,0x00,0x00
    db 0x00,0x00,0x00,0x00,0x00,0x00,0xe0,0xf0,0x1d,0x0e,0xdf,0xc0,0x00,0x00,0x00,0x00
    db 0x00,0x00,0x00,0x00,0x00,0x00,0xe0,0xf0,0x0f,0x0e,0xdf,0xc1,0x00,0x00,0x00,0x00
    db 0x00,0x00,0x00,0x00,0x00,0x00,0xe0,0xf0,0x1f,0x0e,0xdf,0x61,0x00,0x00,0x00,0x00
    db 0x00,0x00,0x00,0x00,0x00,0x00,0xe0,0xf0,0x0f,0x0e,0xf7,0xe1,0x00,0x00,0x00,0x00
    db 0x00,0x00,0x00,0x00,0x00,0x00,0xe0,0xf0,0x0f,0x0e,0xdf,0x61,0x00,0x00,0x00,0x00
    db 0x00,0x00,0x00,0x00,0x00,0x00,0x60,0xf0,0x0f,0x0e,0xff,0x60,0x00,0x00,0x00,0x00
    db 0x00,0x00,0x00,0x00,0x00,0x00,0xe0,0xf0,0x0f,0x0e,0xff,0xe0,0x00,0x00,0x00,0x00
    db 0x00,0x00,0x00,0x00,0x00,0x00,0x60,0xf0,0x0f,0x06,0xff,0x60,0x00,0x00,0x00,0x00
    db 0x00,0x00,0x00,0x00,0x00,0x00,0x60,0xf0,0x07,0x06,0xff,0x60,0x00,0x00,0x00,0x00
    db 0x00,0x00,0x00,0x00,0x00,0x00,0x60,0xf0,0x07,0x06,0xff,0x60,0x00,0x00,0x00,0x00
    db 0x00,0x00,0x00,0x00,0x04,0x00,0x60,0x70,0x00,0x06,0x3f,0x20,0x00,0x00,0x00,0x00
    db 0x00,0x00,0x00,0x00,0x04,0x00,0x60,0x70,0x00,0x06,0x3f,0x20,0x00,0x00,0x00,0x00
    db 0x00,0x00,0x00,0x00,0x04,0x00,0x30,0x30,0x00,0x07,0x6f,0x70,0x00,0x00,0x00,0x00
    db 0x00,0x00,0x00,0x00,0x04,0x00,0x30,0x30,0x00,0x07,0x7f,0x70,0x00,0x00,0x00,0x00
    db 0x00,0x00,0x00,0x00,0x06,0x00,0x30,0x30,0x00,0x07,0x47,0x70,0x00,0x00,0x00,0x00
    db 0x00,0x20,0x00,0x00,0x06,0x00,0x70,0x30,0x00,0x07,0x67,0x30,0x00,0x00,0x00,0x00
    db 0x00,0x60,0x00,0x00,0x06,0x00,0x70,0x30,0x00,0x07,0x03,0x70,0x00,0x00,0x00,0x00
    db 0x00,0x60,0x00,0x00,0x06,0x00,0x70,0x30,0x00,0x07,0x03,0x70,0x00,0x00,0x00,0x00
    db 0x00,0x60,0x00,0x00,0x07,0x00,0x70,0x30,0x00,0x07,0x03,0x70,0x00,0x00,0x00,0x00
    db 0x00,0x60,0x00,0x00,0x07,0x00,0x70,0x30,0x00,0x07,0x03,0x70,0x08,0x00,0x00,0x00
    db 0x00,0x70,0x00,0x00,0x07,0x00,0x70,0x00,0x00,0x07,0x03,0x78,0x08,0x00,0x00,0x00
    db 0x00,0x70,0x00,0x00,0x07,0x00,0x70,0x00,0x00,0x07,0x03,0x70,0x08,0x00,0x00,0x00
    db 0x00,0x50,0x00,0x80,0x07,0x00,0x38,0x00,0x80,0x07,0x01,0x58,0x00,0x00,0x00,0x00
    db 0x00,0x30,0x00,0x80,0x07,0x00,0x58,0x00,0x80,0x07,0x01,0x38,0x00,0x00,0x00,0x00
    db 0x00,0x50,0x00,0x80,0x05,0x00,0x18,0x00,0x80,0x05,0x03,0x58,0x08,0x00,0x00,0x00
    db 0x00,0x18,0x00,0x80,0x03,0x00,0x38,0x00,0x80,0x03,0x01,0x18,0x00,0x00,0x00,0x00
    db 0x00,0x18,0x00,0x80,0x01,0x00,0x18,0x00,0x80,0x01,0x01,0x18,0x00,0x00,0x00,0x00
    db 0x00,0x38,0x00,0x80,0x03,0x00,0x38,0x00,0x80,0x03,0x01,0x38,0x00,0x00,0x00,0x00
    db 0x00,0x38,0x00,0x80,0x03,0x00,0x38,0x00,0x80,0x03,0x00,0x38,0x00,0x00,0x00,0x00
    db 0x00,0x38,0x00,0x80,0x03,0x00,0x38,0x00,0x80,0x03,0x00,0x38,0x00,0x00,0x00,0x00
    db 0x00,0x3c,0x00,0xc0,0x03,0x00,0x3c,0x00,0xc0,0x03,0x00,0x3c,0x00,0x00,0x00,0x00
    db 0x00,0x38,0x00,0xc0,0x03,0x00,0x3c,0x00,0xc0,0x03,0x00,0x3c,0x00,0x00,0x00,0x00
    db 0x00,0x3c,0x00,0xc0,0x03,0x00,0x3c,0x00,0xc0,0x03,0x00,0x3c,0x00,0x00,0x00,0x00
    db 0x00,0x38,0x00,0xc0,0x03,0x00,0x3c,0x00,0xc0,0x03,0x00,0x3c,0x00,0x00,0x00,0x00
    db 0x00,0x2c,0x00,0xc0,0x03,0x00,0x3c,0x00,0xc0,0x03,0x00,0x2c,0x00,0x00,0x00,0x00
    db 0x00,0x3c,0x00,0xc0,0x03,0x00,0x3c,0x00,0xc0,0x03,0x00,0x3c,0x00,0x00,0x00,0x00
    db 0x00,0x2c,0x00,0xc0,0x03,0x00,0x1c,0x00,0xc0,0x03,0x00,0x2c,0x00,0x00,0x00,0x00
    db 0x00,0x0c,0x00,0xe0,0x02,0x00,0x0c,0x00,0xc0,0x00,0x00,0x0e,0x00,0x00,0x00,0x00
    db 0x00,0x2c,0x00,0xc0,0x02,0x00,0x2c,0x00,0xc0,0x02,0x00,0x2c,0x00,0x00,0x00,0x00
    db 0x00,0x3e,0x00,0xe0,0x03,0x00,0x0c,0x00,0xe0,0x03,0x00,0x3e,0x00,0x00,0x00,0x00
    db 0x00,0x0e,0x00,0xe0,0x02,0x00,0x0e,0x00,0xe0,0x00,0x00,0x0e,0x00,0x00,0x00,0x00
    db 0x00,0x1e,0x00,0xe0,0x03,0x00,0x0e,0x00,0xe0,0x01,0x00,0x1e,0x00,0x00,0x00,0x00
    db 0x00,0x06,0x00,0xe0,0x03,0x00,0x1e,0x00,0xe0,0x01,0x00,0x06,0x00,0x00,0x00,0x00
    db 0x00,0x1e,0x00,0xe0,0x03,0x00,0x1e,0x00,0xe0,0x01,0x00,0x1e,0x00,0x00,0x00,0x00
    db 0x00,0x06,0x00,0xe0,0x03,0x00,0x1e,0x00,0xe0,0x01,0x00,0x06,0x00,0x00,0x00,0x00
    db 0x00,0x1e,0x00,0xf0,0x01,0x00,0x1e,0x00,0xe0,0x01,0x00,0x1f,0x00,0x00,0x00,0x00
    db 0x00,0x07,0x00,0xf0,0x03,0x00,0x1f,0x00,0xf0,0x01,0x00,0x07,0x00,0x00,0x00,0x00
    db 0x00,0x1f,0x00,0xf0,0x01,0x00,0x1f,0x00,0xf0,0x01,0x00,0x0f,0x00,0x00,0x00,0x00
    db 0x00,0x07,0x00,0x70,0x01,0x00,0x17,0x00,0x70,0x01,0x00,0x07,0x00,0x00,0x00,0x00
    db 0x00,0x1f,0x00,0xf0,0x01,0x00,0x17,0x00,0xf0,0x01,0x00,0x1f,0x00,0x00,0x00,0x00
    db 0x00,0x37,0x00,0x70,0x03,0x00,0x17,0x00,0x70,0x03,0x00,0x37,0x00,0x00,0x00,0x00
    db 0x00,0x37,0x00,0x70,0x03,0x00,0x17,0x00,0x70,0x03,0x00,0x37,0x00,0x00,0x00,0x00
    db 0x00,0x33,0x00,0x70,0x03,0x00,0x17,0x00,0x70,0x03,0x00,0x33,0x00,0x00,0x00,0x00
    db 0x00,0x1f,0x00,0xf0,0x01,0x00,0x17,0x00,0xf0,0x01,0x00,0x1f,0x00,0x00,0x00,0x00
    db 0x00,0x3f,0x00,0xf8,0x03,0x80,0x1f,0x00,0xf8,0x03,0x00,0x3f,0x00,0x00,0x00,0x00
    db 0x00,0x1f,0x00,0xf8,0x01,0x80,0x1f,0x00,0xf8,0x01,0x00,0x1f,0x00,0x00,0x00,0x00
    db 0x80,0x3f,0x00,0xf8,0x03,0x80,0x1f,0x00,0xf8,0x03,0x80,0x3f,0x00,0x00,0x00,0x00
    db 0x80,0x1f,0x00,0xf8,0x03,0x80,0x1f,0x00,0xf8,0x01,0x80,0x3f,0x00,0x00,0x00,0x00
    db 0x80,0x3d,0x00,0xf8,0x03,0x80,0x13,0x00,0xf8,0x03,0x80,0x3d,0x00,0x00,0x00,0x00
    db 0xc0,0x3d,0x00,0xfc,0x03,0x80,0x13,0x00,0xfc,0x03,0xc0,0x3d,0x00,0x00,0x00,0x00
    db 0xc0,0x3b,0x00,0xbc,0x03,0x80,0x3b,0x00,0xbc,0x03,0xc0,0x3b,0x00,0x00,0x00,0x00
    db 0xc0,0x3b,0x00,0xbc,0x03,0xc0,0x1b,0x00,0xbc,0x03,0xc0,0x3b,0x00,0x00,0x00,0x00
    db 0xc0,0x11,0x00,0x3c,0x03,0xc0,0x33,0x00,0x3c,0x03,0xc0,0x31,0x00,0x00,0x00,0x00
    db 0xc0,0x11,0x00,0xbc,0x03,0xc0,0x3b,0x00,0xbc,0x03,0xc0,0x31,0x00,0x00,0x00,0x00
    db 0xc0,0x00,0x00,0xbc,0x03,0xc0,0x3b,0x00,0xbc,0x03,0xc0,0x20,0x00,0x00,0x00,0x00
    db 0xc0,0x10,0x00,0xbc,0x03,0xc0,0x3b,0x00,0xbc,0x03,0xc0,0x10,0x00,0x00,0x00,0x00
    db 0x80,0x00,0x00,0x9c,0x03,0xe0,0x39,0x00,0x9e,0x03,0x80,0x00,0x00,0x00,0x00,0x00
    db 0x80,0x00,0x00,0x9e,0x03,0xc0,0x39,0x00,0x9c,0x03,0xa0,0x00,0x00,0x00,0x00,0x00
    db 0x00,0x00,0x00,0x96,0x02,0x60,0x29,0x00,0x96,0x02,0x20,0x00,0x00,0x00,0x00,0x00
    db 0x00,0x00,0x00,0x96,0x02,0x60,0x29,0x00,0x96,0x02,0x20,0x00,0x00,0x00,0x00,0x00
    db 0x00,0x00,0x00,0x00,0x00,0x00,0x00,0x00,0x00,0x00,0x00,0x00,0x00,0x00,0x00,0x00
    db 0x00,0x00,0x00,0x00,0x00,0x00,0x00,0x00,0x00,0x00,0x00,0x00,0x00,0x00,0x00,0x00
    db 0x00,0x00,0x00,0x94,0x06,0x40,0x69,0x00,0x94,0x02,0x00,0x00,0x00,0x00,0x00,0x00
    db 0x00,0x00,0x00,0x94,0x02,0x40,0x69,0x00,0x94,0x02,0x00,0x00,0x00,0x00,0x00,0x00
    db 0x00,0x10,0x00,0x9c,0x03,0xe0,0x79,0x00,0x9e,0x03,0x00,0x10,0x00,0x00,0x00,0x00
    db 0x00,0x10,0x00,0x56,0x03,0x60,0x35,0x00,0x56,0x03,0x40,0x10,0x00,0x00,0x00,0x00
    db 0x00,0x30,0x00,0xdc,0x03,0xc0,0x3d,0x00,0xdc,0x03,0x40,0x30,0x00,0x00,0x00,0x00
    db 0x00,0x30,0x00,0xdc,0x03,0xc0,0x3d,0x00,0xdc,0x03,0x40,0x30,0x00,0x00,0x00,0x00
    db 0x80,0x38,0x00,0xcc,0x03,0xc0,0x3c,0x00,0xcc,0x03,0xc0,0x38,0x00,0x00,0x00,0x00
    db 0xc0,0x38,0x00,0xcc,0x03,0xc0,0x3c,0x00,0xcc,0x03,0xc0,0x38,0x00,0x00,0x00,0x00
    db 0x00,0x3d,0x00,0xdc,0x03,0xc0,0x1d,0x00,0xdc,0x03,0x00,0x3d,0x00,0x00,0x00,0x00
    db 0x00,0x3d,0x00,0xd8,0x03,0x80,0x1c,0x00,0xd8,0x03,0x00,0x3d,0x00,0x00,0x00,0x00
    db 0xc0,0x1b,0x00,0xfc,0x03,0x80,0x1c,0x00,0xfc,0x01,0xc0,0x3b,0x00,0x00,0x00,0x00
    db 0x80,0x1f,0x00,0xfc,0x01,0x80,0x1f,0x00,0xfc,0x01,0xc0,0x1f,0x00,0x00,0x00,0x00
    db 0xc0,0x1f,0x00,0xfc,0x01,0x80,0x1f,0x00,0xfc,0x01,0xc0,0x1f,0x00,0x00,0x00,0x00
    db 0x00,0x1f,0x00,0xfc,0x01,0x80,0x1c,0x00,0xf8,0x01,0x00,0x1f,0x00,0x00,0x00,0x00
    db 0xc0,0x0f,0x00,0xfc,0x01,0x80,0x1f,0x00,0xfc,0x01,0xc0,0x0f,0x00,0x00,0x00,0x00
    db 0xc0,0x0f,0x00,0xfc,0x00,0x80,0x0f,0x00,0xfc,0x00,0xc0,0x0f,0x00,0x00,0x00,0x00
    db 0xc0,0x0c,0x00,0xec,0x00,0x80,0x0e,0x00,0xec,0x00,0xc0,0x0c,0x00,0x00,0x00,0x00
    db 0x00,0x0c,0x00,0xe8,0x01,0x80,0x0e,0x00,0xe8,0x00,0x00,0x1c,0x00,0x00,0x00,0x00
    db 0xc0,0x0e,0x00,0xec,0x00,0x80,0x0e,0x00,0xec,0x00,0xc0,0x0e,0x00,0x00,0x00,0x00
    db 0x80,0x0f,0x00,0xf8,0x00,0x80,0x0e,0x00,0xf8,0x00,0x80,0x0f,0x00,0x00,0x00,0x00
    db 0x00,0x0e,0x00,0xe8,0x00,0x80,0x0e,0x00,0xe8,0x00,0x00,0x0e,0x00,0x00,0x00,0x00
    db 0x80,0x07,0x00,0xfc,0x00,0x80,0x0e,0x00,0xf8,0x00,0x80,0x07,0x00,0x00,0x00,0x00
    db 0x00,0x0e,0x00,0xfc,0x00,0x80,0x0f,0x00,0xf8,0x00,0x00,0x0e,0x00,0x00,0x00,0x00
    db 0x80,0x07,0x00,0x78,0x00,0x80,0x0f,0x00,0xf8,0x00,0x80,0x07,0x00,0x00,0x00,0x00
    db 0x00,0x06,0x00,0x7c,0x00,0x80,0x07,0x00,0x78,0x00,0x00,0x06,0x00,0x00,0x00,0x00
    db 0x80,0x07,0x00,0x78,0x00,0x80,0x07,0x00,0x7c,0x00,0x80,0x07,0x00,0x00,0x00,0x00
    db 0x00,0x06,0x00,0x78,0x00,0x80,0x07,0x00,0x78,0x00,0x00,0x06,0x00,0x00,0x00,0x00
    db 0x80,0x07,0x00,0x7c,0x00,0xc0,0x07,0x00,0x7c,0x00,0x80,0x07,0x00,0x00,0x00,0x00
    db 0x40,0x03,0x00,0x70,0x00,0x00,0x07,0x00,0x74,0x00,0x00,0x07,0x00,0x00,0x00,0x00
    db 0xc0,0x07,0x00,0x7c,0x00,0x00,0x07,0x00,0x7c,0x00,0xc0,0x07,0x00,0x00,0x00,0x00
    db 0x40,0x03,0x00,0x34,0x00,0x40,0x03,0x00,0x34,0x00,0x40,0x03,0x00,0x00,0x00,0x00
    db 0x80,0x03,0x00,0x3c,0x00,0x40,0x03,0x00,0x3c,0x00,0x80,0x03,0x00,0x00,0x00,0x00
    db 0x40,0x03,0x00,0x3c,0x00,0x80,0x03,0x00,0x3c,0x00,0x40,0x03,0x00,0x00,0x00,0x00
    db 0xc0,0x03,0x00,0x3c,0x00,0xc0,0x03,0x00,0x3c,0x00,0xc0,0x03,0x00,0x00,0x00,0x00
    db 0x40,0x03,0x00,0x3c,0x00,0xc0,0x03,0x00,0x3c,0x00,0x40,0x03,0x00,0x00,0x00,0x00
    db 0xc0,0x03,0x00,0x3c,0x00,0xc0,0x03,0x00,0x3c,0x00,0xc0,0x03,0x00,0x00,0x00,0x00
    db 0xc0,0x03,0x00,0x3c,0x00,0xc0,0x03,0x00,0x3c,0x00,0xc0,0x03,0x00,0x00,0x00,0x00
    db 0xc0,0x03,0x00,0x3c,0x00,0xc0,0x03,0x00,0x3c,0x00,0xc0,0x03,0x00,0x00,0x00,0x00
    db 0xc0,0x01,0x00,0x3c,0x00,0xc0,0x03,0x00,0x3c,0x00,0xc0,0x03,0x00,0x00,0x00,0x00
    db 0xc0,0x01,0x00,0x3c,0x00,0xc0,0x01,0x00,0x1c,0x00,0xc0,0x03,0x00,0x00,0x00,0x00
    db 0xe0,0x01,0x00,0x1c,0x00,0xc0,0x01,0x00,0x1e,0x00,0xc0,0x01,0x00,0x00,0x00,0x00
    db 0xa0,0x01,0x00,0x1c,0x00,0xc0,0x01,0x00,0x1c,0x00,0x80,0x01,0x00,0x00,0x00,0x00
    db 0xa0,0x01,0x08,0x18,0x00,0x80,0x01,0x00,0x18,0x00,0x80,0x01,0x00,0x00,0x00,0x00
    db 0xa0,0x01,0x08,0x1c,0x00,0xc0,0x01,0x00,0x1c,0x00,0x80,0x01,0x00,0x00,0x00,0x00
    db 0xa1,0x00,0x08,0x1a,0x00,0x80,0x01,0x00,0x1a,0x00,0xa0,0x00,0x00,0x00,0x00,0x00
    db 0xe0,0x01,0x08,0x1e,0x00,0xe0,0x01,0x00,0x1e,0x00,0xc0,0x00,0x00,0x00,0x00,0x00
    db 0xa0,0x01,0x08,0x1e,0x00,0xc0,0x01,0x00,0x1e,0x00,0xa0,0x00,0x00,0x00,0x00,0x00
    db 0xa0,0x00,0x0c,0x0e,0x00,0xe0,0x01,0x00,0x0e,0x00,0xa0,0x00,0x00,0x00,0x00,0x00
    db 0xe1,0x00,0x08,0x1e,0x00,0xe0,0x00,0x00,0x0e,0x00,0x60,0x00,0x00,0x00,0x00,0x00
    db 0xe0,0x00,0x0c,0x0e,0xc0,0xe0,0x00,0x00,0x0e,0x00,0x60,0x00,0x00,0x00,0x00,0x00
    db 0xe1,0x00,0x0c,0x0e,0xc0,0xe0,0x00,0x00,0x06,0x00,0x60,0x00,0x00,0x00,0x00,0x00
    db 0xe1,0x00,0x0c,0x0e,0xc0,0xe0,0x00,0x00,0x0e,0x00,0x60,0x00,0x00,0x00,0x00,0x00
    db 0xe0,0x00,0x0c,0x0e,0xc0,0xe0,0x00,0x00,0x06,0x00,0x60,0x00,0x00,0x00,0x00,0x00
    db 0xc0,0x00,0x0c,0x0e,0xc0,0xe0,0x00,0x00,0x06,0x00,0x40,0x00,0x00,0x00,0x00,0x00
    db 0x60,0x60,0x0f,0x0e,0xc0,0xc0,0x00,0x00,0x06,0x00,0x20,0x00,0x00,0x00,0x00,0x00
    db 0x60,0x60,0x0f,0x0e,0xc0,0xc0,0x00,0x00,0x06,0x00,0x30,0x00,0x00,0x00,0x00,0x00
    db 0xe0,0x60,0x0f,0x0e,0xc0,0xc0,0x00,0x00,0x06,0x00,0x00,0x00,0x00,0x00,0x00,0x00
    db 0xe0,0x60,0x0f,0x0e,0xe0,0xe0,0x00,0x00,0x02,0x00,0x00,0x00,0x00,0x00,0x00,0x00
    db 0x40,0x40,0x0f,0x06,0xe0,0x60,0x00,0x00,0x03,0x00,0x00,0x00,0x00,0x00,0x00,0x00
    db 0x60,0xe0,0x0f,0x06,0xf0,0x60,0x00,0x00,0x00,0x00,0x00,0x00,0x00,0x00,0x00,0x00
    db 0x60,0xf0,0x0f,0x06,0xfe,0x60,0x00,0x00,0x00,0x00,0x00,0x00,0x00,0x00,0x00,0x00
    db 0x60,0xf0,0x0f,0x07,0xfe,0x60,0x00,0x00,0x00,0x00,0x00,0x00,0x00,0x00,0x00,0x00
