     1                                  ; Dreams XGA v2 development baseline - IBM PS/2 MCA XGA-1.
     2                                  ; Functionally identical to the verified v1 binaries until v2 changes begin.
     3                                  ; Build: python prepare_dreams.py, then NASM with PAN_STYLE 1/0/2.
     4                                  ; TEST_MODE=1/2 retain the original gradient and small BitBLT diagnostics.
     5                                  ; Register/mode sources: XGAKIT.ASM, MINI/XGA.INC, NT xgaregs.h/xga.h.
     6                                  
     7                                  cpu 386
     8                                  bits 16
     9                                  org 0x100
    10                                  
    11                                  %ifndef TEST_MODE
    12                                  %define TEST_MODE 3
    13                                  %endif
    14                                  %ifndef PAN_STYLE
    15                                  %define PAN_STYLE 1                 ; 1 = scanout, 0 = BitBLT, 2 = CPU copy
    16                                  %endif
    17                                  
    18                                  SCREEN_W equ 640
    19                                  SCREEN_H equ 480
    20                                  SOURCE_W equ 960
    21                                  SOURCE_H equ 640
    22                                  SOURCE_BASE equ SCREEN_W * SCREEN_H       ; 0x4b000
    23                                  SOURCE_PAGES equ SOURCE_W * SOURCE_H / 4096
    24                                  PAN_MAX_X equ SOURCE_W - SCREEN_W
    25                                  PAN_MAX_Y equ SOURCE_H - SCREEN_H
    26                                  BLT_OP equ 0xA8218000                    ; source map B -> dest A, SRC_COPY
    27                                  %if TEST_MODE = 3
    28                                  %include "dreams_asset.inc"
     1                              <1> ; Generated from Dreams.bmp by prepare_dreams.py
     2                              <1> IMAGE_CRC equ 0x7bcec598
     3                              <1> PROGRESS_COLOR equ 74
     4                              <1> IMAGE_FIRST equ 0
     5                              <1> IMAGE_MIDDLE equ 14
     6                              <1> IMAGE_LAST equ 0
    29                                  PROGRESS_BASE equ 236 * SCREEN_W + 168 - 2 * 65536
    30                                  %else
    31                                  PROGRESS_COLOR equ 255
    32                                  %endif
    33                                  
    34                                  start:
    35 00000000 0E                          push cs
    36 00000001 1F                          pop ds
    37 00000002 B40F                        mov ah, 0x0f
    38 00000004 CD10                        int 0x10
    39 00000006 A2[870B]                    mov [old_mode], al
    40 00000009 BA[1B95]                    mov dx, log_boot_name
    41 0000000C E80101                      call touch_file
    42 0000000F BA[5C94]                    mov dx, msg_start
    43 00000012 E8F600                      call puts
    44 00000015 E80701                      call detect_xga
    45 00000018 0F82DE00                    jc .no_xga
    46 0000001C BA[2795]                    mov dx, log_detect_name
    47 0000001F E8EE00                      call touch_file
    48 00000022 66833E[940B]00              cmp dword [aperture], 0
    49 00000028 0F84C300                    je .no_aperture
    50 0000002C E8EE01                      call set_xga_mode
    51 0000002F C606[880B]01                mov byte [mode_active], 1
    52 00000034 BA[3295]                    mov dx, log_mode_name
    53 00000037 E8D600                      call touch_file
    54                                  %if TEST_MODE != 1 && TEST_MODE != 3
    55                                      call probe_vram
    56                                      jc .no_vram
    57                                  %endif
    58 0000003A E80006                      call set_palette
    59                                  %if TEST_MODE = 1
    60                                      call fill_screen
    61                                      jmp .wait_key
    62                                  %else
    63                                  %if TEST_MODE = 3
    64 0000003D E81005                      call check_image_cache
    65 00000040 731B                        jnc .image_ready
    66 00000042 E80202                      call probe_vram
    67 00000045 0F829000                    jc .no_vram
    68 00000049 E86F05                      call progress_init
    69 0000004C E83302                      call open_image
    70 0000004F 0F829400                    jc .image_error
    71 00000053 E85302                      call load_image
    72 00000056 0F828D00                    jc .image_error
    73 0000005A E83E05                      call mark_image_cache
    74                                  .image_ready:
    75                                  %else
    76                                      call fill_source
    77                                  %endif
    78 0000005D E8CC06                      call setup_maps
    79                                  %if TEST_MODE = 2
    80                                      mov word [es:0x60], 127
    81                                      mov word [es:0x62], 127
    82                                      mov word [es:0x70], 80
    83                                      mov word [es:0x72], 80
    84                                      mov word [es:0x78], 256
    85                                      mov word [es:0x7a], 176
    86                                      mov dword [es:0x7c], BLT_OP
    87                                      call wait_cp
    88                                      jc .cp_timeout
    89                                      jmp .wait_key
    90                                  %else
    91 00000060 26C70660007F02              mov word [es:0x60], SCREEN_W-1
    92 00000067 26C7066200DF01              mov word [es:0x62], SCREEN_H-1
    93                                  %if PAN_STYLE = 2
    94 0000006E E8AA09                      call cpu_blit
    95                                  %else
    96                                      call full_blit
    97                                      jc .cp_timeout
    98                                      call log_first_blit
    99                                  %endif
   100                                  %if PAN_STYLE = 1
   101                                      call configure_scanout
   102                                  %endif
   103 00000071 E83207                      call setup_sprite_hud
   104                                  .frame:
   105                                  %if PAN_STYLE = 0
   106                                      call wait_cp
   107                                      jc .cp_timeout
   108                                      cmp byte [vsync_enabled], 0
   109                                      je .copy_now
   110                                      call wait_vsync
   111                                      jnc .copy_now
   112                                      mov byte [vsync_enabled], 0    ; status bit did not toggle
   113                                      mov word [hud_last_fps], 0xffff
   114                                      call update_sprite_hud
   115                                  .copy_now:
   116                                      mov ax, [pan_x]
   117                                      mov [es:0x70], ax
   118                                      mov ax, [pan_y]
   119                                      mov [es:0x72], ax
   120                                      mov word [es:0x78], 0
   121                                      mov word [es:0x7a], 0
   122                                      mov dword [es:0x7c], BLT_OP
   123                                      call wait_cp
   124                                      jc .cp_timeout
   125                                      call update_fps
   126                                      call update_sprite_hud
   127                                  %elif PAN_STYLE = 2
   128 00000074 E8A409                      call cpu_blit
   129 00000077 E8E507                      call update_fps
   130 0000007A E88D07                      call update_sprite_hud
   131                                  %else
   132                                      cmp byte [vsync_enabled], 0
   133                                      je .set_now
   134                                      call wait_vsync
   135                                      jnc .set_now
   136                                      mov byte [vsync_enabled], 0
   137                                      mov word [hud_last_fps], 0xffff
   138                                      call update_sprite_hud
   139                                  .set_now:
   140                                      call set_view
   141                                      call update_fps
   142                                      call update_sprite_hud
   143                                      call refresh_source_pages
   144                                  %endif
   145 0000007D B401                        mov ah, 1
   146 0000007F CD16                        int 0x16
   147 00000081 7408                        jz .animate
   148 00000083 30E4                        xor ah, ah
   149 00000085 CD16                        int 0x16
   150 00000087 3C1B                        cmp al, 27
   151 00000089 7438                        je .wait_key
   152                                  %if PAN_STYLE != 2
   153                                      cmp al, 's'
   154                                      je .toggle_sync
   155                                      cmp al, 'S'
   156                                      jne .animate
   157                                  .toggle_sync:
   158                                      xor byte [vsync_enabled], 1
   159                                      mov byte [fps_started], 0
   160                                      mov word [hud_frames], 0
   161                                      mov word [hud_fps10], 0
   162                                      mov word [hud_last_fps], 0xffff
   163                                      call update_sprite_hud
   164                                  %endif
   165                                  .animate:
   166 0000008B A1[A00B]                    mov ax, [pan_x]
   167 0000008E 0306[A40B]                  add ax, [step_x]
   168 00000092 3D4001                      cmp ax, PAN_MAX_X
   169 00000095 760C                        jbe .x_ok
   170 00000097 F71E[A40B]                  neg word [step_x]
   171 0000009B 0306[A40B]                  add ax, [step_x]
   172 0000009F 0306[A40B]                  add ax, [step_x]
   173                                  .x_ok:
   174 000000A3 A3[A00B]                    mov [pan_x], ax
   175 000000A6 A1[A20B]                    mov ax, [pan_y]
   176 000000A9 0306[A60B]                  add ax, [step_y]
   177 000000AD 3DA000                      cmp ax, PAN_MAX_Y
   178 000000B0 760C                        jbe .y_ok
   179 000000B2 F71E[A60B]                  neg word [step_y]
   180 000000B6 0306[A60B]                  add ax, [step_y]
   181 000000BA 0306[A60B]                  add ax, [step_y]
   182                                  .y_ok:
   183 000000BE A3[A20B]                    mov [pan_y], ax
   184 000000C1 EBB1                        jmp .frame
   185                                  %endif
   186                                  %endif
   187                                  .wait_key:
   188                                  %if TEST_MODE != 3
   189                                      xor ah, ah
   190                                      int 0x16
   191                                      cmp al, 27
   192                                      jne .wait_key
   193                                  %endif
   194 000000C3 E86A0A                      call restore_mode
   195 000000C6 B8004C                      mov ax, 0x4c00
   196 000000C9 CD21                        int 0x21
   197                                  .cp_timeout:
   198 000000CB E8620A                      call restore_mode
   199 000000CE BA[5E95]                    mov dx, log_cp_error
   200 000000D1 E83C00                      call touch_file
   201 000000D4 BA[F694]                    mov dx, msg_cp_timeout
   202 000000D7 EB2A                        jmp .error
   203                                  .no_vram:
   204 000000D9 E8540A                      call restore_mode
   205 000000DC BA[5395]                    mov dx, log_vram_error
   206 000000DF E82E00                      call touch_file
   207 000000E2 BA[B294]                    mov dx, msg_no_vram
   208 000000E5 EB1C                        jmp .error
   209                                  .image_error:
   210 000000E7 E8460A                      call restore_mode
   211 000000EA BA[D294]                    mov dx, msg_image_error
   212 000000ED EB14                        jmp .error
   213                                  .no_aperture:
   214 000000EF BA[4895]                    mov dx, log_ap_error
   215 000000F2 E81B00                      call touch_file
   216 000000F5 BA[8B94]                    mov dx, msg_no_aperture
   217 000000F8 EB09                        jmp .error
   218                                  .no_xga:
   219 000000FA BA[3E95]                    mov dx, log_xga_error
   220 000000FD E81000                      call touch_file
   221 00000100 BA[6B94]                    mov dx, msg_no_xga
   222                                  .error:
   223 00000103 E80500                      call puts
   224 00000106 B8014C                      mov ax, 0x4c01
   225 00000109 CD21                        int 0x21
   226                                  
   227                                  puts:
   228 0000010B B409                        mov ah, 9
   229 0000010D CD21                        int 0x21
   230 0000010F C3                          ret
   231                                  
   232                                  touch_file:
   233 00000110 B43C                        mov ah, 0x3c
   234 00000112 31C9                        xor cx, cx
   235 00000114 CD21                        int 0x21
   236 00000116 7206                        jc .done
   237 00000118 89C3                        mov bx, ax
   238 0000011A B43E                        mov ah, 0x3e
   239 0000011C CD21                        int 0x21
   240                                  .done:
   241 0000011E C3                          ret
   242                                  
   243                                  ; BIOS MCA POS enumeration; slot 0 is motherboard, 1..8 are expansion slots.
   244                                  detect_xga:
   245 0000011F B800C4                      mov ax, 0xc400
   246 00000122 CD15                        int 0x15
   247 00000124 7263                        jc .fail
   248 00000126 8916[890B]                  mov [pos_base], dx
   249 0000012A 31C9                        xor cx, cx
   250                                  .slot:
   251 0000012C 51                          push cx
   252 0000012D FA                          cli
   253 0000012E 09C9                        or cx, cx
   254 00000130 7506                        jnz .select_slot
   255 00000132 B0DF                        mov al, 0xdf
   256 00000134 E694                        out 0x94, al
   257 00000136 EB09                        jmp .read_pos
   258                                  .select_slot:
   259 00000138 89CB                        mov bx, cx
   260 0000013A B801C4                      mov ax, 0xc401
   261 0000013D CD15                        int 0x15
   262 0000013F 721D                        jc .deselect
   263                                  .read_pos:
   264 00000141 8B16[890B]                  mov dx, [pos_base]
   265 00000145 ED                          in ax, dx
   266 00000146 A3[8B0B]                    mov [card_id], ax
   267 00000149 83C202                      add dx, 2                      ; POS byte 1
   268 0000014C EC                          in al, dx
   269 0000014D A2[8D0B]                    mov [pos1], al
   270 00000150 83C202                      add dx, 2                      ; POS byte 3 is at base + 4
   271 00000153 EC                          in al, dx
   272 00000154 A2[8E0B]                    mov [pos3], al
   273 00000157 42                          inc dx                         ; POS byte 4 is at base + 5
   274 00000158 EC                          in al, dx
   275 00000159 240F                        and al, 0x0f
   276 0000015B A2[8F0B]                    mov [pos4], al
   277                                  .deselect:
   278 0000015E 59                          pop cx
   279 0000015F 09C9                        or cx, cx
   280 00000161 7506                        jnz .normal_slot
   281 00000163 B0FF                        mov al, 0xff
   282 00000165 E694                        out 0x94, al
   283 00000167 EB09                        jmp .compare
   284                                  .normal_slot:
   285 00000169 51                          push cx
   286 0000016A 89CB                        mov bx, cx
   287 0000016C B802C4                      mov ax, 0xc402
   288 0000016F CD15                        int 0x15
   289 00000171 59                          pop cx
   290                                  .compare:
   291 00000172 FB                          sti
   292 00000173 813E[8B0B]DB8F              cmp word [card_id], 0x8fdb
   293 00000179 7410                        je .found
   294 0000017B 813E[8B0B]DA8F              cmp word [card_id], 0x8fda
   295 00000181 7408                        je .found
   296 00000183 41                          inc cx
   297 00000184 83F909                      cmp cx, 9
   298 00000187 76A3                        jbe .slot
   299                                  .fail:
   300 00000189 F9                          stc
   301 0000018A C3                          ret
   302                                  .found:
   303                                      ; io = 0x2100 + ((POS1 & 0x0e) << 3)
   304 0000018B 31C0                        xor ax, ax
   305 0000018D A0[8D0B]                    mov al, [pos1]
   306 00000190 240E                        and al, 0x0e
   307 00000192 C1E003                      shl ax, 3
   308 00000195 050021                      add ax, 0x2100
   309 00000198 A3[900B]                    mov [io_base], ax
   310                                      ; ROM = 0xc0000 + ((POS1 >> 4) * 0x2000).
   311                                      ; CP MMIO = ROM + 0x1c00 + (((POS1 & 0x0e)>>1) * 0x80).
   312 0000019B 6631C0                      xor eax, eax
   313 0000019E A0[8D0B]                    mov al, [pos1]
   314 000001A1 C0E804                      shr al, 4
   315 000001A4 66C1E00D                    shl eax, 13
   316 000001A8 6605001C0C00                add eax, 0xc1c00
   317 000001AE 6631DB                      xor ebx, ebx
   318 000001B1 8A1E[8D0B]                  mov bl, [pos1]
   319 000001B5 80E30E                      and bl, 0x0e
   320 000001B8 66C1E306                    shl ebx, 6
   321 000001BC 6601D8                      add eax, ebx
   322 000001BF 66C1E804                    shr eax, 4
   323 000001C3 A3[920B]                    mov [cp_seg], ax
   324                                      ; 1 MB aperture physical address from POS4. Fall back to the 4 MB
   325                                      ; aperture from POS3 when the 1 MB aperture is disabled.
   326 000001C6 6631C0                      xor eax, eax
   327 000001C9 A0[8F0B]                    mov al, [pos4]
   328 000001CC 66C1E014                    shl eax, 20
   329 000001D0 6609C0                      or eax, eax
   330 000001D3 7521                        jnz .ap_ready
   331 000001D5 F606[8E0B]01                test byte [pos3], 1
   332 000001DA 741A                        jz .ap_ready
   333 000001DC A0[8E0B]                    mov al, [pos3]
   334 000001DF 24FE                        and al, 0xfe
   335 000001E1 66C1E018                    shl eax, 24
   336 000001E5 6631DB                      xor ebx, ebx
   337 000001E8 8A1E[8D0B]                  mov bl, [pos1]
   338 000001EC 80E30E                      and bl, 0x0e
   339 000001EF 66C1E315                    shl ebx, 21
   340 000001F3 6601D8                      add eax, ebx
   341                                  .ap_ready:
   342 000001F6 66A3[940B]                  mov [aperture], eax
   343                                      ; 86Box's XGA coprocessor resolves VRAM pixel maps against the 4 MB
   344                                      ; aperture base, even when the CPU is using the banked 64 KB window.
   345                                      ; This is the address decoded from POS3 plus the XGA instance number.
   346 000001FA 6631C0                      xor eax, eax
   347 000001FD A0[8E0B]                    mov al, [pos3]
   348 00000200 24FE                        and al, 0xfe
   349 00000202 66C1E018                    shl eax, 24
   350 00000206 6631DB                      xor ebx, ebx
   351 00000209 8A1E[8D0B]                  mov bl, [pos1]
   352 0000020D 80E30E                      and bl, 0x0e
   353 00000210 66C1E315                    shl ebx, 21
   354 00000214 6601D8                      add eax, ebx
   355 00000217 66A3[980B]                  mov [cp_aperture], eax
   356 0000021B F8                          clc
   357 0000021C C3                          ret
   358                                  
   359                                  set_xga_mode:
   360 0000021D BAC303                      mov dx, 0x3c3
   361 00000220 B001                        mov al, 1
   362 00000222 EE                          out dx, al
   363 00000223 BE[9995]                    mov si, mode_table
   364                                  .next:
   365 00000226 AC                          lodsb
   366 00000227 3CFF                        cmp al, 0xff
   367 00000229 741B                        je .done
   368 0000022B 88C3                        mov bl, al
   369 0000022D 30E4                        xor ah, ah
   370 0000022F 8B16[900B]                  mov dx, [io_base]
   371 00000233 01C2                        add dx, ax
   372 00000235 AC                          lodsb
   373 00000236 8A24                        mov ah, [si]
   374 00000238 46                          inc si
   375 00000239 80FB0A                      cmp bl, 0x0a
   376 0000023C 7405                        je .indexed
   377 0000023E 88E0                        mov al, ah
   378 00000240 EE                          out dx, al
   379 00000241 EBE3                        jmp .next
   380                                  .indexed:
   381 00000243 EF                          out dx, ax
   382 00000244 EBE0                        jmp .next
   383                                  .done:
   384 00000246 C3                          ret
   385                                  
   386                                  ; Probe two banks separated by 512 KB; a 512 KB card may mirror page 12.
   387                                  probe_vram:
   388 00000247 8B16[900B]                  mov dx, [io_base]
   389 0000024B 83C208                      add dx, 8
   390 0000024E B800A0                      mov ax, 0xa000
   391 00000251 8EC0                        mov es, ax
   392 00000253 B004                        mov al, 4
   393 00000255 EE                          out dx, al
   394 00000256 26C606000055                mov byte [es:0], 0x55
   395 0000025C B00C                        mov al, 12
   396 0000025E EE                          out dx, al
   397 0000025F 26C6060000A5                mov byte [es:0], 0xa5
   398 00000265 26803E0000A5                cmp byte [es:0], 0xa5
   399 0000026B 7510                        jne .fail
   400 0000026D B004                        mov al, 4
   401 0000026F EE                          out dx, al
   402 00000270 26803E000055                cmp byte [es:0], 0x55
   403 00000276 7505                        jne .fail
   404 00000278 30C0                        xor al, al
   405 0000027A EE                          out dx, al
   406 0000027B F8                          clc
   407 0000027C C3                          ret
   408                                  .fail:
   409 0000027D 30C0                        xor al, al
   410 0000027F EE                          out dx, al
   411 00000280 F9                          stc
   412 00000281 C3                          ret
   413                                  
   414                                  ; XGA palette port: index at I/O+0x0a, RGB stream at I/O+0x0b.
   415                                  %if TEST_MODE = 3
   416                                  open_image:
   417 00000282 B8003D                      mov ax, 0x3d00
   418 00000285 BA[3611]                    mov dx, image_name
   419 00000288 CD21                        int 0x21
   420 0000028A 721B                        jc .fail
   421 0000028C A3[4111]                    mov [image_handle], ax
   422 0000028F 89C3                        mov bx, ax
   423 00000291 B80042                      mov ax, 0x4200                 ; palette is embedded in the COM
   424 00000294 31C9                        xor cx, cx
   425 00000296 BA0003                      mov dx, 768
   426 00000299 CD21                        int 0x21
   427 0000029B 7202                        jc .close_fail
   428 0000029D F8                          clc
   429 0000029E C3                          ret
   430                                  .close_fail:
   431 0000029F 8B1E[4111]                  mov bx, [image_handle]
   432 000002A3 B43E                        mov ah, 0x3e
   433 000002A5 CD21                        int 0x21
   434                                  .fail:
   435 000002A7 F9                          stc
   436 000002A8 C3                          ret
   437                                  
   438                                  ; Expand each fixed-Huffman DEFLATE page into the work buffer before VRAM copy.
   439                                  load_image:
   440 000002A9 C706[4311]0400              mov word [load_bank], 4
   441 000002AF C706[4511]00B0              mov word [load_offset], 0xb000
   442 000002B5 C706[4711]0000              mov word [loaded_pages], 0
   443 000002BB BD9600                      mov bp, SOURCE_PAGES
   444                                  .read_page:
   445 000002BE 8B1E[4111]                  mov bx, [image_handle]
   446 000002C2 B43F                        mov ah, 0x3f
   447 000002C4 B90200                      mov cx, 2
   448 000002C7 BA[4911]                    mov dx, chunk_bytes
   449 000002CA CD21                        int 0x21
   450 000002CC 7266                        jc .fail
   451 000002CE 83F802                      cmp ax, 2
   452 000002D1 7561                        jne .fail
   453 000002D3 8B0E[4911]                  mov cx, [chunk_bytes]
   454 000002D7 09C9                        or cx, cx
   455 000002D9 7459                        jz .fail
   456 000002DB 81F90010                    cmp cx, 4096
   457 000002DF 7753                        ja .fail
   458 000002E1 8B1E[4111]                  mov bx, [image_handle]
   459 000002E5 B43F                        mov ah, 0x3f
   460 000002E7 BA[5414]                    mov dx, image_page
   461 000002EA CD21                        int 0x21
   462 000002EC 7246                        jc .fail
   463 000002EE 3B06[4911]                  cmp ax, [chunk_bytes]
   464 000002F2 7540                        jne .fail
   465 000002F4 1E                          push ds
   466 000002F5 07                          pop es
   467 000002F6 E84500                      call inflate_page
   468 000002F9 7239                        jc .fail
   469 000002FB BE[5424]                    mov si, image_page + 4096
   470 000002FE B800A0                      mov ax, 0xa000
   471 00000301 8EC0                        mov es, ax
   472 00000303 8B1E[4311]                  mov bx, [load_bank]
   473 00000307 E81304                      call select_bank
   474 0000030A 8B3E[4511]                  mov di, [load_offset]
   475 0000030E B90008                      mov cx, 2048
   476 00000311 FC                          cld
   477 00000312 F3A5                        rep movsw
   478 00000314 8106[4511]0010              add word [load_offset], 4096
   479 0000031A 7504                        jnz .next
   480 0000031C FF06[4311]                  inc word [load_bank]
   481                                  .next:
   482 00000320 FF06[4711]                  inc word [loaded_pages]
   483 00000324 E8E602                      call progress_update
   484 00000327 4D                          dec bp
   485 00000328 7594                        jnz .read_page
   486 0000032A 8B1E[4111]                  mov bx, [image_handle]
   487 0000032E B43E                        mov ah, 0x3e
   488 00000330 CD21                        int 0x21
   489 00000332 F8                          clc
   490 00000333 C3                          ret
   491                                  .fail:
   492 00000334 8B1E[4111]                  mov bx, [image_handle]
   493 00000338 B43E                        mov ah, 0x3e
   494 0000033A CD21                        int 0x21
   495 0000033C F9                          stc
   496 0000033D C3                          ret
   497                                  
   498                                  inflate_page:
   499 0000033E FC                          cld
   500 0000033F BE[5414]                    mov si, image_page
   501 00000342 89F0                        mov ax, si
   502 00000344 0306[4911]                  add ax, [chunk_bytes]
   503 00000348 A3[4B11]                    mov [input_end], ax
   504 0000034B BF[5424]                    mov di, image_page + 4096
   505 0000034E C606[5111]00                mov byte [bits_left], 0
   506 00000353 B90300                      mov cx, 3
   507 00000356 E8D800                      call read_bits
   508 00000359 0F82AC00                    jc .fail
   509 0000035D 83FB03                      cmp bx, 3                       ; one final fixed-Huffman block
   510 00000360 0F85A500                    jne .fail
   511                                  .symbol:
   512 00000364 E8E200                      call read_code
   513 00000367 0F829E00                    jc .fail
   514 0000036B 3D0001                      cmp ax, 256
   515 0000036E 0F848900                    je .done
   516 00000372 770B                        ja .match
   517 00000374 81FF[5434]                  cmp di, image_page + 8192
   518 00000378 0F838D00                    jae .fail
   519 0000037C AA                          stosb
   520 0000037D EBE5                        jmp .symbol
   521                                  .match:
   522 0000037F 2D0101                      sub ax, 257
   523 00000382 83F81C                      cmp ax, 28
   524 00000385 0F878000                    ja .fail
   525 00000389 89C3                        mov bx, ax
   526 0000038B D1E3                        shl bx, 1
   527 0000038D 8B87[9F04]                  mov ax, [length_base + bx]
   528 00000391 A3[4D11]                    mov [match_count], ax
   529 00000394 D1EB                        shr bx, 1
   530 00000396 31C9                        xor cx, cx
   531 00000398 8A8F[D904]                  mov cl, [length_extra + bx]
   532 0000039C E309                        jcxz .length_ready
   533 0000039E E89000                      call read_bits
   534 000003A1 7266                        jc .fail
   535 000003A3 011E[4D11]                  add [match_count], bx
   536                                  .length_ready:
   537 000003A7 B90500                      mov cx, 5
   538 000003AA 31DB                        xor bx, bx
   539                                  .distance_code:
   540 000003AC E85C00                      call read_bit
   541 000003AF 7258                        jc .fail
   542 000003B1 D1E3                        shl bx, 1
   543 000003B3 08C3                        or bl, al
   544 000003B5 E2F5                        loop .distance_code
   545 000003B7 83FB1D                      cmp bx, 29
   546 000003BA 774D                        ja .fail
   547 000003BC 8A8F[3205]                  mov cl, [distance_extra + bx]
   548 000003C0 D1E3                        shl bx, 1
   549 000003C2 8B87[F604]                  mov ax, [distance_base + bx]
   550 000003C6 A3[4F11]                    mov [match_distance], ax
   551 000003C9 30ED                        xor ch, ch
   552 000003CB E309                        jcxz .distance_ready
   553 000003CD E86100                      call read_bits
   554 000003D0 7237                        jc .fail
   555 000003D2 011E[4F11]                  add [match_distance], bx
   556                                  .distance_ready:
   557 000003D6 89F8                        mov ax, di
   558 000003D8 2D[5424]                    sub ax, image_page + 4096
   559 000003DB 3906[4F11]                  cmp [match_distance], ax
   560 000003DF 7728                        ja .fail
   561 000003E1 8B0E[4D11]                  mov cx, [match_count]
   562 000003E5 89F8                        mov ax, di
   563 000003E7 01C8                        add ax, cx
   564 000003E9 3D[5434]                    cmp ax, image_page + 8192
   565 000003EC 771B                        ja .fail
   566 000003EE 56                          push si
   567 000003EF 89FE                        mov si, di
   568 000003F1 2B36[4F11]                  sub si, [match_distance]
   569 000003F5 F3A4                        rep movsb
   570 000003F7 5E                          pop si
   571 000003F8 E969FF                      jmp .symbol
   572                                  .done:
   573 000003FB 81FF[5434]                  cmp di, image_page + 8192
   574 000003FF 7508                        jne .fail
   575 00000401 3B36[4B11]                  cmp si, [input_end]
   576 00000405 7502                        jne .fail
   577 00000407 F8                          clc
   578 00000408 C3                          ret
   579                                  .fail:
   580 00000409 F9                          stc
   581 0000040A C3                          ret
   582                                  
   583                                  read_bit:
   584 0000040B 803E[5111]00                cmp byte [bits_left], 0
   585 00000410 750F                        jne .available
   586 00000412 3B36[4B11]                  cmp si, [input_end]
   587 00000416 7317                        jae .fail
   588 00000418 AC                          lodsb
   589 00000419 A2[5211]                    mov [bit_value], al
   590 0000041C C606[5111]08                mov byte [bits_left], 8
   591                                  .available:
   592 00000421 D02E[5211]                  shr byte [bit_value], 1
   593 00000425 FE0E[5111]                  dec byte [bits_left]
   594 00000429 B000                        mov al, 0
   595 0000042B 1400                        adc al, 0
   596 0000042D F8                          clc
   597 0000042E C3                          ret
   598                                  .fail:
   599 0000042F F9                          stc
   600 00000430 C3                          ret
   601                                  
   602                                  ; DEFLATE extra fields are least-significant-bit first.
   603                                  read_bits:
   604 00000431 31DB                        xor bx, bx
   605 00000433 BA0100                      mov dx, 1
   606                                  .next:
   607 00000436 E8D2FF                      call read_bit
   608 00000439 720C                        jc .fail
   609 0000043B 08C0                        or al, al
   610 0000043D 7402                        jz .zero
   611 0000043F 09D3                        or bx, dx
   612                                  .zero:
   613 00000441 D1E2                        shl dx, 1
   614 00000443 E2F1                        loop .next
   615 00000445 F8                          clc
   616 00000446 C3                          ret
   617                                  .fail:
   618 00000447 F9                          stc
   619 00000448 C3                          ret
   620                                  
   621                                  ; Huffman codes are transmitted most-significant-bit first.
   622                                  read_code:
   623 00000449 31DB                        xor bx, bx
   624 0000044B B90700                      mov cx, 7
   625                                  .next:
   626 0000044E E8BAFF                      call read_bit
   627 00000451 724A                        jc .fail
   628 00000453 D1E3                        shl bx, 1
   629 00000455 08C3                        or bl, al
   630 00000457 E2F5                        loop .next
   631 00000459 83FB17                      cmp bx, 23
   632 0000045C 7706                        ja .eight
   633 0000045E 8D870001                    lea ax, [bx + 256]
   634 00000462 F8                          clc
   635 00000463 C3                          ret
   636                                  .eight:
   637 00000464 E8A4FF                      call read_bit
   638 00000467 7234                        jc .fail
   639 00000469 D1E3                        shl bx, 1
   640 0000046B 08C3                        or bl, al
   641 0000046D 81FBBF00                    cmp bx, 0xbf
   642 00000471 7707                        ja .high
   643 00000473 83EB30                      sub bx, 0x30
   644 00000476 89D8                        mov ax, bx
   645 00000478 F8                          clc
   646 00000479 C3                          ret
   647                                  .high:
   648 0000047A 81FBC700                    cmp bx, 0xc7
   649 0000047E 7705                        ja .nine
   650 00000480 8D4758                      lea ax, [bx + 280 - 0xc0]
   651 00000483 F8                          clc
   652 00000484 C3                          ret
   653                                  .nine:
   654 00000485 E883FF                      call read_bit
   655 00000488 7213                        jc .fail
   656 0000048A D1E3                        shl bx, 1
   657 0000048C 08C3                        or bl, al
   658 0000048E 81EB9001                    sub bx, 0x190
   659 00000492 83FB6F                      cmp bx, 111
   660 00000495 7706                        ja .fail
   661 00000497 8D879000                    lea ax, [bx + 144]
   662 0000049B F8                          clc
   663 0000049C C3                          ret
   664                                  .fail:
   665 0000049D F9                          stc
   666 0000049E C3                          ret
   667                                  
   668 0000049F 030004000500060007-     length_base dw 3,4,5,6,7,8,9,10,11,13,15,17,19,23,27,31
   668 000004A8 00080009000A000B00-
   668 000004B1 0D000F001100130017-
   668 000004BA 001B001F00         
   669 000004BF 23002B0033003B0043-                 dw 35,43,51,59,67,83,99,115,131,163,195,227,258
   669 000004C8 005300630073008300-
   669 000004D1 A300C300E3000201   
   670 000004D9 000000000000000001-     length_extra db 0,0,0,0,0,0,0,0,1,1,1,1,2,2,2,2
   670 000004E2 01010102020202     
   671 000004E9 030303030404040405-                  db 3,3,3,3,4,4,4,4,5,5,5,5,0
   671 000004F2 05050500           
   672 000004F6 010002000300040005-     distance_base dw 1,2,3,4,5,7,9,13,17,25,33,49,65,97,129
   672 000004FF 00070009000D001100-
   672 00000508 190021003100410061-
   672 00000511 008100             
   673 00000514 C10001018101010201-                   dw 193,257,385,513,769,1025,1537,2049,3073,4097
   673 0000051D 03010401060108010C-
   673 00000526 0110               
   674 00000528 011801200130014001-                   dw 6145,8193,12289,16385,24577
   674 00000531 60                 
   675 00000532 000000000101020203-     distance_extra db 0,0,0,0,1,1,2,2,3,3,4,4,5,5,6
   675 0000053B 030404050506       
   676 00000541 060707080809090A0A-                    db 6,7,7,8,8,9,9,10,10,11,11,12,12,13,13
   676 0000054A 0B0B0C0C0D0D       
   677                                  
   678                                  ; Unused VRAM starts at 0xe1000. The marker is written only after a
   679                                  ; complete load, and identifies the exact quantized source image.
   680                                  check_image_cache:
   681 00000550 B800A0                      mov ax, 0xa000
   682 00000553 8EC0                        mov es, ax
   683 00000555 BB0E00                      mov bx, 14
   684 00000558 E8C201                      call select_bank
   685 0000055B 2666813E0020445847-         cmp dword [es:0x2000], 0x42475844  ; "DXGB", loader/sprite revision
   685 00000564 42                 
   686 00000565 7532                        jne .miss
   687 00000567 2666813E042098C5CE-         cmp dword [es:0x2004], IMAGE_CRC
   687 00000570 7B                 
   688 00000571 7526                        jne .miss
   689 00000573 26803EFF0F00                cmp byte [es:0x0fff], IMAGE_LAST
   690 00000579 751E                        jne .miss
   691 0000057B BB0900                      mov bx, 9
   692 0000057E E89C01                      call select_bank
   693 00000581 26803E00600E                cmp byte [es:0x6000], IMAGE_MIDDLE
   694 00000587 7510                        jne .miss
   695 00000589 BB0400                      mov bx, 4
   696 0000058C E88E01                      call select_bank
   697 0000058F 26803E00B000                cmp byte [es:0xb000], IMAGE_FIRST
   698 00000595 7502                        jne .miss
   699 00000597 F8                          clc
   700 00000598 C3                          ret
   701                                  .miss:
   702 00000599 F9                          stc
   703 0000059A C3                          ret
   704                                  
   705                                  mark_image_cache:
   706 0000059B B800A0                      mov ax, 0xa000
   707 0000059E 8EC0                        mov es, ax
   708 000005A0 BB0E00                      mov bx, 14
   709 000005A3 E87701                      call select_bank
   710 000005A6 2666C7060020445847-         mov dword [es:0x2000], 0x42475844
   710 000005AF 42                 
   711 000005B0 2666C706042098C5CE-         mov dword [es:0x2004], IMAGE_CRC
   711 000005B9 7B                 
   712 000005BA C3                          ret
   713                                  
   714                                  ; Draw a PC1-BMP-inspired loading indicator in the XGA framebuffer.
   715                                  ; The advancing strip represents 150 transferred 4 KB source pages.
   716                                  progress_init:
   717 000005BB B800A0                      mov ax, 0xa000
   718 000005BE 8EC0                        mov es, ax
   719 000005C0 FC                          cld
   720 000005C1 31DB                        xor bx, bx
   721 000005C3 BD0400                      mov bp, 4
   722 000005C6 31C0                        xor ax, ax
   723                                  .bank:
   724 000005C8 E85201                      call select_bank
   725 000005CB 31FF                        xor di, di
   726 000005CD B90080                      mov cx, 32768
   727 000005D0 F3AB                        rep stosw
   728 000005D2 43                          inc bx
   729 000005D3 4D                          dec bp
   730 000005D4 75F2                        jnz .bank
   731 000005D6 E84401                      call select_bank               ; bank 4, only display bytes
   732 000005D9 31FF                        xor di, di
   733 000005DB B90058                      mov cx, (SCREEN_W * SCREEN_H - 4 * 65536) / 2
   734 000005DE F3AB                        rep stosw
   735 000005E0 BB0200                      mov bx, 2
   736 000005E3 E83701                      call select_bank
   737 000005E6 B04A                        mov al, PROGRESS_COLOR
   738 000005E8 BFA84E                      mov di, PROGRESS_BASE
   739 000005EB B93001                      mov cx, 304
   740 000005EE F3AA                        rep stosb
   741 000005F0 BF286A                      mov di, PROGRESS_BASE + 11 * SCREEN_W
   742 000005F3 B93001                      mov cx, 304
   743 000005F6 F3AA                        rep stosb
   744 000005F8 BF2851                      mov di, PROGRESS_BASE + SCREEN_W
   745 000005FB B90A00                      mov cx, 10
   746                                  .sides:
   747 000005FE 268805                      mov [es:di], al
   748 00000601 2688852F01                  mov [es:di+303], al
   749 00000606 81C78002                    add di, SCREEN_W
   750 0000060A E2F2                        loop .sides
   751 0000060C C3                          ret
   752                                  
   753                                  progress_update:
   754 0000060D 50                          push ax
   755 0000060E 53                          push bx
   756 0000060F 51                          push cx
   757 00000610 57                          push di
   758 00000611 06                          push es
   759 00000612 B800A0                      mov ax, 0xa000
   760 00000615 8EC0                        mov es, ax
   761 00000617 BB0200                      mov bx, 2
   762 0000061A E80001                      call select_bank
   763 0000061D A1[4711]                    mov ax, [loaded_pages]
   764 00000620 48                          dec ax
   765 00000621 D1E0                        shl ax, 1
   766 00000623 05AA53                      add ax, PROGRESS_BASE + 2 * SCREEN_W + 2
   767 00000626 89C7                        mov di, ax
   768 00000628 B84A4A                      mov ax, PROGRESS_COLOR * 257
   769 0000062B B90800                      mov cx, 8
   770                                  .row:
   771 0000062E 268905                      mov [es:di], ax
   772 00000631 81C78002                    add di, SCREEN_W
   773 00000635 E2F7                        loop .row
   774 00000637 07                          pop es
   775 00000638 5F                          pop di
   776 00000639 59                          pop cx
   777 0000063A 5B                          pop bx
   778 0000063B 58                          pop ax
   779 0000063C C3                          ret
   780                                  %endif
   781                                  
   782                                  set_palette:
   783 0000063D 8B16[900B]                  mov dx, [io_base]
   784 00000641 83C20A                      add dx, 0x0a
   785 00000644 B86400                      mov ax, 0x0064
   786 00000647 EF                          out dx, ax
   787 00000648 B86600                      mov ax, 0x0066
   788 0000064B EF                          out dx, ax
   789 0000064C B86000                      mov ax, 0x0060
   790 0000064F EF                          out dx, ax
   791 00000650 B86100                      mov ax, 0x0061
   792 00000653 EF                          out dx, ax
   793 00000654 B065                        mov al, 0x65
   794 00000656 EE                          out dx, al
   795 00000657 42                          inc dx
   796                                  %if TEST_MODE = 3
   797 00000658 BE[5311]                    mov si, image_palette
   798 0000065B B90003                      mov cx, 768
   799                                  .color:
   800 0000065E AC                          lodsb
   801 0000065F EE                          out dx, al
   802 00000660 E2FC                        loop .color
   803                                  %else
   804                                      xor bx, bx
   805                                  .color:
   806                                      ; RRRGGGBB -> three 8-bit DAC components.
   807                                      mov ax, bx
   808                                      and al, 0xe0
   809                                      out dx, al
   810                                      mov ax, bx
   811                                      and al, 0x1c
   812                                      shl al, 3
   813                                      out dx, al
   814                                      mov ax, bx
   815                                      and al, 3
   816                                      shl al, 6
   817                                      out dx, al
   818                                      inc bx
   819                                      cmp bx, 256
   820                                      jb .color
   821                                  %endif
   822 00000662 4A                          dec dx
   823 00000663 B864FF                      mov ax, 0xff64
   824 00000666 EF                          out dx, ax
   825 00000667 C3                          ret
   826                                  
   827                                  ; On stage 1, fill visible screen by CPU solely to verify mode and banking.
   828                                  fill_screen:
   829 00000668 B800A0                      mov ax, 0xa000
   830 0000066B 8EC0                        mov es, ax
   831 0000066D 31FF                        xor di, di
   832 0000066F 31DB                        xor bx, bx
   833 00000671 C706[9C0B]0000              mov word [row], 0
   834                                  .row:
   835 00000677 B98002                      mov cx, SCREEN_W
   836 0000067A A0[9C0B]                    mov al, [row]
   837                                  .pixel:
   838 0000067D 268805                      mov [es:di], al
   839 00000680 47                          inc di
   840 00000681 7504                        jnz .no_wrap
   841 00000683 43                          inc bx
   842 00000684 E89600                      call select_bank
   843                                  .no_wrap:
   844 00000687 E2F4                        loop .pixel
   845 00000689 FF06[9C0B]                  inc word [row]
   846 0000068D 813E[9C0B]E001              cmp word [row], SCREEN_H
   847 00000693 72E2                        jb .row
   848 00000695 C3                          ret
   849                                  
   850                                  ; Source is 800*800 bytes at offset 307200 in 1 MB of VRAM.
   851                                  ; CPU loads the image once through the 64 KB banked A000 window.
   852                                  fill_source:
   853 00000696 B800A0                      mov ax, 0xa000
   854 00000699 8EC0                        mov es, ax
   855 0000069B BB0400                      mov bx, 4
   856 0000069E E87C00                      call select_bank
   857 000006A1 BF00B0                      mov di, 0xb000
   858 000006A4 C706[9C0B]0000              mov word [row], 0
   859                                  .row:
   860 000006AA C706[9E0B]0000              mov word [col], 0
   861                                  .pixel:
   862 000006B0 A1[9C0B]                    mov ax, [row]
   863 000006B3 3DF000                      cmp ax, 240
   864 000006B6 7309                        jae .ground
   865 000006B8 C1E804                      shr ax, 4
   866 000006BB 241C                        and al, 0x1c
   867 000006BD 0C03                        or al, 3
   868 000006BF EB27                        jmp .grid
   869                                  .ground:
   870 000006C1 A1[9E0B]                    mov ax, [col]
   871 000006C4 83E07F                      and ax, 127
   872 000006C7 D1E8                        shr ax, 1
   873 000006C9 05F000                      add ax, 240
   874 000006CC 3906[9C0B]                  cmp [row], ax
   875 000006D0 720C                        jb .mountain
   876 000006D2 A1[9C0B]                    mov ax, [row]
   877 000006D5 C1E805                      shr ax, 5
   878 000006D8 241C                        and al, 0x1c
   879 000006DA 0C84                        or al, 0x84
   880 000006DC EB0A                        jmp .grid
   881                                  .mountain:
   882 000006DE A1[9E0B]                    mov ax, [col]
   883 000006E1 C1E804                      shr ax, 4
   884 000006E4 241C                        and al, 0x1c
   885 000006E6 0CA0                        or al, 0xa0
   886                                  .grid:
   887 000006E8 F706[9E0B]3F00              test word [col], 63
   888 000006EE 7408                        jz .line
   889 000006F0 F706[9C0B]3F00              test word [row], 63
   890 000006F6 7502                        jnz .store
   891                                  .line:
   892 000006F8 B0FF                        mov al, 0xff
   893                                  .store:
   894 000006FA 268805                      mov [es:di], al
   895 000006FD 47                          inc di
   896 000006FE 7504                        jnz .bank_ok
   897 00000700 43                          inc bx
   898 00000701 E81900                      call select_bank
   899                                  .bank_ok:
   900 00000704 FF06[9E0B]                  inc word [col]
   901 00000708 813E[9E0B]C003              cmp word [col], SOURCE_W
   902 0000070E 72A0                        jb .pixel
   903 00000710 FF06[9C0B]                  inc word [row]
   904 00000714 813E[9C0B]8002              cmp word [row], SOURCE_H
   905 0000071A 728E                        jb .row
   906 0000071C C3                          ret
   907                                  
   908                                  select_bank:
   909 0000071D 50                          push ax
   910 0000071E 52                          push dx
   911 0000071F 8B16[900B]                  mov dx, [io_base]
   912 00000723 83C208                      add dx, 8
   913 00000726 89D8                        mov ax, bx
   914 00000728 EE                          out dx, al
   915 00000729 5A                          pop dx
   916 0000072A 58                          pop ax
   917 0000072B C3                          ret
   918                                  
   919                                  setup_maps:
   920 0000072C A1[920B]                    mov ax, [cp_seg]
   921 0000072F 8EC0                        mov es, ax
   922 00000731 26C606110000                mov byte [es:0x11], 0
   923 00000737 26C606120001                mov byte [es:0x12], 1            ; destination map A
   924 0000073D 66A1[980B]                  mov eax, [cp_aperture]
   925 00000741 2666A31400                  mov [es:0x14], eax
   926 00000746 26C70618007F02              mov word [es:0x18], SCREEN_W-1
   927 0000074D 26C7061A00DF01              mov word [es:0x1a], SCREEN_H-1
   928 00000754 26C6061C0003                mov byte [es:0x1c], 3
   929 0000075A 26C606120002                mov byte [es:0x12], 2            ; off-screen source map B
   930 00000760 660500B00400                add eax, SOURCE_BASE
   931 00000766 2666A31400                  mov [es:0x14], eax
   932 0000076B 26C7061800BF03              mov word [es:0x18], SOURCE_W-1
   933 00000772 26C7061A007F02              mov word [es:0x1a], SOURCE_H-1
   934 00000779 26C6061C0003                mov byte [es:0x1c], 3
   935 0000077F 26C6064A0004                mov byte [es:0x4a], 4            ; color compare disabled
   936 00000785 2666C7065000FF0000-         mov dword [es:0x50], 0xff
   936 0000078E 00                 
   937 0000078F 2666C7065400FF0000-         mov dword [es:0x54], 0xff
   937 00000798 00                 
   938 00000799 26C606480003                mov byte [es:0x48], 3            ; XGA_S
   939 0000079F 26C606490003                mov byte [es:0x49], 3
   940 000007A5 C3                          ret
   941                                  
   942                                  %if PAN_STYLE = 1
   943                                  ; Scan the 960-pixel-wide source image directly. XGA display start is in
   944                                  ; dwords, and display pitch is expressed in units of eight pixels.
   945                                  configure_scanout:
   946                                      mov word [step_x], 4
   947                                      mov dx, [io_base]
   948                                      add dx, 0x0a
   949                                      mov ax, 0x7843                  ; 960 / 8 pixels per scan line
   950                                      out dx, ax
   951                                      mov ax, 0x0044
   952                                      out dx, ax
   953                                      call set_view
   954                                      ret
   955                                  
   956                                  %endif
   957                                  
   958                                  ; XGA's 64x64 hardware sprite is independent of the scanned framebuffer.
   959                                  ; These register values and sprite-data writes reproduce DREAMS.COM from
   960                                  ; dreams_xga_20260926_193007.img, the version the user verified in 86Box.
   961                                  setup_sprite_hud:
   962 000007A6 6660                        pushad
   963 000007A8 8B16[900B]                  mov dx, [io_base]
   964 000007AC 83C20A                      add dx, 0x0a
   965 000007AF B83008                      mov ax, 0x0830                  ; sprite X = 8
   966 000007B2 EF                          out dx, ax
   967 000007B3 B83100                      mov ax, 0x0031
   968 000007B6 EF                          out dx, ax
   969 000007B7 B83200                      mov ax, 0x0032                  ; X hotspot = 0
   970 000007BA EF                          out dx, ax
   971 000007BB B83308                      mov ax, 0x0833                  ; sprite Y = 8
   972 000007BE EF                          out dx, ax
   973 000007BF B83400                      mov ax, 0x0034
   974 000007C2 EF                          out dx, ax
   975 000007C3 B83500                      mov ax, 0x0035                  ; Y hotspot = 0
   976 000007C6 EF                          out dx, ax
   977 000007C7 B83800                      mov ax, 0x0038                  ; sprite color 0 = black
   978 000007CA EF                          out dx, ax
   979 000007CB B83900                      mov ax, 0x0039
   980 000007CE EF                          out dx, ax
   981 000007CF B83A00                      mov ax, 0x003a
   982 000007D2 EF                          out dx, ax
   983 000007D3 B83BFF                      mov ax, 0xff3b                  ; sprite color 1 = white
   984 000007D6 EF                          out dx, ax
   985 000007D7 B83CFF                      mov ax, 0xff3c
   986 000007DA EF                          out dx, ax
   987 000007DB B83DFF                      mov ax, 0xff3d
   988 000007DE EF                          out dx, ax
   989 000007DF B86000                      mov ax, 0x0060                  ; sprite data position = 0
   990 000007E2 EF                          out dx, ax
   991 000007E3 B86100                      mov ax, 0x0061
   992 000007E6 EF                          out dx, ax
   993 000007E7 B06A                        mov al, 0x6a                  ; sprite data stream register
   994 000007E9 EE                          out dx, al
   995 000007EA 42                          inc dx
   996 000007EB B0AA                        mov al, 0xaa                  ; four transparent 2-bit pixels
   997 000007ED B90004                      mov cx, 1024
   998                                  .clear:
   999 000007F0 EE                          out dx, al
  1000 000007F1 E2FD                        loop .clear
  1001 000007F3 C706[A80B]FFFF              mov word [hud_last_fps], 0xffff
  1002 000007F9 E80E00                      call update_sprite_hud
  1003 000007FC 8B16[900B]                  mov dx, [io_base]
  1004 00000800 83C20A                      add dx, 0x0a
  1005 00000803 B83601                      mov ax, 0x0136                  ; enable hardware sprite
  1006 00000806 EF                          out dx, ax
  1007 00000807 6661                        popad
  1008 00000809 C3                          ret
  1009                                  
  1010                                  update_sprite_hud:
  1011 0000080A 6660                        pushad
  1012 0000080C A1[B50B]                    mov ax, [hud_fps10]
  1013 0000080F 3B06[A80B]                  cmp ax, [hud_last_fps]
  1014 00000813 7447                        je .done
  1015 00000815 A3[A80B]                    mov [hud_last_fps], ax
  1016 00000818 E88001                      call render_hud
  1017 0000081B 8B16[900B]                  mov dx, [io_base]
  1018 0000081F 83C20A                      add dx, 0x0a
  1019 00000822 B86000                      mov ax, 0x0060
  1020 00000825 EF                          out dx, ax
  1021 00000826 B86100                      mov ax, 0x0061
  1022 00000829 EF                          out dx, ax
  1023 0000082A B06A                        mov al, 0x6a
  1024 0000082C EE                          out dx, al
  1025 0000082D 42                          inc dx
  1026 0000082E BE[B60E]                    mov si, hud_canvas
  1027 00000831 BDA000                      mov bp, 64 * 10 / 4
  1028                                  .group:
  1029 00000834 B0AA                        mov al, 0xaa
  1030 00000836 803C00                      cmp byte [si], 0
  1031 00000839 7402                        je .pixel1
  1032 0000083B 3403                        xor al, 0x03
  1033                                  .pixel1:
  1034 0000083D 807C0100                    cmp byte [si+1], 0
  1035 00000841 7402                        je .pixel2
  1036 00000843 340C                        xor al, 0x0c
  1037                                  .pixel2:
  1038 00000845 807C0200                    cmp byte [si+2], 0
  1039 00000849 7402                        je .pixel3
  1040 0000084B 3430                        xor al, 0x30
  1041                                  .pixel3:
  1042 0000084D 807C0300                    cmp byte [si+3], 0
  1043 00000851 7402                        je .write
  1044 00000853 34C0                        xor al, 0xc0
  1045                                  .write:
  1046 00000855 EE                          out dx, al
  1047 00000856 83C604                      add si, 4
  1048 00000859 4D                          dec bp
  1049 0000085A 75D8                        jnz .group
  1050                                  .done:
  1051 0000085C 6661                        popad
  1052 0000085E C3                          ret
  1053                                  
  1054                                  %if PAN_STYLE = 1
  1055                                  set_view:
  1056                                      movzx eax, word [pan_y]
  1057                                      imul eax, eax, SOURCE_W
  1058                                      movzx ebx, word [pan_x]
  1059                                      add eax, ebx
  1060                                      add eax, SOURCE_BASE
  1061                                      shr eax, 2
  1062                                      mov ebx, eax
  1063                                      mov dx, [io_base]
  1064                                      add dx, 0x0a
  1065                                      mov ah, bl
  1066                                      mov al, 0x40
  1067                                      out dx, ax
  1068                                      shr ebx, 8
  1069                                      mov ah, bl
  1070                                      mov al, 0x41
  1071                                      out dx, ax
  1072                                      shr ebx, 8
  1073                                      mov ah, bl
  1074                                      mov al, 0x42                  ; latches start address in 86Box
  1075                                      out dx, ax
  1076                                      ret
  1077                                  
  1078                                  ; 86Box skips unmodified VRAM pages during scanout. Rewriting one unchanged
  1079                                  ; byte per 4 KB page marks the source image for redraw after a start change.
  1080                                  refresh_source_pages:
  1081                                      push ax
  1082                                      push bx
  1083                                      push si
  1084                                      push bp
  1085                                      push es
  1086                                      mov ax, 0xa000
  1087                                      mov es, ax
  1088                                      mov bx, 4
  1089                                      call select_bank
  1090                                      mov si, 0xb000
  1091                                      mov bp, SOURCE_PAGES          ; pages 0x4b000 through 0xe0000
  1092                                  .page:
  1093                                      mov al, [es:si]
  1094                                      mov [es:si], al
  1095                                      add si, 4096
  1096                                      jnz .next
  1097                                      inc bx
  1098                                      call select_bank
  1099                                  .next:
  1100                                      dec bp
  1101                                      jnz .page
  1102                                      pop es
  1103                                      pop bp
  1104                                      pop si
  1105                                      pop bx
  1106                                      pop ax
  1107                                      ret
  1108                                  %endif
  1109                                  
  1110                                  %if PAN_STYLE != 2
  1111                                  ; Synchronize the BitBLT or display-start change to a new vertical retrace.
  1112                                  ; Input Status 1 bit 3 is also driven by 86Box's XGA scanout. Bounded
  1113                                  ; polling keeps the demo responsive if a machine does not expose the bit.
  1114                                  wait_vsync:
  1115                                      push ax
  1116                                      push cx
  1117                                      push dx
  1118                                      mov dx, 0x3da
  1119                                      mov cx, 0xffff
  1120                                  .leave_retrace:
  1121                                      in al, dx
  1122                                      test al, 8
  1123                                      jz .wait_retrace
  1124                                      loop .leave_retrace
  1125                                      jmp .timeout
  1126                                  .wait_retrace:
  1127                                      mov cx, 0xffff
  1128                                  .rise:
  1129                                      in al, dx
  1130                                      test al, 8
  1131                                      jnz .synced
  1132                                      loop .rise
  1133                                  .timeout:
  1134                                      stc
  1135                                      jmp .done
  1136                                  .synced:
  1137                                      clc
  1138                                  .done:
  1139                                      pop dx
  1140                                      pop cx
  1141                                      pop ax
  1142                                      ret
  1143                                  %endif
  1144                                  
  1145                                  ; Count completed panorama steps over at least 36 BIOS clock ticks (~2 s).
  1146                                  ; A slow frame can span several seconds; tick subtraction preserves that time.
  1147                                  ; This measures the guest animation loop, not host-window presentation.
  1148                                  update_fps:
  1149 0000085F 6660                        pushad
  1150 00000861 30E4                        xor ah, ah
  1151 00000863 CD1A                        int 0x1a
  1152 00000865 660FB7C1                    movzx eax, cx
  1153 00000869 66C1E010                    shl eax, 16
  1154 0000086D 89D0                        mov ax, dx
  1155 0000086F 66A3[AF0B]                  mov [fps_now], eax
  1156 00000873 803E[AA0B]00                cmp byte [fps_started], 0
  1157 00000878 750B                        jne .elapsed
  1158 0000087A 66A3[AB0B]                  mov [fps_start], eax
  1159 0000087E C606[AA0B]01                mov byte [fps_started], 1
  1160 00000883 EB4C                        jmp .done                      ; this completed frame precedes the timer
  1161                                  .elapsed:
  1162 00000885 FF06[B30B]                  inc word [hud_frames]
  1163 00000889 6689C3                      mov ebx, eax
  1164 0000088C 662B1E[AB0B]                sub ebx, [fps_start]
  1165 00000891 7307                        jnc .delta_ready
  1166 00000893 6681C3B0001800              add ebx, 0x1800b0             ; BIOS midnight rollover
  1167                                  .delta_ready:
  1168 0000089A 6683FB24                    cmp ebx, 36
  1169 0000089E 7231                        jb .done
  1170 000008A0 660FB706[B30B]              movzx eax, word [hud_frames]
  1171 000008A6 66B9B6000000                mov ecx, 182                  ; 18.2 ticks/s * 10 for tenths
  1172 000008AC 66F7E1                      mul ecx
  1173 000008AF 6631D2                      xor edx, edx
  1174 000008B2 66F7F3                      div ebx
  1175 000008B5 663D0F270000                cmp eax, 9999
  1176 000008BB 7603                        jbe .store
  1177                                  .cap:
  1178 000008BD B80F27                      mov ax, 9999
  1179                                  .store:
  1180 000008C0 A3[B50B]                    mov [hud_fps10], ax
  1181 000008C3 66A1[AF0B]                  mov eax, [fps_now]
  1182 000008C7 66A3[AB0B]                  mov [fps_start], eax
  1183 000008CB C706[B30B]0000              mov word [hud_frames], 0
  1184                                  .done:
  1185 000008D1 6661                        popad
  1186 000008D3 C3                          ret
  1187                                  
  1188                                  restore_hud:
  1189 000008D4 803E[B70B]00                cmp byte [hud_active], 0
  1190 000008D9 740E                        je .done
  1191 000008DB 66A1[B80B]                  mov eax, [hud_old_addr]
  1192 000008DF 66A3[BC0B]                  mov [hud_work_addr], eax
  1193 000008E3 BE[360C]                    mov si, hud_saved
  1194 000008E6 E87400                      call copy_to_vram
  1195                                  .done:
  1196 000008E9 C3                          ret
  1197                                  
  1198                                  show_hud:
  1199                                  %if PAN_STYLE = 1
  1200                                      ; Legacy VRAM text path is retained so the verified 193007 DREAMS
  1201                                      ; binary remains reproducible. The active FPS path is the sprite above.
  1202                                      movzx eax, word [pan_y]
  1203                                      add eax, 8
  1204                                      imul eax, eax, SOURCE_W
  1205                                      movzx ebx, word [pan_x]
  1206                                      add eax, ebx
  1207                                      add eax, SOURCE_BASE + 8
  1208                                      mov [hud_old_addr], eax
  1209                                      mov [hud_work_addr], eax
  1210                                      mov word [hud_pitch], SOURCE_W
  1211                                  %else
  1212 000008EA 66C706[B80B]080500-         mov dword [hud_old_addr], 2 * SCREEN_W + 8
  1212 000008F2 00                 
  1213 000008F3 66A1[B80B]                  mov eax, [hud_old_addr]
  1214 000008F7 66A3[BC0B]                  mov [hud_work_addr], eax
  1215 000008FB C706[C00B]8002              mov word [hud_pitch], SCREEN_W
  1216                                  %endif
  1217 00000901 BE[360C]                    mov si, hud_saved
  1218 00000904 E81700                      call copy_from_vram
  1219 00000907 E89100                      call render_hud
  1220 0000090A 66A1[B80B]                  mov eax, [hud_old_addr]
  1221 0000090E 66A3[BC0B]                  mov [hud_work_addr], eax
  1222 00000912 BE[B60E]                    mov si, hud_canvas
  1223 00000915 E84500                      call copy_to_vram
  1224 00000918 C606[B70B]01                mov byte [hud_active], 1
  1225 0000091D C3                          ret
  1226                                  
  1227                                  ; Rectangle copy: 64 x 10 bytes at hud_work_addr.
  1228                                  ; Recompute the bank for each row and also handle a row crossing a bank edge.
  1229                                  copy_from_vram:
  1230 0000091E 6660                        pushad
  1231 00000920 06                          push es
  1232 00000921 B800A0                      mov ax, 0xa000
  1233 00000924 8EC0                        mov es, ax
  1234 00000926 BD0A00                      mov bp, 10
  1235                                  .row:
  1236 00000929 66A1[BC0B]                  mov eax, [hud_work_addr]
  1237 0000092D 6689C3                      mov ebx, eax
  1238 00000930 66C1EB10                    shr ebx, 16
  1239 00000934 89C7                        mov di, ax
  1240 00000936 E8E4FD                      call select_bank
  1241 00000939 B94000                      mov cx, 64
  1242                                  .pixel:
  1243 0000093C 268A05                      mov al, [es:di]
  1244 0000093F 8804                        mov [si], al
  1245 00000941 46                          inc si
  1246 00000942 47                          inc di
  1247 00000943 7504                        jnz .same_bank
  1248 00000945 43                          inc bx
  1249 00000946 E8D4FD                      call select_bank
  1250                                  .same_bank:
  1251 00000949 E2F1                        loop .pixel
  1252 0000094B 660FB706[C00B]              movzx eax, word [hud_pitch]
  1253 00000951 660106[BC0B]                add [hud_work_addr], eax
  1254 00000956 4D                          dec bp
  1255 00000957 75D0                        jnz .row
  1256 00000959 07                          pop es
  1257 0000095A 6661                        popad
  1258 0000095C C3                          ret
  1259                                  
  1260                                  copy_to_vram:
  1261 0000095D 6660                        pushad
  1262 0000095F 06                          push es
  1263 00000960 FC                          cld
  1264 00000961 B800A0                      mov ax, 0xa000
  1265 00000964 8EC0                        mov es, ax
  1266 00000966 BD0A00                      mov bp, 10
  1267                                  .row:
  1268 00000969 66A1[BC0B]                  mov eax, [hud_work_addr]
  1269 0000096D 6689C3                      mov ebx, eax
  1270 00000970 66C1EB10                    shr ebx, 16
  1271 00000974 89C7                        mov di, ax
  1272 00000976 E8A4FD                      call select_bank
  1273 00000979 B94000                      mov cx, 64
  1274                                  .pixel:
  1275 0000097C AC                          lodsb
  1276 0000097D 268805                      mov [es:di], al
  1277 00000980 47                          inc di
  1278 00000981 7504                        jnz .same_bank
  1279 00000983 43                          inc bx
  1280 00000984 E896FD                      call select_bank
  1281                                  .same_bank:
  1282 00000987 E2F3                        loop .pixel
  1283 00000989 660FB706[C00B]              movzx eax, word [hud_pitch]
  1284 0000098F 660106[BC0B]                add [hud_work_addr], eax
  1285 00000994 4D                          dec bp
  1286 00000995 75D2                        jnz .row
  1287 00000997 07                          pop es
  1288 00000998 6661                        popad
  1289 0000099A C3                          ret
  1290                                  
  1291                                  render_hud:
  1292 0000099B 6660                        pushad
  1293 0000099D 06                          push es
  1294 0000099E 1E                          push ds
  1295 0000099F 07                          pop es
  1296 000009A0 FC                          cld
  1297 000009A1 BF[B60E]                    mov di, hud_canvas
  1298 000009A4 B98002                      mov cx, 64 * 10
  1299 000009A7 30C0                        xor al, al
  1300 000009A9 F3AA                        rep stosb
  1301 000009AB A1[B50B]                    mov ax, [hud_fps10]
  1302 000009AE BB0A00                      mov bx, 10
  1303 000009B1 31D2                        xor dx, dx
  1304 000009B3 F7F3                        div bx
  1305 000009B5 80C204                      add dl, 4
  1306 000009B8 8816[CC0B]                  mov [hud_text+8], dl          ; tenths
  1307 000009BC 31D2                        xor dx, dx
  1308 000009BE F7F3                        div bx
  1309 000009C0 80C204                      add dl, 4
  1310 000009C3 8816[CA0B]                  mov [hud_text+6], dl          ; ones
  1311 000009C7 31D2                        xor dx, dx
  1312 000009C9 F7F3                        div bx
  1313 000009CB 80C204                      add dl, 4
  1314 000009CE 8816[C90B]                  mov [hud_text+5], dl          ; tens
  1315 000009D2 0404                        add al, 4
  1316 000009D4 A2[C80B]                    mov [hud_text+4], al          ; hundreds
  1317                                  %if PAN_STYLE != 2
  1318                                      mov byte [hud_text+9], 15     ; blank when running without VSYNC wait
  1319                                      cmp byte [vsync_enabled], 0
  1320                                      je .mode_ready
  1321                                      mov byte [hud_text+9], 2      ; S marks synchronized panning
  1322                                  .mode_ready:
  1323                                  %endif
  1324 000009D7 C706[C20B][F70E]            mov word [hud_char_base], hud_canvas + 65
  1325 000009DD 31DB                        xor bx, bx
  1326                                  .char:
  1327 000009DF 8A87[C40B]                  mov al, [hud_text+bx]
  1328 000009E3 B107                        mov cl, 7
  1329 000009E5 F6E1                        mul cl
  1330 000009E7 BE[CD0B]                    mov si, hud_glyphs
  1331 000009EA 01C6                        add si, ax
  1332 000009EC 8B3E[C20B]                  mov di, [hud_char_base]
  1333 000009F0 BD0700                      mov bp, 7
  1334                                  .row:
  1335 000009F3 8A14                        mov dl, [si]
  1336 000009F5 B90500                      mov cx, 5
  1337                                  .bit:
  1338 000009F8 F6C210                      test dl, 0x10
  1339 000009FB 7403                        jz .skip
  1340 000009FD C6054A                      mov byte [di], PROGRESS_COLOR
  1341                                  .skip:
  1342 00000A00 D0E2                        shl dl, 1
  1343 00000A02 47                          inc di
  1344 00000A03 E2F3                        loop .bit
  1345 00000A05 46                          inc si
  1346 00000A06 83C73B                      add di, 59
  1347 00000A09 4D                          dec bp
  1348 00000A0A 75E7                        jnz .row
  1349 00000A0C 8306[C20B]06                add word [hud_char_base], 6
  1350 00000A11 43                          inc bx
  1351                                  %if PAN_STYLE != 2
  1352                                      cmp bx, 10
  1353                                  %else
  1354 00000A12 83FB09                      cmp bx, 9
  1355                                  %endif
  1356 00000A15 72C8                        jb .char
  1357 00000A17 07                          pop es
  1358 00000A18 6661                        popad
  1359 00000A1A C3                          ret
  1360                                  
  1361                                  %if PAN_STYLE = 2
  1362                                  ; CPU-only comparison: read each 640-byte row through the banked A000
  1363                                  ; window into conventional RAM, switch banks, then write the display row.
  1364                                  cpu_blit:
  1365 00000A1B 6660                        pushad
  1366 00000A1D 06                          push es
  1367 00000A1E 660FB706[A20B]              movzx eax, word [pan_y]
  1368 00000A24 6669C0C0030000              imul eax, eax, SOURCE_W
  1369 00000A2B 660FB71E[A00B]              movzx ebx, word [pan_x]
  1370 00000A31 6601D8                      add eax, ebx
  1371 00000A34 660500B00400                add eax, SOURCE_BASE
  1372 00000A3A 66A3[5494]                  mov [cpu_src_addr], eax
  1373 00000A3E 66C706[5894]000000-         mov dword [cpu_dst_addr], 0
  1373 00000A46 00                 
  1374 00000A47 BDE001                      mov bp, SCREEN_H
  1375                                  .row:
  1376 00000A4A B800A0                      mov ax, 0xa000
  1377 00000A4D 8EC0                        mov es, ax
  1378 00000A4F 66A1[5494]                  mov eax, [cpu_src_addr]
  1379 00000A53 6689C3                      mov ebx, eax
  1380 00000A56 66C1EB10                    shr ebx, 16
  1381 00000A5A 89C7                        mov di, ax
  1382 00000A5C E8BEFC                      call select_bank
  1383 00000A5F BE[5414]                    mov si, image_page
  1384 00000A62 B98002                      mov cx, SCREEN_W
  1385                                  .read:
  1386 00000A65 268A05                      mov al, [es:di]
  1387 00000A68 8804                        mov [si], al
  1388 00000A6A 46                          inc si
  1389 00000A6B 47                          inc di
  1390 00000A6C 7504                        jnz .read_same_bank
  1391 00000A6E 43                          inc bx
  1392 00000A6F E8ABFC                      call select_bank
  1393                                  .read_same_bank:
  1394 00000A72 E2F1                        loop .read
  1395                                  
  1396 00000A74 66A1[5894]                  mov eax, [cpu_dst_addr]
  1397 00000A78 6689C3                      mov ebx, eax
  1398 00000A7B 66C1EB10                    shr ebx, 16
  1399 00000A7F 89C7                        mov di, ax
  1400 00000A81 E899FC                      call select_bank
  1401 00000A84 BE[5414]                    mov si, image_page
  1402 00000A87 B98002                      mov cx, SCREEN_W
  1403 00000A8A FC                          cld
  1404                                  .write:
  1405 00000A8B AC                          lodsb
  1406 00000A8C 268805                      mov [es:di], al
  1407 00000A8F 47                          inc di
  1408 00000A90 7504                        jnz .write_same_bank
  1409 00000A92 43                          inc bx
  1410 00000A93 E887FC                      call select_bank
  1411                                  .write_same_bank:
  1412 00000A96 E2F3                        loop .write
  1413 00000A98 668106[5494]C00300-         add dword [cpu_src_addr], SOURCE_W
  1413 00000AA0 00                 
  1414 00000AA1 668106[5894]800200-         add dword [cpu_dst_addr], SCREEN_W
  1414 00000AA9 00                 
  1415 00000AAA 4D                          dec bp
  1416 00000AAB 759D                        jnz .row
  1417 00000AAD 07                          pop es
  1418 00000AAE 6661                        popad
  1419 00000AB0 C3                          ret
  1420                                  %endif
  1421                                  
  1422                                  full_blit:
  1423 00000AB1 E84D00                      call wait_cp
  1424 00000AB4 7229                        jc .failed
  1425 00000AB6 26C70670000000              mov word [es:0x70], 0
  1426 00000ABD 26C70672000000              mov word [es:0x72], 0
  1427 00000AC4 26C70678000000              mov word [es:0x78], 0
  1428 00000ACB 26C7067A000000              mov word [es:0x7a], 0
  1429 00000AD2 2666C7067C00008021-         mov dword [es:0x7c], BLT_OP
  1429 00000ADB A8                 
  1430 00000ADC E82200                      call wait_cp
  1431                                  .failed:
  1432 00000ADF C3                          ret
  1433                                  
  1434                                  ; A small guest-written marker establishes that DOS reached a completed BLT.
  1435                                  ; Visual correctness still requires an emulator screenshot or user inspection.
  1436                                  log_first_blit:
  1437 00000AE0 B43C                        mov ah, 0x3c
  1438 00000AE2 31C9                        xor cx, cx
  1439 00000AE4 BA[1195]                    mov dx, log_name
  1440 00000AE7 CD21                        int 0x21
  1441 00000AE9 7215                        jc .done
  1442 00000AEB 89C3                        mov bx, ax
  1443 00000AED B440                        mov ah, 0x40
  1444 00000AEF B93200                      mov cx, log_end-log_text
  1445 00000AF2 BA[6795]                    mov dx, log_text
  1446 00000AF5 CD21                        int 0x21
  1447 00000AF7 B43E                        mov ah, 0x3e
  1448 00000AF9 CD21                        int 0x21
  1449 00000AFB A1[920B]                    mov ax, [cp_seg]
  1450 00000AFE 8EC0                        mov es, ax
  1451                                  .done:
  1452 00000B00 C3                          ret
  1453                                  
  1454                                  wait_cp:
  1455 00000B01 51                          push cx
  1456 00000B02 52                          push dx
  1457 00000B03 BA4000                      mov dx, 64
  1458                                  .outer:
  1459 00000B06 B9FFFF                      mov cx, 0xffff
  1460                                  .inner:
  1461 00000B09 813E[8B0B]DA8F              cmp word [card_id], 0x8fda
  1462 00000B0F 740A                        je .xga2
  1463 00000B11 26F606110080                test byte [es:0x11], 0x80
  1464 00000B17 7413                        jz .done
  1465 00000B19 EB08                        jmp .retry
  1466                                  .xga2:
  1467 00000B1B 26F606090080                test byte [es:0x09], 0x80
  1468 00000B21 7409                        jz .done
  1469                                  .retry:
  1470 00000B23 E2E4                        loop .inner
  1471 00000B25 4A                          dec dx
  1472 00000B26 75DE                        jnz .outer
  1473 00000B28 5A                          pop dx
  1474 00000B29 59                          pop cx
  1475 00000B2A F9                          stc
  1476 00000B2B C3                          ret
  1477                                  .done:
  1478 00000B2C 5A                          pop dx
  1479 00000B2D 59                          pop cx
  1480 00000B2E F8                          clc
  1481 00000B2F C3                          ret
  1482                                  
  1483                                  restore_mode:
  1484 00000B30 803E[880B]00                cmp byte [mode_active], 0
  1485 00000B35 744F                        je .done
  1486 00000B37 8B16[900B]                  mov dx, [io_base]
  1487 00000B3B 83C20A                      add dx, 0x0a
  1488 00000B3E B83600                      mov ax, 0x0036                  ; disable hardware sprite
  1489 00000B41 EF                          out dx, ax
  1490 00000B42 8B16[900B]                  mov dx, [io_base]
  1491 00000B46 42                          inc dx
  1492 00000B47 30C0                        xor al, al
  1493 00000B49 EE                          out dx, al
  1494 00000B4A 8B16[900B]                  mov dx, [io_base]
  1495 00000B4E 83C20A                      add dx, 0x0a
  1496 00000B51 B864FF                      mov ax, 0xff64
  1497 00000B54 EF                          out dx, ax
  1498 00000B55 B85015                      mov ax, 0x1550
  1499 00000B58 EF                          out dx, ax
  1500 00000B59 B85014                      mov ax, 0x1450
  1501 00000B5C EF                          out dx, ax
  1502 00000B5D B85100                      mov ax, 0x0051
  1503 00000B60 EF                          out dx, ax
  1504 00000B61 B85404                      mov ax, 0x0454
  1505 00000B64 EF                          out dx, ax
  1506 00000B65 B8707F                      mov ax, 0x7f70
  1507 00000B68 EF                          out dx, ax
  1508 00000B69 B82A20                      mov ax, 0x202a
  1509 00000B6C EF                          out dx, ax
  1510 00000B6D 8B16[900B]                  mov dx, [io_base]
  1511 00000B71 B001                        mov al, 1
  1512 00000B73 EE                          out dx, al
  1513 00000B74 BAC303                      mov dx, 0x3c3
  1514 00000B77 EE                          out dx, al
  1515 00000B78 B80212                      mov ax, 0x1202
  1516 00000B7B B330                        mov bl, 0x30
  1517 00000B7D CD10                        int 0x10
  1518 00000B7F 30E4                        xor ah, ah
  1519 00000B81 A0[870B]                    mov al, [old_mode]
  1520 00000B84 CD10                        int 0x10
  1521                                  .done:
  1522 00000B86 C3                          ret
  1523                                  
  1524 00000B87 03                      old_mode db 3
  1525 00000B88 00                      mode_active db 0
  1526 00000B89 0000                    pos_base dw 0
  1527 00000B8B 0000                    card_id dw 0
  1528 00000B8D 00                      pos1 db 0
  1529 00000B8E 00                      pos3 db 0
  1530 00000B8F 00                      pos4 db 0
  1531 00000B90 0000                    io_base dw 0
  1532 00000B92 0000                    cp_seg dw 0
  1533 00000B94 00000000                aperture dd 0
  1534 00000B98 00000000                cp_aperture dd 0
  1535 00000B9C 0000                    row dw 0
  1536 00000B9E 0000                    col dw 0
  1537 00000BA0 0000                    pan_x dw 0
  1538 00000BA2 0000                    pan_y dw 0
  1539 00000BA4 0100                    step_x dw 1
  1540 00000BA6 0100                    step_y dw 1
  1541                                  %if PAN_STYLE != 2
  1542                                  vsync_enabled db 0
  1543                                  %endif
  1544 00000BA8 FFFF                    hud_last_fps dw 0xffff
  1545 00000BAA 00                      fps_started db 0
  1546 00000BAB 00000000                fps_start dd 0
  1547 00000BAF 00000000                fps_now dd 0
  1548 00000BB3 0000                    hud_frames dw 0
  1549 00000BB5 0000                    hud_fps10 dw 0
  1550 00000BB7 00                      hud_active db 0
  1551 00000BB8 00000000                hud_old_addr dd 0
  1552 00000BBC 00000000                hud_work_addr dd 0
  1553 00000BC0 C003                    hud_pitch dw SOURCE_W
  1554 00000BC2 0000                    hud_char_base dw 0
  1555 00000BC4 000102030404040E04      hud_text db 0, 1, 2, 3, 4, 4, 4, 14, 4 ; FPS:000.0
  1556                                  %if PAN_STYLE != 2
  1557                                      db 15                             ; optional S at the right
  1558                                  %endif
  1559                                  ; Five-bit rows for F, P, S, colon, digits 0..9, and dot.
  1560                                  hud_glyphs:
  1561 00000BCD 1F10101E101010              db 0x1f,0x10,0x10,0x1e,0x10,0x10,0x10
  1562 00000BD4 1E11111E101010              db 0x1e,0x11,0x11,0x1e,0x10,0x10,0x10
  1563 00000BDB 0F10100E01011E              db 0x0f,0x10,0x10,0x0e,0x01,0x01,0x1e
  1564 00000BE2 00040400040400              db 0x00,0x04,0x04,0x00,0x04,0x04,0x00
  1565 00000BE9 0E11131519110E              db 0x0e,0x11,0x13,0x15,0x19,0x11,0x0e
  1566 00000BF0 040C040404040E              db 0x04,0x0c,0x04,0x04,0x04,0x04,0x0e
  1567 00000BF7 0E11010204081F              db 0x0e,0x11,0x01,0x02,0x04,0x08,0x1f
  1568 00000BFE 1E01010E01011E              db 0x1e,0x01,0x01,0x0e,0x01,0x01,0x1e
  1569 00000C05 02060A121F0202              db 0x02,0x06,0x0a,0x12,0x1f,0x02,0x02
  1570 00000C0C 1F10101E01011E              db 0x1f,0x10,0x10,0x1e,0x01,0x01,0x1e
  1571 00000C13 0E10101E11110E              db 0x0e,0x10,0x10,0x1e,0x11,0x11,0x0e
  1572 00000C1A 1F010204080808              db 0x1f,0x01,0x02,0x04,0x08,0x08,0x08
  1573 00000C21 0E11110E11110E              db 0x0e,0x11,0x11,0x0e,0x11,0x11,0x0e
  1574 00000C28 0E11110F01010E              db 0x0e,0x11,0x11,0x0f,0x01,0x01,0x0e
  1575 00000C2F 00000000000404              db 0x00,0x00,0x00,0x00,0x00,0x04,0x04
  1576                                  %if PAN_STYLE != 2
  1577                                      times 7 db 0                      ; blank glyph 15
  1578                                  %endif
  1579 00000C36 00<rep 280h>            hud_saved times 64 * 10 db 0
  1580 00000EB6 00<rep 280h>            hud_canvas times 64 * 10 db 0
  1581                                  %if TEST_MODE = 3
  1582 00001136 445245414D532E4441-     image_name db 'DREAMS.DAT', 0
  1582 0000113F 5400               
  1583 00001141 0000                    image_handle dw 0
  1584 00001143 0400                    load_bank dw 4
  1585 00001145 00B0                    load_offset dw 0xb000
  1586 00001147 0000                    loaded_pages dw 0
  1587 00001149 0000                    chunk_bytes dw 0
  1588 0000114B 0000                    input_end dw 0
  1589 0000114D 0000                    match_count dw 0
  1590 0000114F 0000                    match_distance dw 0
  1591 00001151 00                      bits_left db 0
  1592 00001152 00                      bit_value db 0
  1593 00001153 <bin 300h>              image_palette incbin "bin/DREAMS.DAT", 0, 768
  1594 00001453 90                      align 2
  1595 00001454 00<rep 8000h>           image_page times 32768 db 0
  1596                                  %endif
  1597                                  %if PAN_STYLE = 2
  1598 00009454 00000000                cpu_src_addr dd 0
  1599 00009458 00000000                cpu_dst_addr dd 0
  1600                                  %endif
  1601 0000945C 5847412050616E6F72-     msg_start db 'XGA Panorama', 13, 10, '$'
  1601 00009465 616D610D0A24       
  1602 0000946B 5847412D312F584741-     msg_no_xga db 'XGA-1/XGA-2 not found on MCA.', 13, 10, '$'
  1602 00009474 2D32206E6F7420666F-
  1602 0000947D 756E64206F6E204D43-
  1602 00009486 412E0D0A24         
  1603 0000948B 4E6F20584741203120-     msg_no_aperture db 'No XGA 1 MB or 4 MB aperture in POS.', 13, 10, '$'
  1603 00009494 4D42206F722034204D-
  1603 0000949D 422061706572747572-
  1603 000094A6 6520696E20504F532E-
  1603 000094AF 0D0A24             
  1604 000094B2 50616E6F72616D6120-     msg_no_vram db 'Panorama needs 1 MB XGA VRAM.', 13, 10, '$'
  1604 000094BB 6E656564732031204D-
  1604 000094C4 422058474120565241-
  1604 000094CD 4D2E0D0A24         
  1605 000094D2 445245414D532E4441-     msg_image_error db 'DREAMS.DAT missing or incomplete.', 13, 10, '$'
  1605 000094DB 54206D697373696E67-
  1605 000094E4 206F7220696E636F6D-
  1605 000094ED 706C6574652E0D0A24 
  1606 000094F6 58474120636F70726F-     msg_cp_timeout db 'XGA coprocessor timeout.', 13, 10, '$'
  1606 000094FF 636573736F72207469-
  1606 00009508 6D656F75742E0D0A24 
  1607 00009511 5847414F4B2E545854-     log_name db 'XGAOK.TXT', 0
  1607 0000951A 00                 
  1608 0000951B 584741424F4F542E54-     log_boot_name db 'XGABOOT.TXT', 0
  1608 00009524 585400             
  1609 00009527 5847414445542E5458-     log_detect_name db 'XGADET.TXT', 0
  1609 00009530 5400               
  1610 00009532 5847414D4F44452E54-     log_mode_name db 'XGAMODE.TXT', 0
  1610 0000953B 585400             
  1611 0000953E 4E4F5847412E545854-     log_xga_error db 'NOXGA.TXT', 0
  1611 00009547 00                 
  1612 00009548 4E4F415045522E5458-     log_ap_error db 'NOAPER.TXT', 0
  1612 00009551 5400               
  1613 00009553 4E4F5652414D2E5458-     log_vram_error db 'NOVRAM.TXT', 0
  1613 0000955C 5400               
  1614 0000955E 4E4F43502E54585400      log_cp_error db 'NOCP.TXT', 0
  1615 00009567 584741206D6F64652C-     log_text db 'XGA mode, maps, and first BLT command completed.', 13, 10
  1615 00009570 206D6170732C20616E-
  1615 00009579 642066697273742042-
  1615 00009582 4C5420636F6D6D616E-
  1615 0000958B 6420636F6D706C6574-
  1615 00009594 65642E0D0A         
  1616                                  log_end:
  1617                                  
  1618                                  %include "xga_mode_640.inc"
     1                              <1> ; Generated from XGA Toolkit/XGAKIT.ASM by build_mode_table.py.
     2                              <1> ; Entries: I/O offset, register index (0 for direct), value.
     3                              <1> mode_table:
     4 00009599 040000              <1>     db 0x04, 0x00, 0x00
     5 0000959C 0500FF              <1>     db 0x05, 0x00, 0xff
     6 0000959F 000004              <1>     db 0x00, 0x00, 0x04
     7 000095A2 0A6400              <1>     db 0x0a, 0x64, 0x00
     8 000095A5 010001              <1>     db 0x01, 0x00, 0x01
     9 000095A8 080000              <1>     db 0x08, 0x00, 0x00
    10 000095AB 060000              <1>     db 0x06, 0x00, 0x00
    11 000095AE 090003              <1>     db 0x09, 0x00, 0x03
    12 000095B1 0A5001              <1>     db 0x0a, 0x50, 0x01
    13 000095B4 0A5000              <1>     db 0x0a, 0x50, 0x00
    14 000095B7 0A1063              <1>     db 0x0a, 0x10, 0x63
    15 000095BA 0A1100              <1>     db 0x0a, 0x11, 0x00
    16 000095BD 0A124F              <1>     db 0x0a, 0x12, 0x4f
    17 000095C0 0A1300              <1>     db 0x0a, 0x13, 0x00
    18 000095C3 0A144F              <1>     db 0x0a, 0x14, 0x4f
    19 000095C6 0A1500              <1>     db 0x0a, 0x15, 0x00
    20 000095C9 0A1663              <1>     db 0x0a, 0x16, 0x63
    21 000095CC 0A1700              <1>     db 0x0a, 0x17, 0x00
    22 000095CF 0A1855              <1>     db 0x0a, 0x18, 0x55
    23 000095D2 0A1900              <1>     db 0x0a, 0x19, 0x00
    24 000095D5 0A1A61              <1>     db 0x0a, 0x1a, 0x61
    25 000095D8 0A1B00              <1>     db 0x0a, 0x1b, 0x00
    26 000095DB 0A1C00              <1>     db 0x0a, 0x1c, 0x00
    27 000095DE 0A1E00              <1>     db 0x0a, 0x1e, 0x00
    28 000095E1 0A200C              <1>     db 0x0a, 0x20, 0x0c
    29 000095E4 0A2102              <1>     db 0x0a, 0x21, 0x02
    30 000095E7 0A22DF              <1>     db 0x0a, 0x22, 0xdf
    31 000095EA 0A2301              <1>     db 0x0a, 0x23, 0x01
    32 000095ED 0A24DF              <1>     db 0x0a, 0x24, 0xdf
    33 000095F0 0A2501              <1>     db 0x0a, 0x25, 0x01
    34 000095F3 0A260C              <1>     db 0x0a, 0x26, 0x0c
    35 000095F6 0A2702              <1>     db 0x0a, 0x27, 0x02
    36 000095F9 0A28EA              <1>     db 0x0a, 0x28, 0xea
    37 000095FC 0A2901              <1>     db 0x0a, 0x29, 0x01
    38 000095FF 0A2AEC              <1>     db 0x0a, 0x2a, 0xec
    39 00009602 0A2CFF              <1>     db 0x0a, 0x2c, 0xff
    40 00009605 0A2DFF              <1>     db 0x0a, 0x2d, 0xff
    41 00009608 0A3600              <1>     db 0x0a, 0x36, 0x00
    42 0000960B 0A4000              <1>     db 0x0a, 0x40, 0x00
    43 0000960E 0A4100              <1>     db 0x0a, 0x41, 0x00
    44 00009611 0A4200              <1>     db 0x0a, 0x42, 0x00
    45 00009614 0A4350              <1>     db 0x0a, 0x43, 0x50
    46 00009617 0A4400              <1>     db 0x0a, 0x44, 0x00
    47 0000961A 0A5400              <1>     db 0x0a, 0x54, 0x00
    48 0000961D 0A5103              <1>     db 0x0a, 0x51, 0x03
    49 00009620 0A7000              <1>     db 0x0a, 0x70, 0x00
    50 00009623 0A50C7              <1>     db 0x0a, 0x50, 0xc7
    51 00009626 0A5500              <1>     db 0x0a, 0x55, 0x00
    52 00009629 0A6000              <1>     db 0x0a, 0x60, 0x00
    53 0000962C 0A6100              <1>     db 0x0a, 0x61, 0x00
    54 0000962F 0A6200              <1>     db 0x0a, 0x62, 0x00
    55 00009632 0A6300              <1>     db 0x0a, 0x63, 0x00
    56 00009635 0A64FF              <1>     db 0x0a, 0x64, 0xff
    57 00009638 FF0000              <1>     db 0xff, 0, 0
