     1                                  ; XDEMO: waving Retro Erik BOBs, stars and a rotating XGA solid.
     2                                  ; By Dag Erik Hagesæter / Retro Erik using Codex in VS Code
     3                                  ; Build: python make_xdemo_art.py && nasm -f bin xdemo.asm -o bin/v2/XDEMO.COM
     4                                  %define XDEMO 1
     5                                  %include "xga_vector.asm"
     1                              <1> ; XGA vector demo: cube, octahedron, polygon stress, torus, Boing Ball, crystal.
     2                              <1> ; By Dag Erik Hagesæter / Retro Erik using Codex in VS Code
     3                              <1> ; Build: nasm -f bin xga_vector.asm -o bin/v2/XVECTOR.COM
     4                              <1> cpu 386
     5                              <1> bits 16
     6                              <1> org 0x100
     7                              <1> 
     8                              <1> SCREEN_W equ 640
     9                              <1> SCREEN_H equ 480
    10                              <1> SCREEN_BYTES equ SCREEN_W * SCREEN_H
    11                              <1> BACK_BASE equ SCREEN_BYTES
    12                              <1> MASK_BASE equ 2 * SCREEN_BYTES
    13                              <1> GRID_BASE equ MASK_BASE + SCREEN_BYTES / 8 ; 1-bit boundary map ends here
    14                              <1> MESH_MASK_W equ 128
    15                              <1> MESH_MASK_H equ 128
    16                              <1> LINE_OP equ 0x05118000       ; IBM XGA guide example: line draw, all pixels
    17                              <1> AREA_BOUNDARY_LINE_OP equ 0x05138030 ; area boundary, mask scissoring disabled
    18                              <1> AREA_FILL_OP equ 0x0A313000 ; map C to A, octant 0: left-to-right fill
    19                              <1> MASKED_SOLID_OP equ 0x08113000 ; fixed color through 1-bit pattern map C
    20                              <1> SOLID_A equ 0x08118000
    21                              <1> OCTA_FACES equ 8
    22                              <1> STRESS_MAX equ 512
    23                              <1> STRESS_W equ 30
    24                              <1> STRESS_H equ 22
    25                              <1> TORUS_VERTS equ 128
    26                              <1> TORUS_QUADS equ 128
    27                              <1> BOING_QUADS equ 112
    28                              <1> CRYSTAL_VERTS equ 120
    29                              <1> CRYSTAL_FACETS equ 100
    30                              <1> 
    31                              <1> %ifdef XDEMO
    32                              <1> %include "xdemo_scene.inc"
     1                              <2> ; Title glyph geometry; make_xdemo_art.py duplicates these literals.
     2                              <2> XDEMO_GLYPH_W equ 96
     3                              <2> XDEMO_GLYPH_H equ 90
     4                              <2> XDEMO_GLYPH_LEVELS equ 4
     5                              <2> XDEMO_MASK_LEVEL_STRIDE equ (XDEMO_GLYPH_W/8)*XDEMO_GLYPH_H
     6                              <2> XDEMO_TITLE_LETTERS equ 3
     7                              <2> XDEMO_TITLE_PITCH equ 112
     8                              <2> XDEMO_TITLE_X equ (640-XDEMO_TITLE_LETTERS*XDEMO_TITLE_PITCH)/2
     9                              <2> XDEMO_TITLE_BASE_Y equ 30
    10                              <2> XDEMO_SHADE_BASE equ 16 ; palette index of lane 0's darkest shade
    11                              <2> 
    12                              <2> ; Bottom scroller: dx0/dx1/dy line segments generated by make_xdemo_art.py
    13                              <2> ; from the same dot-font row patterns, at a much smaller cell size.
    14                              <2> XDEMO_SCROLL_SEGMENT_COUNT equ 127
    15                              <2> XDEMO_SCROLL_TEXT_WIDTH equ 360
    16                              <2> XDEMO_SCROLL_BASE_Y equ 450
    17                              <2> XDEMO_SCROLL_SPEED equ 3
    18                              <2> XDEMO_SCROLL_COLOR equ 11
    19                              <2> 
    20                              <2> ; Bouncing/swaying octahedron "dance": a sine envelope hops it up from a
    21                              <2> ; floor baseline while a quarter-phase-shifted sine sways it left/right.
    22                              <2> XDEMO_DANCE_BASE_Y equ 310
    23                              <2> XDEMO_DANCE_BASE_X equ 320
    24                              <2> XDEMO_DANCE_BOUNCE_AMP equ 90
    25                              <2> XDEMO_DANCE_SWAY_AMP equ 60
    26                              <2> XDEMO_DANCE_SPEED equ 6
    27                              <2> 
    28                              <2> ; Second rotation axis (tumble) and a Z-plane zoom, both sine-driven and
    29                              <2> ; independent of the Y-axis spin, so the shape never repeats the same way.
    30                              <2> XDEMO_TUMBLE_SPEED equ 2
    31                              <2> XDEMO_ZOOM_SPEED equ 2
    32                              <2> XDEMO_ZOOM_CENTER equ 128 ; 1.0x in the same 7-bit fixed point as sine_table
    33                              <2> XDEMO_ZOOM_AMP equ 64
    34                              <2> 
    35                              <2> start:
    36 00000000 0E                  <2>     push cs
    37 00000001 1F                  <2>     pop ds
    38 00000002 B40F                <2>     mov ah, 0x0f
    39 00000004 CD10                <2>     int 0x10
    40 00000006 A2[0C1F]            <2>     mov [old_mode], al
    41 00000009 BA[3D04]            <2>     mov dx, xdemo_message
    42 0000000C E89504              <2>     call puts
    43 0000000F E88993              <2>     call detect_xga
    44 00000012 0F82E600            <2>     jc .no_xga
    45 00000016 66833E[041F]00      <2>     cmp dword [aperture], 0
    46 0000001C 0F84D700            <2>     je .no_aperture
    47 00000020 E87694              <2>     call set_xga_mode
    48 00000023 C606[0D1F]01        <2>     mov byte [mode_active], 1
    49 00000028 E89894              <2>     call probe_vram
    50 0000002B 0F82C000            <2>     jc .no_vram
    51 0000002F E87704              <2>     call set_palette
    52 00000032 E89F04              <2>     call setup_maps
    53 00000035 E85806              <2>     call enter_back_buffer
    54 00000038 E8BF95              <2>     call setup_sprite_hud
    55 0000003B C706[1B1F]0800      <2>     mov word [visible_balls], OCTA_FACES
    56 00000041 C606[1D1F]01        <2>     mov byte [hud_count_label], 1 ; P = octahedron face count
    57 00000046 C606[FF1E]01        <2>     mov byte [vsync_enabled], 1
    58 0000004B C706[8E04]4001      <2>     mov word [xdemo_octa_cx], XDEMO_DANCE_BASE_X
    59 00000051 C706[9004]3601      <2>     mov word [xdemo_octa_cy], XDEMO_DANCE_BASE_Y
    60 00000057 C706[8404]8002      <2>     mov word [xdemo_scroll_x], 640
    61                              <2> .frame:
    62 0000005D E8CE07              <2>     call clear_back_buffer
    63 00000060 0F828300            <2>     jc .timeout
    64 00000064 E8BB00              <2>     call xdemo_update_dance
    65 00000067 E8A40B              <2>     call draw_solid
    66 0000006A 727B                <2>     jc .timeout
    67 0000006C 803E[8A04]00        <2>     cmp byte [xdemo_title_enabled], 0
    68 00000071 7405                <2>     je .skip_title
    69 00000073 E84502              <2>     call xdemo_title
    70 00000076 726F                <2>     jc .timeout
    71                              <2> .skip_title:
    72 00000078 803E[8B04]00        <2>     cmp byte [xdemo_scroll_enabled], 0
    73 0000007D 7405                <2>     je .skip_scroll
    74 0000007F E84003              <2>     call xdemo_scroll
    75 00000082 7263                <2>     jc .timeout
    76                              <2> .skip_scroll:
    77 00000084 E89994              <2>     call wait_cp
    78 00000087 725E                <2>     jc .timeout
    79 00000089 803E[FF1E]00        <2>     cmp byte [vsync_enabled], 0
    80 0000008E 7403                <2>     je .present
    81 00000090 E85F07              <2>     call wait_vsync
    82                              <2> .present:
    83 00000093 E8CE06              <2>     call present_back_frame
    84 00000096 724F                <2>     jc .timeout
    85 00000098 E84296              <2>     call update_fps
    86 0000009B E8BA95              <2>     call update_sprite_hud
    87 0000009E B401                <2>     mov ah, 1
    88 000000A0 CD16                <2>     int 0x16
    89 000000A2 7430                <2>     jz .advance
    90 000000A4 30E4                <2>     xor ah, ah
    91 000000A6 CD16                <2>     int 0x16
    92 000000A8 3C1B                <2>     cmp al, 27
    93 000000AA 7433                <2>     je .quit
    94 000000AC 3C76                <2>     cmp al, 'v'
    95 000000AE 740E                <2>     je .toggle
    96 000000B0 3C56                <2>     cmp al, 'V'
    97 000000B2 740A                <2>     je .toggle
    98 000000B4 3C32                <2>     cmp al, '2'
    99 000000B6 7410                <2>     je .toggle_title
   100 000000B8 3C33                <2>     cmp al, '3'
   101 000000BA 7413                <2>     je .toggle_scroll
   102 000000BC EB16                <2>     jmp .advance
   103                              <2> .toggle:
   104 000000BE 8036[FF1E]01        <2>     xor byte [vsync_enabled], 1
   105 000000C3 E81797              <2>     call reset_fps
   106 000000C6 EB0C                <2>     jmp .advance
   107                              <2> .toggle_title:
   108 000000C8 8036[8A04]01        <2>     xor byte [xdemo_title_enabled], 1
   109 000000CD EB05                <2>     jmp .advance
   110                              <2> .toggle_scroll:
   111 000000CF 8036[8B04]01        <2>     xor byte [xdemo_scroll_enabled], 1
   112                              <2> .advance:
   113 000000D4 FF06[2218]          <2>     inc word [rotation]
   114 000000D8 FE06[2804]          <2>     inc byte [xdemo_phase]
   115 000000DC E97EFF              <2>     jmp .frame
   116                              <2> .quit:
   117 000000DF E8C194              <2>     call restore_mode
   118 000000E2 B8004C              <2>     mov ax, 0x4c00
   119 000000E5 CD21                <2>     int 0x21
   120                              <2> .timeout:
   121 000000E7 E8B994              <2>     call restore_mode
   122 000000EA BA[DE92]            <2>     mov dx, msg_cp_timeout
   123 000000ED EB10                <2>     jmp .error
   124                              <2> .no_vram:
   125 000000EF E8B194              <2>     call restore_mode
   126 000000F2 BA[B492]            <2>     mov dx, msg_no_vram
   127 000000F5 EB08                <2>     jmp .error
   128                              <2> .no_aperture:
   129 000000F7 BA[9392]            <2>     mov dx, msg_no_aperture
   130 000000FA EB03                <2>     jmp .error
   131                              <2> .no_xga:
   132 000000FC BA[7392]            <2>     mov dx, msg_no_xga
   133                              <2> .error:
   134 000000FF E8A203              <2>     call puts
   135 00000102 B8014C              <2>     mov ax, 0x4c01
   136 00000105 CD21                <2>     int 0x21
   137                              <2> 
   138                              <2> ; Simple LCG, kept for anything else that wants a cheap random source.
   139                              <2> xdemo_rand_x:
   140 00000107 A1[2904]            <2>     mov ax, [xdemo_seed]
   141 0000010A BB5562              <2>     mov bx, 25173
   142 0000010D F7E3                <2>     mul bx
   143 0000010F 051936              <2>     add ax, 13849
   144 00000112 A3[2904]            <2>     mov [xdemo_seed], ax
   145 00000115 31D2                <2>     xor dx, dx
   146 00000117 BB5802              <2>     mov bx, 600
   147 0000011A F7F3                <2>     div bx
   148 0000011C 89D0                <2>     mov ax, dx
   149 0000011E 2D2C01              <2>     sub ax, 300
   150 00000121 C3                  <2>     ret
   151                              <2> 
   152                              <2> ; Updates the octahedron's on-screen center once per frame: an
   153                              <2> ; always-positive sine envelope makes it hop up from a floor baseline,
   154                              <2> ; while a quarter-phase-shifted sine sways it left and right.
   155                              <2> xdemo_update_dance:
   156 00000122 A1[8C04]            <2>     mov ax, [xdemo_dance_phase]
   157 00000125 83C006              <2>     add ax, XDEMO_DANCE_SPEED
   158 00000128 25FF00              <2>     and ax, 255
   159 0000012B A3[8C04]            <2>     mov [xdemo_dance_phase], ax
   160 0000012E 89C3                <2>     mov bx, ax
   161 00000130 0FBE87[CA90]        <2>     movsx ax, byte [sine_table+bx]
   162 00000135 09C0                <2>     or ax, ax
   163 00000137 7902                <2>     jns .bounce_ready
   164 00000139 F7D8                <2>     neg ax
   165                              <2> .bounce_ready:
   166 0000013B 6BC05A              <2>     imul ax, XDEMO_DANCE_BOUNCE_AMP
   167 0000013E C1F807              <2>     sar ax, 7
   168 00000141 B93601              <2>     mov cx, XDEMO_DANCE_BASE_Y
   169 00000144 29C1                <2>     sub cx, ax
   170 00000146 890E[9004]          <2>     mov [xdemo_octa_cy], cx
   171 0000014A 8B1E[8C04]          <2>     mov bx, [xdemo_dance_phase]
   172 0000014E 83C340              <2>     add bx, 64
   173 00000151 81E3FF00            <2>     and bx, 255
   174 00000155 0FBE87[CA90]        <2>     movsx ax, byte [sine_table+bx]
   175 0000015A 6BC03C              <2>     imul ax, XDEMO_DANCE_SWAY_AMP
   176 0000015D C1F807              <2>     sar ax, 7
   177 00000160 054001              <2>     add ax, XDEMO_DANCE_BASE_X
   178 00000163 A3[8E04]            <2>     mov [xdemo_octa_cx], ax
   179 00000166 C3                  <2>     ret
   180                              <2> 
   181                              <2> ; Replaces the shared rotate_octa for xdemo only (draw_solid calls this
   182                              <2> ; instead under %ifdef XDEMO): composes the usual Y-axis spin with a
   183                              <2> ; second, independently-phased X-axis tumble, then scales the whole
   184                              <2> ; shape by a sine-driven Z-plane zoom before placing it at the current
   185                              <2> ; dance center. Writes the same octa_screen_x/y and octa_rot_z arrays
   186                              <2> ; rotate_octa does, so build_depth/sort_faces/draw_solid need no changes.
   187                              <2> xdemo_rotate_octa:
   188 00000167 A1[2218]            <2>     mov ax, [rotation]
   189 0000016A 25FF00              <2>     and ax, 255
   190 0000016D 89C3                <2>     mov bx, ax
   191 0000016F 0FBE87[CA90]        <2>     movsx ax, byte [sine_table+bx]
   192 00000174 A3[4620]            <2>     mov [rot_sin], ax
   193 00000177 83C340              <2>     add bx, 64
   194 0000017A 81E3FF00            <2>     and bx, 255
   195 0000017E 0FBE87[CA90]        <2>     movsx ax, byte [sine_table+bx]
   196 00000183 A3[4820]            <2>     mov [rot_cos], ax
   197 00000186 A1[9204]            <2>     mov ax, [xdemo_tumble_phase]
   198 00000189 83C002              <2>     add ax, XDEMO_TUMBLE_SPEED
   199 0000018C 25FF00              <2>     and ax, 255
   200 0000018F A3[9204]            <2>     mov [xdemo_tumble_phase], ax
   201 00000192 89C3                <2>     mov bx, ax
   202 00000194 0FBE87[CA90]        <2>     movsx ax, byte [sine_table+bx]
   203 00000199 A3[9404]            <2>     mov [xdemo_tumble_sin], ax
   204 0000019C 83C340              <2>     add bx, 64
   205 0000019F 81E3FF00            <2>     and bx, 255
   206 000001A3 0FBE87[CA90]        <2>     movsx ax, byte [sine_table+bx]
   207 000001A8 A3[9604]            <2>     mov [xdemo_tumble_cos], ax
   208 000001AB A1[9804]            <2>     mov ax, [xdemo_zoom_phase]
   209 000001AE 83C002              <2>     add ax, XDEMO_ZOOM_SPEED
   210 000001B1 25FF00              <2>     and ax, 255
   211 000001B4 A3[9804]            <2>     mov [xdemo_zoom_phase], ax
   212 000001B7 89C3                <2>     mov bx, ax
   213 000001B9 0FBE87[CA90]        <2>     movsx ax, byte [sine_table+bx]
   214 000001BE 6BC040              <2>     imul ax, XDEMO_ZOOM_AMP
   215 000001C1 C1F807              <2>     sar ax, 7
   216 000001C4 058000              <2>     add ax, XDEMO_ZOOM_CENTER
   217 000001C7 A3[9A04]            <2>     mov [xdemo_zoom_scale], ax
   218 000001CA 31F6                <2>     xor si, si
   219                              <2> .vert:
   220 000001CC 89F3                <2>     mov bx, si
   221 000001CE 01DB                <2>     add bx, bx
   222 000001D0 01F3                <2>     add bx, si
   223 000001D2 01DB                <2>     add bx, bx
   224 000001D4 89F7                <2>     mov di, si
   225 000001D6 01FF                <2>     add di, di
   226 000001D8 8B87[C51F]          <2>     mov ax, [octa_verts+bx]
   227 000001DC A3[4A20]            <2>     mov [tmp_x], ax
   228 000001DF 8B87[C71F]          <2>     mov ax, [octa_verts+bx+2]
   229 000001E3 A3[4C20]            <2>     mov [tmp_y], ax
   230 000001E6 8B87[C91F]          <2>     mov ax, [octa_verts+bx+4]
   231 000001EA A3[4E20]            <2>     mov [tmp_z], ax
   232                              <2>     ; Y-axis spin of (x,z); y untouched
   233 000001ED A1[4A20]            <2>     mov ax, [tmp_x]
   234 000001F0 F72E[4820]          <2>     imul word [rot_cos]
   235 000001F4 C1F807              <2>     sar ax, 7
   236 000001F7 A3[5220]            <2>     mov [tmp1], ax
   237 000001FA A1[4E20]            <2>     mov ax, [tmp_z]
   238 000001FD F72E[4620]          <2>     imul word [rot_sin]
   239 00000201 C1F807              <2>     sar ax, 7
   240 00000204 A3[5420]            <2>     mov [tmp2], ax
   241 00000207 A1[5220]            <2>     mov ax, [tmp1]
   242 0000020A 2B06[5420]          <2>     sub ax, [tmp2]
   243 0000020E A3[9C04]            <2>     mov [xdemo_x1], ax
   244 00000211 A1[4A20]            <2>     mov ax, [tmp_x]
   245 00000214 F72E[4620]          <2>     imul word [rot_sin]
   246 00000218 C1F807              <2>     sar ax, 7
   247 0000021B A3[5220]            <2>     mov [tmp1], ax
   248 0000021E A1[4E20]            <2>     mov ax, [tmp_z]
   249 00000221 F72E[4820]          <2>     imul word [rot_cos]
   250 00000225 C1F807              <2>     sar ax, 7
   251 00000228 A3[5420]            <2>     mov [tmp2], ax
   252 0000022B A1[5220]            <2>     mov ax, [tmp1]
   253 0000022E 0306[5420]          <2>     add ax, [tmp2]
   254 00000232 A3[9E04]            <2>     mov [xdemo_z1], ax
   255                              <2>     ; X-axis tumble of (y,z1); x1 untouched
   256 00000235 A1[4C20]            <2>     mov ax, [tmp_y]
   257 00000238 F72E[9604]          <2>     imul word [xdemo_tumble_cos]
   258 0000023C C1F807              <2>     sar ax, 7
   259 0000023F A3[5220]            <2>     mov [tmp1], ax
   260 00000242 A1[9E04]            <2>     mov ax, [xdemo_z1]
   261 00000245 F72E[9404]          <2>     imul word [xdemo_tumble_sin]
   262 00000249 C1F807              <2>     sar ax, 7
   263 0000024C A3[5420]            <2>     mov [tmp2], ax
   264 0000024F A1[5220]            <2>     mov ax, [tmp1]
   265 00000252 2B06[5420]          <2>     sub ax, [tmp2]
   266 00000256 A3[A004]            <2>     mov [xdemo_y2], ax
   267 00000259 A1[4C20]            <2>     mov ax, [tmp_y]
   268 0000025C F72E[9404]          <2>     imul word [xdemo_tumble_sin]
   269 00000260 C1F807              <2>     sar ax, 7
   270 00000263 A3[5220]            <2>     mov [tmp1], ax
   271 00000266 A1[9E04]            <2>     mov ax, [xdemo_z1]
   272 00000269 F72E[9604]          <2>     imul word [xdemo_tumble_cos]
   273 0000026D C1F807              <2>     sar ax, 7
   274 00000270 A3[5420]            <2>     mov [tmp2], ax
   275 00000273 A1[5220]            <2>     mov ax, [tmp1]
   276 00000276 0306[5420]          <2>     add ax, [tmp2]
   277 0000027A A3[A204]            <2>     mov [xdemo_z2], ax
   278                              <2>     ; Zoom-scale and place at the current dance center
   279 0000027D A1[9C04]            <2>     mov ax, [xdemo_x1]
   280 00000280 F72E[9A04]          <2>     imul word [xdemo_zoom_scale]
   281 00000284 C1F807              <2>     sar ax, 7
   282 00000287 0306[8E04]          <2>     add ax, [xdemo_octa_cx]
   283 0000028B 8985[0920]          <2>     mov [octa_screen_x+di], ax
   284 0000028F A1[A004]            <2>     mov ax, [xdemo_y2]
   285 00000292 F72E[9A04]          <2>     imul word [xdemo_zoom_scale]
   286 00000296 C1F807              <2>     sar ax, 7
   287 00000299 89C3                <2>     mov bx, ax
   288 0000029B A1[9004]            <2>     mov ax, [xdemo_octa_cy]
   289 0000029E 29D8                <2>     sub ax, bx
   290 000002A0 8985[1520]          <2>     mov [octa_screen_y+di], ax
   291 000002A4 A1[A204]            <2>     mov ax, [xdemo_z2]
   292 000002A7 F72E[9A04]          <2>     imul word [xdemo_zoom_scale]
   293 000002AB C1F807              <2>     sar ax, 7
   294 000002AE 8985[2120]          <2>     mov [octa_rot_z+di], ax
   295 000002B2 46                  <2>     inc si
   296 000002B3 83FE06              <2>     cmp si, 6
   297 000002B6 0F8212FF            <2>     jb .vert
   298 000002BA C3                  <2>     ret
   299                              <2> 
   300                              <2> ; Each letter is a set of shaded circle-dot BOBs: four cumulative 1-bit
   301                              <2> ; masks per letter (darkest rim first, smallest highlight spot last) are
   302                              <2> ; each flat-filled with a brighter palette shade, layering a cheap sphere
   303                              <2> ; gradient the same way xga_balls shades its ball sprites.
   304                              <2> ; The mask source address is tracked in xdemo_mask_addr: the XGA's map
   305                              <2> ; registers are write-only here, so reading [es:0x14] back after a BitBlt
   306                              <2> ; does not return the address that was written and must not be relied on.
   307                              <2> ; Likewise the destination X/Y (es:0x78/0x7a) and pattern origin
   308                              <2> ; (es:0x74/0x76) auto-advance after a BitBlt completes, so all four must
   309                              <2> ; be rewritten before every single blit - reusing a value set for an
   310                              <2> ; earlier level drew each level one glyph lower, and a stale pattern
   311                              <2> ; origin left over for the next frame broke the octahedron's area fill.
   312                              <2> xdemo_title:
   313 000002BB E86292              <2>     call wait_cp
   314 000002BE 0F82FF00            <2>     jc .done
   315 000002C2 8CC8                <2>     mov ax, cs
   316 000002C4 660FB7C0            <2>     movzx eax, ax
   317 000002C8 66C1E004            <2>     shl eax, 4
   318 000002CC 6605[99AA0000]      <2>     add eax, xdemo_masks
   319 000002D2 66A3[2B04]          <2>     mov [xdemo_mask_addr], eax
   320 000002D6 26C606120003        <2>     mov byte [es:0x12], 3
   321 000002DC 2666A31400          <2>     mov [es:0x14], eax
   322 000002E1 26C70618005F00      <2>     mov word [es:0x18], XDEMO_GLYPH_W-1
   323 000002E8 26C7061A005900      <2>     mov word [es:0x1a], XDEMO_GLYPH_H-1
   324 000002EF 26C6061C0000        <2>     mov byte [es:0x1c], 0
   325 000002F5 26C606120001        <2>     mov byte [es:0x12], 1
   326 000002FB 26C70660005F00      <2>     mov word [es:0x60], XDEMO_GLYPH_W-1
   327 00000302 26C70662005900      <2>     mov word [es:0x62], XDEMO_GLYPH_H-1
   328 00000309 26C606480003        <2>     mov byte [es:0x48], 3
   329 0000030F 26C606490005        <2>     mov byte [es:0x49], 5
   330 00000315 31F6                <2>     xor si, si
   331                              <2> .letter:
   332 00000317 89F0                <2>     mov ax, si
   333 00000319 6BC070              <2>     imul ax, XDEMO_TITLE_PITCH
   334 0000031C 059800              <2>     add ax, XDEMO_TITLE_X
   335 0000031F A3[3304]            <2>     mov [xdemo_letter_x], ax
   336 00000322 89F3                <2>     mov bx, si
   337 00000324 C1E303              <2>     shl bx, 3
   338 00000327 A0[2804]            <2>     mov al, [xdemo_phase]
   339 0000032A 0206[2804]          <2>     add al, [xdemo_phase]
   340 0000032E 0284[3704]          <2>     add al, [xdemo_wave_offset+si]
   341 00000332 0FB6D8              <2>     movzx bx, al
   342 00000335 8A87[CA90]          <2>     mov al, [sine_table+bx]
   343 00000339 98                  <2>     cbw
   344 0000033A C1F803              <2>     sar ax, 3
   345 0000033D 83C01E              <2>     add ax, XDEMO_TITLE_BASE_Y
   346 00000340 A3[3504]            <2>     mov [xdemo_letter_y], ax
   347 00000343 660FB684[3A04]      <2>     movzx eax, byte [xdemo_colors+si]
   348 00000349 66C1E002            <2>     shl eax, 2
   349 0000034D 6683C010            <2>     add eax, XDEMO_SHADE_BASE
   350 00000351 66A3[2F04]          <2>     mov [xdemo_level_color], eax
   351 00000355 6631C9              <2>     xor ecx, ecx
   352                              <2> .level:
   353 00000358 26C606120003        <2>     mov byte [es:0x12], 3
   354 0000035E 66A1[2B04]          <2>     mov eax, [xdemo_mask_addr]
   355 00000362 2666A31400          <2>     mov [es:0x14], eax
   356 00000367 26C606120001        <2>     mov byte [es:0x12], 1
   357 0000036D 26C70674000000      <2>     mov word [es:0x74], 0
   358 00000374 26C70676000000      <2>     mov word [es:0x76], 0
   359 0000037B A1[3304]            <2>     mov ax, [xdemo_letter_x]
   360 0000037E 26A37800            <2>     mov [es:0x78], ax
   361 00000382 A1[3504]            <2>     mov ax, [xdemo_letter_y]
   362 00000385 26A37A00            <2>     mov [es:0x7a], ax
   363 00000389 66A1[2F04]          <2>     mov eax, [xdemo_level_color]
   364 0000038D 6601C8              <2>     add eax, ecx
   365 00000390 2666A35800          <2>     mov [es:0x58], eax
   366 00000395 2666C7067C00003011- <2>     mov dword [es:0x7c], MASKED_SOLID_OP
   366 0000039E 08                  <2>
   367 0000039F E87E91              <2>     call wait_cp
   368 000003A2 721D                <2>     jc .done
   369 000003A4 66A1[2B04]          <2>     mov eax, [xdemo_mask_addr]
   370 000003A8 660538040000        <2>     add eax, XDEMO_MASK_LEVEL_STRIDE
   371 000003AE 66A3[2B04]          <2>     mov [xdemo_mask_addr], eax
   372 000003B2 41                  <2>     inc cx
   373 000003B3 83F904              <2>     cmp cx, XDEMO_GLYPH_LEVELS
   374 000003B6 72A0                <2>     jb .level
   375 000003B8 46                  <2>     inc si
   376 000003B9 83FE03              <2>     cmp si, XDEMO_TITLE_LETTERS
   377 000003BC 0F8257FF            <2>     jb .letter
   378 000003C0 F8                  <2>     clc
   379                              <2> .done:
   380 000003C1 C3                  <2>     ret
   381                              <2> 
   382                              <2> ; Bottom-of-screen scroller: each precomputed segment is a horizontal
   383                              <2> ; stroke relative to the text's start; the live scroll offset and the
   384                              <2> ; screen baseline are added here. Unsigned bounds checks double as
   385                              <2> ; negative-coordinate rejects once a segment scrolls off the left edge.
   386                              <2> xdemo_scroll:
   387 000003C2 C606[181F]00        <2>     mov byte [line_flags], 0
   388 000003C7 C606[191F]0B        <2>     mov byte [line_color], XDEMO_SCROLL_COLOR
   389 000003CC 31FF                <2>     xor di, di
   390                              <2> .segment:
   391 000003CE 8B85[39DD]          <2>     mov ax, [xdemo_scroll_segments+di]
   392 000003D2 0306[8404]          <2>     add ax, [xdemo_scroll_x]
   393 000003D6 A3[8604]            <2>     mov [xdemo_scroll_p0x], ax
   394 000003D9 8B85[3BDD]          <2>     mov ax, [xdemo_scroll_segments+di+2]
   395 000003DD 0306[8404]          <2>     add ax, [xdemo_scroll_x]
   396 000003E1 A3[8804]            <2>     mov [xdemo_scroll_p1x], ax
   397 000003E4 813E[8604]8002      <2>     cmp word [xdemo_scroll_p0x], 640
   398 000003EA 731E                <2>     jae .skip
   399 000003EC 813E[8804]8002      <2>     cmp word [xdemo_scroll_p1x], 640
   400 000003F2 7316                <2>     jae .skip
   401 000003F4 A1[8604]            <2>     mov ax, [xdemo_scroll_p0x]
   402 000003F7 8B95[3DDD]          <2>     mov dx, [xdemo_scroll_segments+di+4]
   403 000003FB 81C2C201            <2>     add dx, XDEMO_SCROLL_BASE_Y
   404 000003FF 8B1E[8804]          <2>     mov bx, [xdemo_scroll_p1x]
   405 00000403 89D1                <2>     mov cx, dx
   406 00000405 E8D804              <2>     call draw_line
   407 00000408 721C                <2>     jc .done
   408                              <2> .skip:
   409 0000040A 83C706              <2>     add di, 6
   410 0000040D 81FFFA02            <2>     cmp di, XDEMO_SCROLL_SEGMENT_COUNT*6
   411 00000411 72BB                <2>     jb .segment
   412 00000413 832E[8404]03        <2>     sub word [xdemo_scroll_x], XDEMO_SCROLL_SPEED
   413 00000418 813E[8404]98FE      <2>     cmp word [xdemo_scroll_x], -XDEMO_SCROLL_TEXT_WIDTH
   414 0000041E 7F06                <2>     jg .done
   415 00000420 C706[8404]8002      <2>     mov word [xdemo_scroll_x], 640
   416                              <2> .done:
   417 00000426 F8                  <2>     clc
   418 00000427 C3                  <2>     ret
   419                              <2> 
   420 00000428 00                  <2> xdemo_phase db 0
   421 00000429 0000                <2> xdemo_seed dw 0
   422 0000042B 00000000            <2> xdemo_mask_addr dd 0
   423 0000042F 00000000            <2> xdemo_level_color dd 0
   424 00000433 0000                <2> xdemo_letter_x dw 0
   425 00000435 0000                <2> xdemo_letter_y dw 0
   426 00000437 001E3C              <2> xdemo_wave_offset db 0,30,60
   427                              <2> ; Lane index (0..7) into the shaded palette ramps for each title letter.
   428 0000043A 000105              <2> xdemo_colors db 0,1,5
   429 0000043D 5844454D4F3A205847- <2> xdemo_message db 'XDEMO: XGA coprocessor. Esc exits; V sync, 2 title, 3 scroll toggle.',13,10,'$'
   429 00000446 4120636F70726F6365- <2>
   429 0000044F 73736F722E20457363- <2>
   429 00000458 2065786974733B2056- <2>
   429 00000461 2073796E632C203220- <2>
   429 0000046A 7469746C652C203320- <2>
   429 00000473 7363726F6C6C20746F- <2>
   429 0000047C 67676C652E0D0A24    <2>
   430 00000484 0000                <2> xdemo_scroll_x dw 0
   431 00000486 0000                <2> xdemo_scroll_p0x dw 0
   432 00000488 0000                <2> xdemo_scroll_p1x dw 0
   433 0000048A 01                  <2> xdemo_title_enabled db 1
   434 0000048B 01                  <2> xdemo_scroll_enabled db 1
   435 0000048C 0000                <2> xdemo_dance_phase dw 0
   436 0000048E 0000                <2> xdemo_octa_cx dw 0
   437 00000490 0000                <2> xdemo_octa_cy dw 0
   438 00000492 0000                <2> xdemo_tumble_phase dw 0
   439 00000494 0000                <2> xdemo_tumble_sin dw 0
   440 00000496 0000                <2> xdemo_tumble_cos dw 0
   441 00000498 0000                <2> xdemo_zoom_phase dw 0
   442 0000049A 0000                <2> xdemo_zoom_scale dw 0
   443 0000049C 0000                <2> xdemo_x1 dw 0
   444 0000049E 0000                <2> xdemo_z1 dw 0
   445 000004A0 0000                <2> xdemo_y2 dw 0
   446 000004A2 0000                <2> xdemo_z2 dw 0
    33                              <1> %else
    34                              <1> start:
    35                              <1>     push cs
    36                              <1>     pop ds
    37                              <1>     mov ah, 0x0f
    38                              <1>     int 0x10
    39                              <1>     mov [old_mode], al
    40                              <1>     mov dx, msg_start
    41                              <1>     call puts
    42                              <1>     call detect_xga
    43                              <1>     jc .no_xga
    44                              <1>     cmp dword [aperture], 0
    45                              <1>     je .no_aperture
    46                              <1>     call set_xga_mode
    47                              <1>     mov byte [mode_active], 1
    48                              <1>     call probe_vram
    49                              <1>     jc .no_vram
    50                              <1>     call set_palette
    51                              <1>     call setup_maps
    52                              <1>     call enter_back_buffer
    53                              <1>     call prerender_room_grid
    54                              <1>     jc .cp_timeout
    55                              <1>     mov byte [vsync_enabled], 1
    56                              <1>     call setup_sprite_hud
    57                              <1> .frame:
    58                              <1>     cmp byte [demo_mode], 4
    59                              <1>     jne .clear_frame
    60                              <1>     call restore_room_grid
    61                              <1>     jmp .frame_ready
    62                              <1> .clear_frame:
    63                              <1>     call clear_back_buffer
    64                              <1> .frame_ready:
    65                              <1>     jc .cp_timeout
    66                              <1>     cmp byte [demo_mode], 0
    67                              <1>     jne .other_demo
    68                              <1>     call draw_cube
    69                              <1>     jmp .draw_done
    70                              <1> .other_demo:
    71                              <1>     cmp byte [demo_mode], 1
    72                              <1>     je .solid
    73                              <1>     cmp byte [demo_mode], 2
    74                              <1>     je .polygon_stress
    75                              <1>     cmp byte [demo_mode], 4
    76                              <1>     je .boing
    77                              <1>     cmp byte [demo_mode], 5
    78                              <1>     je .crystal
    79                              <1>     call draw_torus
    80                              <1>     jmp .draw_done
    81                              <1> .crystal:
    82                              <1>     call draw_crystal
    83                              <1>     jmp .draw_done
    84                              <1> .boing:
    85                              <1>     call draw_boing
    86                              <1>     jmp .draw_done
    87                              <1> .polygon_stress:
    88                              <1>     call draw_polygon_stress
    89                              <1>     jmp .draw_done
    90                              <1> .solid:
    91                              <1>     call draw_solid
    92                              <1>     jmp .draw_done
    93                              <1> .draw_done:
    94                              <1>     jc .cp_timeout
    95                              <1>     call wait_cp
    96                              <1>     jc .cp_timeout
    97                              <1>     cmp byte [vsync_enabled], 0
    98                              <1>     je .no_sync
    99                              <1>     call wait_vsync
   100                              <1> .no_sync:
   101                              <1>     call present_back_frame
   102                              <1>     jc .cp_timeout
   103                              <1>     mov byte [hud_text_balls+6], 15 ; no mesh fill marker
   104                              <1>     cmp byte [demo_mode], 1
   105                              <1>     je .hud_solid
   106                              <1>     cmp byte [demo_mode], 2
   107                              <1>     je .hud_stress
   108                              <1>     cmp byte [demo_mode], 3
   109                              <1>     je .hud_torus
   110                              <1>     cmp byte [demo_mode], 4
   111                              <1>     je .hud_torus
   112                              <1>     cmp byte [demo_mode], 5
   113                              <1>     je .hud_torus
   114                              <1>     mov word [visible_balls], 12
   115                              <1>     mov byte [hud_count_label], 16 ; B = vector command count
   116                              <1>     jmp .hud_ready
   117                              <1> .hud_solid:
   118                              <1>     mov word [visible_balls], OCTA_FACES
   119                              <1>     mov byte [hud_count_label], 1 ; P = face count
   120                              <1>     jmp .hud_ready
   121                              <1> .hud_stress:
   122                              <1>     mov ax, [stress_count]
   123                              <1>     mov [visible_balls], ax
   124                              <1>     mov byte [hud_count_label], 1 ; P = filled polygon count
   125                              <1>     jmp .hud_ready
   126                              <1> .hud_torus:
   127                              <1>     mov ax, [mesh_drawn]
   128                              <1>     mov [visible_balls], ax
   129                              <1>     mov byte [hud_count_label], 1 ; P = visible mesh facets filled
   130                              <1>     cmp byte [mesh_area_mode], 0
   131                              <1>     je .hud_ready
   132                              <1>     mov byte [hud_text_balls+6], 21 ; A = hybrid XGA Area Fill
   133                              <1> .hud_ready:
   134                              <1>     call update_fps
   135                              <1>     call update_sprite_hud
   136                              <1>     mov ah, 1
   137                              <1>     int 0x16
   138                              <1>     jz .animate
   139                              <1>     xor ah, ah
   140                              <1>     int 0x16
   141                              <1>     cmp al, 27
   142                              <1>     je .quit
   143                              <1>     cmp al, '1'
   144                              <1>     jb .key_space
   145                              <1>     cmp al, '6'
   146                              <1>     ja .key_space
   147                              <1>     sub al, '1'
   148                              <1>     mov [demo_mode], al
   149                              <1>     jmp .mode_changed
   150                              <1> .key_space:
   151                              <1>     cmp al, ' '
   152                              <1>     jne .key_v
   153                              <1>     inc byte [demo_mode]
   154                              <1>     cmp byte [demo_mode], 6
   155                              <1>     jb .mode_changed
   156                              <1>     mov byte [demo_mode], 0
   157                              <1> .mode_changed:
   158                              <1>     mov byte [speaker_frames], 0
   159                              <1>     call stop_speaker
   160                              <1>     call init_mesh_order
   161                              <1>     call set_mask_map_for_mode
   162                              <1>     jc .cp_timeout
   163                              <1>     call reset_frame_page
   164                              <1>     jc .cp_timeout
   165                              <1>     call reset_fps
   166                              <1>     jmp .animate
   167                              <1> .key_v:
   168                              <1>     cmp al, 'v'
   169                              <1>     je .toggle_sync
   170                              <1>     cmp al, 'V'
   171                              <1>     je .toggle_sync
   172                              <1>     cmp al, 'm'
   173                              <1>     je .toggle_mesh_renderer
   174                              <1>     cmp al, 'M'
   175                              <1>     je .toggle_mesh_renderer
   176                              <1>     cmp al, '+'
   177                              <1>     je .increase_count
   178                              <1>     cmp al, '='
   179                              <1>     je .increase_count
   180                              <1>     cmp al, '-'
   181                              <1>     je .decrease_count
   182                              <1>     jmp .animate
   183                              <1> .increase_count:
   184                              <1>     cmp byte [demo_mode], 2
   185                              <1>     jne .animate
   186                              <1>     cmp word [stress_count], STRESS_MAX
   187                              <1>     jae .animate
   188                              <1>     shl word [stress_count], 1
   189                              <1>     call reset_fps
   190                              <1>     jmp .animate
   191                              <1> .decrease_count:
   192                              <1>     cmp byte [demo_mode], 2
   193                              <1>     jne .animate
   194                              <1>     cmp word [stress_count], 8
   195                              <1>     jbe .animate
   196                              <1>     shr word [stress_count], 1
   197                              <1>     call reset_fps
   198                              <1>     jmp .animate
   199                              <1> .toggle_sync:
   200                              <1>     xor byte [vsync_enabled], 1
   201                              <1>     call reset_fps
   202                              <1> .toggle_done:
   203                              <1>     jmp .animate
   204                              <1> .toggle_mesh_renderer:
   205                              <1>     cmp byte [demo_mode], 3
   206                              <1>     jb .animate
   207                              <1>     xor byte [mesh_area_mode], 1
   208                              <1>     call set_mask_map_for_mode
   209                              <1>     jc .cp_timeout
   210                              <1>     call reset_fps
   211                              <1>     jmp .toggle_done
   212                              <1> .animate:
   213                              <1>     inc word [rotation]
   214                              <1>     cmp byte [demo_mode], 4
   215                              <1>     jne .frame
   216                              <1>     inc word [boing_frame]
   217                              <1>     call update_boing_motion
   218                              <1>     jmp .frame
   219                              <1> .quit:
   220                              <1>     call stop_speaker
   221                              <1>     call restore_mode
   222                              <1>     mov ax, 0x4c00
   223                              <1>     int 0x21
   224                              <1> .cp_timeout:
   225                              <1>     call stop_speaker
   226                              <1>     call restore_mode
   227                              <1>     mov dx, msg_cp_timeout
   228                              <1>     jmp .error
   229                              <1> .no_vram:
   230                              <1>     call stop_speaker
   231                              <1>     call restore_mode
   232                              <1>     mov dx, msg_no_vram
   233                              <1>     jmp .error
   234                              <1> .no_aperture:
   235                              <1>     mov dx, msg_no_aperture
   236                              <1>     jmp .error
   237                              <1> .no_xga:
   238                              <1>     mov dx, msg_no_xga
   239                              <1> .error:
   240                              <1>     call puts
   241                              <1>     mov ax, 0x4c01
   242                              <1>     int 0x21
   243                              <1> %endif
   244                              <1> 
   245                              <1> puts:
   246 000004A4 B409                <1>     mov ah, 9
   247 000004A6 CD21                <1>     int 0x21
   248 000004A8 C3                  <1>     ret
   249                              <1> 
   250                              <1> set_palette:
   251 000004A9 8B16[001F]          <1>     mov dx, [io_base]
   252 000004AD 83C20A              <1>     add dx, 0x0a
   253 000004B0 B86400              <1>     mov ax, 0x0064
   254 000004B3 EF                  <1>     out dx, ax
   255 000004B4 B86600              <1>     mov ax, 0x0066
   256 000004B7 EF                  <1>     out dx, ax
   257 000004B8 B86000              <1>     mov ax, 0x0060
   258 000004BB EF                  <1>     out dx, ax
   259 000004BC B86100              <1>     mov ax, 0x0061
   260 000004BF EF                  <1>     out dx, ax
   261 000004C0 B065                <1>     mov al, 0x65
   262 000004C2 EE                  <1>     out dx, al
   263 000004C3 42                  <1>     inc dx
   264                              <1> %ifdef XDEMO
   265 000004C4 BE[09AA]            <1>     mov si, xdemo_palette
   266 000004C7 B99000              <1>     mov cx, 144 ; 16 base CGA colors + 8 lanes x 4 shades
   267                              <1> %else
   268                              <1>     mov si, vector_palette
   269                              <1>     mov cx, 60
   270                              <1> %endif
   271                              <1> .color:
   272 000004CA AC                  <1>     lodsb
   273 000004CB EE                  <1>     out dx, al
   274 000004CC E2FC                <1>     loop .color
   275 000004CE 4A                  <1>     dec dx
   276 000004CF B864FF              <1>     mov ax, 0xff64
   277 000004D2 EF                  <1>     out dx, ax
   278 000004D3 C3                  <1>     ret
   279                              <1> 
   280                              <1> setup_maps:
   281 000004D4 A1[021F]            <1>     mov ax, [cp_seg]
   282 000004D7 8EC0                <1>     mov es, ax
   283 000004D9 26C606110000        <1>     mov byte [es:0x11], 0
   284 000004DF 26C606120001        <1>     mov byte [es:0x12], 1
   285 000004E5 66A1[081F]          <1>     mov eax, [cp_aperture]
   286 000004E9 2666A31400          <1>     mov [es:0x14], eax
   287 000004EE 26C70618007F02      <1>     mov word [es:0x18], SCREEN_W-1
   288 000004F5 26C7061A00DF01      <1>     mov word [es:0x1a], SCREEN_H-1
   289 000004FC 26C6061C0003        <1>     mov byte [es:0x1c], 3
   290 00000502 26C606480003        <1>     mov byte [es:0x48], 3
   291 00000508 26C606490005        <1>     mov byte [es:0x49], 5
   292 0000050E 26C6064A0004        <1>     mov byte [es:0x4a], 4
   293 00000514 2666C7065000FF0000- <1>     mov dword [es:0x50], 0xff
   293 0000051D 00                  <1>
   294 0000051E 2666C7065400FF0000- <1>     mov dword [es:0x54], 0xff
   294 00000527 00                  <1>
   295 00000528 2666C7065C00000000- <1>     mov dword [es:0x5c], 0
   295 00000531 00                  <1>
   296 00000532 26C606120000        <1>     mov byte [es:0x12], 0
   297 00000538 66A1[081F]          <1>     mov eax, [cp_aperture]
   298 0000053C 660500600900        <1>     add eax, MASK_BASE
   299 00000542 2666A31400          <1>     mov [es:0x14], eax
   300 00000547 26C70618007F02      <1>     mov word [es:0x18], SCREEN_W-1
   301 0000054E 26C7061A00DF01      <1>     mov word [es:0x1a], SCREEN_H-1
   302 00000555 26C6061C0000        <1>     mov byte [es:0x1c], 0
   303 0000055B 26C7066C000000      <1>     mov word [es:0x6c], 0
   304 00000562 26C7066E000000      <1>     mov word [es:0x6e], 0
   305 00000569 26C606120001        <1>     mov byte [es:0x12], 1
   306 0000056F 26C606120003        <1>     mov byte [es:0x12], 3
   307 00000575 66A1[081F]          <1>     mov eax, [cp_aperture]
   308 00000579 660500600900        <1>     add eax, MASK_BASE
   309 0000057F 2666A31400          <1>     mov [es:0x14], eax
   310 00000584 26C70618007F02      <1>     mov word [es:0x18], SCREEN_W-1
   311 0000058B 26C7061A00DF01      <1>     mov word [es:0x1a], SCREEN_H-1
   312 00000592 26C6061C0000        <1>     mov byte [es:0x1c], 0
   313 00000598 26C606120001        <1>     mov byte [es:0x12], 1
   314 0000059E C3                  <1>     ret
   315                              <1> 
   316                              <1> ; Map C points to VRAM for Area Fill and to the conventional-RAM mask for
   317                              <1> ; the proven fallback. Keep its active source so consecutive quads avoid
   318                              <1> ; redundant map setup.
   319                              <1> set_mask_map_for_mode:
   320 0000059F 803E[FE1E]03        <1>     cmp byte [demo_mode], 3
   321 000005A4 7209                <1>     jb select_mesh_vram_map
   322 000005A6 803E[CF18]00        <1>     cmp byte [mesh_area_mode], 0
   323 000005AB 7502                <1>     jne select_mesh_vram_map
   324 000005AD EB42                <1>     jmp select_mesh_ram_map
   325                              <1> 
   326                              <1> select_mesh_vram_map:
   327 000005AF 803E[D018]00        <1>     cmp byte [mesh_map_ram], 0
   328 000005B4 7439                <1>     je .ready
   329 000005B6 E8678F              <1>     call wait_cp
   330 000005B9 7235                <1>     jc .done
   331 000005BB 26C606120003        <1>     mov byte [es:0x12], 3
   332 000005C1 66A1[081F]          <1>     mov eax, [cp_aperture]
   333 000005C5 660500600900        <1>     add eax, MASK_BASE
   334 000005CB 2666A31400          <1>     mov [es:0x14], eax
   335 000005D0 26C70618007F02      <1>     mov word [es:0x18], SCREEN_W-1
   336 000005D7 26C7061A00DF01      <1>     mov word [es:0x1a], SCREEN_H-1
   337 000005DE 26C6061C0000        <1>     mov byte [es:0x1c], 0
   338 000005E4 26C606120001        <1>     mov byte [es:0x12], 1
   339 000005EA C606[D018]00        <1>     mov byte [mesh_map_ram], 0
   340                              <1> .ready:
   341 000005EF F8                  <1>     clc
   342                              <1> .done:
   343 000005F0 C3                  <1>     ret
   344                              <1> 
   345                              <1> select_mesh_ram_map:
   346 000005F1 803E[D018]01        <1>     cmp byte [mesh_map_ram], 1
   347 000005F6 743F                <1>     je .ready
   348 000005F8 E8258F              <1>     call wait_cp
   349 000005FB 723B                <1>     jc .done
   350 000005FD 26C606120003        <1>     mov byte [es:0x12], 3
   351 00000603 8CC8                <1>     mov ax, cs
   352 00000605 660FB7C0            <1>     movzx eax, ax
   353 00000609 66C1E004            <1>     shl eax, 4
   354 0000060D 6605[09A20000]      <1>     add eax, mesh_mask_ram
   355 00000613 2666A31400          <1>     mov [es:0x14], eax
   356 00000618 26C70618007F00      <1>     mov word [es:0x18], MESH_MASK_W-1
   357 0000061F 26C7061A007F00      <1>     mov word [es:0x1a], MESH_MASK_H-1
   358 00000626 26C6061C0000        <1>     mov byte [es:0x1c], 0
   359 0000062C 26C606120001        <1>     mov byte [es:0x12], 1
   360 00000632 C606[D018]01        <1>     mov byte [mesh_map_ram], 1
   361                              <1> .ready:
   362 00000637 F8                  <1>     clc
   363                              <1> .done:
   364 00000638 C3                  <1>     ret
   365                              <1> 
   366                              <1> ; Return to the fixed hidden page whenever the demo changes.
   367                              <1> reset_frame_page:
   368 00000639 E8E48E              <1>     call wait_cp
   369 0000063C 7225                <1>     jc .done
   370 0000063E 6631C0              <1>     xor eax, eax
   371 00000641 E82000              <1>     call set_view_start
   372 00000644 66C706[D418]00B004- <1>     mov dword [draw_page_base], BACK_BASE
   372 0000064C 00                  <1>
   373 0000064D 26C606120001        <1>     mov byte [es:0x12], 1
   374 00000653 66A1[081F]          <1>     mov eax, [cp_aperture]
   375 00000657 660500B00400        <1>     add eax, BACK_BASE
   376 0000065D 2666A31400          <1>     mov [es:0x14], eax
   377 00000662 F8                  <1>     clc
   378                              <1> .done:
   379 00000663 C3                  <1>     ret
   380                              <1> 
   381                              <1> ; XGA display start is expressed in four-byte units. Register 42h latches
   382                              <1> ; the new address, allowing a completed hidden page to become visible.
   383                              <1> set_view_start:
   384 00000664 6653                <1>     push ebx
   385 00000666 52                  <1>     push dx
   386 00000667 66C1E802            <1>     shr eax, 2
   387 0000066B 6689C3              <1>     mov ebx, eax
   388 0000066E 8B16[001F]          <1>     mov dx, [io_base]
   389 00000672 83C20A              <1>     add dx, 0x0a
   390 00000675 88DC                <1>     mov ah, bl
   391 00000677 B040                <1>     mov al, 0x40
   392 00000679 EF                  <1>     out dx, ax
   393 0000067A 66C1EB08            <1>     shr ebx, 8
   394 0000067E 88DC                <1>     mov ah, bl
   395 00000680 B041                <1>     mov al, 0x41
   396 00000682 EF                  <1>     out dx, ax
   397 00000683 66C1EB08            <1>     shr ebx, 8
   398 00000687 88DC                <1>     mov ah, bl
   399 00000689 B042                <1>     mov al, 0x42
   400 0000068B EF                  <1>     out dx, ax
   401 0000068C 5A                  <1>     pop dx
   402 0000068D 665B                <1>     pop ebx
   403 0000068F C3                  <1>     ret
   404                              <1> 
   405                              <1> enter_back_buffer:
   406 00000690 E88D8E              <1>     call wait_cp
   407 00000693 7215                <1>     jc .done
   408 00000695 26C606120001        <1>     mov byte [es:0x12], 1
   409 0000069B 66A1[081F]          <1>     mov eax, [cp_aperture]
   410 0000069F 660500B00400        <1>     add eax, BACK_BASE
   411 000006A5 2666A31400          <1>     mov [es:0x14], eax
   412                              <1> .done:
   413 000006AA C3                  <1>     ret
   414                              <1> 
   415                              <1> ; Store the static Boing room in spare 8-bit VRAM (652800..959999).
   416                              <1> ; This replaces about 50 line commands with one XGA BitBlt per frame.
   417                              <1> prerender_room_grid:
   418 000006AB E8728E              <1>     call wait_cp
   419 000006AE 7239                <1>     jc .done
   420 000006B0 26C606120001        <1>     mov byte [es:0x12], 1
   421 000006B6 66A1[081F]          <1>     mov eax, [cp_aperture]
   422 000006BA 660500F60900        <1>     add eax, GRID_BASE
   423 000006C0 2666A31400          <1>     mov [es:0x14], eax
   424 000006C5 E86601              <1>     call clear_back_buffer
   425 000006C8 7208                <1>     jc .restore
   426 000006CA E81209              <1>     call draw_room_grid
   427 000006CD 7203                <1>     jc .restore
   428 000006CF E84E8E              <1>     call wait_cp
   429                              <1> .restore:
   430 000006D2 9C                  <1>     pushf
   431 000006D3 26C606120001        <1>     mov byte [es:0x12], 1
   432 000006D9 66A1[081F]          <1>     mov eax, [cp_aperture]
   433 000006DD 660500B00400        <1>     add eax, BACK_BASE
   434 000006E3 2666A31400          <1>     mov [es:0x14], eax
   435 000006E8 9D                  <1>     popf
   436                              <1> .done:
   437 000006E9 C3                  <1>     ret
   438                              <1> 
   439                              <1> restore_room_grid:
   440 000006EA E8338E              <1>     call wait_cp
   441 000006ED 7274                <1>     jc .done
   442 000006EF 26C606120002        <1>     mov byte [es:0x12], 2
   443 000006F5 66A1[081F]          <1>     mov eax, [cp_aperture]
   444 000006F9 660500F60900        <1>     add eax, GRID_BASE
   445 000006FF 2666A31400          <1>     mov [es:0x14], eax
   446 00000704 26C70618007F02      <1>     mov word [es:0x18], SCREEN_W-1
   447 0000070B 26C7061A00DF01      <1>     mov word [es:0x1a], SCREEN_H-1
   448 00000712 26C6061C0003        <1>     mov byte [es:0x1c], 3
   449 00000718 26C70670000000      <1>     mov word [es:0x70], 0
   450 0000071F 26C70672000000      <1>     mov word [es:0x72], 0
   451 00000726 26C606120001        <1>     mov byte [es:0x12], 1
   452 0000072C 66A1[081F]          <1>     mov eax, [cp_aperture]
   453 00000730 660306[D418]        <1>     add eax, [draw_page_base]
   454 00000735 2666A31400          <1>     mov [es:0x14], eax
   455 0000073A 26C70678000000      <1>     mov word [es:0x78], 0
   456 00000741 26C7067A000000      <1>     mov word [es:0x7a], 0
   457 00000748 26C70660007F02      <1>     mov word [es:0x60], SCREEN_W-1
   458 0000074F 26C7066200DF01      <1>     mov word [es:0x62], SCREEN_H-1
   459 00000756 2666C7067C00008021- <1>     mov dword [es:0x7c], 0xA8218000
   459 0000075F A8                  <1>
   460 00000760 E8BD8D              <1>     call wait_cp
   461                              <1> .done:
   462 00000763 C3                  <1>     ret
   463                              <1> 
   464                              <1> present_back_frame:
   465 00000764 E8B98D              <1>     call wait_cp
   466 00000767 0F828600            <1>     jc .done
   467 0000076B 26C606120002        <1>     mov byte [es:0x12], 2
   468 00000771 66A1[081F]          <1>     mov eax, [cp_aperture]
   469 00000775 660500B00400        <1>     add eax, BACK_BASE
   470 0000077B 2666A31400          <1>     mov [es:0x14], eax
   471 00000780 26C70618007F02      <1>     mov word [es:0x18], SCREEN_W-1
   472 00000787 26C7061A00DF01      <1>     mov word [es:0x1a], SCREEN_H-1
   473 0000078E 26C6061C0003        <1>     mov byte [es:0x1c], 3
   474 00000794 26C70670000000      <1>     mov word [es:0x70], 0
   475 0000079B 26C70672000000      <1>     mov word [es:0x72], 0
   476 000007A2 26C606120001        <1>     mov byte [es:0x12], 1
   477 000007A8 66A1[081F]          <1>     mov eax, [cp_aperture]
   478 000007AC 2666A31400          <1>     mov [es:0x14], eax
   479 000007B1 26C70678000000      <1>     mov word [es:0x78], 0
   480 000007B8 26C7067A000000      <1>     mov word [es:0x7a], 0
   481 000007BF 26C70660007F02      <1>     mov word [es:0x60], SCREEN_W-1
   482 000007C6 26C7066200DF01      <1>     mov word [es:0x62], SCREEN_H-1
   483 000007CD 2666C7067C00008021- <1>     mov dword [es:0x7c], 0xA8218000
   483 000007D6 A8                  <1>
   484 000007D7 E8468D              <1>     call wait_cp
   485 000007DA 7215                <1>     jc .done
   486 000007DC 26C606120001        <1>     mov byte [es:0x12], 1
   487 000007E2 66A1[081F]          <1>     mov eax, [cp_aperture]
   488 000007E6 660500B00400        <1>     add eax, BACK_BASE
   489 000007EC 2666A31400          <1>     mov [es:0x14], eax
   490                              <1> .done:
   491 000007F1 C3                  <1>     ret
   492                              <1> 
   493                              <1> wait_vsync:
   494 000007F2 50                  <1>     push ax
   495 000007F3 53                  <1>     push bx
   496 000007F4 51                  <1>     push cx
   497 000007F5 52                  <1>     push dx
   498 000007F6 E8958D              <1>     call read_pit
   499 000007F9 A3[151F]            <1>     mov [vsync_wait_start], ax
   500 000007FC BADA03              <1>     mov dx, 0x3da
   501 000007FF B9FFFF              <1>     mov cx, 0xffff
   502                              <1> .leave:
   503 00000802 EC                  <1>     in al, dx
   504 00000803 A808                <1>     test al, 8
   505 00000805 7404                <1>     jz .rise_start
   506 00000807 E2F9                <1>     loop .leave
   507 00000809 EB0A                <1>     jmp .done
   508                              <1> .rise_start:
   509 0000080B B9FFFF              <1>     mov cx, 0xffff
   510                              <1> .rise:
   511 0000080E EC                  <1>     in al, dx
   512 0000080F A808                <1>     test al, 8
   513 00000811 7502                <1>     jnz .done
   514 00000813 E2F9                <1>     loop .rise
   515                              <1> .done:
   516 00000815 E8768D              <1>     call read_pit
   517 00000818 8B1E[151F]          <1>     mov bx, [vsync_wait_start]
   518 0000081C 29C3                <1>     sub bx, ax
   519 0000081E D1EB                <1>     shr bx, 1
   520 00000820 660FB7DB            <1>     movzx ebx, bx
   521 00000824 66011E[3999]        <1>     add [wait_pit_ticks], ebx
   522 00000829 5A                  <1>     pop dx
   523 0000082A 59                  <1>     pop cx
   524 0000082B 5B                  <1>     pop bx
   525 0000082C 58                  <1>     pop ax
   526 0000082D C3                  <1>     ret
   527                              <1> 
   528                              <1> clear_back_buffer:
   529 0000082E E8EF8C              <1>     call wait_cp
   530 00000831 7233                <1>     jc .done
   531 00000833 2666C7065800000000- <1>     mov dword [es:0x58], 0
   531 0000083C 00                  <1>
   532 0000083D 26C70660007F02      <1>     mov word [es:0x60], SCREEN_W-1
   533 00000844 26C7066200DF01      <1>     mov word [es:0x62], SCREEN_H-1
   534 0000084B 26C70678000000      <1>     mov word [es:0x78], 0
   535 00000852 26C7067A000000      <1>     mov word [es:0x7a], 0
   536 00000859 2666C7067C00008011- <1>     mov dword [es:0x7c], SOLID_A
   536 00000862 08                  <1>
   537 00000863 E8BA8C              <1>     call wait_cp
   538                              <1> .done:
   539 00000866 C3                  <1>     ret
   540                              <1> 
   541                              <1> clear_boundary_map:
   542 00000867 E8B68C              <1>     call wait_cp
   543 0000086A 7273                <1>     jc .done
   544 0000086C 26C606120003        <1>     mov byte [es:0x12], 3
   545 00000872 66A1[081F]          <1>     mov eax, [cp_aperture]
   546 00000876 660500600900        <1>     add eax, MASK_BASE
   547 0000087C 2666A31400          <1>     mov [es:0x14], eax
   548 00000881 26C70618007F02      <1>     mov word [es:0x18], SCREEN_W-1
   549 00000888 26C7061A00DF01      <1>     mov word [es:0x1a], SCREEN_H-1
   550 0000088F 26C6061C0000        <1>     mov byte [es:0x1c], 0
   551 00000895 2666C7065800000000- <1>     mov dword [es:0x58], 0
   551 0000089E 00                  <1>
   552 0000089F 26C70660007F02      <1>     mov word [es:0x60], SCREEN_W-1
   553 000008A6 26C7066200DF01      <1>     mov word [es:0x62], SCREEN_H-1
   554 000008AD 26C70678000000      <1>     mov word [es:0x78], 0
   555 000008B4 26C7067A000000      <1>     mov word [es:0x7a], 0
   556 000008BB 2666C7067C00008013- <1>     mov dword [es:0x7c], 0x08138000
   556 000008C4 08                  <1>
   557 000008C5 E8588C              <1>     call wait_cp
   558 000008C8 7215                <1>     jc .done
   559 000008CA 26C606120001        <1>     mov byte [es:0x12], 1
   560 000008D0 66A1[081F]          <1>     mov eax, [cp_aperture]
   561 000008D4 660500B00400        <1>     add eax, BACK_BASE
   562 000008DA 2666A31400          <1>     mov [es:0x14], eax
   563                              <1> .done:
   564 000008DF C3                  <1>     ret
   565                              <1> 
   566                              <1> ; Convert two endpoints to XGA's normalized Bresenham line parameters.
   567                              <1> draw_line:
   568 000008E0 50                  <1>     push ax
   569 000008E1 52                  <1>     push dx
   570 000008E2 53                  <1>     push bx
   571 000008E3 51                  <1>     push cx
   572 000008E4 56                  <1>     push si
   573 000008E5 57                  <1>     push di
   574 000008E6 55                  <1>     push bp
   575 000008E7 89C6                <1>     mov si, ax
   576 000008E9 89D7                <1>     mov di, dx
   577 000008EB 89DD                <1>     mov bp, bx
   578 000008ED C606[171F]00        <1>     mov byte [line_octant], 0
   579 000008F2 29C3                <1>     sub bx, ax
   580 000008F4 7907                <1>     jns .x_positive
   581 000008F6 F7DB                <1>     neg bx
   582 000008F8 800E[171F]04        <1>     or byte [line_octant], 4
   583                              <1> .x_positive:
   584 000008FD 29D1                <1>     sub cx, dx
   585 000008FF 7907                <1>     jns .y_positive
   586 00000901 F7D9                <1>     neg cx
   587 00000903 800E[171F]02        <1>     or byte [line_octant], 2
   588                              <1> .y_positive:
   589 00000908 39CB                <1>     cmp bx, cx
   590 0000090A 7307                <1>     jae .x_major
   591 0000090C 87D9                <1>     xchg bx, cx
   592 0000090E 800E[171F]01        <1>     or byte [line_octant], 1
   593                              <1> .x_major:
   594 00000913 89DD                <1>     mov bp, bx
   595 00000915 660FB606[191F]      <1>     movzx eax, byte [line_color]
   596 0000091B 2666A35800          <1>     mov [es:0x58], eax
   597 00000920 31C0                <1>     xor ax, ax
   598 00000922 01C8                <1>     add ax, cx
   599 00000924 01C8                <1>     add ax, cx
   600 00000926 29D8                <1>     sub ax, bx
   601 00000928 26A32000            <1>     mov [es:0x20], ax
   602 0000092C 89C8                <1>     mov ax, cx
   603 0000092E 01C8                <1>     add ax, cx
   604 00000930 26A32400            <1>     mov [es:0x24], ax
   605 00000934 89C8                <1>     mov ax, cx
   606 00000936 29D8                <1>     sub ax, bx
   607 00000938 01C8                <1>     add ax, cx
   608 0000093A 29D8                <1>     sub ax, bx
   609 0000093C 26A32800            <1>     mov [es:0x28], ax
   610 00000940 26892E6000          <1>     mov [es:0x60], bp
   611 00000945 26C70662000000      <1>     mov word [es:0x62], 0
   612 0000094C 2689367800          <1>     mov [es:0x78], si
   613 00000951 26893E7A00          <1>     mov [es:0x7a], di
   614 00000956 66B800801105        <1>     mov eax, LINE_OP
   615 0000095C 803E[181F]00        <1>     cmp byte [line_flags], 0
   616 00000961 7406                <1>     je .normal_line
   617 00000963 66B830801305        <1>     mov eax, AREA_BOUNDARY_LINE_OP
   618                              <1> .normal_line:
   619 00000969 6683E0F8            <1>     and eax, 0xfffffff8
   620 0000096D 660FB61E[171F]      <1>     movzx ebx, byte [line_octant]
   621 00000973 6609D8              <1>     or eax, ebx
   622 00000976 660FB61E[181F]      <1>     movzx ebx, byte [line_flags]
   623 0000097C 6609D8              <1>     or eax, ebx
   624 0000097F 2666A37C00          <1>     mov [es:0x7c], eax
   625 00000984 E8998B              <1>     call wait_cp
   626                              <1> .done:
   627 00000987 5D                  <1>     pop bp
   628 00000988 5F                  <1>     pop di
   629 00000989 5E                  <1>     pop si
   630 0000098A 59                  <1>     pop cx
   631 0000098B 5B                  <1>     pop bx
   632 0000098C 5A                  <1>     pop dx
   633 0000098D 58                  <1>     pop ax
   634 0000098E C3                  <1>     ret
   635                              <1> 
   636                              <1> ; Rotate all eight cube vertices around Y and X before drawing 12 edges.
   637                              <1> ; Each angle uses the full 256-entry sine cycle, with no sawtooth reset.
   638                              <1> draw_cube:
   639 0000098F A1[2218]            <1>     mov ax, [rotation]
   640 00000992 25FF00              <1>     and ax, 255
   641 00000995 89C3                <1>     mov bx, ax
   642 00000997 0FBE87[CA90]        <1>     movsx ax, byte [sine_table+bx]
   643 0000099C A3[F61E]            <1>     mov [cube_sin_y], ax
   644 0000099F 83C340              <1>     add bx, 64
   645 000009A2 81E3FF00            <1>     and bx, 255
   646 000009A6 0FBE87[CA90]        <1>     movsx ax, byte [sine_table+bx]
   647 000009AB A3[F81E]            <1>     mov [cube_cos_y], ax
   648 000009AE A1[2218]            <1>     mov ax, [rotation]
   649 000009B1 D1E8                <1>     shr ax, 1
   650 000009B3 83C020              <1>     add ax, 32
   651 000009B6 25FF00              <1>     and ax, 255
   652 000009B9 89C3                <1>     mov bx, ax
   653 000009BB 0FBE87[CA90]        <1>     movsx ax, byte [sine_table+bx]
   654 000009C0 A3[FA1E]            <1>     mov [cube_sin_x], ax
   655 000009C3 83C340              <1>     add bx, 64
   656 000009C6 81E3FF00            <1>     and bx, 255
   657 000009CA 0FBE87[CA90]        <1>     movsx ax, byte [sine_table+bx]
   658 000009CF A3[FC1E]            <1>     mov [cube_cos_x], ax
   659 000009D2 31F6                <1>     xor si, si
   660                              <1> .vertex:
   661 000009D4 89F3                <1>     mov bx, si
   662 000009D6 D1E3                <1>     shl bx, 1
   663 000009D8 89DF                <1>     mov di, bx
   664 000009DA D1E3                <1>     shl bx, 1
   665 000009DC 01FB                <1>     add bx, di                  ; six bytes per 3D vertex
   666 000009DE D1E7                <1>     shl di, 1                  ; four bytes per projected vertex
   667 000009E0 8B87[5D1F]          <1>     mov ax, [cube_points+bx]
   668 000009E4 A3[4A20]            <1>     mov [tmp_x], ax
   669 000009E7 8B87[5F1F]          <1>     mov ax, [cube_points+bx+2]
   670 000009EB A3[4C20]            <1>     mov [tmp_y], ax
   671 000009EE 8B87[611F]          <1>     mov ax, [cube_points+bx+4]
   672 000009F2 A3[4E20]            <1>     mov [tmp_z], ax
   673 000009F5 A1[4A20]            <1>     mov ax, [tmp_x]
   674 000009F8 F72E[F81E]          <1>     imul word [cube_cos_y]
   675 000009FC C1F807              <1>     sar ax, 7
   676 000009FF A3[5220]            <1>     mov [tmp1], ax
   677 00000A02 A1[4E20]            <1>     mov ax, [tmp_z]
   678 00000A05 F72E[F61E]          <1>     imul word [cube_sin_y]
   679 00000A09 C1F807              <1>     sar ax, 7
   680 00000A0C 2906[5220]          <1>     sub [tmp1], ax
   681 00000A10 A1[5220]            <1>     mov ax, [tmp1]
   682 00000A13 054001              <1>     add ax, 320
   683 00000A16 8985[8D1F]          <1>     mov [projected_points+di], ax
   684 00000A1A A1[4A20]            <1>     mov ax, [tmp_x]
   685 00000A1D F72E[F61E]          <1>     imul word [cube_sin_y]
   686 00000A21 C1F807              <1>     sar ax, 7
   687 00000A24 A3[5420]            <1>     mov [tmp2], ax
   688 00000A27 A1[4E20]            <1>     mov ax, [tmp_z]
   689 00000A2A F72E[F81E]          <1>     imul word [cube_cos_y]
   690 00000A2E C1F807              <1>     sar ax, 7
   691 00000A31 0306[5420]          <1>     add ax, [tmp2]
   692 00000A35 A3[5020]            <1>     mov [tmp_zrot], ax
   693 00000A38 A1[4C20]            <1>     mov ax, [tmp_y]
   694 00000A3B F72E[FC1E]          <1>     imul word [cube_cos_x]
   695 00000A3F C1F807              <1>     sar ax, 7
   696 00000A42 A3[5420]            <1>     mov [tmp2], ax
   697 00000A45 A1[5020]            <1>     mov ax, [tmp_zrot]
   698 00000A48 F72E[FA1E]          <1>     imul word [cube_sin_x]
   699 00000A4C C1F807              <1>     sar ax, 7
   700 00000A4F 2906[5420]          <1>     sub [tmp2], ax
   701 00000A53 A1[5420]            <1>     mov ax, [tmp2]
   702 00000A56 05F000              <1>     add ax, 240
   703 00000A59 8985[8F1F]          <1>     mov [projected_points+di+2], ax
   704 00000A5D 46                  <1>     inc si
   705 00000A5E 83FE08              <1>     cmp si, 8
   706 00000A61 0F826FFF            <1>     jb .vertex
   707 00000A65 31F6                <1>     xor si, si
   708                              <1> .edge:
   709 00000A67 0FB69C[AD1F]        <1>     movzx bx, byte [cube_edges+si]
   710 00000A6C C1E302              <1>     shl bx, 2
   711 00000A6F 8B87[8D1F]          <1>     mov ax, [projected_points+bx]
   712 00000A73 8B97[8F1F]          <1>     mov dx, [projected_points+bx+2]
   713 00000A77 0FB69C[AE1F]        <1>     movzx bx, byte [cube_edges+si+1]
   714 00000A7C C1E302              <1>     shl bx, 2
   715 00000A7F 8B8F[8F1F]          <1>     mov cx, [projected_points+bx+2]
   716 00000A83 8B9F[8D1F]          <1>     mov bx, [projected_points+bx]
   717 00000A87 E856FE              <1>     call draw_line
   718 00000A8A 7208                <1>     jc .done
   719 00000A8C 83C602              <1>     add si, 2
   720 00000A8F 83FE18              <1>     cmp si, cube_edges_end-cube_edges
   721 00000A92 72D3                <1>     jb .edge
   722                              <1> .done:
   723 00000A94 C3                  <1>     ret
   724                              <1> 
   725                              <1> finish_area:
   726 00000A95 7260                <1>     jc .done
   727 00000A97 C606[181F]00        <1>     mov byte [line_flags], 0
   728 00000A9C E8818A              <1>     call wait_cp
   729 00000A9F 7256                <1>     jc .done
   730 00000AA1 26C606480003        <1>     mov byte [es:0x48], 3   ; source mix for the color fill
   731 00000AA7 660FB606[1A1F]      <1>     movzx eax, byte [fill_color]
   732 00000AAD 2666A35800          <1>     mov [es:0x58], eax
   733 00000AB2 26C70660007F02      <1>     mov word [es:0x60], SCREEN_W-1
   734 00000AB9 26C7066200DF01      <1>     mov word [es:0x62], SCREEN_H-1
   735 00000AC0 26C70670000000      <1>     mov word [es:0x70], 0       ; force a known source/pattern read origin;
   736 00000AC7 26C70672000000      <1>     mov word [es:0x72], 0       ; a prior BitBlt/fill can leave these
   737 00000ACE 26C70674000000      <1>     mov word [es:0x74], 0       ; auto-incremented, misaligning this fill's
   738 00000AD5 26C70676000000      <1>     mov word [es:0x76], 0       ; read of the boundary map
   739 00000ADC 26C70678000000      <1>     mov word [es:0x78], 0
   740 00000AE3 26C7067A000000      <1>     mov word [es:0x7a], 0
   741 00000AEA 2666C7067C00003031- <1>     mov dword [es:0x7c], AREA_FILL_OP
   741 00000AF3 0A                  <1>
   742 00000AF4 E8298A              <1>     call wait_cp
   743                              <1> .done:
   744 00000AF7 C3                  <1>     ret
   745                              <1> 
   746                              <1> ; Single Y-axis rotation, then orthographic screen projection; keeps
   747                              <1> ; rotated Z per vertex for the painter's-algorithm face sort that follows.
   748                              <1> rotate_octa:
   749 00000AF8 A1[2218]            <1>     mov ax, [rotation]
   750 00000AFB 25FF00              <1>     and ax, 255
   751 00000AFE 89C3                <1>     mov bx, ax
   752 00000B00 0FBE87[CA90]        <1>     movsx ax, byte [sine_table+bx]
   753 00000B05 A3[4620]            <1>     mov [rot_sin], ax
   754 00000B08 83C340              <1>     add bx, 64
   755 00000B0B 81E3FF00            <1>     and bx, 255
   756 00000B0F 0FBE87[CA90]        <1>     movsx ax, byte [sine_table+bx]
   757 00000B14 A3[4820]            <1>     mov [rot_cos], ax
   758 00000B17 31F6                <1>     xor si, si
   759                              <1> .vert:
   760 00000B19 89F3                <1>     mov bx, si
   761 00000B1B 01DB                <1>     add bx, bx
   762 00000B1D 01F3                <1>     add bx, si
   763 00000B1F 01DB                <1>     add bx, bx
   764 00000B21 89F7                <1>     mov di, si
   765 00000B23 01FF                <1>     add di, di
   766 00000B25 8B87[C51F]          <1>     mov ax, [octa_verts+bx]
   767 00000B29 A3[4A20]            <1>     mov [tmp_x], ax
   768 00000B2C 8B87[C91F]          <1>     mov ax, [octa_verts+bx+4]
   769 00000B30 A3[4E20]            <1>     mov [tmp_z], ax
   770 00000B33 A1[4A20]            <1>     mov ax, [tmp_x]
   771 00000B36 F72E[4820]          <1>     imul word [rot_cos]
   772 00000B3A C1F807              <1>     sar ax, 7
   773 00000B3D A3[5220]            <1>     mov [tmp1], ax
   774 00000B40 A1[4E20]            <1>     mov ax, [tmp_z]
   775 00000B43 F72E[4620]          <1>     imul word [rot_sin]
   776 00000B47 C1F807              <1>     sar ax, 7
   777 00000B4A A3[5420]            <1>     mov [tmp2], ax
   778 00000B4D A1[5220]            <1>     mov ax, [tmp1]
   779 00000B50 2B06[5420]          <1>     sub ax, [tmp2]
   780                              <1> %ifdef XDEMO
   781 00000B54 0306[8E04]          <1>     add ax, [xdemo_octa_cx]
   782                              <1> %else
   783                              <1>     add ax, 320
   784                              <1> %endif
   785 00000B58 8985[0920]          <1>     mov [octa_screen_x+di], ax
   786 00000B5C A1[4A20]            <1>     mov ax, [tmp_x]
   787 00000B5F F72E[4620]          <1>     imul word [rot_sin]
   788 00000B63 C1F807              <1>     sar ax, 7
   789 00000B66 A3[5220]            <1>     mov [tmp1], ax
   790 00000B69 A1[4E20]            <1>     mov ax, [tmp_z]
   791 00000B6C F72E[4820]          <1>     imul word [rot_cos]
   792 00000B70 C1F807              <1>     sar ax, 7
   793 00000B73 A3[5420]            <1>     mov [tmp2], ax
   794 00000B76 A1[5220]            <1>     mov ax, [tmp1]
   795 00000B79 0306[5420]          <1>     add ax, [tmp2]
   796 00000B7D 8985[2120]          <1>     mov [octa_rot_z+di], ax
   797 00000B81 8B87[C71F]          <1>     mov ax, [octa_verts+bx+2]
   798                              <1> %ifdef XDEMO
   799 00000B85 8B0E[9004]          <1>     mov cx, [xdemo_octa_cy]
   800                              <1> %else
   801                              <1>     mov cx, 240
   802                              <1> %endif
   803 00000B89 29C1                <1>     sub cx, ax
   804 00000B8B 898D[1520]          <1>     mov [octa_screen_y+di], cx ; equatorial vertices share one scan line
   805 00000B8F 46                  <1>     inc si
   806 00000B90 83FE06              <1>     cmp si, 6
   807 00000B93 7284                <1>     jb .vert
   808 00000B95 C3                  <1>     ret
   809                              <1> 
   810                              <1> ; Per-face depth is the sum of its three rotated vertex Z values.
   811                              <1> build_depth:
   812 00000B96 31DB                <1>     xor bx, bx
   813                              <1> .face:
   814 00000B98 89DE                <1>     mov si, bx
   815 00000B9A C1E602              <1>     shl si, 2
   816 00000B9D 0FB6BC[E91F]        <1>     movzx di, byte [octa_faces+si]
   817 00000BA2 01FF                <1>     add di, di
   818 00000BA4 8B85[2120]          <1>     mov ax, [octa_rot_z+di]
   819 00000BA8 0FB6BC[EA1F]        <1>     movzx di, byte [octa_faces+si+1]
   820 00000BAD 01FF                <1>     add di, di
   821 00000BAF 0385[2120]          <1>     add ax, [octa_rot_z+di]
   822 00000BB3 0FB6BC[EB1F]        <1>     movzx di, byte [octa_faces+si+2]
   823 00000BB8 01FF                <1>     add di, di
   824 00000BBA 0385[2120]          <1>     add ax, [octa_rot_z+di]
   825 00000BBE 89DF                <1>     mov di, bx
   826 00000BC0 01FF                <1>     add di, di
   827 00000BC2 8985[2D20]          <1>     mov [octa_depth+di], ax
   828 00000BC6 43                  <1>     inc bx
   829 00000BC7 83FB08              <1>     cmp bx, OCTA_FACES
   830 00000BCA 72CC                <1>     jb .face
   831 00000BCC C3                  <1>     ret
   832                              <1> 
   833                              <1> ; Bubble sort octa_order back-to-front by depth; no z-buffer in the XGA,
   834                              <1> ; so faces must be drawn farthest first for correct opaque overdraw.
   835                              <1> sort_faces:
   836 00000BCD B90700              <1>     mov cx, OCTA_FACES - 1
   837                              <1> .pass:
   838 00000BD0 51                  <1>     push cx
   839 00000BD1 31DB                <1>     xor bx, bx
   840                              <1> .compare:
   841 00000BD3 89DE                <1>     mov si, bx
   842 00000BD5 46                  <1>     inc si
   843 00000BD6 0FB687[3D20]        <1>     movzx ax, byte [octa_order+bx]
   844 00000BDB 01C0                <1>     add ax, ax
   845 00000BDD 89C7                <1>     mov di, ax
   846 00000BDF 8B85[2D20]          <1>     mov ax, [octa_depth+di]
   847 00000BE3 0FB694[3D20]        <1>     movzx dx, byte [octa_order+si]
   848 00000BE8 01D2                <1>     add dx, dx
   849 00000BEA 89D7                <1>     mov di, dx
   850 00000BEC 8B95[2D20]          <1>     mov dx, [octa_depth+di]
   851 00000BF0 39D0                <1>     cmp ax, dx
   852 00000BF2 7D10                <1>     jge .no_swap
   853 00000BF4 8A87[3D20]          <1>     mov al, [octa_order+bx]
   854 00000BF8 8AA4[3D20]          <1>     mov ah, [octa_order+si]
   855 00000BFC 88A7[3D20]          <1>     mov [octa_order+bx], ah
   856 00000C00 8884[3D20]          <1>     mov [octa_order+si], al
   857                              <1> .no_swap:
   858 00000C04 43                  <1>     inc bx
   859 00000C05 83FB07              <1>     cmp bx, OCTA_FACES-1
   860 00000C08 72C9                <1>     jb .compare
   861 00000C0A 59                  <1>     pop cx
   862 00000C0B E2C3                <1>     loop .pass
   863 00000C0D C3                  <1>     ret
   864                              <1> 
   865                              <1> ; Rotate, depth-sort, then draw each triangular face: boundary edges into
   866                              <1> ; the 1-bit map, one Area Fill per face, farthest face first.
   867                              <1> draw_solid:
   868                              <1> %ifdef XDEMO
   869 00000C0E E856F5              <1>     call xdemo_rotate_octa
   870                              <1> %else
   871                              <1>     call rotate_octa
   872                              <1> %endif
   873 00000C11 E882FF              <1>     call build_depth
   874 00000C14 E8B6FF              <1>     call sort_faces
   875 00000C17 C606[4520]00        <1>     mov byte [solid_pos], 0
   876                              <1> .face:
   877 00000C1C 0FB61E[4520]        <1>     movzx bx, byte [solid_pos]
   878 00000C21 0FB6B7[3D20]        <1>     movzx si, byte [octa_order+bx]
   879 00000C26 C1E602              <1>     shl si, 2
   880                              <1>     ; Each face has two equatorial vertices. Skip an edge-on projection
   881                              <1>     ; rather than asking Area Fill to scan a zero- or one-pixel-wide wedge.
   882 00000C29 0FB69C[E91F]        <1>     movzx bx, byte [octa_faces+si]
   883 00000C2E 83FB02              <1>     cmp bx, 2
   884 00000C31 7205                <1>     jb .equator_ready
   885 00000C33 0FB69C[EA1F]        <1>     movzx bx, byte [octa_faces+si+1]
   886                              <1> .equator_ready:
   887 00000C38 01DB                <1>     add bx, bx
   888 00000C3A 8B87[0920]          <1>     mov ax, [octa_screen_x+bx]
   889 00000C3E 0FB69C[EB1F]        <1>     movzx bx, byte [octa_faces+si+2]
   890 00000C43 01DB                <1>     add bx, bx
   891 00000C45 2B87[0920]          <1>     sub ax, [octa_screen_x+bx]
   892 00000C49 83F801              <1>     cmp ax, 1
   893 00000C4C 0F849500            <1>     je .next_face
   894 00000C50 83F8FF              <1>     cmp ax, -1
   895 00000C53 0F848E00            <1>     je .next_face
   896 00000C57 09C0                <1>     or ax, ax
   897 00000C59 0F848800            <1>     jz .next_face
   898 00000C5D E807FC              <1>     call clear_boundary_map
   899 00000C60 0F828F00            <1>     jc .done
   900 00000C64 26C606480006        <1>     mov byte [es:0x48], 6
   901 00000C6A C606[181F]30        <1>     mov byte [line_flags], 0x30
   902 00000C6F 0FB69C[E91F]        <1>     movzx bx, byte [octa_faces+si]
   903 00000C74 01DB                <1>     add bx, bx
   904 00000C76 8B87[0920]          <1>     mov ax, [octa_screen_x+bx]
   905 00000C7A 8B97[1520]          <1>     mov dx, [octa_screen_y+bx]
   906 00000C7E 0FB69C[EA1F]        <1>     movzx bx, byte [octa_faces+si+1]
   907 00000C83 01DB                <1>     add bx, bx
   908 00000C85 8B8F[1520]          <1>     mov cx, [octa_screen_y+bx]
   909 00000C89 8B9F[0920]          <1>     mov bx, [octa_screen_x+bx]
   910 00000C8D E850FC              <1>     call draw_line
   911 00000C90 7261                <1>     jc .done
   912 00000C92 0FB69C[EA1F]        <1>     movzx bx, byte [octa_faces+si+1]
   913 00000C97 01DB                <1>     add bx, bx
   914 00000C99 8B87[0920]          <1>     mov ax, [octa_screen_x+bx]
   915 00000C9D 8B97[1520]          <1>     mov dx, [octa_screen_y+bx]
   916 00000CA1 0FB69C[EB1F]        <1>     movzx bx, byte [octa_faces+si+2]
   917 00000CA6 01DB                <1>     add bx, bx
   918 00000CA8 8B8F[1520]          <1>     mov cx, [octa_screen_y+bx]
   919 00000CAC 8B9F[0920]          <1>     mov bx, [octa_screen_x+bx]
   920 00000CB0 E82DFC              <1>     call draw_line
   921 00000CB3 723E                <1>     jc .done
   922 00000CB5 0FB69C[EB1F]        <1>     movzx bx, byte [octa_faces+si+2]
   923 00000CBA 01DB                <1>     add bx, bx
   924 00000CBC 8B87[0920]          <1>     mov ax, [octa_screen_x+bx]
   925 00000CC0 8B97[1520]          <1>     mov dx, [octa_screen_y+bx]
   926 00000CC4 0FB69C[E91F]        <1>     movzx bx, byte [octa_faces+si]
   927 00000CC9 01DB                <1>     add bx, bx
   928 00000CCB 8B8F[1520]          <1>     mov cx, [octa_screen_y+bx]
   929 00000CCF 8B9F[0920]          <1>     mov bx, [octa_screen_x+bx]
   930 00000CD3 E80AFC              <1>     call draw_line
   931 00000CD6 721B                <1>     jc .done
   932 00000CD8 0FB684[EC1F]        <1>     movzx ax, byte [octa_faces+si+3]
   933 00000CDD A2[1A1F]            <1>     mov [fill_color], al
   934 00000CE0 E8B2FD              <1>     call finish_area
   935 00000CE3 720E                <1>     jc .done
   936                              <1> .next_face:
   937 00000CE5 FE06[4520]          <1>     inc byte [solid_pos]
   938 00000CE9 803E[4520]08        <1>     cmp byte [solid_pos], OCTA_FACES
   939 00000CEE 0F822AFF            <1>     jb .face
   940 00000CF2 F8                  <1>     clc
   941                              <1> .done:
   942 00000CF3 C3                  <1>     ret
   943                              <1> 
   944                              <1> ; Fill two moving triangles per cell in a permuted 16x16 grid. The CPU
   945                              <1> ; selects vertices and color; XGA clears map C and fills map A.
   946                              <1> draw_polygon_stress:
   947 00000CF4 C706[2618]0000      <1>     mov word [stress_index], 0
   948                              <1> .polygon:
   949 00000CFA E8A400              <1>     call position_stress_polygon
   950 00000CFD E83A01              <1>     call clear_stress_boundary
   951 00000D00 0F829C00            <1>     jc .done
   952 00000D04 26C606480006        <1>     mov byte [es:0x48], 6
   953 00000D0A C606[181F]30        <1>     mov byte [line_flags], 0x30
   954 00000D0F F606[2618]01        <1>     test byte [stress_index], 1
   955 00000D14 753C                <1>     jnz .second
   956 00000D16 A1[2E18]            <1>     mov ax, [stress_xmid]
   957 00000D19 8B16[3018]          <1>     mov dx, [stress_y0]
   958 00000D1D 8B1E[2C18]          <1>     mov bx, [stress_x1]
   959 00000D21 8B0E[3418]          <1>     mov cx, [stress_ymid]
   960 00000D25 E8B8FB              <1>     call draw_line
   961 00000D28 7276                <1>     jc .done
   962 00000D2A A1[2C18]            <1>     mov ax, [stress_x1]
   963 00000D2D 8B16[3418]          <1>     mov dx, [stress_ymid]
   964 00000D31 8B1E[2A18]          <1>     mov bx, [stress_x0]
   965 00000D35 89D1                <1>     mov cx, dx
   966 00000D37 E8A6FB              <1>     call draw_line
   967 00000D3A 7264                <1>     jc .done
   968 00000D3C A1[2A18]            <1>     mov ax, [stress_x0]
   969 00000D3F 8B16[3418]          <1>     mov dx, [stress_ymid]
   970 00000D43 8B1E[2E18]          <1>     mov bx, [stress_xmid]
   971 00000D47 8B0E[3018]          <1>     mov cx, [stress_y0]
   972 00000D4B E892FB              <1>     call draw_line
   973 00000D4E 7250                <1>     jc .done
   974 00000D50 EB3A                <1>     jmp .fill
   975                              <1> .second:
   976 00000D52 A1[2A18]            <1>     mov ax, [stress_x0]
   977 00000D55 8B16[3418]          <1>     mov dx, [stress_ymid]
   978 00000D59 8B1E[2C18]          <1>     mov bx, [stress_x1]
   979 00000D5D 89D1                <1>     mov cx, dx
   980 00000D5F E87EFB              <1>     call draw_line
   981 00000D62 723C                <1>     jc .done
   982 00000D64 A1[2C18]            <1>     mov ax, [stress_x1]
   983 00000D67 8B16[3418]          <1>     mov dx, [stress_ymid]
   984 00000D6B 8B1E[2E18]          <1>     mov bx, [stress_xmid]
   985 00000D6F 8B0E[3218]          <1>     mov cx, [stress_y1]
   986 00000D73 E86AFB              <1>     call draw_line
   987 00000D76 7228                <1>     jc .done
   988 00000D78 A1[2E18]            <1>     mov ax, [stress_xmid]
   989 00000D7B 8B16[3218]          <1>     mov dx, [stress_y1]
   990 00000D7F 8B1E[2A18]          <1>     mov bx, [stress_x0]
   991 00000D83 8B0E[3418]          <1>     mov cx, [stress_ymid]
   992 00000D87 E856FB              <1>     call draw_line
   993 00000D8A 7214                <1>     jc .done
   994                              <1> .fill:
   995 00000D8C E8F200              <1>     call fill_stress_polygon
   996 00000D8F 720F                <1>     jc .done
   997 00000D91 FF06[2618]          <1>     inc word [stress_index]
   998 00000D95 A1[2618]            <1>     mov ax, [stress_index]
   999 00000D98 3B06[2418]          <1>     cmp ax, [stress_count]
  1000 00000D9C 0F825AFF            <1>     jb .polygon
  1001                              <1> .done:
  1002 00000DA0 C3                  <1>     ret
  1003                              <1> 
  1004                              <1> position_stress_polygon:
  1005 00000DA1 A1[2618]            <1>     mov ax, [stress_index]
  1006 00000DA4 D1E8                <1>     shr ax, 1
  1007 00000DA6 BB4900              <1>     mov bx, 73                  ; odd multiplier visits all 256 cells
  1008 00000DA9 F7E3                <1>     mul bx
  1009 00000DAB 25FF00              <1>     and ax, 255
  1010 00000DAE A3[2818]            <1>     mov [stress_cell], ax
  1011 00000DB1 89C3                <1>     mov bx, ax
  1012 00000DB3 83E30F              <1>     and bx, 15
  1013 00000DB6 C1E305              <1>     shl bx, 5
  1014 00000DB9 83C340              <1>     add bx, 64
  1015 00000DBC 891E[2A18]          <1>     mov [stress_x0], bx
  1016 00000DC0 83C31D              <1>     add bx, STRESS_W-1
  1017 00000DC3 891E[2C18]          <1>     mov [stress_x1], bx
  1018 00000DC7 C1E804              <1>     shr ax, 4
  1019 00000DCA 89C3                <1>     mov bx, ax
  1020 00000DCC C1E303              <1>     shl bx, 3
  1021 00000DCF C1E004              <1>     shl ax, 4
  1022 00000DD2 01D8                <1>     add ax, bx                  ; row * 24
  1023 00000DD4 83C040              <1>     add ax, 64
  1024 00000DD7 A3[3018]            <1>     mov [stress_y0], ax
  1025 00000DDA 83C015              <1>     add ax, STRESS_H-1
  1026 00000DDD A3[3218]            <1>     mov [stress_y1], ax
  1027 00000DE0 8B1E[2818]          <1>     mov bx, [stress_cell]
  1028 00000DE4 89D8                <1>     mov ax, bx
  1029 00000DE6 C1E304              <1>     shl bx, 4
  1030 00000DE9 01C3                <1>     add bx, ax                  ; cell * 17 gives each diamond a phase
  1031 00000DEB A1[2218]            <1>     mov ax, [rotation]
  1032 00000DEE D1E0                <1>     shl ax, 1
  1033 00000DF0 01C3                <1>     add bx, ax
  1034 00000DF2 81E3FF00            <1>     and bx, 255
  1035 00000DF6 0FBE87[CA90]        <1>     movsx ax, byte [sine_table+bx]
  1036 00000DFB C1F804              <1>     sar ax, 4                   ; horizontal movement: -8 to +7 pixels
  1037 00000DFE 0106[2A18]          <1>     add [stress_x0], ax
  1038 00000E02 0106[2C18]          <1>     add [stress_x1], ax
  1039 00000E06 83C340              <1>     add bx, 64
  1040 00000E09 81E3FF00            <1>     and bx, 255
  1041 00000E0D 0FBE87[CA90]        <1>     movsx ax, byte [sine_table+bx]
  1042 00000E12 C1F804              <1>     sar ax, 4                   ; vertical movement: -8 to +7 pixels
  1043 00000E15 0106[3018]          <1>     add [stress_y0], ax
  1044 00000E19 0106[3218]          <1>     add [stress_y1], ax
  1045 00000E1D A1[2A18]            <1>     mov ax, [stress_x0]
  1046 00000E20 83C00F              <1>     add ax, STRESS_W/2
  1047 00000E23 A3[2E18]            <1>     mov [stress_xmid], ax
  1048 00000E26 A1[3018]            <1>     mov ax, [stress_y0]
  1049 00000E29 83C00B              <1>     add ax, STRESS_H/2
  1050 00000E2C A3[3418]            <1>     mov [stress_ymid], ax
  1051 00000E2F A1[2618]            <1>     mov ax, [stress_index]
  1052 00000E32 2407                <1>     and al, 7
  1053 00000E34 0402                <1>     add al, 2                   ; palette entries 2 through 9
  1054 00000E36 A2[1A1F]            <1>     mov [fill_color], al
  1055 00000E39 C3                  <1>     ret
  1056                              <1> 
  1057                              <1> clear_stress_boundary:
  1058 00000E3A E8E386              <1>     call wait_cp
  1059 00000E3D 7241                <1>     jc .done
  1060 00000E3F 26C606120003        <1>     mov byte [es:0x12], 3      ; 1-bit map C
  1061 00000E45 2666C7065800000000- <1>     mov dword [es:0x58], 0
  1061 00000E4E 00                  <1>
  1062 00000E4F 26C70660001D00      <1>     mov word [es:0x60], STRESS_W-1
  1063 00000E56 26C70662001500      <1>     mov word [es:0x62], STRESS_H-1
  1064 00000E5D A1[2A18]            <1>     mov ax, [stress_x0]
  1065 00000E60 26A37800            <1>     mov [es:0x78], ax
  1066 00000E64 A1[3018]            <1>     mov ax, [stress_y0]
  1067 00000E67 26A37A00            <1>     mov [es:0x7a], ax
  1068 00000E6B 2666C7067C00008013- <1>     mov dword [es:0x7c], 0x08138000
  1068 00000E74 08                  <1>
  1069 00000E75 E8A886              <1>     call wait_cp
  1070 00000E78 7206                <1>     jc .done
  1071 00000E7A 26C606120001        <1>     mov byte [es:0x12], 1      ; restore hidden 8-bit map A
  1072                              <1> .done:
  1073 00000E80 C3                  <1>     ret
  1074                              <1> 
  1075                              <1> fill_stress_polygon:
  1076 00000E81 C606[181F]00        <1>     mov byte [line_flags], 0
  1077 00000E86 E89786              <1>     call wait_cp
  1078 00000E89 724A                <1>     jc .done
  1079 00000E8B 26C606480003        <1>     mov byte [es:0x48], 3
  1080 00000E91 660FB606[1A1F]      <1>     movzx eax, byte [fill_color]
  1081 00000E97 2666A35800          <1>     mov [es:0x58], eax
  1082 00000E9C 26C70660001D00      <1>     mov word [es:0x60], STRESS_W-1
  1083 00000EA3 26C70662001500      <1>     mov word [es:0x62], STRESS_H-1
  1084 00000EAA A1[2A18]            <1>     mov ax, [stress_x0]
  1085 00000EAD 26A37000            <1>     mov [es:0x70], ax
  1086 00000EB1 26A37400            <1>     mov [es:0x74], ax           ; pattern and destination start together
  1087 00000EB5 26A37800            <1>     mov [es:0x78], ax
  1088 00000EB9 A1[3018]            <1>     mov ax, [stress_y0]
  1089 00000EBC 26A37200            <1>     mov [es:0x72], ax
  1090 00000EC0 26A37600            <1>     mov [es:0x76], ax
  1091 00000EC4 26A37A00            <1>     mov [es:0x7a], ax
  1092 00000EC8 2666C7067C00003031- <1>     mov dword [es:0x7c], AREA_FILL_OP
  1092 00000ED1 0A                  <1>
  1093 00000ED2 E84B86              <1>     call wait_cp
  1094                              <1> .done:
  1095 00000ED5 C3                  <1>     ret
  1096                              <1> 
  1097                              <1> ; Rebuild the shared sort order whenever the active mesh changes.
  1098                              <1> init_mesh_order:
  1099 00000ED6 31DB                <1>     xor bx, bx
  1100                              <1> .next:
  1101 00000ED8 889F[D625]          <1>     mov [torus_order+bx], bl
  1102 00000EDC 43                  <1>     inc bx
  1103 00000EDD 81FB8000            <1>     cmp bx, TORUS_QUADS
  1104 00000EE1 72F5                <1>     jb .next
  1105 00000EE3 C3                  <1>     ret
  1106                              <1> 
  1107                              <1> ; Painter's order for a closed mesh: far quads first.
  1108                              <1> draw_torus:
  1109 00000EE4 C706[3918][5620]    <1>     mov word [mesh_vertices], torus_vertices
  1110 00000EEA C706[3B18][5623]    <1>     mov word [mesh_quads], torus_quads
  1111 00000EF0 C706[D218][4A30]    <1>     mov word [mesh_area_table], torus_area_unsafe
  1112 00000EF6 C706[3D18]8000      <1>     mov word [mesh_quad_count], TORUS_QUADS
  1113 00000EFC C706[3F18]8000      <1>     mov word [mesh_vertex_count], TORUS_VERTS
  1114 00000F02 C706[4318]4001      <1>     mov word [mesh_center_x], 320
  1115 00000F08 C706[4518]F000      <1>     mov word [mesh_center_y], 240
  1116 00000F0E E92802              <1>     jmp draw_mesh
  1117                              <1> 
  1118                              <1> ; Convex crystal: backface culling makes painter sorting unnecessary.
  1119                              <1> draw_crystal:
  1120 00000F11 C706[3918][862B]    <1>     mov word [mesh_vertices], crystal_vertices
  1121 00000F17 C706[3B18][562E]    <1>     mov word [mesh_quads], crystal_quads
  1122 00000F1D C706[D218][4A70]    <1>     mov word [mesh_area_table], crystal_area_unsafe
  1123 00000F23 C706[3D18]6400      <1>     mov word [mesh_quad_count], CRYSTAL_FACETS
  1124 00000F29 C706[3F18]7800      <1>     mov word [mesh_vertex_count], CRYSTAL_VERTS
  1125 00000F2F C706[4318]4001      <1>     mov word [mesh_center_x], 320
  1126 00000F35 C706[4518]F000      <1>     mov word [mesh_center_y], 240
  1127 00000F3B E9FB01              <1>     jmp draw_mesh
  1128                              <1> 
  1129                              <1> ; XGA-native Boing Ball: draw the room as hardware lines and the spinning
  1130                              <1> ; checker sphere as depth-sorted, XGA-filled polygon faces.
  1131                              <1> draw_boing:
  1132 00000F3E E83000              <1>     call draw_shadow
  1133 00000F41 722D                <1>     jc .done
  1134 00000F43 C706[3918][5626]    <1>     mov word [mesh_vertices], boing_vertices
  1135 00000F49 C706[3B18][5629]    <1>     mov word [mesh_quads], boing_quads
  1136 00000F4F C706[D218][4A50]    <1>     mov word [mesh_area_table], boing_area_unsafe
  1137 00000F55 C706[3D18]7000      <1>     mov word [mesh_quad_count], BOING_QUADS
  1138 00000F5B C706[3F18]8000      <1>     mov word [mesh_vertex_count], TORUS_VERTS
  1139 00000F61 A1[4718]            <1>     mov ax, [boing_x]
  1140 00000F64 A3[4318]            <1>     mov [mesh_center_x], ax
  1141 00000F67 A1[4918]            <1>     mov ax, [boing_y]
  1142 00000F6A A3[4518]            <1>     mov [mesh_center_y], ax
  1143 00000F6D E8C901              <1>     call draw_mesh
  1144                              <1> .done:
  1145 00000F70 C3                  <1>     ret
  1146                              <1> 
  1147                              <1> ; Nine gray XGA lines form a flattened floor shadow. It shrinks at the apex.
  1148                              <1> draw_shadow:
  1149 00000F71 B82C01              <1>     mov ax, 300
  1150 00000F74 2B06[4918]          <1>     sub ax, [boing_y]
  1151 00000F78 C1E802              <1>     shr ax, 2
  1152 00000F7B A3[6C18]            <1>     mov [shadow_shrink], ax
  1153 00000F7E 26C606480003        <1>     mov byte [es:0x48], 3
  1154 00000F84 C606[181F]00        <1>     mov byte [line_flags], 0
  1155 00000F89 C606[191F]09        <1>     mov byte [line_color], 9
  1156 00000F8E C706[6818]0000      <1>     mov word [shadow_row], 0
  1157                              <1> .row:
  1158 00000F94 8B36[6818]          <1>     mov si, [shadow_row]
  1159 00000F98 D1E6                <1>     shl si, 1
  1160 00000F9A 8B84[6E18]          <1>     mov ax, [shadow_widths+si]
  1161 00000F9E 2B06[6C18]          <1>     sub ax, [shadow_shrink]
  1162 00000FA2 83F806              <1>     cmp ax, 6
  1163 00000FA5 7303                <1>     jae .width_ok
  1164 00000FA7 B80600              <1>     mov ax, 6
  1165                              <1> .width_ok:
  1166 00000FAA A3[6A18]            <1>     mov [shadow_half], ax
  1167 00000FAD 8B1E[4718]          <1>     mov bx, [boing_x]
  1168 00000FB1 83C30A              <1>     add bx, 10
  1169 00000FB4 89D8                <1>     mov ax, bx
  1170 00000FB6 2B06[6A18]          <1>     sub ax, [shadow_half]
  1171 00000FBA 031E[6A18]          <1>     add bx, [shadow_half]
  1172 00000FBE 8B16[6818]          <1>     mov dx, [shadow_row]
  1173 00000FC2 81C26601            <1>     add dx, 358
  1174 00000FC6 89D1                <1>     mov cx, dx
  1175 00000FC8 E815F9              <1>     call draw_line
  1176 00000FCB 720C                <1>     jc .done
  1177 00000FCD FF06[6818]          <1>     inc word [shadow_row]
  1178 00000FD1 833E[6818]09        <1>     cmp word [shadow_row], 9
  1179 00000FD6 72BC                <1>     jb .row
  1180 00000FD8 F8                  <1>     clc
  1181                              <1> .done:
  1182 00000FD9 C606[191F]01        <1>     mov byte [line_color], 1
  1183 00000FDE C3                  <1>     ret
  1184                              <1> 
  1185                              <1> draw_room_grid:
  1186 00000FDF 26C606480003        <1>     mov byte [es:0x48], 3
  1187 00000FE5 C606[181F]00        <1>     mov byte [line_flags], 0
  1188 00000FEA C606[191F]06        <1>     mov byte [line_color], 6
  1189 00000FEF C706[5218]0000      <1>     mov word [grid_index], 0
  1190                              <1> .wall_vertical:
  1191 00000FF5 A1[5218]            <1>     mov ax, [grid_index]
  1192 00000FF8 BB1A00              <1>     mov bx, 26
  1193 00000FFB F7E3                <1>     mul bx
  1194 00000FFD 83C07C              <1>     add ax, 124
  1195 00001000 89C3                <1>     mov bx, ax
  1196 00001002 BA0000              <1>     mov dx, 0
  1197 00001005 B94A01              <1>     mov cx, 330
  1198 00001008 E8D5F8              <1>     call draw_line
  1199 0000100B 0F828F00            <1>     jc .done
  1200 0000100F FF06[5218]          <1>     inc word [grid_index]
  1201 00001013 833E[5218]10        <1>     cmp word [grid_index], 16
  1202 00001018 72DB                <1>     jb .wall_vertical
  1203 0000101A C706[5218]0000      <1>     mov word [grid_index], 0
  1204                              <1> .wall_horizontal:
  1205 00001020 A1[5218]            <1>     mov ax, [grid_index]
  1206 00001023 BB1600              <1>     mov bx, 22
  1207 00001026 F7E3                <1>     mul bx
  1208 00001028 89C2                <1>     mov dx, ax
  1209 0000102A 89C1                <1>     mov cx, ax
  1210 0000102C B87C00              <1>     mov ax, 124
  1211 0000102F BB0202              <1>     mov bx, 514
  1212 00001032 E8ABF8              <1>     call draw_line
  1213 00001035 7267                <1>     jc .done
  1214 00001037 FF06[5218]          <1>     inc word [grid_index]
  1215 0000103B 833E[5218]10        <1>     cmp word [grid_index], 16
  1216 00001040 72DE                <1>     jb .wall_horizontal
  1217 00001042 C706[5218]0000      <1>     mov word [grid_index], 0
  1218                              <1> .floor_vertical:
  1219 00001048 A1[5218]            <1>     mov ax, [grid_index]
  1220 0000104B BB1A00              <1>     mov bx, 26
  1221 0000104E F7E3                <1>     mul bx
  1222 00001050 83C07C              <1>     add ax, 124
  1223 00001053 A3[5418]            <1>     mov [grid_top_x], ax
  1224 00001056 A1[5218]            <1>     mov ax, [grid_index]
  1225 00001059 BB2800              <1>     mov bx, 40
  1226 0000105C F7E3                <1>     mul bx
  1227 0000105E 83C010              <1>     add ax, 16
  1228 00001061 89C3                <1>     mov bx, ax
  1229 00001063 A1[5418]            <1>     mov ax, [grid_top_x]
  1230 00001066 BA4A01              <1>     mov dx, 330
  1231 00001069 B97C01              <1>     mov cx, 380
  1232 0000106C E871F8              <1>     call draw_line
  1233 0000106F 722D                <1>     jc .done
  1234 00001071 FF06[5218]          <1>     inc word [grid_index]
  1235 00001075 833E[5218]10        <1>     cmp word [grid_index], 16
  1236 0000107A 72CC                <1>     jb .floor_vertical
  1237 0000107C BE[5618]            <1>     mov si, floor_rows
  1238 0000107F C706[5218]0300      <1>     mov word [grid_index], 3
  1239                              <1> .floor_horizontal:
  1240 00001085 8B04                <1>     mov ax, [si]
  1241 00001087 8B5402              <1>     mov dx, [si+2]
  1242 0000108A 8B5C04              <1>     mov bx, [si+4]
  1243 0000108D 89D1                <1>     mov cx, dx
  1244 0000108F E84EF8              <1>     call draw_line
  1245 00001092 720A                <1>     jc .done
  1246 00001094 83C606              <1>     add si, 6
  1247 00001097 FF0E[5218]          <1>     dec word [grid_index]
  1248 0000109B 75E8                <1>     jnz .floor_horizontal
  1249 0000109D F8                  <1>     clc
  1250                              <1> .done:
  1251 0000109E C606[191F]01        <1>     mov byte [line_color], 1
  1252 000010A3 C3                  <1>     ret
  1253                              <1> 
  1254                              <1> update_boing_motion:
  1255 000010A4 8B1E[4D18]          <1>     mov bx, [boing_frame]
  1256 000010A8 83E33F              <1>     and bx, 63
  1257 000010AB 83FB00              <1>     cmp bx, 0
  1258 000010AE 7503                <1>     jne .no_impact
  1259 000010B0 E85E00              <1>     call start_boing_sound
  1260                              <1> .no_impact:
  1261 000010B3 D1E3                <1>     shl bx, 1
  1262 000010B5 8B87[4A90]          <1>     mov ax, [boing_bounce+bx]
  1263 000010B9 BB6E00              <1>     mov bx, 110
  1264 000010BC F7E3                <1>     mul bx
  1265 000010BE C1E808              <1>     shr ax, 8
  1266 000010C1 BB2C01              <1>     mov bx, 300
  1267 000010C4 29C3                <1>     sub bx, ax
  1268 000010C6 891E[4918]          <1>     mov [boing_y], bx
  1269 000010CA A1[4718]            <1>     mov ax, [boing_x]
  1270 000010CD 0306[4B18]          <1>     add ax, [boing_dx]
  1271 000010D1 A3[4718]            <1>     mov [boing_x], ax
  1272 000010D4 83F864              <1>     cmp ax, 100
  1273 000010D7 7F09                <1>     jg .right
  1274 000010D9 C706[4B18]0500      <1>     mov word [boing_dx], 5
  1275 000010DF E82F00              <1>     call start_boing_sound
  1276                              <1> .right:
  1277 000010E2 3D1C02              <1>     cmp ax, 540
  1278 000010E5 7C09                <1>     jl .sound
  1279 000010E7 C706[4B18]FBFF      <1>     mov word [boing_dx], -5
  1280 000010ED E82100              <1>     call start_boing_sound
  1281                              <1> .sound:
  1282 000010F0 803E[4F18]00        <1>     cmp byte [speaker_frames], 0
  1283 000010F5 7419                <1>     je .done
  1284 000010F7 FE0E[4F18]          <1>     dec byte [speaker_frames]
  1285 000010FB 7504                <1>     jnz .pitch
  1286 000010FD E83200              <1>     call stop_speaker
  1287 00001100 C3                  <1>     ret
  1288                              <1> .pitch:
  1289 00001101 A1[5018]            <1>     mov ax, [speaker_divisor]
  1290 00001104 05DC00              <1>     add ax, 220
  1291 00001107 A3[5018]            <1>     mov [speaker_divisor], ax
  1292 0000110A E642                <1>     out 0x42, al
  1293 0000110C 88E0                <1>     mov al, ah
  1294 0000110E E642                <1>     out 0x42, al
  1295                              <1> .done:
  1296 00001110 C3                  <1>     ret
  1297                              <1> 
  1298                              <1> start_boing_sound:
  1299 00001111 50                  <1>     push ax
  1300 00001112 C606[4F18]04        <1>     mov byte [speaker_frames], 4
  1301 00001117 C706[5018]0807      <1>     mov word [speaker_divisor], 1800
  1302 0000111D B0B6                <1>     mov al, 0xb6
  1303 0000111F E643                <1>     out 0x43, al
  1304 00001121 B80807              <1>     mov ax, 1800
  1305 00001124 E642                <1>     out 0x42, al
  1306 00001126 88E0                <1>     mov al, ah
  1307 00001128 E642                <1>     out 0x42, al
  1308 0000112A E461                <1>     in al, 0x61
  1309 0000112C 0C03                <1>     or al, 3
  1310 0000112E E661                <1>     out 0x61, al
  1311 00001130 58                  <1>     pop ax
  1312 00001131 C3                  <1>     ret
  1313                              <1> 
  1314                              <1> stop_speaker:
  1315 00001132 E461                <1>     in al, 0x61
  1316 00001134 24FC                <1>     and al, 0xfc
  1317 00001136 E661                <1>     out 0x61, al
  1318 00001138 C3                  <1>     ret
  1319                              <1> 
  1320                              <1> draw_mesh:
  1321 00001139 C606[191F]01        <1>     mov byte [line_color], 1
  1322 0000113E E84605              <1>     call project_torus
  1323 00001141 803E[FE1E]04        <1>     cmp byte [demo_mode], 4
  1324 00001146 740D                <1>     je .order_ready             ; convex sphere needs only backface culling
  1325 00001148 803E[FE1E]05        <1>     cmp byte [demo_mode], 5
  1326 0000114D 7406                <1>     je .order_ready             ; convex crystal also needs no sort
  1327 0000114F E83D06              <1>     call build_torus_depth
  1328 00001152 E87E06              <1>     call sort_torus_quads
  1329                              <1> .order_ready:
  1330 00001155 C606[3618]00        <1>     mov byte [torus_pos], 0
  1331 0000115A C706[3718]0000      <1>     mov word [mesh_drawn], 0
  1332                              <1> .quad:
  1333 00001160 0FB61E[3618]        <1>     movzx bx, byte [torus_pos]
  1334 00001165 0FB687[D625]        <1>     movzx ax, byte [torus_order+bx]
  1335 0000116A A2[D118]            <1>     mov [mesh_quad_index], al
  1336 0000116D 89C3                <1>     mov bx, ax
  1337 0000116F C1E302              <1>     shl bx, 2
  1338 00001172 01C3                <1>     add bx, ax
  1339 00001174 031E[3B18]          <1>     add bx, [mesh_quads]
  1340 00001178 891E[8018]          <1>     mov [torus_quad_offset], bx
  1341 0000117C 8A4704              <1>     mov al, [bx+4]
  1342 0000117F A2[1A1F]            <1>     mov [fill_color], al
  1343 00001182 8A07                <1>     mov al, [bx]
  1344 00001184 A2[8D18]            <1>     mov [tri_a], al
  1345 00001187 8A4701              <1>     mov al, [bx+1]
  1346 0000118A A2[8E18]            <1>     mov [tri_b], al
  1347 0000118D 8A4702              <1>     mov al, [bx+2]
  1348 00001190 A2[8F18]            <1>     mov [tri_c], al
  1349 00001193 8A4703              <1>     mov al, [bx+3]
  1350 00001196 A2[9018]            <1>     mov [tri_d], al
  1351 00001199 E81000              <1>     call render_mesh_quad
  1352 0000119C 720D                <1>     jc .done
  1353 0000119E FE06[3618]          <1>     inc byte [torus_pos]
  1354 000011A2 A0[3618]            <1>     mov al, [torus_pos]
  1355 000011A5 3A06[3D18]          <1>     cmp al, byte [mesh_quad_count]
  1356 000011A9 72B5                <1>     jb .quad
  1357                              <1> .done:
  1358 000011AB C3                  <1>     ret
  1359                              <1> 
  1360                              <1> ; Backface cull one projected checker or torus quad. A precomputed bit
  1361                              <1> ; selects XGA Area Fill or the proven CPU-mask/XGA BitBlt fallback.
  1362                              <1> render_mesh_quad:
  1363 000011AC 0FB636[8D18]        <1>     movzx si, byte [tri_a]
  1364 000011B1 D1E6                <1>     shl si, 1
  1365 000011B3 8B84[F61A]          <1>     mov ax, [torus_screen_x+si]
  1366 000011B7 A3[9118]            <1>     mov [tri_x0], ax
  1367 000011BA 8B84[F61B]          <1>     mov ax, [torus_screen_y+si]
  1368 000011BE A3[9318]            <1>     mov [tri_y0], ax
  1369 000011C1 0FB636[8E18]        <1>     movzx si, byte [tri_b]
  1370 000011C6 D1E6                <1>     shl si, 1
  1371 000011C8 8B84[F61A]          <1>     mov ax, [torus_screen_x+si]
  1372 000011CC A3[9518]            <1>     mov [tri_x1], ax
  1373 000011CF 8B84[F61B]          <1>     mov ax, [torus_screen_y+si]
  1374 000011D3 A3[9718]            <1>     mov [tri_y1], ax
  1375 000011D6 0FB636[8F18]        <1>     movzx si, byte [tri_c]
  1376 000011DB D1E6                <1>     shl si, 1
  1377 000011DD 8B84[F61A]          <1>     mov ax, [torus_screen_x+si]
  1378 000011E1 A3[9918]            <1>     mov [tri_x2], ax
  1379 000011E4 8B84[F61B]          <1>     mov ax, [torus_screen_y+si]
  1380 000011E8 A3[9B18]            <1>     mov [tri_y2], ax
  1381 000011EB 0FB636[9018]        <1>     movzx si, byte [tri_d]
  1382 000011F0 D1E6                <1>     shl si, 1
  1383 000011F2 8B84[F61A]          <1>     mov ax, [torus_screen_x+si]
  1384 000011F6 A3[9D18]            <1>     mov [tri_x3], ax
  1385 000011F9 8B84[F61B]          <1>     mov ax, [torus_screen_y+si]
  1386 000011FD A3[9F18]            <1>     mov [tri_y3], ax
  1387 00001200 A1[9518]            <1>     mov ax, [tri_x1]
  1388 00001203 2B06[9118]          <1>     sub ax, [tri_x0]
  1389 00001207 A3[A518]            <1>     mov [tri_dx1], ax
  1390 0000120A A1[9718]            <1>     mov ax, [tri_y1]
  1391 0000120D 2B06[9318]          <1>     sub ax, [tri_y0]
  1392 00001211 A3[A718]            <1>     mov [tri_dy1], ax
  1393 00001214 A1[9918]            <1>     mov ax, [tri_x2]
  1394 00001217 2B06[9118]          <1>     sub ax, [tri_x0]
  1395 0000121B A3[A918]            <1>     mov [tri_dx2], ax
  1396 0000121E A1[9B18]            <1>     mov ax, [tri_y2]
  1397 00001221 2B06[9318]          <1>     sub ax, [tri_y0]
  1398 00001225 A3[AB18]            <1>     mov [tri_dy2], ax
  1399 00001228 A1[9D18]            <1>     mov ax, [tri_x3]
  1400 0000122B 2B06[9118]          <1>     sub ax, [tri_x0]
  1401 0000122F A3[AD18]            <1>     mov [tri_dx3], ax
  1402 00001232 A1[9F18]            <1>     mov ax, [tri_y3]
  1403 00001235 2B06[9318]          <1>     sub ax, [tri_y0]
  1404 00001239 A3[AF18]            <1>     mov [tri_dy3], ax
  1405 0000123C A1[A518]            <1>     mov ax, [tri_dx1]
  1406 0000123F F72E[AB18]          <1>     imul word [tri_dy2]
  1407 00001243 A3[B118]            <1>     mov [tri_cross], ax
  1408 00001246 A1[A718]            <1>     mov ax, [tri_dy1]
  1409 00001249 F72E[A918]          <1>     imul word [tri_dx2]
  1410 0000124D 2906[B118]          <1>     sub [tri_cross], ax
  1411 00001251 A1[A918]            <1>     mov ax, [tri_dx2]
  1412 00001254 F72E[AF18]          <1>     imul word [tri_dy3]
  1413 00001258 A3[B318]            <1>     mov [quad_cross2], ax
  1414 0000125B A1[AB18]            <1>     mov ax, [tri_dy2]
  1415 0000125E F72E[AD18]          <1>     imul word [tri_dx3]
  1416 00001262 2906[B318]          <1>     sub [quad_cross2], ax
  1417 00001266 A1[B118]            <1>     mov ax, [tri_cross]
  1418 00001269 3306[B318]          <1>     xor ax, [quad_cross2]
  1419 0000126D 0F885701            <1>     js .skip                     ; twisted projected quad near the silhouette
  1420 00001271 A1[B318]            <1>     mov ax, [quad_cross2]
  1421 00001274 0106[B118]          <1>     add [tri_cross], ax
  1422 00001278 833E[B118]04        <1>     cmp word [tri_cross], 4     ; a,b,c,d winding faces toward +Z
  1423 0000127D 0F8E4701            <1>     jle .skip
  1424 00001281 A1[9118]            <1>     mov ax, [tri_x0]
  1425 00001284 A3[B518]            <1>     mov [tri_min_x], ax
  1426 00001287 A3[B718]            <1>     mov [tri_max_x], ax
  1427 0000128A A1[9318]            <1>     mov ax, [tri_y0]
  1428 0000128D A3[B918]            <1>     mov [tri_min_y], ax
  1429 00001290 A3[BB18]            <1>     mov [tri_max_y], ax
  1430 00001293 A1[9518]            <1>     mov ax, [tri_x1]
  1431 00001296 3B06[B518]          <1>     cmp ax, [tri_min_x]
  1432 0000129A 7D03                <1>     jge .x1_min_done
  1433 0000129C A3[B518]            <1>     mov [tri_min_x], ax
  1434                              <1> .x1_min_done:
  1435 0000129F 3B06[B718]          <1>     cmp ax, [tri_max_x]
  1436 000012A3 7E03                <1>     jle .x1_max_done
  1437 000012A5 A3[B718]            <1>     mov [tri_max_x], ax
  1438                              <1> .x1_max_done:
  1439 000012A8 A1[9918]            <1>     mov ax, [tri_x2]
  1440 000012AB 3B06[B518]          <1>     cmp ax, [tri_min_x]
  1441 000012AF 7D03                <1>     jge .x2_min_done
  1442 000012B1 A3[B518]            <1>     mov [tri_min_x], ax
  1443                              <1> .x2_min_done:
  1444 000012B4 3B06[B718]          <1>     cmp ax, [tri_max_x]
  1445 000012B8 7E03                <1>     jle .x2_max_done
  1446 000012BA A3[B718]            <1>     mov [tri_max_x], ax
  1447                              <1> .x2_max_done:
  1448 000012BD A1[9D18]            <1>     mov ax, [tri_x3]
  1449 000012C0 3B06[B518]          <1>     cmp ax, [tri_min_x]
  1450 000012C4 7D03                <1>     jge .x3_min_done
  1451 000012C6 A3[B518]            <1>     mov [tri_min_x], ax
  1452                              <1> .x3_min_done:
  1453 000012C9 3B06[B718]          <1>     cmp ax, [tri_max_x]
  1454 000012CD 7E03                <1>     jle .x3_max_done
  1455 000012CF A3[B718]            <1>     mov [tri_max_x], ax
  1456                              <1> .x3_max_done:
  1457 000012D2 A1[9718]            <1>     mov ax, [tri_y1]
  1458 000012D5 3B06[B918]          <1>     cmp ax, [tri_min_y]
  1459 000012D9 7D03                <1>     jge .y1_min_done
  1460 000012DB A3[B918]            <1>     mov [tri_min_y], ax
  1461                              <1> .y1_min_done:
  1462 000012DE 3B06[BB18]          <1>     cmp ax, [tri_max_y]
  1463 000012E2 7E03                <1>     jle .y1_max_done
  1464 000012E4 A3[BB18]            <1>     mov [tri_max_y], ax
  1465                              <1> .y1_max_done:
  1466 000012E7 A1[9B18]            <1>     mov ax, [tri_y2]
  1467 000012EA 3B06[B918]          <1>     cmp ax, [tri_min_y]
  1468 000012EE 7D03                <1>     jge .y2_min_done
  1469 000012F0 A3[B918]            <1>     mov [tri_min_y], ax
  1470                              <1> .y2_min_done:
  1471 000012F3 3B06[BB18]          <1>     cmp ax, [tri_max_y]
  1472 000012F7 7E03                <1>     jle .y2_max_done
  1473 000012F9 A3[BB18]            <1>     mov [tri_max_y], ax
  1474                              <1> .y2_max_done:
  1475 000012FC A1[9F18]            <1>     mov ax, [tri_y3]
  1476 000012FF 3B06[B918]          <1>     cmp ax, [tri_min_y]
  1477 00001303 7D03                <1>     jge .y3_min_done
  1478 00001305 A3[B918]            <1>     mov [tri_min_y], ax
  1479                              <1> .y3_min_done:
  1480 00001308 3B06[BB18]          <1>     cmp ax, [tri_max_y]
  1481 0000130C 7E03                <1>     jle .y3_max_done
  1482 0000130E A3[BB18]            <1>     mov [tri_max_y], ax
  1483                              <1> .y3_max_done:
  1484 00001311 A1[B718]            <1>     mov ax, [tri_max_x]
  1485 00001314 2B06[B518]          <1>     sub ax, [tri_min_x]
  1486 00001318 83F801              <1>     cmp ax, 1
  1487 0000131B 0F86A900            <1>     jbe .skip
  1488 0000131F 83F87F              <1>     cmp ax, MESH_MASK_W-1
  1489 00001322 0F87A200            <1>     ja .skip
  1490 00001326 A3[BD18]            <1>     mov [tri_width], ax
  1491 00001329 A1[BB18]            <1>     mov ax, [tri_max_y]
  1492 0000132C 2B06[B918]          <1>     sub ax, [tri_min_y]
  1493 00001330 83F801              <1>     cmp ax, 1
  1494 00001333 0F869100            <1>     jbe .skip
  1495 00001337 83F87F              <1>     cmp ax, MESH_MASK_H-1
  1496 0000133A 0F878A00            <1>     ja .skip
  1497 0000133E A3[BF18]            <1>     mov [tri_height], ax
  1498 00001341 803E[FE1E]04        <1>     cmp byte [demo_mode], 4
  1499 00001346 7530                <1>     jne .shade_done
  1500 00001348 A1[9318]            <1>     mov ax, [tri_y0]
  1501 0000134B 0306[9718]          <1>     add ax, [tri_y1]
  1502 0000134F 0306[9B18]          <1>     add ax, [tri_y2]
  1503 00001353 0306[9F18]          <1>     add ax, [tri_y3]
  1504 00001357 C1E802              <1>     shr ax, 2
  1505 0000135A 8B1E[4918]          <1>     mov bx, [boing_y]
  1506 0000135E 83C314              <1>     add bx, 20
  1507 00001361 39D8                <1>     cmp ax, bx
  1508 00001363 7E13                <1>     jle .shade_done
  1509 00001365 803E[1A1F]07        <1>     cmp byte [fill_color], 7
  1510 0000136A 7507                <1>     jne .shade_white
  1511 0000136C C606[1A1F]0A        <1>     mov byte [fill_color], 10 ; shaded magenta
  1512 00001371 EB05                <1>     jmp .shade_done
  1513                              <1> .shade_white:
  1514 00001373 C606[1A1F]0B        <1>     mov byte [fill_color], 11 ; shaded white
  1515                              <1> .shade_done:
  1516 00001378 803E[CF18]00        <1>     cmp byte [mesh_area_mode], 0
  1517 0000137D 7428                <1>     je .mask_fill
  1518 0000137F 8B1E[2218]          <1>     mov bx, [rotation]
  1519 00001383 81E3FF01            <1>     and bx, 511
  1520 00001387 C1E304              <1>     shl bx, 4
  1521 0000138A 0FB606[D118]        <1>     movzx ax, byte [mesh_quad_index]
  1522 0000138F C1E803              <1>     shr ax, 3
  1523 00001392 01C3                <1>     add bx, ax
  1524 00001394 8B36[D218]          <1>     mov si, [mesh_area_table]
  1525 00001398 8A00                <1>     mov al, [si+bx]
  1526 0000139A 8A0E[D118]          <1>     mov cl, [mesh_quad_index]
  1527 0000139E 80E107              <1>     and cl, 7
  1528 000013A1 D2E8                <1>     shr al, cl
  1529 000013A3 A801                <1>     test al, 1
  1530 000013A5 7411                <1>     jz .area_fill
  1531                              <1> .mask_fill:
  1532 000013A7 E847F2              <1>     call select_mesh_ram_map
  1533 000013AA 721D                <1>     jc .done
  1534 000013AC E81B01              <1>     call raster_quad_mask
  1535 000013AF 7218                <1>     jc .done
  1536 000013B1 E8AA01              <1>     call fill_masked_quad
  1537 000013B4 7213                <1>     jc .done
  1538 000013B6 EB0A                <1>     jmp .filled
  1539                              <1> .area_fill:
  1540 000013B8 E8F4F1              <1>     call select_mesh_vram_map
  1541 000013BB 720C                <1>     jc .done
  1542 000013BD E8ED01              <1>     call fill_quad_area
  1543 000013C0 7207                <1>     jc .done
  1544                              <1> .filled:
  1545 000013C2 FF06[3718]          <1>     inc word [mesh_drawn]
  1546 000013C6 F8                  <1>     clc
  1547 000013C7 C3                  <1>     ret
  1548                              <1> .skip:
  1549 000013C8 F8                  <1>     clc
  1550                              <1> .done:
  1551 000013C9 C3                  <1>     ret
  1552                              <1> 
  1553                              <1> ; Clear the small local mask box in conventional RAM. Only the bytes XGA
  1554                              <1> ; will sample are reset; the full 128x128 map never needs clearing.
  1555                              <1> clear_mask_box:
  1556 000013CA 50                  <1>     push ax
  1557 000013CB 53                  <1>     push bx
  1558 000013CC 51                  <1>     push cx
  1559 000013CD 57                  <1>     push di
  1560 000013CE 06                  <1>     push es
  1561 000013CF 1E                  <1>     push ds
  1562 000013D0 07                  <1>     pop es
  1563 000013D1 A1[BD18]            <1>     mov ax, [tri_width]
  1564 000013D4 C1E803              <1>     shr ax, 3
  1565 000013D7 40                  <1>     inc ax
  1566 000013D8 A3[CD18]            <1>     mov [mask_clear_bytes], ax
  1567 000013DB 8B1E[BF18]          <1>     mov bx, [tri_height]
  1568 000013DF 43                  <1>     inc bx
  1569 000013E0 BF[09A2]            <1>     mov di, mesh_mask_ram
  1570 000013E3 FC                  <1>     cld
  1571                              <1> .row:
  1572 000013E4 8B0E[CD18]          <1>     mov cx, [mask_clear_bytes]
  1573 000013E8 57                  <1>     push di
  1574 000013E9 31C0                <1>     xor ax, ax
  1575 000013EB F3AA                <1>     rep stosb
  1576 000013ED 5F                  <1>     pop di
  1577 000013EE 83C710              <1>     add di, MESH_MASK_W/8
  1578 000013F1 4B                  <1>     dec bx
  1579 000013F2 75F0                <1>     jnz .row
  1580 000013F4 07                  <1>     pop es
  1581 000013F5 5F                  <1>     pop di
  1582 000013F6 59                  <1>     pop cx
  1583 000013F7 5B                  <1>     pop bx
  1584 000013F8 58                  <1>     pop ax
  1585 000013F9 F8                  <1>     clc
  1586 000013FA C3                  <1>     ret
  1587                              <1> 
  1588                              <1> ; Build two X intersections per row in system RAM. Each edge slope uses
  1589                              <1> ; signed 16.16 division once; each scanline then uses addition.
  1590                              <1> prepare_mask_spans:
  1591 000013FB A1[9118]            <1>     mov ax, [tri_x0]
  1592 000013FE A3[A118]            <1>     mov [tri_x4], ax
  1593 00001401 A1[9318]            <1>     mov ax, [tri_y0]
  1594 00001404 A3[A318]            <1>     mov [tri_y4], ax
  1595 00001407 8B0E[BF18]          <1>     mov cx, [tri_height]
  1596 0000140B 31DB                <1>     xor bx, bx
  1597                              <1> .init:
  1598 0000140D C787[E618]8000      <1>     mov word [mask_scan_left+bx], MESH_MASK_W
  1599 00001413 C787[E619]0000      <1>     mov word [mask_scan_right+bx], 0
  1600 00001419 83C302              <1>     add bx, 2
  1601 0000141C E2EF                <1>     loop .init
  1602 0000141E BE[9118]            <1>     mov si, tri_x0
  1603 00001421 BD0400              <1>     mov bp, 4
  1604                              <1> .edge:
  1605 00001424 8B04                <1>     mov ax, [si]              ; x0
  1606 00001426 8B5402              <1>     mov dx, [si+2]            ; y0
  1607 00001429 8B5C04              <1>     mov bx, [si+4]            ; x1
  1608 0000142C 8B4C06              <1>     mov cx, [si+6]            ; y1
  1609 0000142F 39CA                <1>     cmp dx, cx
  1610 00001431 0F848C00            <1>     je .next_edge
  1611 00001435 7C03                <1>     jl .ordered
  1612 00001437 93                  <1>     xchg ax, bx
  1613 00001438 87D1                <1>     xchg dx, cx
  1614                              <1> .ordered:
  1615 0000143A 8916[D818]          <1>     mov [edge_y], dx
  1616 0000143E 890E[DA18]          <1>     mov [edge_end_y], cx
  1617 00001442 A3[DC18]            <1>     mov [edge_top_x], ax
  1618 00001445 2B06[B518]          <1>     sub ax, [tri_min_x]
  1619 00001449 6698                <1>     cwde
  1620 0000144B 66C1E010            <1>     shl eax, 16
  1621 0000144F 66A3[DE18]          <1>     mov [edge_x_fp], eax
  1622 00001453 89D8                <1>     mov ax, bx
  1623 00001455 2B06[DC18]          <1>     sub ax, [edge_top_x]
  1624 00001459 6698                <1>     cwde
  1625 0000145B 66C1E010            <1>     shl eax, 16
  1626 0000145F 6699                <1>     cdq
  1627 00001461 89CB                <1>     mov bx, cx
  1628 00001463 2B1E[D818]          <1>     sub bx, [edge_y]
  1629 00001467 660FB7DB            <1>     movzx ebx, bx
  1630 0000146B 66F7FB              <1>     idiv ebx
  1631 0000146E 66A3[E218]          <1>     mov [edge_slope], eax
  1632 00001472 8B1E[D818]          <1>     mov bx, [edge_y]
  1633 00001476 2B1E[B918]          <1>     sub bx, [tri_min_y]
  1634 0000147A D1E3                <1>     shl bx, 1
  1635                              <1> .edge_row:
  1636 0000147C 66A1[DE18]          <1>     mov eax, [edge_x_fp]
  1637 00001480 66C1F810            <1>     sar eax, 16
  1638 00001484 83F800              <1>     cmp ax, 0
  1639 00001487 7D02                <1>     jge .left_clamped
  1640 00001489 31C0                <1>     xor ax, ax
  1641                              <1> .left_clamped:
  1642 0000148B 3B06[BD18]          <1>     cmp ax, [tri_width]
  1643 0000148F 7E03                <1>     jle .right_clamped
  1644 00001491 A1[BD18]            <1>     mov ax, [tri_width]
  1645                              <1> .right_clamped:
  1646 00001494 3B87[E618]          <1>     cmp ax, [mask_scan_left+bx]
  1647 00001498 7D04                <1>     jge .left_kept
  1648 0000149A 8987[E618]          <1>     mov [mask_scan_left+bx], ax
  1649                              <1> .left_kept:
  1650 0000149E 3B87[E619]          <1>     cmp ax, [mask_scan_right+bx]
  1651 000014A2 7E04                <1>     jle .right_kept
  1652 000014A4 8987[E619]          <1>     mov [mask_scan_right+bx], ax
  1653                              <1> .right_kept:
  1654 000014A8 66A1[E218]          <1>     mov eax, [edge_slope]
  1655 000014AC 660106[DE18]        <1>     add [edge_x_fp], eax
  1656 000014B1 83C302              <1>     add bx, 2
  1657 000014B4 FF06[D818]          <1>     inc word [edge_y]
  1658 000014B8 A1[D818]            <1>     mov ax, [edge_y]
  1659 000014BB 3B06[DA18]          <1>     cmp ax, [edge_end_y]
  1660 000014BF 7CBB                <1>     jl .edge_row
  1661                              <1> .next_edge:
  1662 000014C1 83C604              <1>     add si, 4
  1663 000014C4 4D                  <1>     dec bp
  1664 000014C5 0F855BFF            <1>     jnz .edge
  1665 000014C9 C3                  <1>     ret
  1666                              <1> 
  1667                              <1> ; Write covered span bytes into the local mask in conventional RAM.
  1668                              <1> raster_quad_mask:
  1669 000014CA E8FDFE              <1>     call clear_mask_box
  1670 000014CD E82BFF              <1>     call prepare_mask_spans
  1671 000014D0 06                  <1>     push es
  1672 000014D1 8CD8                <1>     mov ax, ds
  1673 000014D3 8EC0                <1>     mov es, ax
  1674 000014D5 FC                  <1>     cld
  1675 000014D6 C706[C118]0000      <1>     mov word [mask_y], 0
  1676                              <1> .row:
  1677 000014DC A1[C118]            <1>     mov ax, [mask_y]
  1678 000014DF D1E0                <1>     shl ax, 1
  1679 000014E1 89C6                <1>     mov si, ax
  1680 000014E3 8B84[E618]          <1>     mov ax, [mask_scan_left+si]
  1681 000014E7 8B9C[E619]          <1>     mov bx, [mask_scan_right+si]
  1682 000014EB 39D8                <1>     cmp ax, bx
  1683 000014ED 775F                <1>     ja .advance
  1684 000014EF A3[C518]            <1>     mov [mask_span_left], ax
  1685 000014F2 891E[C718]          <1>     mov [mask_span_right], bx
  1686 000014F6 A1[C118]            <1>     mov ax, [mask_y]
  1687 000014F9 C1E004              <1>     shl ax, 4
  1688 000014FC 05[09A2]            <1>     add ax, mesh_mask_ram
  1689 000014FF A3[C318]            <1>     mov [mask_row_offset], ax
  1690 00001502 A1[C518]            <1>     mov ax, [mask_span_left]
  1691 00001505 89C3                <1>     mov bx, ax
  1692 00001507 83E307              <1>     and bx, 7
  1693 0000150A 8A97[E61A]          <1>     mov dl, [mask_first_bits+bx]
  1694 0000150E C1E803              <1>     shr ax, 3
  1695 00001511 A3[C918]            <1>     mov [mask_first_byte], ax
  1696 00001514 A1[C718]            <1>     mov ax, [mask_span_right]
  1697 00001517 89C3                <1>     mov bx, ax
  1698 00001519 83E307              <1>     and bx, 7
  1699 0000151C 8AB7[EE1A]          <1>     mov dh, [mask_last_bits+bx]
  1700 00001520 C1E803              <1>     shr ax, 3
  1701 00001523 A3[CB18]            <1>     mov [mask_last_byte], ax
  1702 00001526 8B3E[C318]          <1>     mov di, [mask_row_offset]
  1703 0000152A 033E[C918]          <1>     add di, [mask_first_byte]
  1704 0000152E 3B06[C918]          <1>     cmp ax, [mask_first_byte]
  1705 00001532 7415                <1>     je .single_byte
  1706 00001534 88D0                <1>     mov al, dl
  1707 00001536 AA                  <1>     stosb
  1708 00001537 8B0E[CB18]          <1>     mov cx, [mask_last_byte]
  1709 0000153B 2B0E[C918]          <1>     sub cx, [mask_first_byte]
  1710 0000153F 49                  <1>     dec cx
  1711 00001540 B0FF                <1>     mov al, 0xff
  1712 00001542 F3AA                <1>     rep stosb
  1713 00001544 88F0                <1>     mov al, dh
  1714 00001546 AA                  <1>     stosb
  1715 00001547 EB05                <1>     jmp .advance
  1716                              <1> .single_byte:
  1717 00001549 88D0                <1>     mov al, dl
  1718 0000154B 20F0                <1>     and al, dh
  1719 0000154D AA                  <1>     stosb
  1720                              <1> .advance:
  1721 0000154E FF06[C118]          <1>     inc word [mask_y]
  1722 00001552 A1[C118]            <1>     mov ax, [mask_y]
  1723 00001555 3B06[BF18]          <1>     cmp ax, [tri_height]
  1724 00001559 7281                <1>     jb .row
  1725 0000155B 07                  <1>     pop es
  1726 0000155C F8                  <1>     clc
  1727                              <1> .done:
  1728 0000155D C3                  <1>     ret
  1729                              <1> 
  1730                              <1> ; XGA paints the CPU-generated 1-bit shape from system RAM. Pattern-zero
  1731                              <1> ; pixels retain the destination, so no boundary line is used.
  1732                              <1> fill_masked_quad:
  1733 0000155E 26C606480003        <1>     mov byte [es:0x48], 3
  1734 00001564 26C606490005        <1>     mov byte [es:0x49], 5
  1735 0000156A 660FB606[1A1F]      <1>     movzx eax, byte [fill_color]
  1736 00001570 2666A35800          <1>     mov [es:0x58], eax
  1737 00001575 A1[BD18]            <1>     mov ax, [tri_width]
  1738 00001578 26A36000            <1>     mov [es:0x60], ax
  1739 0000157C A1[BF18]            <1>     mov ax, [tri_height]
  1740 0000157F 26A36200            <1>     mov [es:0x62], ax
  1741 00001583 26C70674000000      <1>     mov word [es:0x74], 0
  1742 0000158A A1[B518]            <1>     mov ax, [tri_min_x]
  1743 0000158D 26A37800            <1>     mov [es:0x78], ax
  1744 00001591 26C70676000000      <1>     mov word [es:0x76], 0
  1745 00001598 A1[B918]            <1>     mov ax, [tri_min_y]
  1746 0000159B 26A37A00            <1>     mov [es:0x7a], ax
  1747 0000159F 2666C7067C00003011- <1>     mov dword [es:0x7c], MASKED_SOLID_OP
  1747 000015A8 08                  <1>
  1748 000015A9 E8747F              <1>     call wait_cp
  1749 000015AC C3                  <1>     ret
  1750                              <1> 
  1751                              <1> ; Clear only this quad's bounding box in the off-screen 1-bit map, draw
  1752                              <1> ; its four area boundaries with XGA, then fill just that box with Area Fill.
  1753                              <1> ; Bounding both passes prevents a bad edge from extending across the screen.
  1754                              <1> fill_quad_area:
  1755                              <1>     ; The fourth edge must close this quad, regardless of the prior fill path.
  1756 000015AD A1[9118]            <1>     mov ax, [tri_x0]
  1757 000015B0 A3[A118]            <1>     mov [tri_x4], ax
  1758 000015B3 A1[9318]            <1>     mov ax, [tri_y0]
  1759 000015B6 A3[A318]            <1>     mov [tri_y4], ax
  1760 000015B9 E8647F              <1>     call wait_cp
  1761 000015BC 0F82C100            <1>     jc .done
  1762 000015C0 26C606120003        <1>     mov byte [es:0x12], 3
  1763 000015C6 2666C7065800000000- <1>     mov dword [es:0x58], 0
  1763 000015CF 00                  <1>
  1764 000015D0 A1[BD18]            <1>     mov ax, [tri_width]
  1765 000015D3 26A36000            <1>     mov [es:0x60], ax
  1766 000015D7 A1[BF18]            <1>     mov ax, [tri_height]
  1767 000015DA 26A36200            <1>     mov [es:0x62], ax
  1768 000015DE A1[B518]            <1>     mov ax, [tri_min_x]
  1769 000015E1 26A37800            <1>     mov [es:0x78], ax
  1770 000015E5 A1[B918]            <1>     mov ax, [tri_min_y]
  1771 000015E8 26A37A00            <1>     mov [es:0x7a], ax
  1772 000015EC 2666C7067C00008013- <1>     mov dword [es:0x7c], 0x08138000
  1772 000015F5 08                  <1>
  1773 000015F6 E8277F              <1>     call wait_cp
  1774 000015F9 0F828400            <1>     jc .done
  1775 000015FD 26C606120001        <1>     mov byte [es:0x12], 1
  1776 00001603 26C606480006        <1>     mov byte [es:0x48], 6
  1777 00001609 C606[181F]30        <1>     mov byte [line_flags], 0x30
  1778 0000160E BE[9118]            <1>     mov si, tri_x0
  1779 00001611 BD0400              <1>     mov bp, 4
  1780                              <1> .edge:
  1781 00001614 8B04                <1>     mov ax, [si]
  1782 00001616 8B5402              <1>     mov dx, [si+2]
  1783 00001619 8B5C04              <1>     mov bx, [si+4]
  1784 0000161C 8B4C06              <1>     mov cx, [si+6]
  1785 0000161F 39D8                <1>     cmp ax, bx
  1786 00001621 7504                <1>     jne .draw_edge
  1787 00001623 39CA                <1>     cmp dx, cx
  1788 00001625 7405                <1>     je .next_edge              ; pointed facets have one zero-length side
  1789                              <1> .draw_edge:
  1790 00001627 E8B6F2              <1>     call draw_line
  1791 0000162A 7255                <1>     jc .done
  1792                              <1> .next_edge:
  1793 0000162C 83C604              <1>     add si, 4
  1794 0000162F 4D                  <1>     dec bp
  1795 00001630 75E2                <1>     jnz .edge
  1796 00001632 C606[181F]00        <1>     mov byte [line_flags], 0
  1797 00001637 26C606480003        <1>     mov byte [es:0x48], 3
  1798 0000163D 660FB606[1A1F]      <1>     movzx eax, byte [fill_color]
  1799 00001643 2666A35800          <1>     mov [es:0x58], eax
  1800 00001648 A1[BD18]            <1>     mov ax, [tri_width]
  1801 0000164B 26A36000            <1>     mov [es:0x60], ax
  1802 0000164F A1[BF18]            <1>     mov ax, [tri_height]
  1803 00001652 26A36200            <1>     mov [es:0x62], ax
  1804 00001656 A1[B518]            <1>     mov ax, [tri_min_x]
  1805 00001659 26A37000            <1>     mov [es:0x70], ax
  1806 0000165D 26A37400            <1>     mov [es:0x74], ax
  1807 00001661 26A37800            <1>     mov [es:0x78], ax
  1808 00001665 A1[B918]            <1>     mov ax, [tri_min_y]
  1809 00001668 26A37200            <1>     mov [es:0x72], ax
  1810 0000166C 26A37600            <1>     mov [es:0x76], ax
  1811 00001670 26A37A00            <1>     mov [es:0x7a], ax
  1812 00001674 2666C7067C00003031- <1>     mov dword [es:0x7c], AREA_FILL_OP
  1812 0000167D 0A                  <1>
  1813 0000167E E89F7E              <1>     call wait_cp
  1814                              <1> .done:
  1815 00001681 C606[181F]00        <1>     mov byte [line_flags], 0
  1816 00001686 C3                  <1>     ret
  1817                              <1> 
  1818                              <1> ; Rotate the selected precomputed mesh around Y and X and project it.
  1819                              <1> ; Z remains in torus_screen_z for the painter's-order sort.
  1820                              <1> project_torus:
  1821 00001687 A1[2218]            <1>     mov ax, [rotation]
  1822 0000168A 25FF00              <1>     and ax, 255
  1823 0000168D 89C3                <1>     mov bx, ax
  1824 0000168F 0FBE87[CA90]        <1>     movsx ax, byte [sine_table+bx]
  1825 00001694 A3[8518]            <1>     mov [torus_sin_y], ax
  1826 00001697 83C340              <1>     add bx, 64
  1827 0000169A 81E3FF00            <1>     and bx, 255
  1828 0000169E 0FBE87[CA90]        <1>     movsx ax, byte [sine_table+bx]
  1829 000016A3 A3[8718]            <1>     mov [torus_cos_y], ax
  1830 000016A6 A1[2218]            <1>     mov ax, [rotation]
  1831 000016A9 D1E8                <1>     shr ax, 1
  1832 000016AB 83C020              <1>     add ax, 32
  1833 000016AE 25FF00              <1>     and ax, 255
  1834 000016B1 89C3                <1>     mov bx, ax
  1835 000016B3 0FBE87[CA90]        <1>     movsx ax, byte [sine_table+bx]
  1836 000016B8 A3[8918]            <1>     mov [torus_sin_x], ax
  1837 000016BB 83C340              <1>     add bx, 64
  1838 000016BE 81E3FF00            <1>     and bx, 255
  1839 000016C2 0FBE87[CA90]        <1>     movsx ax, byte [sine_table+bx]
  1840 000016C7 A3[8B18]            <1>     mov [torus_cos_x], ax
  1841 000016CA C706[4118]0000      <1>     mov word [mesh_vertex_index], 0
  1842                              <1> .vertex:
  1843 000016D0 8B36[4118]          <1>     mov si, [mesh_vertex_index]
  1844 000016D4 89F3                <1>     mov bx, si
  1845 000016D6 D1E3                <1>     shl bx, 1
  1846 000016D8 89DF                <1>     mov di, bx
  1847 000016DA D1E3                <1>     shl bx, 1
  1848 000016DC 01FB                <1>     add bx, di                  ; six bytes per model vertex
  1849 000016DE 8B36[3918]          <1>     mov si, [mesh_vertices]
  1850 000016E2 01DE                <1>     add si, bx
  1851 000016E4 8B04                <1>     mov ax, [si]
  1852 000016E6 A3[4A20]            <1>     mov [tmp_x], ax
  1853 000016E9 8B4402              <1>     mov ax, [si+2]
  1854 000016EC A3[4C20]            <1>     mov [tmp_y], ax
  1855 000016EF 8B4404              <1>     mov ax, [si+4]
  1856 000016F2 A3[4E20]            <1>     mov [tmp_z], ax
  1857 000016F5 A1[4A20]            <1>     mov ax, [tmp_x]
  1858 000016F8 F72E[8718]          <1>     imul word [torus_cos_y]
  1859 000016FC C1F807              <1>     sar ax, 7
  1860 000016FF A3[5220]            <1>     mov [tmp1], ax
  1861 00001702 A1[4E20]            <1>     mov ax, [tmp_z]
  1862 00001705 F72E[8518]          <1>     imul word [torus_sin_y]
  1863 00001709 C1F807              <1>     sar ax, 7
  1864 0000170C 2906[5220]          <1>     sub [tmp1], ax
  1865 00001710 A1[5220]            <1>     mov ax, [tmp1]
  1866 00001713 0306[4318]          <1>     add ax, [mesh_center_x]
  1867 00001717 8985[F61A]          <1>     mov [torus_screen_x+di], ax
  1868 0000171B A1[4A20]            <1>     mov ax, [tmp_x]
  1869 0000171E F72E[8518]          <1>     imul word [torus_sin_y]
  1870 00001722 C1F807              <1>     sar ax, 7
  1871 00001725 A3[5420]            <1>     mov [tmp2], ax
  1872 00001728 A1[4E20]            <1>     mov ax, [tmp_z]
  1873 0000172B F72E[8718]          <1>     imul word [torus_cos_y]
  1874 0000172F C1F807              <1>     sar ax, 7
  1875 00001732 0306[5420]          <1>     add ax, [tmp2]
  1876 00001736 A3[5020]            <1>     mov [tmp_zrot], ax
  1877 00001739 A1[4C20]            <1>     mov ax, [tmp_y]
  1878 0000173C F72E[8B18]          <1>     imul word [torus_cos_x]
  1879 00001740 C1F807              <1>     sar ax, 7
  1880 00001743 A3[5420]            <1>     mov [tmp2], ax
  1881 00001746 A1[5020]            <1>     mov ax, [tmp_zrot]
  1882 00001749 F72E[8918]          <1>     imul word [torus_sin_x]
  1883 0000174D C1F807              <1>     sar ax, 7
  1884 00001750 2906[5420]          <1>     sub [tmp2], ax
  1885 00001754 A1[4518]            <1>     mov ax, [mesh_center_y]
  1886 00001757 2B06[5420]          <1>     sub ax, [tmp2]
  1887 0000175B 8985[F61B]          <1>     mov [torus_screen_y+di], ax
  1888 0000175F A1[4C20]            <1>     mov ax, [tmp_y]
  1889 00001762 F72E[8918]          <1>     imul word [torus_sin_x]
  1890 00001766 C1F807              <1>     sar ax, 7
  1891 00001769 A3[5220]            <1>     mov [tmp1], ax
  1892 0000176C A1[5020]            <1>     mov ax, [tmp_zrot]
  1893 0000176F F72E[8B18]          <1>     imul word [torus_cos_x]
  1894 00001773 C1F807              <1>     sar ax, 7
  1895 00001776 0306[5220]          <1>     add ax, [tmp1]
  1896 0000177A 8985[F61C]          <1>     mov [torus_screen_z+di], ax
  1897 0000177E FF06[4118]          <1>     inc word [mesh_vertex_index]
  1898 00001782 8B36[4118]          <1>     mov si, [mesh_vertex_index]
  1899 00001786 3B36[3F18]          <1>     cmp si, [mesh_vertex_count]
  1900 0000178A 0F8242FF            <1>     jb .vertex
  1901 0000178E C3                  <1>     ret
  1902                              <1> 
  1903                              <1> ; Average the four rotated Z values of each small quad.
  1904                              <1> build_torus_depth:
  1905 0000178F 31DB                <1>     xor bx, bx
  1906                              <1> .quad:
  1907 00001791 89DE                <1>     mov si, bx
  1908 00001793 C1E602              <1>     shl si, 2
  1909 00001796 01DE                <1>     add si, bx                  ; five bytes per quad
  1910 00001798 0336[3B18]          <1>     add si, [mesh_quads]
  1911 0000179C 0FB63C              <1>     movzx di, byte [si]
  1912 0000179F D1E7                <1>     shl di, 1
  1913 000017A1 8B85[F61C]          <1>     mov ax, [torus_screen_z+di]
  1914 000017A5 0FB67C01            <1>     movzx di, byte [si+1]
  1915 000017A9 D1E7                <1>     shl di, 1
  1916 000017AB 0385[F61C]          <1>     add ax, [torus_screen_z+di]
  1917 000017AF 0FB67C02            <1>     movzx di, byte [si+2]
  1918 000017B3 D1E7                <1>     shl di, 1
  1919 000017B5 0385[F61C]          <1>     add ax, [torus_screen_z+di]
  1920 000017B9 0FB67C03            <1>     movzx di, byte [si+3]
  1921 000017BD D1E7                <1>     shl di, 1
  1922 000017BF 0385[F61C]          <1>     add ax, [torus_screen_z+di]
  1923 000017C3 89DF                <1>     mov di, bx
  1924 000017C5 D1E7                <1>     shl di, 1
  1925 000017C7 8985[F61D]          <1>     mov [torus_depth+di], ax
  1926 000017CB 43                  <1>     inc bx
  1927 000017CC 3B1E[3D18]          <1>     cmp bx, [mesh_quad_count]
  1928 000017D0 72BF                <1>     jb .quad
  1929 000017D2 C3                  <1>     ret
  1930                              <1> 
  1931                              <1> ; Insertion sort farthest first. Retaining last frame's order saves work as
  1932                              <1> ; each mesh moves only a small angle between frames.
  1933                              <1> sort_torus_quads:
  1934 000017D3 BE0100              <1>     mov si, 1
  1935                              <1> .next:
  1936 000017D6 8A84[D625]          <1>     mov al, [torus_order+si]
  1937 000017DA A2[8218]            <1>     mov [torus_key], al
  1938 000017DD 0FB6D8              <1>     movzx bx, al
  1939 000017E0 D1E3                <1>     shl bx, 1
  1940 000017E2 8B87[F61D]          <1>     mov ax, [torus_depth+bx]
  1941 000017E6 A3[8318]            <1>     mov [torus_key_depth], ax
  1942 000017E9 89F3                <1>     mov bx, si
  1943                              <1> .shift:
  1944 000017EB 09DB                <1>     or bx, bx
  1945 000017ED 7424                <1>     jz .insert
  1946 000017EF 89DF                <1>     mov di, bx
  1947 000017F1 4F                  <1>     dec di
  1948 000017F2 0FB685[D625]        <1>     movzx ax, byte [torus_order+di]
  1949 000017F7 D1E0                <1>     shl ax, 1
  1950 000017F9 89C7                <1>     mov di, ax
  1951 000017FB 8B85[F61D]          <1>     mov ax, [torus_depth+di]
  1952 000017FF 3B06[8318]          <1>     cmp ax, [torus_key_depth]
  1953 00001803 7E0E                <1>     jle .insert
  1954 00001805 89DF                <1>     mov di, bx
  1955 00001807 4F                  <1>     dec di
  1956 00001808 8A85[D625]          <1>     mov al, [torus_order+di]
  1957 0000180C 8887[D625]          <1>     mov [torus_order+bx], al
  1958 00001810 4B                  <1>     dec bx
  1959 00001811 EBD8                <1>     jmp .shift
  1960                              <1> .insert:
  1961 00001813 A0[8218]            <1>     mov al, [torus_key]
  1962 00001816 8887[D625]          <1>     mov [torus_order+bx], al
  1963 0000181A 46                  <1>     inc si
  1964 0000181B 3B36[3D18]          <1>     cmp si, [mesh_quad_count]
  1965 0000181F 72B5                <1>     jb .next
  1966 00001821 C3                  <1>     ret
  1967                              <1> 
  1968 00001822 0000                <1> rotation dw 0
  1969 00001824 4000                <1> stress_count dw 64
  1970 00001826 0000                <1> stress_index dw 0
  1971 00001828 0000                <1> stress_cell dw 0
  1972 0000182A 0000                <1> stress_x0 dw 0
  1973 0000182C 0000                <1> stress_x1 dw 0
  1974 0000182E 0000                <1> stress_xmid dw 0
  1975 00001830 0000                <1> stress_y0 dw 0
  1976 00001832 0000                <1> stress_y1 dw 0
  1977 00001834 0000                <1> stress_ymid dw 0
  1978 00001836 00                  <1> torus_pos db 0
  1979 00001837 0000                <1> mesh_drawn dw 0
  1980 00001839 [5620]              <1> mesh_vertices dw torus_vertices
  1981 0000183B [5623]              <1> mesh_quads dw torus_quads
  1982 0000183D 8000                <1> mesh_quad_count dw TORUS_QUADS
  1983 0000183F 8000                <1> mesh_vertex_count dw TORUS_VERTS
  1984 00001841 0000                <1> mesh_vertex_index dw 0
  1985 00001843 4001                <1> mesh_center_x dw 320
  1986 00001845 F000                <1> mesh_center_y dw 240
  1987 00001847 4001                <1> boing_x dw 320
  1988 00001849 2C01                <1> boing_y dw 300
  1989 0000184B 0500                <1> boing_dx dw 5
  1990 0000184D 0000                <1> boing_frame dw 0
  1991 0000184F 00                  <1> speaker_frames db 0
  1992 00001850 0807                <1> speaker_divisor dw 1800
  1993 00001852 0000                <1> grid_index dw 0
  1994 00001854 0000                <1> grid_top_x dw 0
  1995 00001856 640056011A023E0066- <1> floor_rows dw 100,342,538, 62,358,576, 16,380,616
  1995 0000185F 01400210007C016802  <1>
  1996 00001868 0000                <1> shadow_row dw 0
  1997 0000186A 0000                <1> shadow_half dw 0
  1998 0000186C 0000                <1> shadow_shrink dw 0
  1999 0000186E 1800200026002A002C- <1> shadow_widths dw 24,32,38,42,44,42,38,32,24
  1999 00001877 002A00260020001800  <1>
  2000 00001880 0000                <1> torus_quad_offset dw 0
  2001 00001882 00                  <1> torus_key db 0
  2002 00001883 0000                <1> torus_key_depth dw 0
  2003 00001885 0000                <1> torus_sin_y dw 0
  2004 00001887 0000                <1> torus_cos_y dw 0
  2005 00001889 0000                <1> torus_sin_x dw 0
  2006 0000188B 0000                <1> torus_cos_x dw 0
  2007 0000188D 00                  <1> tri_a db 0
  2008 0000188E 00                  <1> tri_b db 0
  2009 0000188F 00                  <1> tri_c db 0
  2010 00001890 00                  <1> tri_d db 0
  2011 00001891 0000                <1> tri_x0 dw 0
  2012 00001893 0000                <1> tri_y0 dw 0
  2013 00001895 0000                <1> tri_x1 dw 0
  2014 00001897 0000                <1> tri_y1 dw 0
  2015 00001899 0000                <1> tri_x2 dw 0
  2016 0000189B 0000                <1> tri_y2 dw 0
  2017 0000189D 0000                <1> tri_x3 dw 0
  2018 0000189F 0000                <1> tri_y3 dw 0
  2019 000018A1 0000                <1> tri_x4 dw 0
  2020 000018A3 0000                <1> tri_y4 dw 0
  2021 000018A5 0000                <1> tri_dx1 dw 0
  2022 000018A7 0000                <1> tri_dy1 dw 0
  2023 000018A9 0000                <1> tri_dx2 dw 0
  2024 000018AB 0000                <1> tri_dy2 dw 0
  2025 000018AD 0000                <1> tri_dx3 dw 0
  2026 000018AF 0000                <1> tri_dy3 dw 0
  2027 000018B1 0000                <1> tri_cross dw 0
  2028 000018B3 0000                <1> quad_cross2 dw 0
  2029 000018B5 0000                <1> tri_min_x dw 0
  2030 000018B7 0000                <1> tri_max_x dw 0
  2031 000018B9 0000                <1> tri_min_y dw 0
  2032 000018BB 0000                <1> tri_max_y dw 0
  2033 000018BD 0000                <1> tri_width dw 0
  2034 000018BF 0000                <1> tri_height dw 0
  2035 000018C1 0000                <1> mask_y dw 0
  2036 000018C3 0000                <1> mask_row_offset dw 0
  2037 000018C5 0000                <1> mask_span_left dw 0
  2038 000018C7 0000                <1> mask_span_right dw 0
  2039 000018C9 0000                <1> mask_first_byte dw 0
  2040 000018CB 0000                <1> mask_last_byte dw 0
  2041 000018CD 0000                <1> mask_clear_bytes dw 0
  2042 000018CF 01                  <1> mesh_area_mode db 1
  2043 000018D0 00                  <1> mesh_map_ram db 0
  2044 000018D1 00                  <1> mesh_quad_index db 0
  2045 000018D2 [4A30]              <1> mesh_area_table dw torus_area_unsafe
  2046 000018D4 00B00400            <1> draw_page_base dd BACK_BASE
  2047 000018D8 0000                <1> edge_y dw 0
  2048 000018DA 0000                <1> edge_end_y dw 0
  2049 000018DC 0000                <1> edge_top_x dw 0
  2050 000018DE 00000000            <1> edge_x_fp dd 0
  2051 000018E2 00000000            <1> edge_slope dd 0
  2052 000018E6 0000<rep 80h>       <1> mask_scan_left times 128 dw 0
  2053 000019E6 0000<rep 80h>       <1> mask_scan_right times 128 dw 0
  2054 00001AE6 FFFEFCF8F0E0C080    <1> mask_first_bits db 0xff,0xfe,0xfc,0xf8,0xf0,0xe0,0xc0,0x80
  2055 00001AEE 0103070F1F3F7FFF    <1> mask_last_bits db 0x01,0x03,0x07,0x0f,0x1f,0x3f,0x7f,0xff
  2056 00001AF6 0000<rep 80h>       <1> torus_screen_x times TORUS_VERTS dw 0
  2057 00001BF6 0000<rep 80h>       <1> torus_screen_y times TORUS_VERTS dw 0
  2058 00001CF6 0000<rep 80h>       <1> torus_screen_z times TORUS_VERTS dw 0
  2059 00001DF6 0000<rep 80h>       <1> torus_depth times TORUS_QUADS dw 0
  2060 00001EF6 0000                <1> cube_sin_y dw 0
  2061 00001EF8 0000                <1> cube_cos_y dw 0
  2062 00001EFA 0000                <1> cube_sin_x dw 0
  2063 00001EFC 0000                <1> cube_cos_x dw 0
  2064 00001EFE 00                  <1> demo_mode db 0
  2065 00001EFF 01                  <1> vsync_enabled db 1
  2066 00001F00 0000                <1> io_base dw 0
  2067 00001F02 0000                <1> cp_seg dw 0
  2068 00001F04 00000000            <1> aperture dd 0
  2069 00001F08 00000000            <1> cp_aperture dd 0
  2070 00001F0C 03                  <1> old_mode db 3
  2071 00001F0D 00                  <1> mode_active db 0
  2072 00001F0E 0000                <1> pos_base dw 0
  2073 00001F10 0000                <1> card_id dw 0
  2074 00001F12 00                  <1> pos1 db 0
  2075 00001F13 00                  <1> pos3 db 0
  2076 00001F14 00                  <1> pos4 db 0
  2077 00001F15 0000                <1> vsync_wait_start dw 0
  2078 00001F17 00                  <1> line_octant db 0
  2079 00001F18 00                  <1> line_flags db 0
  2080 00001F19 01                  <1> line_color db 1
  2081 00001F1A 02                  <1> fill_color db 2
  2082 00001F1B 0C00                <1> visible_balls dw 12
  2083 00001F1D 10                  <1> hud_count_label db 16
  2084 00001F1E 00                  <1> effect db 0
  2085 00001F1F 00                  <1> mask_enabled db 0
  2086 00001F20 00                  <1> background_mode db 0
  2087 00001F21 0000003F3F3F3F0000- <1> vector_palette db 0,0,0, 63,63,63, 63,0,0, 0,63,0, 0,0,63, 63,63,0, 0,63,63, 63,0,63, 63,32,0, 32,32,32
  2087 00001F2A 003F0000003F3F3F00- <1>
  2087 00001F33 003F3F3F003F3F2000- <1>
  2087 00001F3C 202020              <1>
  2088 00001F3F 260026282828        <1>                db 38,0,38, 40,40,40
  2089 00001F45 000012020823061233- <1>                db 0,0,18, 2,8,35, 6,18,51, 10,35,63, 18,53,63, 40,62,63, 28,19,57, 60,63,63
  2089 00001F4E 0A233F12353F283E3F- <1>
  2089 00001F57 1C13393C3F3F        <1>
  2090 00001F5D B0FFB0FFB0FF5000B0- <1> cube_points dw -80,-80,-80, 80,-80,-80, 80,80,-80, -80,80,-80
  2090 00001F66 FFB0FF50005000B0FF- <1>
  2090 00001F6F B0FF5000B0FF        <1>
  2091 00001F75 B0FFB0FF50005000B0- <1>              dw -80,-80,80, 80,-80,80, 80,80,80, -80,80,80
  2091 00001F7E FF5000500050005000- <1>
  2091 00001F87 B0FF50005000        <1>
  2092 00001F8D 0000<rep 10h>       <1> projected_points times 16 dw 0
  2093 00001FAD 000101020203030004- <1> cube_edges db 0,1, 1,2, 2,3, 3,0, 4,5, 5,6, 6,7, 7,4
  2093 00001FB6 05050606070704      <1>
  2094 00001FBD 0004010502060307    <1>             db 0,4, 1,5, 2,6, 3,7
  2095                              <1> cube_edges_end:
  2096 00001FC5 6400000000009CFF00- <1> octa_verts dw 100,0,0, -100,0,0, 0,100,0, 0,-100,0, 0,0,100, 0,0,-100
  2096 00001FCE 000000000064000000- <1>
  2096 00001FD7 00009CFF0000000000- <1>
  2096 00001FE0 006400000000009CFF  <1>
  2097 00001FE9 000204020201040301- <1> octa_faces db 0,2,4,2, 2,1,4,3, 1,3,4,4, 3,0,4,5, 2,0,5,6, 1,2,5,7, 3,1,5,8, 0,3,5,9
  2097 00001FF2 030404030004050200- <1>
  2097 00001FFB 050601020507030105- <1>
  2097 00002004 0800030509          <1>
  2098 00002009 0000<rep 6h>        <1> octa_screen_x times 6 dw 0
  2099 00002015 0000<rep 6h>        <1> octa_screen_y times 6 dw 0
  2100 00002021 0000<rep 6h>        <1> octa_rot_z times 6 dw 0
  2101 0000202D 0000<rep 8h>        <1> octa_depth times 8 dw 0
  2102 0000203D 0001020304050607    <1> octa_order db 0,1,2,3,4,5,6,7
  2103 00002045 00                  <1> solid_pos db 0
  2104 00002046 0000                <1> rot_sin dw 0
  2105 00002048 0000                <1> rot_cos dw 0
  2106 0000204A 0000                <1> tmp_x dw 0
  2107 0000204C 0000                <1> tmp_y dw 0
  2108 0000204E 0000                <1> tmp_z dw 0
  2109 00002050 0000                <1> tmp_zrot dw 0
  2110 00002052 0000                <1> tmp1 dw 0
  2111 00002054 0000                <1> tmp2 dw 0
  2112                              <1> %include "xga_torus_mesh.inc"
     1                              <2> ; Generated by make_vector_torus.py; 16 major x 8 tube segments.
     2                              <2> ; By Dag Erik Hagesæter / Retro Erik using Codex in VS Code
     3                              <2> torus_vertices:
     4 00002056 960000000000        <2>     dw 150,0,0
     5 0000205C 8A001E000000        <2>     dw 138,30,0
     6 00002062 6C002A000000        <2>     dw 108,42,0
     7 00002068 4E001E000000        <2>     dw 78,30,0
     8 0000206E 420000000000        <2>     dw 66,0,0
     9 00002074 4E00E2FF0000        <2>     dw 78,-30,0
    10 0000207A 6C00D6FF0000        <2>     dw 108,-42,0
    11 00002080 8A00E2FF0000        <2>     dw 138,-30,0
    12 00002086 8B0000003900        <2>     dw 139,0,57
    13 0000208C 7F001E003500        <2>     dw 127,30,53
    14 00002092 64002A002900        <2>     dw 100,42,41
    15 00002098 48001E001E00        <2>     dw 72,30,30
    16 0000209E 3D0000001900        <2>     dw 61,0,25
    17 000020A4 4800E2FF1E00        <2>     dw 72,-30,30
    18 000020AA 6400D6FF2900        <2>     dw 100,-42,41
    19 000020B0 7F00E2FF3500        <2>     dw 127,-30,53
    20 000020B6 6A0000006A00        <2>     dw 106,0,106
    21 000020BC 61001E006100        <2>     dw 97,30,97
    22 000020C2 4C002A004C00        <2>     dw 76,42,76
    23 000020C8 37001E003700        <2>     dw 55,30,55
    24 000020CE 2F0000002F00        <2>     dw 47,0,47
    25 000020D4 3700E2FF3700        <2>     dw 55,-30,55
    26 000020DA 4C00D6FF4C00        <2>     dw 76,-42,76
    27 000020E0 6100E2FF6100        <2>     dw 97,-30,97
    28 000020E6 390000008B00        <2>     dw 57,0,139
    29 000020EC 35001E007F00        <2>     dw 53,30,127
    30 000020F2 29002A006400        <2>     dw 41,42,100
    31 000020F8 1E001E004800        <2>     dw 30,30,72
    32 000020FE 190000003D00        <2>     dw 25,0,61
    33 00002104 1E00E2FF4800        <2>     dw 30,-30,72
    34 0000210A 2900D6FF6400        <2>     dw 41,-42,100
    35 00002110 3500E2FF7F00        <2>     dw 53,-30,127
    36 00002116 000000009600        <2>     dw 0,0,150
    37 0000211C 00001E008A00        <2>     dw 0,30,138
    38 00002122 00002A006C00        <2>     dw 0,42,108
    39 00002128 00001E004E00        <2>     dw 0,30,78
    40 0000212E 000000004200        <2>     dw 0,0,66
    41 00002134 0000E2FF4E00        <2>     dw 0,-30,78
    42 0000213A 0000D6FF6C00        <2>     dw 0,-42,108
    43 00002140 0000E2FF8A00        <2>     dw 0,-30,138
    44 00002146 C7FF00008B00        <2>     dw -57,0,139
    45 0000214C CBFF1E007F00        <2>     dw -53,30,127
    46 00002152 D7FF2A006400        <2>     dw -41,42,100
    47 00002158 E2FF1E004800        <2>     dw -30,30,72
    48 0000215E E7FF00003D00        <2>     dw -25,0,61
    49 00002164 E2FFE2FF4800        <2>     dw -30,-30,72
    50 0000216A D7FFD6FF6400        <2>     dw -41,-42,100
    51 00002170 CBFFE2FF7F00        <2>     dw -53,-30,127
    52 00002176 96FF00006A00        <2>     dw -106,0,106
    53 0000217C 9FFF1E006100        <2>     dw -97,30,97
    54 00002182 B4FF2A004C00        <2>     dw -76,42,76
    55 00002188 C9FF1E003700        <2>     dw -55,30,55
    56 0000218E D1FF00002F00        <2>     dw -47,0,47
    57 00002194 C9FFE2FF3700        <2>     dw -55,-30,55
    58 0000219A B4FFD6FF4C00        <2>     dw -76,-42,76
    59 000021A0 9FFFE2FF6100        <2>     dw -97,-30,97
    60 000021A6 75FF00003900        <2>     dw -139,0,57
    61 000021AC 81FF1E003500        <2>     dw -127,30,53
    62 000021B2 9CFF2A002900        <2>     dw -100,42,41
    63 000021B8 B8FF1E001E00        <2>     dw -72,30,30
    64 000021BE C3FF00001900        <2>     dw -61,0,25
    65 000021C4 B8FFE2FF1E00        <2>     dw -72,-30,30
    66 000021CA 9CFFD6FF2900        <2>     dw -100,-42,41
    67 000021D0 81FFE2FF3500        <2>     dw -127,-30,53
    68 000021D6 6AFF00000000        <2>     dw -150,0,0
    69 000021DC 76FF1E000000        <2>     dw -138,30,0
    70 000021E2 94FF2A000000        <2>     dw -108,42,0
    71 000021E8 B2FF1E000000        <2>     dw -78,30,0
    72 000021EE BEFF00000000        <2>     dw -66,0,0
    73 000021F4 B2FFE2FF0000        <2>     dw -78,-30,0
    74 000021FA 94FFD6FF0000        <2>     dw -108,-42,0
    75 00002200 76FFE2FF0000        <2>     dw -138,-30,0
    76 00002206 75FF0000C7FF        <2>     dw -139,0,-57
    77 0000220C 81FF1E00CBFF        <2>     dw -127,30,-53
    78 00002212 9CFF2A00D7FF        <2>     dw -100,42,-41
    79 00002218 B8FF1E00E2FF        <2>     dw -72,30,-30
    80 0000221E C3FF0000E7FF        <2>     dw -61,0,-25
    81 00002224 B8FFE2FFE2FF        <2>     dw -72,-30,-30
    82 0000222A 9CFFD6FFD7FF        <2>     dw -100,-42,-41
    83 00002230 81FFE2FFCBFF        <2>     dw -127,-30,-53
    84 00002236 96FF000096FF        <2>     dw -106,0,-106
    85 0000223C 9FFF1E009FFF        <2>     dw -97,30,-97
    86 00002242 B4FF2A00B4FF        <2>     dw -76,42,-76
    87 00002248 C9FF1E00C9FF        <2>     dw -55,30,-55
    88 0000224E D1FF0000D1FF        <2>     dw -47,0,-47
    89 00002254 C9FFE2FFC9FF        <2>     dw -55,-30,-55
    90 0000225A B4FFD6FFB4FF        <2>     dw -76,-42,-76
    91 00002260 9FFFE2FF9FFF        <2>     dw -97,-30,-97
    92 00002266 C7FF000075FF        <2>     dw -57,0,-139
    93 0000226C CBFF1E0081FF        <2>     dw -53,30,-127
    94 00002272 D7FF2A009CFF        <2>     dw -41,42,-100
    95 00002278 E2FF1E00B8FF        <2>     dw -30,30,-72
    96 0000227E E7FF0000C3FF        <2>     dw -25,0,-61
    97 00002284 E2FFE2FFB8FF        <2>     dw -30,-30,-72
    98 0000228A D7FFD6FF9CFF        <2>     dw -41,-42,-100
    99 00002290 CBFFE2FF81FF        <2>     dw -53,-30,-127
   100 00002296 000000006AFF        <2>     dw 0,0,-150
   101 0000229C 00001E0076FF        <2>     dw 0,30,-138
   102 000022A2 00002A0094FF        <2>     dw 0,42,-108
   103 000022A8 00001E00B2FF        <2>     dw 0,30,-78
   104 000022AE 00000000BEFF        <2>     dw 0,0,-66
   105 000022B4 0000E2FFB2FF        <2>     dw 0,-30,-78
   106 000022BA 0000D6FF94FF        <2>     dw 0,-42,-108
   107 000022C0 0000E2FF76FF        <2>     dw 0,-30,-138
   108 000022C6 3900000075FF        <2>     dw 57,0,-139
   109 000022CC 35001E0081FF        <2>     dw 53,30,-127
   110 000022D2 29002A009CFF        <2>     dw 41,42,-100
   111 000022D8 1E001E00B8FF        <2>     dw 30,30,-72
   112 000022DE 19000000C3FF        <2>     dw 25,0,-61
   113 000022E4 1E00E2FFB8FF        <2>     dw 30,-30,-72
   114 000022EA 2900D6FF9CFF        <2>     dw 41,-42,-100
   115 000022F0 3500E2FF81FF        <2>     dw 53,-30,-127
   116 000022F6 6A00000096FF        <2>     dw 106,0,-106
   117 000022FC 61001E009FFF        <2>     dw 97,30,-97
   118 00002302 4C002A00B4FF        <2>     dw 76,42,-76
   119 00002308 37001E00C9FF        <2>     dw 55,30,-55
   120 0000230E 2F000000D1FF        <2>     dw 47,0,-47
   121 00002314 3700E2FFC9FF        <2>     dw 55,-30,-55
   122 0000231A 4C00D6FFB4FF        <2>     dw 76,-42,-76
   123 00002320 6100E2FF9FFF        <2>     dw 97,-30,-97
   124 00002326 8B000000C7FF        <2>     dw 139,0,-57
   125 0000232C 7F001E00CBFF        <2>     dw 127,30,-53
   126 00002332 64002A00D7FF        <2>     dw 100,42,-41
   127 00002338 48001E00E2FF        <2>     dw 72,30,-30
   128 0000233E 3D000000E7FF        <2>     dw 61,0,-25
   129 00002344 4800E2FFE2FF        <2>     dw 72,-30,-30
   130 0000234A 6400D6FFD7FF        <2>     dw 100,-42,-41
   131 00002350 7F00E2FFCBFF        <2>     dw 127,-30,-53
   132                              <2> torus_quads:
   133 00002356 0008090102          <2>     db 0,8,9,1,2
   134 0000235B 01090A0204          <2>     db 1,9,10,2,4
   135 00002360 020A0B0306          <2>     db 2,10,11,3,6
   136 00002365 030B0C0408          <2>     db 3,11,12,4,8
   137 0000236A 040C0D0502          <2>     db 4,12,13,5,2
   138 0000236F 050D0E0604          <2>     db 5,13,14,6,4
   139 00002374 060E0F0706          <2>     db 6,14,15,7,6
   140 00002379 070F080008          <2>     db 7,15,8,0,8
   141 0000237E 0810110903          <2>     db 8,16,17,9,3
   142 00002383 0911120A05          <2>     db 9,17,18,10,5
   143 00002388 0A12130B07          <2>     db 10,18,19,11,7
   144 0000238D 0B13140C09          <2>     db 11,19,20,12,9
   145 00002392 0C14150D03          <2>     db 12,20,21,13,3
   146 00002397 0D15160E05          <2>     db 13,21,22,14,5
   147 0000239C 0E16170F07          <2>     db 14,22,23,15,7
   148 000023A1 0F17100809          <2>     db 15,23,16,8,9
   149 000023A6 1018191104          <2>     db 16,24,25,17,4
   150 000023AB 11191A1206          <2>     db 17,25,26,18,6
   151 000023B0 121A1B1308          <2>     db 18,26,27,19,8
   152 000023B5 131B1C1402          <2>     db 19,27,28,20,2
   153 000023BA 141C1D1504          <2>     db 20,28,29,21,4
   154 000023BF 151D1E1606          <2>     db 21,29,30,22,6
   155 000023C4 161E1F1708          <2>     db 22,30,31,23,8
   156 000023C9 171F181002          <2>     db 23,31,24,16,2
   157 000023CE 1820211905          <2>     db 24,32,33,25,5
   158 000023D3 1921221A07          <2>     db 25,33,34,26,7
   159 000023D8 1A22231B09          <2>     db 26,34,35,27,9
   160 000023DD 1B23241C03          <2>     db 27,35,36,28,3
   161 000023E2 1C24251D05          <2>     db 28,36,37,29,5
   162 000023E7 1D25261E07          <2>     db 29,37,38,30,7
   163 000023EC 1E26271F09          <2>     db 30,38,39,31,9
   164 000023F1 1F27201803          <2>     db 31,39,32,24,3
   165 000023F6 2028292106          <2>     db 32,40,41,33,6
   166 000023FB 21292A2208          <2>     db 33,41,42,34,8
   167 00002400 222A2B2302          <2>     db 34,42,43,35,2
   168 00002405 232B2C2404          <2>     db 35,43,44,36,4
   169 0000240A 242C2D2506          <2>     db 36,44,45,37,6
   170 0000240F 252D2E2608          <2>     db 37,45,46,38,8
   171 00002414 262E2F2702          <2>     db 38,46,47,39,2
   172 00002419 272F282004          <2>     db 39,47,40,32,4
   173 0000241E 2830312907          <2>     db 40,48,49,41,7
   174 00002423 2931322A09          <2>     db 41,49,50,42,9
   175 00002428 2A32332B03          <2>     db 42,50,51,43,3
   176 0000242D 2B33342C05          <2>     db 43,51,52,44,5
   177 00002432 2C34352D07          <2>     db 44,52,53,45,7
   178 00002437 2D35362E09          <2>     db 45,53,54,46,9
   179 0000243C 2E36372F03          <2>     db 46,54,55,47,3
   180 00002441 2F37302805          <2>     db 47,55,48,40,5
   181 00002446 3038393108          <2>     db 48,56,57,49,8
   182 0000244B 31393A3202          <2>     db 49,57,58,50,2
   183 00002450 323A3B3304          <2>     db 50,58,59,51,4
   184 00002455 333B3C3406          <2>     db 51,59,60,52,6
   185 0000245A 343C3D3508          <2>     db 52,60,61,53,8
   186 0000245F 353D3E3602          <2>     db 53,61,62,54,2
   187 00002464 363E3F3704          <2>     db 54,62,63,55,4
   188 00002469 373F383006          <2>     db 55,63,56,48,6
   189 0000246E 3840413909          <2>     db 56,64,65,57,9
   190 00002473 3941423A03          <2>     db 57,65,66,58,3
   191 00002478 3A42433B05          <2>     db 58,66,67,59,5
   192 0000247D 3B43443C07          <2>     db 59,67,68,60,7
   193 00002482 3C44453D09          <2>     db 60,68,69,61,9
   194 00002487 3D45463E03          <2>     db 61,69,70,62,3
   195 0000248C 3E46473F05          <2>     db 62,70,71,63,5
   196 00002491 3F47403807          <2>     db 63,71,64,56,7
   197 00002496 4048494102          <2>     db 64,72,73,65,2
   198 0000249B 41494A4204          <2>     db 65,73,74,66,4
   199 000024A0 424A4B4306          <2>     db 66,74,75,67,6
   200 000024A5 434B4C4408          <2>     db 67,75,76,68,8
   201 000024AA 444C4D4502          <2>     db 68,76,77,69,2
   202 000024AF 454D4E4604          <2>     db 69,77,78,70,4
   203 000024B4 464E4F4706          <2>     db 70,78,79,71,6
   204 000024B9 474F484008          <2>     db 71,79,72,64,8
   205 000024BE 4850514903          <2>     db 72,80,81,73,3
   206 000024C3 4951524A05          <2>     db 73,81,82,74,5
   207 000024C8 4A52534B07          <2>     db 74,82,83,75,7
   208 000024CD 4B53544C09          <2>     db 75,83,84,76,9
   209 000024D2 4C54554D03          <2>     db 76,84,85,77,3
   210 000024D7 4D55564E05          <2>     db 77,85,86,78,5
   211 000024DC 4E56574F07          <2>     db 78,86,87,79,7
   212 000024E1 4F57504809          <2>     db 79,87,80,72,9
   213 000024E6 5058595104          <2>     db 80,88,89,81,4
   214 000024EB 51595A5206          <2>     db 81,89,90,82,6
   215 000024F0 525A5B5308          <2>     db 82,90,91,83,8
   216 000024F5 535B5C5402          <2>     db 83,91,92,84,2
   217 000024FA 545C5D5504          <2>     db 84,92,93,85,4
   218 000024FF 555D5E5606          <2>     db 85,93,94,86,6
   219 00002504 565E5F5708          <2>     db 86,94,95,87,8
   220 00002509 575F585002          <2>     db 87,95,88,80,2
   221 0000250E 5860615905          <2>     db 88,96,97,89,5
   222 00002513 5961625A07          <2>     db 89,97,98,90,7
   223 00002518 5A62635B09          <2>     db 90,98,99,91,9
   224 0000251D 5B63645C03          <2>     db 91,99,100,92,3
   225 00002522 5C64655D05          <2>     db 92,100,101,93,5
   226 00002527 5D65665E07          <2>     db 93,101,102,94,7
   227 0000252C 5E66675F09          <2>     db 94,102,103,95,9
   228 00002531 5F67605803          <2>     db 95,103,96,88,3
   229 00002536 6068696106          <2>     db 96,104,105,97,6
   230 0000253B 61696A6208          <2>     db 97,105,106,98,8
   231 00002540 626A6B6302          <2>     db 98,106,107,99,2
   232 00002545 636B6C6404          <2>     db 99,107,108,100,4
   233 0000254A 646C6D6506          <2>     db 100,108,109,101,6
   234 0000254F 656D6E6608          <2>     db 101,109,110,102,8
   235 00002554 666E6F6702          <2>     db 102,110,111,103,2
   236 00002559 676F686004          <2>     db 103,111,104,96,4
   237 0000255E 6870716907          <2>     db 104,112,113,105,7
   238 00002563 6971726A09          <2>     db 105,113,114,106,9
   239 00002568 6A72736B03          <2>     db 106,114,115,107,3
   240 0000256D 6B73746C05          <2>     db 107,115,116,108,5
   241 00002572 6C74756D07          <2>     db 108,116,117,109,7
   242 00002577 6D75766E09          <2>     db 109,117,118,110,9
   243 0000257C 6E76776F03          <2>     db 110,118,119,111,3
   244 00002581 6F77706805          <2>     db 111,119,112,104,5
   245 00002586 7078797108          <2>     db 112,120,121,113,8
   246 0000258B 71797A7202          <2>     db 113,121,122,114,2
   247 00002590 727A7B7304          <2>     db 114,122,123,115,4
   248 00002595 737B7C7406          <2>     db 115,123,124,116,6
   249 0000259A 747C7D7508          <2>     db 116,124,125,117,8
   250 0000259F 757D7E7602          <2>     db 117,125,126,118,2
   251 000025A4 767E7F7704          <2>     db 118,126,127,119,4
   252 000025A9 777F787006          <2>     db 119,127,120,112,6
   253 000025AE 7800017909          <2>     db 120,0,1,121,9
   254 000025B3 7901027A03          <2>     db 121,1,2,122,3
   255 000025B8 7A02037B05          <2>     db 122,2,3,123,5
   256 000025BD 7B03047C07          <2>     db 123,3,4,124,7
   257 000025C2 7C04057D09          <2>     db 124,4,5,125,9
   258 000025C7 7D05067E03          <2>     db 125,5,6,126,3
   259 000025CC 7E06077F05          <2>     db 126,6,7,127,5
   260 000025D1 7F07007807          <2>     db 127,7,0,120,7
   261                              <2> torus_quads_end:
   262                              <2> torus_order:
   263 000025D6 000102030405060708- <2>     db 0,1,2,3,4,5,6,7,8,9,10,11,12,13,14,15
   263 000025DF 090A0B0C0D0E0F      <2>
   264 000025E6 101112131415161718- <2>     db 16,17,18,19,20,21,22,23,24,25,26,27,28,29,30,31
   264 000025EF 191A1B1C1D1E1F      <2>
   265 000025F6 202122232425262728- <2>     db 32,33,34,35,36,37,38,39,40,41,42,43,44,45,46,47
   265 000025FF 292A2B2C2D2E2F      <2>
   266 00002606 303132333435363738- <2>     db 48,49,50,51,52,53,54,55,56,57,58,59,60,61,62,63
   266 0000260F 393A3B3C3D3E3F      <2>
   267 00002616 404142434445464748- <2>     db 64,65,66,67,68,69,70,71,72,73,74,75,76,77,78,79
   267 0000261F 494A4B4C4D4E4F      <2>
   268 00002626 505152535455565758- <2>     db 80,81,82,83,84,85,86,87,88,89,90,91,92,93,94,95
   268 0000262F 595A5B5C5D5E5F      <2>
   269 00002636 606162636465666768- <2>     db 96,97,98,99,100,101,102,103,104,105,106,107,108,109,110,111
   269 0000263F 696A6B6C6D6E6F      <2>
   270 00002646 707172737475767778- <2>     db 112,113,114,115,116,117,118,119,120,121,122,123,124,125,126,127
   270 0000264F 797A7B7C7D7E7F      <2>
  2113                              <1> %include "xga_boing_mesh.inc"
     1                              <2> ; Generated by make_vector_boing.py; 16 longitudes x 8 latitudes.
     2                              <2> ; By Dag Erik Hagesæter / Retro Erik using Codex in VS Code
     3                              <2> boing_vertices:
     4 00002656 0000B6FF0000        <2>     dw 0,-74,0
     5 0000265C 2000BDFF0000        <2>     dw 32,-67,0
     6 00002662 3A00D2FF0000        <2>     dw 58,-46,0
     7 00002668 4800F0FF0000        <2>     dw 72,-16,0
     8 0000266E 480010000000        <2>     dw 72,16,0
     9 00002674 3A002E000000        <2>     dw 58,46,0
    10 0000267A 200043000000        <2>     dw 32,67,0
    11 00002680 00004A000000        <2>     dw 0,74,0
    12 00002686 0000B6FF0000        <2>     dw 0,-74,0
    13 0000268C 1E00BDFF0C00        <2>     dw 30,-67,12
    14 00002692 3500D2FF1600        <2>     dw 53,-46,22
    15 00002698 4300F0FF1C00        <2>     dw 67,-16,28
    16 0000269E 430010001C00        <2>     dw 67,16,28
    17 000026A4 35002E001600        <2>     dw 53,46,22
    18 000026AA 1E0043000C00        <2>     dw 30,67,12
    19 000026B0 00004A000000        <2>     dw 0,74,0
    20 000026B6 0000B6FF0000        <2>     dw 0,-74,0
    21 000026BC 1700BDFF1700        <2>     dw 23,-67,23
    22 000026C2 2900D2FF2900        <2>     dw 41,-46,41
    23 000026C8 3300F0FF3300        <2>     dw 51,-16,51
    24 000026CE 330010003300        <2>     dw 51,16,51
    25 000026D4 29002E002900        <2>     dw 41,46,41
    26 000026DA 170043001700        <2>     dw 23,67,23
    27 000026E0 00004A000000        <2>     dw 0,74,0
    28 000026E6 0000B6FF0000        <2>     dw 0,-74,0
    29 000026EC 0C00BDFF1E00        <2>     dw 12,-67,30
    30 000026F2 1600D2FF3500        <2>     dw 22,-46,53
    31 000026F8 1C00F0FF4300        <2>     dw 28,-16,67
    32 000026FE 1C0010004300        <2>     dw 28,16,67
    33 00002704 16002E003500        <2>     dw 22,46,53
    34 0000270A 0C0043001E00        <2>     dw 12,67,30
    35 00002710 00004A000000        <2>     dw 0,74,0
    36 00002716 0000B6FF0000        <2>     dw 0,-74,0
    37 0000271C 0000BDFF2000        <2>     dw 0,-67,32
    38 00002722 0000D2FF3A00        <2>     dw 0,-46,58
    39 00002728 0000F0FF4800        <2>     dw 0,-16,72
    40 0000272E 000010004800        <2>     dw 0,16,72
    41 00002734 00002E003A00        <2>     dw 0,46,58
    42 0000273A 000043002000        <2>     dw 0,67,32
    43 00002740 00004A000000        <2>     dw 0,74,0
    44 00002746 0000B6FF0000        <2>     dw 0,-74,0
    45 0000274C F4FFBDFF1E00        <2>     dw -12,-67,30
    46 00002752 EAFFD2FF3500        <2>     dw -22,-46,53
    47 00002758 E4FFF0FF4300        <2>     dw -28,-16,67
    48 0000275E E4FF10004300        <2>     dw -28,16,67
    49 00002764 EAFF2E003500        <2>     dw -22,46,53
    50 0000276A F4FF43001E00        <2>     dw -12,67,30
    51 00002770 00004A000000        <2>     dw 0,74,0
    52 00002776 0000B6FF0000        <2>     dw 0,-74,0
    53 0000277C E9FFBDFF1700        <2>     dw -23,-67,23
    54 00002782 D7FFD2FF2900        <2>     dw -41,-46,41
    55 00002788 CDFFF0FF3300        <2>     dw -51,-16,51
    56 0000278E CDFF10003300        <2>     dw -51,16,51
    57 00002794 D7FF2E002900        <2>     dw -41,46,41
    58 0000279A E9FF43001700        <2>     dw -23,67,23
    59 000027A0 00004A000000        <2>     dw 0,74,0
    60 000027A6 0000B6FF0000        <2>     dw 0,-74,0
    61 000027AC E2FFBDFF0C00        <2>     dw -30,-67,12
    62 000027B2 CBFFD2FF1600        <2>     dw -53,-46,22
    63 000027B8 BDFFF0FF1C00        <2>     dw -67,-16,28
    64 000027BE BDFF10001C00        <2>     dw -67,16,28
    65 000027C4 CBFF2E001600        <2>     dw -53,46,22
    66 000027CA E2FF43000C00        <2>     dw -30,67,12
    67 000027D0 00004A000000        <2>     dw 0,74,0
    68 000027D6 0000B6FF0000        <2>     dw 0,-74,0
    69 000027DC E0FFBDFF0000        <2>     dw -32,-67,0
    70 000027E2 C6FFD2FF0000        <2>     dw -58,-46,0
    71 000027E8 B8FFF0FF0000        <2>     dw -72,-16,0
    72 000027EE B8FF10000000        <2>     dw -72,16,0
    73 000027F4 C6FF2E000000        <2>     dw -58,46,0
    74 000027FA E0FF43000000        <2>     dw -32,67,0
    75 00002800 00004A000000        <2>     dw 0,74,0
    76 00002806 0000B6FF0000        <2>     dw 0,-74,0
    77 0000280C E2FFBDFFF4FF        <2>     dw -30,-67,-12
    78 00002812 CBFFD2FFEAFF        <2>     dw -53,-46,-22
    79 00002818 BDFFF0FFE4FF        <2>     dw -67,-16,-28
    80 0000281E BDFF1000E4FF        <2>     dw -67,16,-28
    81 00002824 CBFF2E00EAFF        <2>     dw -53,46,-22
    82 0000282A E2FF4300F4FF        <2>     dw -30,67,-12
    83 00002830 00004A000000        <2>     dw 0,74,0
    84 00002836 0000B6FF0000        <2>     dw 0,-74,0
    85 0000283C E9FFBDFFE9FF        <2>     dw -23,-67,-23
    86 00002842 D7FFD2FFD7FF        <2>     dw -41,-46,-41
    87 00002848 CDFFF0FFCDFF        <2>     dw -51,-16,-51
    88 0000284E CDFF1000CDFF        <2>     dw -51,16,-51
    89 00002854 D7FF2E00D7FF        <2>     dw -41,46,-41
    90 0000285A E9FF4300E9FF        <2>     dw -23,67,-23
    91 00002860 00004A000000        <2>     dw 0,74,0
    92 00002866 0000B6FF0000        <2>     dw 0,-74,0
    93 0000286C F4FFBDFFE2FF        <2>     dw -12,-67,-30
    94 00002872 EAFFD2FFCBFF        <2>     dw -22,-46,-53
    95 00002878 E4FFF0FFBDFF        <2>     dw -28,-16,-67
    96 0000287E E4FF1000BDFF        <2>     dw -28,16,-67
    97 00002884 EAFF2E00CBFF        <2>     dw -22,46,-53
    98 0000288A F4FF4300E2FF        <2>     dw -12,67,-30
    99 00002890 00004A000000        <2>     dw 0,74,0
   100 00002896 0000B6FF0000        <2>     dw 0,-74,0
   101 0000289C 0000BDFFE0FF        <2>     dw 0,-67,-32
   102 000028A2 0000D2FFC6FF        <2>     dw 0,-46,-58
   103 000028A8 0000F0FFB8FF        <2>     dw 0,-16,-72
   104 000028AE 00001000B8FF        <2>     dw 0,16,-72
   105 000028B4 00002E00C6FF        <2>     dw 0,46,-58
   106 000028BA 00004300E0FF        <2>     dw 0,67,-32
   107 000028C0 00004A000000        <2>     dw 0,74,0
   108 000028C6 0000B6FF0000        <2>     dw 0,-74,0
   109 000028CC 0C00BDFFE2FF        <2>     dw 12,-67,-30
   110 000028D2 1600D2FFCBFF        <2>     dw 22,-46,-53
   111 000028D8 1C00F0FFBDFF        <2>     dw 28,-16,-67
   112 000028DE 1C001000BDFF        <2>     dw 28,16,-67
   113 000028E4 16002E00CBFF        <2>     dw 22,46,-53
   114 000028EA 0C004300E2FF        <2>     dw 12,67,-30
   115 000028F0 00004A000000        <2>     dw 0,74,0
   116 000028F6 0000B6FF0000        <2>     dw 0,-74,0
   117 000028FC 1700BDFFE9FF        <2>     dw 23,-67,-23
   118 00002902 2900D2FFD7FF        <2>     dw 41,-46,-41
   119 00002908 3300F0FFCDFF        <2>     dw 51,-16,-51
   120 0000290E 33001000CDFF        <2>     dw 51,16,-51
   121 00002914 29002E00D7FF        <2>     dw 41,46,-41
   122 0000291A 17004300E9FF        <2>     dw 23,67,-23
   123 00002920 00004A000000        <2>     dw 0,74,0
   124 00002926 0000B6FF0000        <2>     dw 0,-74,0
   125 0000292C 1E00BDFFF4FF        <2>     dw 30,-67,-12
   126 00002932 3500D2FFEAFF        <2>     dw 53,-46,-22
   127 00002938 4300F0FFE4FF        <2>     dw 67,-16,-28
   128 0000293E 43001000E4FF        <2>     dw 67,16,-28
   129 00002944 35002E00EAFF        <2>     dw 53,46,-22
   130 0000294A 1E004300F4FF        <2>     dw 30,67,-12
   131 00002950 00004A000000        <2>     dw 0,74,0
   132                              <2> boing_quads:
   133 00002956 0008090101          <2>     db 0,8,9,1,1
   134 0000295B 01090A0207          <2>     db 1,9,10,2,7
   135 00002960 020A0B0301          <2>     db 2,10,11,3,1
   136 00002965 030B0C0407          <2>     db 3,11,12,4,7
   137 0000296A 040C0D0501          <2>     db 4,12,13,5,1
   138 0000296F 050D0E0607          <2>     db 5,13,14,6,7
   139 00002974 060E0F0701          <2>     db 6,14,15,7,1
   140 00002979 0810110907          <2>     db 8,16,17,9,7
   141 0000297E 0911120A01          <2>     db 9,17,18,10,1
   142 00002983 0A12130B07          <2>     db 10,18,19,11,7
   143 00002988 0B13140C01          <2>     db 11,19,20,12,1
   144 0000298D 0C14150D07          <2>     db 12,20,21,13,7
   145 00002992 0D15160E01          <2>     db 13,21,22,14,1
   146 00002997 0E16170F07          <2>     db 14,22,23,15,7
   147 0000299C 1018191101          <2>     db 16,24,25,17,1
   148 000029A1 11191A1207          <2>     db 17,25,26,18,7
   149 000029A6 121A1B1301          <2>     db 18,26,27,19,1
   150 000029AB 131B1C1407          <2>     db 19,27,28,20,7
   151 000029B0 141C1D1501          <2>     db 20,28,29,21,1
   152 000029B5 151D1E1607          <2>     db 21,29,30,22,7
   153 000029BA 161E1F1701          <2>     db 22,30,31,23,1
   154 000029BF 1820211907          <2>     db 24,32,33,25,7
   155 000029C4 1921221A01          <2>     db 25,33,34,26,1
   156 000029C9 1A22231B07          <2>     db 26,34,35,27,7
   157 000029CE 1B23241C01          <2>     db 27,35,36,28,1
   158 000029D3 1C24251D07          <2>     db 28,36,37,29,7
   159 000029D8 1D25261E01          <2>     db 29,37,38,30,1
   160 000029DD 1E26271F07          <2>     db 30,38,39,31,7
   161 000029E2 2028292101          <2>     db 32,40,41,33,1
   162 000029E7 21292A2207          <2>     db 33,41,42,34,7
   163 000029EC 222A2B2301          <2>     db 34,42,43,35,1
   164 000029F1 232B2C2407          <2>     db 35,43,44,36,7
   165 000029F6 242C2D2501          <2>     db 36,44,45,37,1
   166 000029FB 252D2E2607          <2>     db 37,45,46,38,7
   167 00002A00 262E2F2701          <2>     db 38,46,47,39,1
   168 00002A05 2830312907          <2>     db 40,48,49,41,7
   169 00002A0A 2931322A01          <2>     db 41,49,50,42,1
   170 00002A0F 2A32332B07          <2>     db 42,50,51,43,7
   171 00002A14 2B33342C01          <2>     db 43,51,52,44,1
   172 00002A19 2C34352D07          <2>     db 44,52,53,45,7
   173 00002A1E 2D35362E01          <2>     db 45,53,54,46,1
   174 00002A23 2E36372F07          <2>     db 46,54,55,47,7
   175 00002A28 3038393101          <2>     db 48,56,57,49,1
   176 00002A2D 31393A3207          <2>     db 49,57,58,50,7
   177 00002A32 323A3B3301          <2>     db 50,58,59,51,1
   178 00002A37 333B3C3407          <2>     db 51,59,60,52,7
   179 00002A3C 343C3D3501          <2>     db 52,60,61,53,1
   180 00002A41 353D3E3607          <2>     db 53,61,62,54,7
   181 00002A46 363E3F3701          <2>     db 54,62,63,55,1
   182 00002A4B 3840413907          <2>     db 56,64,65,57,7
   183 00002A50 3941423A01          <2>     db 57,65,66,58,1
   184 00002A55 3A42433B07          <2>     db 58,66,67,59,7
   185 00002A5A 3B43443C01          <2>     db 59,67,68,60,1
   186 00002A5F 3C44453D07          <2>     db 60,68,69,61,7
   187 00002A64 3D45463E01          <2>     db 61,69,70,62,1
   188 00002A69 3E46473F07          <2>     db 62,70,71,63,7
   189 00002A6E 4048494101          <2>     db 64,72,73,65,1
   190 00002A73 41494A4207          <2>     db 65,73,74,66,7
   191 00002A78 424A4B4301          <2>     db 66,74,75,67,1
   192 00002A7D 434B4C4407          <2>     db 67,75,76,68,7
   193 00002A82 444C4D4501          <2>     db 68,76,77,69,1
   194 00002A87 454D4E4607          <2>     db 69,77,78,70,7
   195 00002A8C 464E4F4701          <2>     db 70,78,79,71,1
   196 00002A91 4850514907          <2>     db 72,80,81,73,7
   197 00002A96 4951524A01          <2>     db 73,81,82,74,1
   198 00002A9B 4A52534B07          <2>     db 74,82,83,75,7
   199 00002AA0 4B53544C01          <2>     db 75,83,84,76,1
   200 00002AA5 4C54554D07          <2>     db 76,84,85,77,7
   201 00002AAA 4D55564E01          <2>     db 77,85,86,78,1
   202 00002AAF 4E56574F07          <2>     db 78,86,87,79,7
   203 00002AB4 5058595101          <2>     db 80,88,89,81,1
   204 00002AB9 51595A5207          <2>     db 81,89,90,82,7
   205 00002ABE 525A5B5301          <2>     db 82,90,91,83,1
   206 00002AC3 535B5C5407          <2>     db 83,91,92,84,7
   207 00002AC8 545C5D5501          <2>     db 84,92,93,85,1
   208 00002ACD 555D5E5607          <2>     db 85,93,94,86,7
   209 00002AD2 565E5F5701          <2>     db 86,94,95,87,1
   210 00002AD7 5860615907          <2>     db 88,96,97,89,7
   211 00002ADC 5961625A01          <2>     db 89,97,98,90,1
   212 00002AE1 5A62635B07          <2>     db 90,98,99,91,7
   213 00002AE6 5B63645C01          <2>     db 91,99,100,92,1
   214 00002AEB 5C64655D07          <2>     db 92,100,101,93,7
   215 00002AF0 5D65665E01          <2>     db 93,101,102,94,1
   216 00002AF5 5E66675F07          <2>     db 94,102,103,95,7
   217 00002AFA 6068696101          <2>     db 96,104,105,97,1
   218 00002AFF 61696A6207          <2>     db 97,105,106,98,7
   219 00002B04 626A6B6301          <2>     db 98,106,107,99,1
   220 00002B09 636B6C6407          <2>     db 99,107,108,100,7
   221 00002B0E 646C6D6501          <2>     db 100,108,109,101,1
   222 00002B13 656D6E6607          <2>     db 101,109,110,102,7
   223 00002B18 666E6F6701          <2>     db 102,110,111,103,1
   224 00002B1D 6870716907          <2>     db 104,112,113,105,7
   225 00002B22 6971726A01          <2>     db 105,113,114,106,1
   226 00002B27 6A72736B07          <2>     db 106,114,115,107,7
   227 00002B2C 6B73746C01          <2>     db 107,115,116,108,1
   228 00002B31 6C74756D07          <2>     db 108,116,117,109,7
   229 00002B36 6D75766E01          <2>     db 109,117,118,110,1
   230 00002B3B 6E76776F07          <2>     db 110,118,119,111,7
   231 00002B40 7078797101          <2>     db 112,120,121,113,1
   232 00002B45 71797A7207          <2>     db 113,121,122,114,7
   233 00002B4A 727A7B7301          <2>     db 114,122,123,115,1
   234 00002B4F 737B7C7407          <2>     db 115,123,124,116,7
   235 00002B54 747C7D7501          <2>     db 116,124,125,117,1
   236 00002B59 757D7E7607          <2>     db 117,125,126,118,7
   237 00002B5E 767E7F7701          <2>     db 118,126,127,119,1
   238 00002B63 7800017907          <2>     db 120,0,1,121,7
   239 00002B68 7901027A01          <2>     db 121,1,2,122,1
   240 00002B6D 7A02037B07          <2>     db 122,2,3,123,7
   241 00002B72 7B03047C01          <2>     db 123,3,4,124,1
   242 00002B77 7C04057D07          <2>     db 124,4,5,125,7
   243 00002B7C 7D05067E01          <2>     db 125,5,6,126,1
   244 00002B81 7E06077F07          <2>     db 126,6,7,127,7
  2114                              <1> %include "xga_crystal_mesh.inc"
     1                              <2> ; Generated by make_vector_crystal.py; 20 sectors, 6 profile rings.
     2                              <2> ; By Dag Erik Hagesæter / Retro Erik using Codex in VS Code
     3                              <2> crystal_vertices:
     4 00002B86 000068000000        <2>     dw 0,104,0
     5 00002B8C 000068000000        <2>     dw 0,104,0
     6 00002B92 000068000000        <2>     dw 0,104,0
     7 00002B98 000068000000        <2>     dw 0,104,0
     8 00002B9E 000068000000        <2>     dw 0,104,0
     9 00002BA4 000068000000        <2>     dw 0,104,0
    10 00002BAA 000068000000        <2>     dw 0,104,0
    11 00002BB0 000068000000        <2>     dw 0,104,0
    12 00002BB6 000068000000        <2>     dw 0,104,0
    13 00002BBC 000068000000        <2>     dw 0,104,0
    14 00002BC2 000068000000        <2>     dw 0,104,0
    15 00002BC8 000068000000        <2>     dw 0,104,0
    16 00002BCE 000068000000        <2>     dw 0,104,0
    17 00002BD4 000068000000        <2>     dw 0,104,0
    18 00002BDA 000068000000        <2>     dw 0,104,0
    19 00002BE0 000068000000        <2>     dw 0,104,0
    20 00002BE6 000068000000        <2>     dw 0,104,0
    21 00002BEC 000068000000        <2>     dw 0,104,0
    22 00002BF2 000068000000        <2>     dw 0,104,0
    23 00002BF8 000068000000        <2>     dw 0,104,0
    24 00002BFE 2B0044000000        <2>     dw 43,68,0
    25 00002C04 290044000D00        <2>     dw 41,68,13
    26 00002C0A 230044001900        <2>     dw 35,68,25
    27 00002C10 190044002300        <2>     dw 25,68,35
    28 00002C16 0D0044002900        <2>     dw 13,68,41
    29 00002C1C 000044002B00        <2>     dw 0,68,43
    30 00002C22 F3FF44002900        <2>     dw -13,68,41
    31 00002C28 E7FF44002300        <2>     dw -25,68,35
    32 00002C2E DDFF44001900        <2>     dw -35,68,25
    33 00002C34 D7FF44000D00        <2>     dw -41,68,13
    34 00002C3A D5FF44000000        <2>     dw -43,68,0
    35 00002C40 D7FF4400F3FF        <2>     dw -41,68,-13
    36 00002C46 DDFF4400E7FF        <2>     dw -35,68,-25
    37 00002C4C E7FF4400DDFF        <2>     dw -25,68,-35
    38 00002C52 F3FF4400D7FF        <2>     dw -13,68,-41
    39 00002C58 00004400D5FF        <2>     dw 0,68,-43
    40 00002C5E 0D004400D7FF        <2>     dw 13,68,-41
    41 00002C64 19004400DDFF        <2>     dw 25,68,-35
    42 00002C6A 23004400E7FF        <2>     dw 35,68,-25
    43 00002C70 29004400F3FF        <2>     dw 41,68,-13
    44 00002C76 600013000000        <2>     dw 96,19,0
    45 00002C7C 5B0013001E00        <2>     dw 91,19,30
    46 00002C82 4E0013003800        <2>     dw 78,19,56
    47 00002C88 380013004E00        <2>     dw 56,19,78
    48 00002C8E 1E0013005B00        <2>     dw 30,19,91
    49 00002C94 000013006000        <2>     dw 0,19,96
    50 00002C9A E2FF13005B00        <2>     dw -30,19,91
    51 00002CA0 C8FF13004E00        <2>     dw -56,19,78
    52 00002CA6 B2FF13003800        <2>     dw -78,19,56
    53 00002CAC A5FF13001E00        <2>     dw -91,19,30
    54 00002CB2 A0FF13000000        <2>     dw -96,19,0
    55 00002CB8 A5FF1300E2FF        <2>     dw -91,19,-30
    56 00002CBE B2FF1300C8FF        <2>     dw -78,19,-56
    57 00002CC4 C8FF1300B2FF        <2>     dw -56,19,-78
    58 00002CCA E2FF1300A5FF        <2>     dw -30,19,-91
    59 00002CD0 00001300A0FF        <2>     dw 0,19,-96
    60 00002CD6 1E001300A5FF        <2>     dw 30,19,-91
    61 00002CDC 38001300B2FF        <2>     dw 56,19,-78
    62 00002CE2 4E001300C8FF        <2>     dw 78,19,-56
    63 00002CE8 5B001300E2FF        <2>     dw 91,19,-30
    64 00002CEE 6000ECFF0000        <2>     dw 96,-20,0
    65 00002CF4 5B00ECFF1E00        <2>     dw 91,-20,30
    66 00002CFA 4E00ECFF3800        <2>     dw 78,-20,56
    67 00002D00 3800ECFF4E00        <2>     dw 56,-20,78
    68 00002D06 1E00ECFF5B00        <2>     dw 30,-20,91
    69 00002D0C 0000ECFF6000        <2>     dw 0,-20,96
    70 00002D12 E2FFECFF5B00        <2>     dw -30,-20,91
    71 00002D18 C8FFECFF4E00        <2>     dw -56,-20,78
    72 00002D1E B2FFECFF3800        <2>     dw -78,-20,56
    73 00002D24 A5FFECFF1E00        <2>     dw -91,-20,30
    74 00002D2A A0FFECFF0000        <2>     dw -96,-20,0
    75 00002D30 A5FFECFFE2FF        <2>     dw -91,-20,-30
    76 00002D36 B2FFECFFC8FF        <2>     dw -78,-20,-56
    77 00002D3C C8FFECFFB2FF        <2>     dw -56,-20,-78
    78 00002D42 E2FFECFFA5FF        <2>     dw -30,-20,-91
    79 00002D48 0000ECFFA0FF        <2>     dw 0,-20,-96
    80 00002D4E 1E00ECFFA5FF        <2>     dw 30,-20,-91
    81 00002D54 3800ECFFB2FF        <2>     dw 56,-20,-78
    82 00002D5A 4E00ECFFC8FF        <2>     dw 78,-20,-56
    83 00002D60 5B00ECFFE2FF        <2>     dw 91,-20,-30
    84 00002D66 2B00BBFF0000        <2>     dw 43,-69,0
    85 00002D6C 2900BBFF0D00        <2>     dw 41,-69,13
    86 00002D72 2300BBFF1900        <2>     dw 35,-69,25
    87 00002D78 1900BBFF2300        <2>     dw 25,-69,35
    88 00002D7E 0D00BBFF2900        <2>     dw 13,-69,41
    89 00002D84 0000BBFF2B00        <2>     dw 0,-69,43
    90 00002D8A F3FFBBFF2900        <2>     dw -13,-69,41
    91 00002D90 E7FFBBFF2300        <2>     dw -25,-69,35
    92 00002D96 DDFFBBFF1900        <2>     dw -35,-69,25
    93 00002D9C D7FFBBFF0D00        <2>     dw -41,-69,13
    94 00002DA2 D5FFBBFF0000        <2>     dw -43,-69,0
    95 00002DA8 D7FFBBFFF3FF        <2>     dw -41,-69,-13
    96 00002DAE DDFFBBFFE7FF        <2>     dw -35,-69,-25
    97 00002DB4 E7FFBBFFDDFF        <2>     dw -25,-69,-35
    98 00002DBA F3FFBBFFD7FF        <2>     dw -13,-69,-41
    99 00002DC0 0000BBFFD5FF        <2>     dw 0,-69,-43
   100 00002DC6 0D00BBFFD7FF        <2>     dw 13,-69,-41
   101 00002DCC 1900BBFFDDFF        <2>     dw 25,-69,-35
   102 00002DD2 2300BBFFE7FF        <2>     dw 35,-69,-25
   103 00002DD8 2900BBFFF3FF        <2>     dw 41,-69,-13
   104 00002DDE 000098FF0000        <2>     dw 0,-104,0
   105 00002DE4 000098FF0000        <2>     dw 0,-104,0
   106 00002DEA 000098FF0000        <2>     dw 0,-104,0
   107 00002DF0 000098FF0000        <2>     dw 0,-104,0
   108 00002DF6 000098FF0000        <2>     dw 0,-104,0
   109 00002DFC 000098FF0000        <2>     dw 0,-104,0
   110 00002E02 000098FF0000        <2>     dw 0,-104,0
   111 00002E08 000098FF0000        <2>     dw 0,-104,0
   112 00002E0E 000098FF0000        <2>     dw 0,-104,0
   113 00002E14 000098FF0000        <2>     dw 0,-104,0
   114 00002E1A 000098FF0000        <2>     dw 0,-104,0
   115 00002E20 000098FF0000        <2>     dw 0,-104,0
   116 00002E26 000098FF0000        <2>     dw 0,-104,0
   117 00002E2C 000098FF0000        <2>     dw 0,-104,0
   118 00002E32 000098FF0000        <2>     dw 0,-104,0
   119 00002E38 000098FF0000        <2>     dw 0,-104,0
   120 00002E3E 000098FF0000        <2>     dw 0,-104,0
   121 00002E44 000098FF0000        <2>     dw 0,-104,0
   122 00002E4A 000098FF0000        <2>     dw 0,-104,0
   123 00002E50 000098FF0000        <2>     dw 0,-104,0
   124                              <2> crystal_quads:
   125 00002E56 001415010C          <2>     db 0,20,21,1,12
   126 00002E5B 011516020C          <2>     db 1,21,22,2,12
   127 00002E60 021617030D          <2>     db 2,22,23,3,13
   128 00002E65 031718040D          <2>     db 3,23,24,4,13
   129 00002E6A 041819050E          <2>     db 4,24,25,5,14
   130 00002E6F 05191A060E          <2>     db 5,25,26,6,14
   131 00002E74 061A1B070F          <2>     db 6,26,27,7,15
   132 00002E79 071B1C080F          <2>     db 7,27,28,8,15
   133 00002E7E 081C1D0910          <2>     db 8,28,29,9,16
   134 00002E83 091D1E0A10          <2>     db 9,29,30,10,16
   135 00002E88 0A1E1F0B11          <2>     db 10,30,31,11,17
   136 00002E8D 0B1F200C11          <2>     db 11,31,32,12,17
   137 00002E92 0C20210D12          <2>     db 12,32,33,13,18
   138 00002E97 0D21220E12          <2>     db 13,33,34,14,18
   139 00002E9C 0E22230F13          <2>     db 14,34,35,15,19
   140 00002EA1 0F23241013          <2>     db 15,35,36,16,19
   141 00002EA6 102425110C          <2>     db 16,36,37,17,12
   142 00002EAB 112526120C          <2>     db 17,37,38,18,12
   143 00002EB0 122627130D          <2>     db 18,38,39,19,13
   144 00002EB5 132714000D          <2>     db 19,39,20,0,13
   145 00002EBA 142829150F          <2>     db 20,40,41,21,15
   146 00002EBF 15292A160F          <2>     db 21,41,42,22,15
   147 00002EC4 162A2B1710          <2>     db 22,42,43,23,16
   148 00002EC9 172B2C1810          <2>     db 23,43,44,24,16
   149 00002ECE 182C2D1911          <2>     db 24,44,45,25,17
   150 00002ED3 192D2E1A11          <2>     db 25,45,46,26,17
   151 00002ED8 1A2E2F1B12          <2>     db 26,46,47,27,18
   152 00002EDD 1B2F301C12          <2>     db 27,47,48,28,18
   153 00002EE2 1C30311D13          <2>     db 28,48,49,29,19
   154 00002EE7 1D31321E13          <2>     db 29,49,50,30,19
   155 00002EEC 1E32331F0C          <2>     db 30,50,51,31,12
   156 00002EF1 1F3334200C          <2>     db 31,51,52,32,12
   157 00002EF6 203435210D          <2>     db 32,52,53,33,13
   158 00002EFB 213536220D          <2>     db 33,53,54,34,13
   159 00002F00 223637230E          <2>     db 34,54,55,35,14
   160 00002F05 233738240E          <2>     db 35,55,56,36,14
   161 00002F0A 243839250F          <2>     db 36,56,57,37,15
   162 00002F0F 25393A260F          <2>     db 37,57,58,38,15
   163 00002F14 263A3B2710          <2>     db 38,58,59,39,16
   164 00002F19 273B281410          <2>     db 39,59,40,20,16
   165 00002F1E 283C3D2912          <2>     db 40,60,61,41,18
   166 00002F23 293D3E2A12          <2>     db 41,61,62,42,18
   167 00002F28 2A3E3F2B13          <2>     db 42,62,63,43,19
   168 00002F2D 2B3F402C13          <2>     db 43,63,64,44,19
   169 00002F32 2C40412D0C          <2>     db 44,64,65,45,12
   170 00002F37 2D41422E0C          <2>     db 45,65,66,46,12
   171 00002F3C 2E42432F0D          <2>     db 46,66,67,47,13
   172 00002F41 2F4344300D          <2>     db 47,67,68,48,13
   173 00002F46 304445310E          <2>     db 48,68,69,49,14
   174 00002F4B 314546320E          <2>     db 49,69,70,50,14
   175 00002F50 324647330F          <2>     db 50,70,71,51,15
   176 00002F55 334748340F          <2>     db 51,71,72,52,15
   177 00002F5A 3448493510          <2>     db 52,72,73,53,16
   178 00002F5F 35494A3610          <2>     db 53,73,74,54,16
   179 00002F64 364A4B3711          <2>     db 54,74,75,55,17
   180 00002F69 374B4C3811          <2>     db 55,75,76,56,17
   181 00002F6E 384C4D3912          <2>     db 56,76,77,57,18
   182 00002F73 394D4E3A12          <2>     db 57,77,78,58,18
   183 00002F78 3A4E4F3B13          <2>     db 58,78,79,59,19
   184 00002F7D 3B4F3C2813          <2>     db 59,79,60,40,19
   185 00002F82 3C50513D0D          <2>     db 60,80,81,61,13
   186 00002F87 3D51523E0D          <2>     db 61,81,82,62,13
   187 00002F8C 3E52533F0E          <2>     db 62,82,83,63,14
   188 00002F91 3F5354400E          <2>     db 63,83,84,64,14
   189 00002F96 405455410F          <2>     db 64,84,85,65,15
   190 00002F9B 415556420F          <2>     db 65,85,86,66,15
   191 00002FA0 4256574310          <2>     db 66,86,87,67,16
   192 00002FA5 4357584410          <2>     db 67,87,88,68,16
   193 00002FAA 4458594511          <2>     db 68,88,89,69,17
   194 00002FAF 45595A4611          <2>     db 69,89,90,70,17
   195 00002FB4 465A5B4712          <2>     db 70,90,91,71,18
   196 00002FB9 475B5C4812          <2>     db 71,91,92,72,18
   197 00002FBE 485C5D4913          <2>     db 72,92,93,73,19
   198 00002FC3 495D5E4A13          <2>     db 73,93,94,74,19
   199 00002FC8 4A5E5F4B0C          <2>     db 74,94,95,75,12
   200 00002FCD 4B5F604C0C          <2>     db 75,95,96,76,12
   201 00002FD2 4C60614D0D          <2>     db 76,96,97,77,13
   202 00002FD7 4D61624E0D          <2>     db 77,97,98,78,13
   203 00002FDC 4E62634F0E          <2>     db 78,98,99,79,14
   204 00002FE1 4F63503C0E          <2>     db 79,99,80,60,14
   205 00002FE6 5064655110          <2>     db 80,100,101,81,16
   206 00002FEB 5165665210          <2>     db 81,101,102,82,16
   207 00002FF0 5266675311          <2>     db 82,102,103,83,17
   208 00002FF5 5367685411          <2>     db 83,103,104,84,17
   209 00002FFA 5468695512          <2>     db 84,104,105,85,18
   210 00002FFF 55696A5612          <2>     db 85,105,106,86,18
   211 00003004 566A6B5713          <2>     db 86,106,107,87,19
   212 00003009 576B6C5813          <2>     db 87,107,108,88,19
   213 0000300E 586C6D590C          <2>     db 88,108,109,89,12
   214 00003013 596D6E5A0C          <2>     db 89,109,110,90,12
   215 00003018 5A6E6F5B0D          <2>     db 90,110,111,91,13
   216 0000301D 5B6F705C0D          <2>     db 91,111,112,92,13
   217 00003022 5C70715D0E          <2>     db 92,112,113,93,14
   218 00003027 5D71725E0E          <2>     db 93,113,114,94,14
   219 0000302C 5E72735F0F          <2>     db 94,114,115,95,15
   220 00003031 5F7374600F          <2>     db 95,115,116,96,15
   221 00003036 6074756110          <2>     db 96,116,117,97,16
   222 0000303B 6175766210          <2>     db 97,117,118,98,16
   223 00003040 6276776311          <2>     db 98,118,119,99,17
   224 00003045 6377645011          <2>     db 99,119,100,80,17
   225                              <2> crystal_quads_end:
  2115                              <1> %include "xga_area_safety.inc"
     1                              <2> ; XGA area-fill fallback bits: 512 rotation phases, 16 bytes per phase.
     2                              <2> ; By Dag Erik Hagesæter / Retro Erik using Codex in VS Code
     3                              <2> torus_area_unsafe:
     4 0000304A 020404008787000406- <2>     db 0x02,0x04,0x04,0x00,0x87,0x87,0x00,0x04,0x06,0x02,0x02,0x16,0x1e,0x1e,0x02,0x02
     4 00003053 0202161E1E0202      <2>
     5 0000305A 020404838783000406- <2>     db 0x02,0x04,0x04,0x83,0x87,0x83,0x00,0x04,0x06,0x02,0x02,0x1e,0x1e,0x1a,0x00,0x02
     5 00003063 02021E1E1A0002      <2>
     6 0000306A 020404878700000406- <2>     db 0x02,0x04,0x04,0x87,0x87,0x00,0x00,0x04,0x06,0x02,0x02,0x1e,0x1e,0x10,0x00,0x02
     6 00003073 02021E1E100002      <2>
     7 0000307A 060404878700040406- <2>     db 0x06,0x04,0x04,0x87,0x87,0x00,0x04,0x04,0x06,0x02,0x02,0x1e,0x1e,0x00,0x00,0x02
     7 00003083 02021E1E000002      <2>
     8 0000308A 060404878700040406- <2>     db 0x06,0x04,0x04,0x87,0x87,0x00,0x04,0x04,0x06,0x02,0x02,0x1e,0x1e,0x00,0x02,0x02
     8 00003093 02021E1E000202      <2>
     9 0000309A 060404878700040406- <2>     db 0x06,0x04,0x04,0x87,0x87,0x00,0x04,0x04,0x06,0x02,0x00,0x1e,0x1e,0x00,0x02,0x02
     9 000030A3 02001E1E000202      <2>
    10 000030AA 060400878700040406- <2>     db 0x06,0x04,0x00,0x87,0x87,0x00,0x04,0x04,0x06,0x02,0x00,0x1e,0x1e,0x00,0x02,0x06
    10 000030B3 02001E1E000206      <2>
    11 000030BA 060400878700040406- <2>     db 0x06,0x04,0x00,0x87,0x87,0x00,0x04,0x04,0x06,0x02,0x00,0x00,0x1e,0x00,0x02,0x02
    11 000030C3 0200001E000202      <2>
    12 000030CA 060400048700040406- <2>     db 0x06,0x04,0x00,0x04,0x87,0x00,0x04,0x04,0x06,0x02,0x00,0x02,0x1e,0x00,0x02,0x06
    12 000030D3 0200021E000206      <2>
    13 000030DA 060400838700040606- <2>     db 0x06,0x04,0x00,0x83,0x87,0x00,0x04,0x06,0x06,0x02,0x00,0x1e,0x1e,0x02,0x02,0x02
    13 000030E3 02001E1E020202      <2>
    14 000030EA 060400878700040606- <2>     db 0x06,0x04,0x00,0x87,0x87,0x00,0x04,0x06,0x06,0x02,0x00,0x1e,0x1e,0x00,0x02,0x06
    14 000030F3 02001E1E000206      <2>
    15 000030FA 060400878700040606- <2>     db 0x06,0x04,0x00,0x87,0x87,0x00,0x04,0x06,0x06,0x02,0x00,0x1e,0x1e,0x00,0x02,0x06
    15 00003103 02001E1E000206      <2>
    16 0000310A 060400878700040602- <2>     db 0x06,0x04,0x00,0x87,0x87,0x00,0x04,0x06,0x02,0x02,0x00,0x1e,0x1e,0x02,0x02,0x02
    16 00003113 02001E1E020202      <2>
    17 0000311A 040480878700040602- <2>     db 0x04,0x04,0x80,0x87,0x87,0x00,0x04,0x06,0x02,0x02,0x00,0x1e,0x1e,0x02,0x02,0x02
    17 00003123 02001E1E020202      <2>
    18 0000312A 060400878300040602- <2>     db 0x06,0x04,0x00,0x87,0x83,0x00,0x04,0x06,0x02,0x02,0x00,0x1e,0x1e,0x02,0x02,0x06
    18 00003133 02001E1E020206      <2>
    19 0000313A 040480870000040602- <2>     db 0x04,0x04,0x80,0x87,0x00,0x00,0x04,0x06,0x02,0x00,0x00,0x1e,0x1c,0x02,0x02,0x06
    19 00003143 00001E1C020206      <2>
    20 0000314A 040480870004040602- <2>     db 0x04,0x04,0x80,0x87,0x00,0x04,0x04,0x06,0x02,0x00,0x1c,0x1e,0x00,0x02,0x02,0x06
    20 00003153 001C1E00020206      <2>
    21 0000315A 040481870004040602- <2>     db 0x04,0x04,0x81,0x87,0x00,0x04,0x04,0x06,0x02,0x00,0x18,0x1e,0x00,0x02,0x02,0x06
    21 00003163 00181E00020206      <2>
    22 0000316A 040087870004040602- <2>     db 0x04,0x00,0x87,0x87,0x00,0x04,0x04,0x06,0x02,0x00,0x1e,0x1e,0x00,0x02,0x02,0x06
    22 00003173 001E1E00020206      <2>
    23 0000317A 040087870004040602- <2>     db 0x04,0x00,0x87,0x87,0x00,0x04,0x04,0x06,0x02,0x00,0x1e,0x1e,0x00,0x02,0x02,0x06
    23 00003183 001E1E00020206      <2>
    24 0000318A 040087870004040602- <2>     db 0x04,0x00,0x87,0x87,0x00,0x04,0x04,0x06,0x02,0x00,0x1e,0x1e,0x00,0x02,0x06,0x06
    24 00003193 001E1E00020606      <2>
    25 0000319A 040087870000060602- <2>     db 0x04,0x00,0x87,0x87,0x00,0x00,0x06,0x06,0x02,0x00,0x1e,0x1e,0x00,0x02,0x06,0x06
    25 000031A3 001E1E00020606      <2>
    26 000031AA 040087870000060602- <2>     db 0x04,0x00,0x87,0x87,0x00,0x00,0x06,0x06,0x02,0x00,0x1e,0x1e,0x00,0x00,0x06,0x06
    26 000031B3 001E1E00000606      <2>
    27 000031BA 040087870000060602- <2>     db 0x04,0x00,0x87,0x87,0x00,0x00,0x06,0x06,0x02,0x00,0x1e,0x1e,0x00,0x00,0x06,0x06
    27 000031C3 001E1E00000606      <2>
    28 000031CA 040083870004060602- <2>     db 0x04,0x00,0x83,0x87,0x00,0x04,0x06,0x06,0x02,0x00,0x18,0x1e,0x00,0x02,0x06,0x06
    28 000031D3 00181E00020606      <2>
    29 000031DA 040081870004040602- <2>     db 0x04,0x00,0x81,0x87,0x00,0x04,0x04,0x06,0x02,0x00,0x18,0x1e,0x00,0x02,0x06,0x06
    29 000031E3 00181E00020606      <2>
    30 000031EA 040087870004060602- <2>     db 0x04,0x00,0x87,0x87,0x00,0x04,0x06,0x06,0x02,0x00,0x1e,0x1e,0x00,0x02,0x06,0x06
    30 000031F3 001E1E00020606      <2>
    31 000031FA 040087870004060600- <2>     db 0x04,0x00,0x87,0x87,0x00,0x04,0x06,0x06,0x00,0x00,0x1e,0x1e,0x00,0x02,0x06,0x06
    31 00003203 001E1E00020606      <2>
    32 0000320A 000087870804060600- <2>     db 0x00,0x00,0x87,0x87,0x08,0x04,0x06,0x06,0x00,0x00,0x1e,0x0e,0x00,0x02,0x06,0x06
    32 00003213 001E0E00020606      <2>
    33 0000321A 0000870F0004060200- <2>     db 0x00,0x00,0x87,0x0f,0x00,0x04,0x06,0x02,0x00,0x00,0x1e,0x0d,0x01,0x02,0x06,0x06
    33 00003223 001E0D01020606      <2>
    34 0000322A 0080870C0804060200- <2>     db 0x00,0x80,0x87,0x0c,0x08,0x04,0x06,0x02,0x00,0x01,0x1e,0x01,0x01,0x03,0x06,0x06
    34 00003233 011E0101030606      <2>
    35 0000323A 000087080804060200- <2>     db 0x00,0x00,0x87,0x08,0x08,0x04,0x06,0x02,0x00,0x00,0x1e,0x01,0x01,0x02,0x06,0x06
    35 00003243 001E0101020606      <2>
    36 0000324A 008087080004060200- <2>     db 0x00,0x80,0x87,0x08,0x00,0x04,0x06,0x02,0x00,0x01,0x0f,0x00,0x03,0x02,0x06,0x06
    36 00003253 010F0003020606      <2>
    37 0000325A 008007080804060200- <2>     db 0x00,0x80,0x07,0x08,0x08,0x04,0x06,0x02,0x00,0x10,0x0e,0x01,0x03,0x03,0x06,0x04
    37 00003263 100E0103030604      <2>
    38 0000326A 008F0F080806060200- <2>     db 0x00,0x8f,0x0f,0x08,0x08,0x06,0x06,0x02,0x00,0x17,0x0f,0x01,0x03,0x06,0x06,0x04
    38 00003273 170F0103060604      <2>
    39 0000327A 080F0F080806060300- <2>     db 0x08,0x0f,0x0f,0x08,0x08,0x06,0x06,0x03,0x00,0x1f,0x0f,0x01,0x03,0x07,0x06,0x04
    39 00003283 1F0F0103070604      <2>
    40 0000328A 080F0F080806060201- <2>     db 0x08,0x0f,0x0f,0x08,0x08,0x06,0x06,0x02,0x01,0x0f,0x0f,0x01,0x03,0x07,0x06,0x0c
    40 00003293 0F0F010307060C      <2>
    41 0000329A 00070F080806060200- <2>     db 0x00,0x07,0x0f,0x08,0x08,0x06,0x06,0x02,0x00,0x0f,0x0f,0x01,0x03,0x02,0x06,0x0c
    41 000032A3 0F0F010302060C      <2>
    42 000032AA 000F0F080C04060301- <2>     db 0x00,0x0f,0x0f,0x08,0x0c,0x04,0x06,0x03,0x01,0x0f,0x0f,0x01,0x03,0x02,0x06,0x04
    42 000032B3 0F0F0103020604      <2>
    43 000032BA 00090F080C06060201- <2>     db 0x00,0x09,0x0f,0x08,0x0c,0x06,0x06,0x02,0x01,0x09,0x0f,0x01,0x03,0x07,0x06,0x04
    43 000032C3 090F0103070604      <2>
    44 000032CA 080B0F080C06060301- <2>     db 0x08,0x0b,0x0f,0x08,0x0c,0x06,0x06,0x03,0x01,0x0b,0x0f,0x01,0x03,0x07,0x06,0x0c
    44 000032D3 0B0F010307060C      <2>
    45 000032DA 080F0F080C06070301- <2>     db 0x08,0x0f,0x0f,0x08,0x0c,0x06,0x07,0x03,0x01,0x0f,0x0f,0x01,0x03,0x07,0x0e,0x08
    45 000032E3 0F0F0103070E08      <2>
    46 000032EA 080F0F080C0E060101- <2>     db 0x08,0x0f,0x0f,0x08,0x0c,0x0e,0x06,0x01,0x01,0x0f,0x0f,0x01,0x03,0x07,0x0e,0x08
    46 000032F3 0F0F0103070E08      <2>
    47 000032FA 080F0F080C06060100- <2>     db 0x08,0x0f,0x0f,0x08,0x0c,0x06,0x06,0x01,0x00,0x0f,0x0f,0x01,0x03,0x07,0x06,0x08
    47 00003303 0F0F0103070608      <2>
    48 0000330A 000F03080C06070100- <2>     db 0x00,0x0f,0x03,0x08,0x0c,0x06,0x07,0x01,0x00,0x0f,0x03,0x01,0x03,0x07,0x06,0x00
    48 00003313 0F030103070600      <2>
    49 0000331A 000F08080C06070100- <2>     db 0x00,0x0f,0x08,0x08,0x0c,0x06,0x07,0x01,0x00,0x0f,0x00,0x01,0x03,0x07,0x0e,0x08
    49 00003323 0F000103070E08      <2>
    50 0000332A 000F00080E0E070100- <2>     db 0x00,0x0f,0x00,0x08,0x0e,0x0e,0x07,0x01,0x00,0x0f,0x00,0x01,0x03,0x07,0x0c,0x08
    50 00003333 0F000103070C08      <2>
    51 0000333A 000F00080E07070101- <2>     db 0x00,0x0f,0x00,0x08,0x0e,0x07,0x07,0x01,0x01,0x0f,0x00,0x01,0x07,0x07,0x0c,0x08
    51 00003343 0F000107070C08      <2>
    52 0000334A 000F00080E06020001- <2>     db 0x00,0x0f,0x00,0x08,0x0e,0x06,0x02,0x00,0x01,0x0f,0x00,0x00,0x07,0x0f,0x0e,0x08
    52 00003353 0F0000070F0E08      <2>
    53 0000335A 000F00000E0F030001- <2>     db 0x00,0x0f,0x00,0x00,0x0e,0x0f,0x03,0x00,0x01,0x0f,0x00,0x01,0x07,0x0f,0x0c,0x08
    53 00003363 0F0001070F0C08      <2>
    54 0000336A 0E0F00080C07030003- <2>     db 0x0e,0x0f,0x00,0x08,0x0c,0x07,0x03,0x00,0x03,0x0f,0x00,0x01,0x07,0x0f,0x0c,0x08
    54 00003373 0F0001070F0C08      <2>
    55 0000337A 0F0F00080E0703000F- <2>     db 0x0f,0x0f,0x00,0x08,0x0e,0x07,0x03,0x00,0x0f,0x0f,0x00,0x01,0x07,0x0f,0x0c,0x08
    55 00003383 0F0001070F0C08      <2>
    56 0000338A 0F0F00080E0703000F- <2>     db 0x0f,0x0f,0x00,0x08,0x0e,0x07,0x03,0x00,0x0f,0x0f,0x00,0x00,0x07,0x0f,0x0c,0x00
    56 00003393 0F0000070F0C00      <2>
    57 0000339A 0F0F00080E0703000F- <2>     db 0x0f,0x0f,0x00,0x08,0x0e,0x07,0x03,0x00,0x0f,0x0f,0x00,0x01,0x07,0x0f,0x0c,0x00
    57 000033A3 0F0001070F0C00      <2>
    58 000033AA 0F0F00000E0F03000F- <2>     db 0x0f,0x0f,0x00,0x00,0x0e,0x0f,0x03,0x00,0x0f,0x0f,0x00,0x00,0x07,0x0f,0x08,0x00
    58 000033B3 0F0000070F0800      <2>
    59 000033BA 0B0F0000060703000F- <2>     db 0x0b,0x0f,0x00,0x00,0x06,0x07,0x03,0x00,0x0f,0x0f,0x00,0x01,0x07,0x0f,0x08,0x00
    59 000033C3 0F0001070F0800      <2>
    60 000033CA 0C0F00080F0F010007- <2>     db 0x0c,0x0f,0x00,0x08,0x0f,0x0f,0x01,0x00,0x07,0x0f,0x00,0x03,0x07,0x07,0x00,0x00
    60 000033D3 0F000307070000      <2>
    61 000033DA 0F0F00000E0F010001- <2>     db 0x0f,0x0f,0x00,0x00,0x0e,0x0f,0x01,0x00,0x01,0x0f,0x00,0x02,0x0f,0x0f,0x00,0x00
    61 000033E3 0F00020F0F0000      <2>
    62 000033EA 0F0F0000060600000F- <2>     db 0x0f,0x0f,0x00,0x00,0x06,0x06,0x00,0x00,0x0f,0x0f,0x00,0x02,0x0f,0x0f,0x08,0x00
    62 000033F3 0F00020F0F0800      <2>
    63 000033FA 0F0D00080E0600000F- <2>     db 0x0f,0x0d,0x00,0x08,0x0e,0x06,0x00,0x00,0x0f,0x0f,0x00,0x07,0x0f,0x0f,0x00,0x00
    63 00003403 0F00070F0F0000      <2>
    64 0000340A 0F0400060F0700000F- <2>     db 0x0f,0x04,0x00,0x06,0x0f,0x07,0x00,0x00,0x0f,0x08,0x00,0x07,0x0f,0x0f,0x00,0x00
    64 00003413 0800070F0F0000      <2>
    65 0000341A 0F0000060F0F00000F- <2>     db 0x0f,0x00,0x00,0x06,0x0f,0x0f,0x00,0x00,0x0f,0x00,0x00,0x06,0x0f,0x0f,0x00,0x00
    65 00003423 0000060F0F0000      <2>
    66 0000342A 0F0000070F0F00000F- <2>     db 0x0f,0x00,0x00,0x07,0x0f,0x0f,0x00,0x00,0x0f,0x00,0x00,0x07,0x0f,0x0f,0x00,0x00
    66 00003433 0000070F0F0000      <2>
    67 0000343A 0F0000060F0F00000F- <2>     db 0x0f,0x00,0x00,0x06,0x0f,0x0f,0x00,0x00,0x0f,0x00,0x00,0x06,0x0f,0x0f,0x00,0x00
    67 00003443 0000060F0F0000      <2>
    68 0000344A 0F0000000F0F00000F- <2>     db 0x0f,0x00,0x00,0x00,0x0f,0x0f,0x00,0x00,0x0f,0x00,0x00,0x00,0x0f,0x0f,0x00,0x00
    68 00003453 0000000F0F0000      <2>
    69 0000345A 0F0000060F0F00010F- <2>     db 0x0f,0x00,0x00,0x06,0x0f,0x0f,0x00,0x01,0x0f,0x00,0x00,0x06,0x0f,0x0f,0x00,0x00
    69 00003463 0000060F0F0000      <2>
    70 0000346A 0F00000F0F0C000F0F- <2>     db 0x0f,0x00,0x00,0x0f,0x0f,0x0c,0x00,0x0f,0x0f,0x00,0x00,0x0e,0x0f,0x07,0x00,0x01
    70 00003473 00000E0F070001      <2>
    71 0000347A 0F0000070F04000F0F- <2>     db 0x0f,0x00,0x00,0x07,0x0f,0x04,0x00,0x0f,0x0f,0x00,0x00,0x0e,0x0f,0x07,0x00,0x03
    71 00003483 00000E0F070003      <2>
    72 0000348A 0F00000F0F08000F0F- <2>     db 0x0f,0x00,0x00,0x0f,0x0f,0x08,0x00,0x0f,0x0f,0x00,0x00,0x0e,0x0f,0x01,0x00,0x0f
    72 00003493 00000E0F01000F      <2>
    73 0000349A 0F00000F0F08000F0F- <2>     db 0x0f,0x00,0x00,0x0f,0x0f,0x08,0x00,0x0f,0x0f,0x00,0x08,0x0f,0x0f,0x01,0x00,0x0f
    73 000034A3 00080F0F01000F      <2>
    74 000034AA 0F00010F0F08000F0F- <2>     db 0x0f,0x00,0x01,0x0f,0x0f,0x08,0x00,0x0f,0x0f,0x00,0x08,0x0f,0x0f,0x01,0x00,0x0f
    74 000034B3 00080F0F01000F      <2>
    75 000034BA 0F00010F0F0800010F- <2>     db 0x0f,0x00,0x01,0x0f,0x0f,0x08,0x00,0x01,0x0f,0x00,0x00,0x0f,0x0f,0x01,0x00,0x0f
    75 000034C3 00000F0F01000F      <2>
    76 000034CA 0F0001070E0000070F- <2>     db 0x0f,0x00,0x01,0x07,0x0e,0x00,0x00,0x07,0x0f,0x00,0x08,0x0e,0x0f,0x01,0x00,0x0c
    76 000034D3 00080E0F01000C      <2>
    77 000034DA 0F0001070F08000F0F- <2>     db 0x0f,0x00,0x01,0x07,0x0f,0x08,0x00,0x0f,0x0f,0x00,0x04,0x07,0x0f,0x01,0x00,0x0b
    77 000034E3 0004070F01000B      <2>
    78 000034EA 0F00030F0E08000F0F- <2>     db 0x0f,0x00,0x03,0x0f,0x0e,0x08,0x00,0x0f,0x0f,0x08,0x0c,0x0f,0x07,0x01,0x00,0x0f
    78 000034F3 080C0F0701000F      <2>
    79 000034FA 0F00030F0E08000F0F- <2>     db 0x0f,0x00,0x03,0x0f,0x0e,0x08,0x00,0x0f,0x0f,0x00,0x0c,0x0f,0x07,0x01,0x00,0x0f
    79 00003503 000C0F0701000F      <2>
    80 0000350A 000103070E08000F0F- <2>     db 0x00,0x01,0x03,0x07,0x0e,0x08,0x00,0x0f,0x0f,0x08,0x0c,0x0f,0x07,0x01,0x00,0x0f
    80 00003513 080C0F0701000F      <2>
    81 0000351A 0000070E0E08000F0C- <2>     db 0x00,0x00,0x07,0x0e,0x0e,0x08,0x00,0x0f,0x0c,0x08,0x0c,0x0e,0x07,0x01,0x00,0x0f
    81 00003523 080C0E0701000F      <2>
    82 0000352A 000005070E08000F00- <2>     db 0x00,0x00,0x05,0x07,0x0e,0x08,0x00,0x0f,0x00,0x08,0x0e,0x0e,0x07,0x01,0x00,0x0f
    82 00003533 080E0E0701000F      <2>
    83 0000353A 0001070E0E08000F00- <2>     db 0x00,0x01,0x07,0x0e,0x0e,0x08,0x00,0x0f,0x00,0x08,0x0e,0x0e,0x07,0x01,0x00,0x0f
    83 00003543 080E0E0701000F      <2>
    84 0000354A 000107060E08000F00- <2>     db 0x00,0x01,0x07,0x06,0x0e,0x08,0x00,0x0f,0x00,0x08,0x0e,0x0f,0x03,0x01,0x01,0x0f
    84 00003553 080E0F0301010F      <2>
    85 0000355A 0001070E0C08000F00- <2>     db 0x00,0x01,0x07,0x0e,0x0c,0x08,0x00,0x0f,0x00,0x08,0x0e,0x0f,0x03,0x01,0x01,0x0f
    85 00003563 080E0F0301010F      <2>
    86 0000356A 000107060C080E0F08- <2>     db 0x00,0x01,0x07,0x06,0x0c,0x08,0x0e,0x0f,0x08,0x08,0x0e,0x06,0x03,0x01,0x09,0x0f
    86 00003573 080E060301090F      <2>
    87 0000357A 010107060C080F0F08- <2>     db 0x01,0x01,0x07,0x06,0x0c,0x08,0x0f,0x0f,0x08,0x08,0x0e,0x06,0x03,0x01,0x0b,0x0f
    87 00003583 080E0603010B0F      <2>
    88 0000358A 000107060C080F0F08- <2>     db 0x00,0x01,0x07,0x06,0x0c,0x08,0x0f,0x0f,0x08,0x0c,0x0e,0x06,0x03,0x01,0x0f,0x0f
    88 00003593 0C0E0603010F0F      <2>
    89 0000359A 000106060C080F0F00- <2>     db 0x00,0x01,0x06,0x06,0x0c,0x08,0x0f,0x0f,0x00,0x0c,0x0c,0x06,0x03,0x01,0x0f,0x0f
    89 000035A3 0C0C0603010F0F      <2>
    90 000035AA 010307060C080F0F08- <2>     db 0x01,0x03,0x07,0x06,0x0c,0x08,0x0f,0x0f,0x08,0x0c,0x06,0x06,0x03,0x01,0x0f,0x0f
    90 000035B3 0C060603010F0F      <2>
    91 000035BA 000306060C080F0F08- <2>     db 0x00,0x03,0x06,0x06,0x0c,0x08,0x0f,0x0f,0x08,0x0c,0x06,0x06,0x03,0x01,0x0f,0x0f
    91 000035C3 0C060603010F0F      <2>
    92 000035CA 0103060604000B0F08- <2>     db 0x01,0x03,0x06,0x06,0x04,0x00,0x0b,0x0f,0x08,0x0c,0x04,0x06,0x03,0x01,0x0b,0x0f
    92 000035D3 0C040603010B0F      <2>
    93 000035DA 010107060808090F08- <2>     db 0x01,0x01,0x07,0x06,0x08,0x08,0x09,0x0f,0x08,0x0c,0x06,0x06,0x03,0x01,0x09,0x0f
    93 000035E3 0C06060301090F      <2>
    94 000035EA 010106060000070F08- <2>     db 0x01,0x01,0x06,0x06,0x00,0x00,0x07,0x0f,0x08,0x08,0x06,0x06,0x00,0x00,0x0f,0x0f
    94 000035F3 08060600000F0F      <2>
    95 000035FA 010306060000070F08- <2>     db 0x01,0x03,0x06,0x06,0x00,0x00,0x07,0x0f,0x08,0x08,0x06,0x06,0x00,0x00,0x0f,0x0f
    95 00003603 08060600000F0F      <2>
    96 0000360A 0102060600000F0808- <2>     db 0x01,0x02,0x06,0x06,0x00,0x00,0x0f,0x08,0x08,0x0c,0x06,0x06,0x00,0x00,0x0f,0x0f
    96 00003613 0C060600000F0F      <2>
    97 0000361A 010306060000070808- <2>     db 0x01,0x03,0x06,0x06,0x00,0x00,0x07,0x08,0x08,0x04,0x06,0x06,0x00,0x00,0x0f,0x01
    97 00003623 04060600000F01      <2>
    98 0000362A 010306040000070808- <2>     db 0x01,0x03,0x06,0x04,0x00,0x00,0x07,0x08,0x08,0x04,0x06,0x02,0x00,0x00,0x0e,0x0d
    98 00003633 04060200000E0D      <2>
    99 0000363A 010206040000070808- <2>     db 0x01,0x02,0x06,0x04,0x00,0x00,0x07,0x08,0x08,0x0c,0x06,0x02,0x00,0x00,0x0e,0x01
    99 00003643 0C060200000E01      <2>
   100 0000364A 000206040000070808- <2>     db 0x00,0x02,0x06,0x04,0x00,0x00,0x07,0x08,0x08,0x04,0x06,0x02,0x00,0x00,0x0e,0x08
   100 00003653 04060200000E08      <2>
   101 0000365A 010206040003070800- <2>     db 0x01,0x02,0x06,0x04,0x00,0x03,0x07,0x08,0x00,0x06,0x06,0x02,0x00,0x10,0x0e,0x01
   101 00003663 06060200100E01      <2>
   102 0000366A 000206040087070808- <2>     db 0x00,0x02,0x06,0x04,0x00,0x87,0x07,0x08,0x08,0x06,0x06,0x02,0x00,0x16,0x0e,0x01
   102 00003673 06060200160E01      <2>
   103 0000367A 00020604000707080C- <2>     db 0x00,0x02,0x06,0x04,0x00,0x07,0x07,0x08,0x0c,0x06,0x06,0x02,0x00,0x0e,0x0e,0x01
   103 00003683 060602000E0E01      <2>
   104 0000368A 020206040087870004- <2>     db 0x02,0x02,0x06,0x04,0x00,0x87,0x87,0x00,0x04,0x06,0x06,0x02,0x00,0x1e,0x1e,0x00
   104 00003693 060602001E1E00      <2>
   105 0000369A 020606040087870004- <2>     db 0x02,0x06,0x06,0x04,0x00,0x87,0x87,0x00,0x04,0x06,0x06,0x02,0x00,0x1e,0x1e,0x00
   105 000036A3 060602001E1E00      <2>
   106 000036AA 020606040087870004- <2>     db 0x02,0x06,0x06,0x04,0x00,0x87,0x87,0x00,0x04,0x06,0x06,0x02,0x00,0x1e,0x1e,0x00
   106 000036B3 060602001E1E00      <2>
   107 000036BA 020606040081870004- <2>     db 0x02,0x06,0x06,0x04,0x00,0x81,0x87,0x00,0x04,0x06,0x06,0x02,0x00,0x18,0x1e,0x00
   107 000036C3 06060200181E00      <2>
   108 000036CA 020206040081870004- <2>     db 0x02,0x02,0x06,0x04,0x00,0x81,0x87,0x00,0x04,0x06,0x06,0x02,0x00,0x1a,0x1e,0x00
   108 000036D3 060602001A1E00      <2>
   109 000036DA 020606040087870000- <2>     db 0x02,0x06,0x06,0x04,0x00,0x87,0x87,0x00,0x00,0x06,0x06,0x02,0x00,0x1e,0x1e,0x00
   109 000036E3 060602001E1E00      <2>
   110 000036EA 020206040087870004- <2>     db 0x02,0x02,0x06,0x04,0x00,0x87,0x87,0x00,0x04,0x04,0x06,0x02,0x00,0x1e,0x1e,0x00
   110 000036F3 040602001E1E00      <2>
   111 000036FA 020606040087870004- <2>     db 0x02,0x06,0x06,0x04,0x00,0x87,0x87,0x00,0x04,0x06,0x06,0x02,0x00,0x1e,0x1e,0x00
   111 00003703 060602001E1E00      <2>
   112 0000370A 020606000087870004- <2>     db 0x02,0x06,0x06,0x00,0x00,0x87,0x87,0x00,0x04,0x06,0x06,0x02,0x00,0x1e,0x1e,0x00
   112 00003713 060602001E1E00      <2>
   113 0000371A 020606000087870004- <2>     db 0x02,0x06,0x06,0x00,0x00,0x87,0x87,0x00,0x04,0x04,0x02,0x02,0x00,0x1e,0x1e,0x00
   113 00003723 040202001E1E00      <2>
   114 0000372A 020604040087830404- <2>     db 0x02,0x06,0x04,0x04,0x00,0x87,0x83,0x04,0x04,0x06,0x02,0x02,0x10,0x1e,0x02,0x00
   114 00003733 060202101E0200      <2>
   115 0000373A 020604048087040404- <2>     db 0x02,0x06,0x04,0x04,0x80,0x87,0x04,0x04,0x04,0x06,0x02,0x02,0x00,0x1e,0x16,0x02
   115 00003743 060202001E1602      <2>
   116 0000374A 020604008087000404- <2>     db 0x02,0x06,0x04,0x00,0x80,0x87,0x00,0x04,0x04,0x06,0x02,0x02,0x04,0x1e,0x00,0x02
   116 00003753 060202041E0002      <2>
   117 0000375A 020604008087000404- <2>     db 0x02,0x06,0x04,0x00,0x80,0x87,0x00,0x04,0x04,0x06,0x02,0x02,0x00,0x1e,0x00,0x02
   117 00003763 060202001E0002      <2>
   118 0000376A 020604008787000404- <2>     db 0x02,0x06,0x04,0x00,0x87,0x87,0x00,0x04,0x04,0x06,0x02,0x00,0x1e,0x1e,0x00,0x02
   118 00003773 0602001E1E0002      <2>
   119 0000377A 020604008787000406- <2>     db 0x02,0x06,0x04,0x00,0x87,0x87,0x00,0x04,0x06,0x06,0x02,0x00,0x1e,0x1e,0x00,0x02
   119 00003783 0602001E1E0002      <2>
   120 0000378A 020604008787000006- <2>     db 0x02,0x06,0x04,0x00,0x87,0x87,0x00,0x00,0x06,0x06,0x02,0x00,0x1e,0x1e,0x00,0x00
   120 00003793 0602001E1E0000      <2>
   121 0000379A 060604008787000006- <2>     db 0x06,0x06,0x04,0x00,0x87,0x87,0x00,0x00,0x06,0x06,0x02,0x00,0x1e,0x1e,0x00,0x02
   121 000037A3 0602001E1E0002      <2>
   122 000037AA 020604008787000006- <2>     db 0x02,0x06,0x04,0x00,0x87,0x87,0x00,0x00,0x06,0x06,0x02,0x00,0x1e,0x1e,0x00,0x02
   122 000037B3 0602001E1E0002      <2>
   123 000037BA 020604008787000406- <2>     db 0x02,0x06,0x04,0x00,0x87,0x87,0x00,0x04,0x06,0x06,0x02,0x00,0x1a,0x1e,0x00,0x02
   123 000037C3 0602001A1E0002      <2>
   124 000037CA 020604008387000406- <2>     db 0x02,0x06,0x04,0x00,0x83,0x87,0x00,0x04,0x06,0x06,0x02,0x00,0x1c,0x1e,0x00,0x02
   124 000037D3 0602001C1E0002      <2>
   125 000037DA 060604008187000406- <2>     db 0x06,0x06,0x04,0x00,0x81,0x87,0x00,0x04,0x06,0x06,0x02,0x00,0x1e,0x1e,0x00,0x02
   125 000037E3 0602001E1E0002      <2>
   126 000037EA 060404008787040406- <2>     db 0x06,0x04,0x04,0x00,0x87,0x87,0x04,0x04,0x06,0x06,0x02,0x00,0x1e,0x1e,0x00,0x02
   126 000037F3 0602001E1E0002      <2>
   127 000037FA 060404008787040406- <2>     db 0x06,0x04,0x04,0x00,0x87,0x87,0x04,0x04,0x06,0x06,0x02,0x00,0x1e,0x1e,0x02,0x02
   127 00003803 0602001E1E0202      <2>
   128 0000380A 060404008787040406- <2>     db 0x06,0x04,0x04,0x00,0x87,0x87,0x04,0x04,0x06,0x06,0x02,0x00,0x1e,0x1e,0x02,0x02
   128 00003813 0602001E1E0202      <2>
   129 0000381A 060404008787040404- <2>     db 0x06,0x04,0x04,0x00,0x87,0x87,0x04,0x04,0x04,0x02,0x02,0x00,0x1e,0x1e,0x02,0x02
   129 00003823 0202001E1E0202      <2>
   130 0000382A 060404008787040404- <2>     db 0x06,0x04,0x04,0x00,0x87,0x87,0x04,0x04,0x04,0x02,0x02,0x00,0x1e,0x1e,0x02,0x02
   130 00003833 0202001E1E0202      <2>
   131 0000383A 020404838787040406- <2>     db 0x02,0x04,0x04,0x83,0x87,0x87,0x04,0x04,0x06,0x02,0x02,0x06,0x1e,0x1e,0x00,0x02
   131 00003843 0202061E1E0002      <2>
   132 0000384A 060404878787040404- <2>     db 0x06,0x04,0x04,0x87,0x87,0x87,0x04,0x04,0x04,0x02,0x02,0x08,0x1e,0x1e,0x00,0x02
   132 00003853 0202081E1E0002      <2>
   133 0000385A 020404878783040404- <2>     db 0x02,0x04,0x04,0x87,0x87,0x83,0x04,0x04,0x04,0x02,0x02,0x0a,0x1e,0x0a,0x00,0x02
   133 00003863 02020A1E0A0002      <2>
   134 0000386A 060404878781040404- <2>     db 0x06,0x04,0x04,0x87,0x87,0x81,0x04,0x04,0x04,0x02,0x02,0x1e,0x1e,0x1c,0x02,0x02
   134 00003873 02021E1E1C0202      <2>
   135 0000387A 020404878700040404- <2>     db 0x02,0x04,0x04,0x87,0x87,0x00,0x04,0x04,0x04,0x02,0x02,0x1e,0x1e,0x00,0x02,0x02
   135 00003883 02021E1E000202      <2>
   136 0000388A 060404878700040406- <2>     db 0x06,0x04,0x04,0x87,0x87,0x00,0x04,0x04,0x06,0x02,0x02,0x1e,0x1e,0x18,0x02,0x02
   136 00003893 02021E1E180202      <2>
   137 0000389A 060404878700040406- <2>     db 0x06,0x04,0x04,0x87,0x87,0x00,0x04,0x04,0x06,0x02,0x02,0x1e,0x1e,0x00,0x02,0x02
   137 000038A3 02021E1E000202      <2>
   138 000038AA 060404878704040406- <2>     db 0x06,0x04,0x04,0x87,0x87,0x04,0x04,0x04,0x06,0x02,0x02,0x1e,0x1e,0x02,0x02,0x02
   138 000038B3 02021E1E020202      <2>
   139 000038BA 060404818704040406- <2>     db 0x06,0x04,0x04,0x81,0x87,0x04,0x04,0x04,0x06,0x02,0x02,0x1e,0x1e,0x02,0x02,0x02
   139 000038C3 02021E1E020202      <2>
   140 000038CA 020404838704040404- <2>     db 0x02,0x04,0x04,0x83,0x87,0x04,0x04,0x04,0x04,0x02,0x02,0x1c,0x1e,0x00,0x02,0x02
   140 000038D3 02021C1E000202      <2>
   141 000038DA 020404878700040406- <2>     db 0x02,0x04,0x04,0x87,0x87,0x00,0x04,0x04,0x06,0x02,0x02,0x18,0x1e,0x02,0x02,0x02
   141 000038E3 0202181E020202      <2>
   142 000038EA 060404878704040406- <2>     db 0x06,0x04,0x04,0x87,0x87,0x04,0x04,0x04,0x06,0x02,0x02,0x1e,0x1e,0x02,0x02,0x02
   142 000038F3 02021E1E020202      <2>
   143 000038FA 060400878700040406- <2>     db 0x06,0x04,0x00,0x87,0x87,0x00,0x04,0x04,0x06,0x02,0x02,0x1e,0x1e,0x00,0x02,0x02
   143 00003903 02021E1E000202      <2>
   144 0000390A 040404878704040402- <2>     db 0x04,0x04,0x04,0x87,0x87,0x04,0x04,0x04,0x02,0x02,0x02,0x1e,0x1e,0x02,0x02,0x02
   144 00003913 02021E1E020202      <2>
   145 0000391A 040404878704040602- <2>     db 0x04,0x04,0x04,0x87,0x87,0x04,0x04,0x06,0x02,0x02,0x12,0x1e,0x1e,0x02,0x02,0x02
   145 00003923 02121E1E020202      <2>
   146 0000392A 040406878704040602- <2>     db 0x04,0x04,0x06,0x87,0x87,0x04,0x04,0x06,0x02,0x02,0x0e,0x1e,0x1e,0x02,0x02,0x02
   146 00003933 020E1E1E020202      <2>
   147 0000393A 040487878704040602- <2>     db 0x04,0x04,0x87,0x87,0x87,0x04,0x04,0x06,0x02,0x02,0x1e,0x1e,0x1e,0x02,0x02,0x02
   147 00003943 021E1E1E020202      <2>
   148 0000394A 040487878704040602- <2>     db 0x04,0x04,0x87,0x87,0x87,0x04,0x04,0x06,0x02,0x02,0x1e,0x1e,0x1e,0x02,0x02,0x06
   148 00003953 021E1E1E020206      <2>
   149 0000395A 040487878704040602- <2>     db 0x04,0x04,0x87,0x87,0x87,0x04,0x04,0x06,0x02,0x02,0x1e,0x1e,0x1e,0x02,0x02,0x06
   149 00003963 021E1E1E020206      <2>
   150 0000396A 040487878704040602- <2>     db 0x04,0x04,0x87,0x87,0x87,0x04,0x04,0x06,0x02,0x02,0x1e,0x1e,0x1e,0x02,0x02,0x06
   150 00003973 021E1E1E020206      <2>
   151 0000397A 040487878704040602- <2>     db 0x04,0x04,0x87,0x87,0x87,0x04,0x04,0x06,0x02,0x02,0x1e,0x1e,0x1e,0x02,0x02,0x06
   151 00003983 021E1E1E020206      <2>
   152 0000398A 040487878704040602- <2>     db 0x04,0x04,0x87,0x87,0x87,0x04,0x04,0x06,0x02,0x02,0x1e,0x1e,0x1e,0x02,0x02,0x06
   152 00003993 021E1E1E020206      <2>
   153 0000399A 040487878704040602- <2>     db 0x04,0x04,0x87,0x87,0x87,0x04,0x04,0x06,0x02,0x02,0x1e,0x1e,0x1e,0x02,0x02,0x06
   153 000039A3 021E1E1E020206      <2>
   154 000039AA 040487878704040602- <2>     db 0x04,0x04,0x87,0x87,0x87,0x04,0x04,0x06,0x02,0x02,0x1e,0x1e,0x1e,0x02,0x02,0x06
   154 000039B3 021E1E1E020206      <2>
   155 000039BA 040487878704040602- <2>     db 0x04,0x04,0x87,0x87,0x87,0x04,0x04,0x06,0x02,0x02,0x06,0x1e,0x1e,0x02,0x02,0x06
   155 000039C3 02061E1E020206      <2>
   156 000039CA 048481878704040602- <2>     db 0x04,0x84,0x81,0x87,0x87,0x04,0x04,0x06,0x02,0x02,0x18,0x1e,0x0e,0x02,0x02,0x06
   156 000039D3 02181E0E020206      <2>
   157 000039DA 040681878704040602- <2>     db 0x04,0x06,0x81,0x87,0x87,0x04,0x04,0x06,0x02,0x06,0x18,0x1e,0x1e,0x02,0x02,0x06
   157 000039E3 06181E1E020206      <2>
   158 000039EA 048687878704040402- <2>     db 0x04,0x86,0x87,0x87,0x87,0x04,0x04,0x04,0x02,0x06,0x1e,0x1e,0x16,0x02,0x02,0x06
   158 000039F3 061E1E16020206      <2>
   159 000039FA 048787870604040202- <2>     db 0x04,0x87,0x87,0x87,0x06,0x04,0x04,0x02,0x02,0x0e,0x1e,0x1e,0x16,0x02,0x02,0x04
   159 00003A03 0E1E1E16020204      <2>
   160 00003A0A 008787870404040002- <2>     db 0x00,0x87,0x87,0x87,0x04,0x04,0x04,0x00,0x02,0x1e,0x1e,0x1e,0x1e,0x02,0x02,0x00
   160 00003A13 1E1E1E1E020200      <2>
   161 00003A1A 048787870404040202- <2>     db 0x04,0x87,0x87,0x87,0x04,0x04,0x04,0x02,0x02,0x0e,0x1e,0x1e,0x02,0x02,0x02,0x00
   161 00003A23 0E1E1E02020200      <2>
   162 00003A2A 048783870404040002- <2>     db 0x04,0x87,0x83,0x87,0x04,0x04,0x04,0x00,0x02,0x1c,0x1e,0x1e,0x02,0x02,0x02,0x00
   162 00003A33 1C1E1E02020200      <2>
   163 00003A3A 048787870404040202- <2>     db 0x04,0x87,0x87,0x87,0x04,0x04,0x04,0x02,0x02,0x1e,0x1c,0x1e,0x02,0x02,0x02,0x00
   163 00003A43 1E1C1E02020200      <2>
   164 00003A4A 04C7C7870404040202- <2>     db 0x04,0xc7,0xc7,0x87,0x04,0x04,0x04,0x02,0x02,0x1e,0x1e,0x1e,0x02,0x02,0x02,0x00
   164 00003A53 1E1E1E02020200      <2>
   165 00003A5A 048787870404040002- <2>     db 0x04,0x87,0x87,0x87,0x04,0x04,0x04,0x00,0x02,0x3c,0x1c,0x1c,0x02,0x02,0x02,0x00
   165 00003A63 3C1C1C02020200      <2>
   166 00003A6A 04C383870404040002- <2>     db 0x04,0xc3,0x83,0x87,0x04,0x04,0x04,0x00,0x02,0x3c,0x1c,0x1c,0x02,0x02,0x02,0x00
   166 00003A73 3C1C1C02020200      <2>
   167 00003A7A 048383870404040002- <2>     db 0x04,0x83,0x83,0x87,0x04,0x04,0x04,0x00,0x02,0x3c,0x1c,0x1c,0x02,0x02,0x02,0x00
   167 00003A83 3C1C1C02020200      <2>
   168 00003A8A 00C3C3870404040002- <2>     db 0x00,0xc3,0xc3,0x87,0x04,0x04,0x04,0x00,0x02,0x3c,0x3c,0x1c,0x02,0x02,0x02,0x00
   168 00003A93 3C3C1C02020200      <2>
   169 00003A9A 00C3C387040404000C- <2>     db 0x00,0xc3,0xc3,0x87,0x04,0x04,0x04,0x00,0x0c,0x3c,0x3c,0x1c,0x02,0x02,0x02,0x04
   169 00003AA3 3C3C1C02020204      <2>
   170 00003AAA C1C3C387040404002C- <2>     db 0xc1,0xc3,0xc3,0x87,0x04,0x04,0x04,0x00,0x2c,0x18,0x3c,0x1c,0x02,0x02,0x02,0x04
   170 00003AB3 183C1C02020204      <2>
   171 00003ABA C3C1C383040404002C- <2>     db 0xc3,0xc1,0xc3,0x83,0x04,0x04,0x04,0x00,0x2c,0x38,0x3c,0x1c,0x02,0x02,0x02,0x00
   171 00003AC3 383C1C02020200      <2>
   172 00003ACA C340C383040404003C- <2>     db 0xc3,0x40,0xc3,0x83,0x04,0x04,0x04,0x00,0x3c,0x00,0x3c,0x1c,0x02,0x02,0x02,0x00
   172 00003AD3 003C1C02020200      <2>
   173 00003ADA C3C3C383040404003C- <2>     db 0xc3,0xc3,0xc3,0x83,0x04,0x04,0x04,0x00,0x3c,0x24,0x3c,0x1c,0x02,0x02,0x02,0x00
   173 00003AE3 243C1C02020200      <2>
   174 00003AEA C3C3C383040404003C- <2>     db 0xc3,0xc3,0xc3,0x83,0x04,0x04,0x04,0x00,0x3c,0x3c,0x3c,0x1c,0x02,0x02,0x02,0x00
   174 00003AF3 3C3C1C02020200      <2>
   175 00003AFA C3C3C383040404003C- <2>     db 0xc3,0xc3,0xc3,0x83,0x04,0x04,0x04,0x00,0x3c,0x3c,0x3c,0x1c,0x02,0x02,0x00,0x00
   175 00003B03 3C3C1C02020000      <2>
   176 00003B0A C3C3C383040404003C- <2>     db 0xc3,0xc3,0xc3,0x83,0x04,0x04,0x04,0x00,0x3c,0x3c,0x3c,0x1c,0x02,0x02,0x00,0x00
   176 00003B13 3C3C1C02020000      <2>
   177 00003B1A C3C3C383040404003C- <2>     db 0xc3,0xc3,0xc3,0x83,0x04,0x04,0x04,0x00,0x3c,0x3c,0x3c,0x1c,0x02,0x02,0x00,0x00
   177 00003B23 3C3C1C02020000      <2>
   178 00003B2A C3C3C383040404103C- <2>     db 0xc3,0xc3,0xc3,0x83,0x04,0x04,0x04,0x10,0x3c,0x3c,0x3c,0x1c,0x02,0x02,0x02,0xc0
   178 00003B33 3C3C1C020202C0      <2>
   179 00003B3A C3C3C383040404103C- <2>     db 0xc3,0xc3,0xc3,0x83,0x04,0x04,0x04,0x10,0x3c,0x3c,0x3c,0x1c,0x02,0x02,0x02,0xc0
   179 00003B43 3C3C1C020202C0      <2>
   180 00003B4A C3C3C3830404003C3C- <2>     db 0xc3,0xc3,0xc3,0x83,0x04,0x04,0x00,0x3c,0x3c,0x3c,0x3c,0x1c,0x02,0x02,0x00,0xc3
   180 00003B53 3C3C1C020200C3      <2>
   181 00003B5A C3C3C3830404003C3C- <2>     db 0xc3,0xc3,0xc3,0x83,0x04,0x04,0x00,0x3c,0x3c,0x3c,0x3c,0x1c,0x02,0x02,0x00,0xc3
   181 00003B63 3C3C1C020200C3      <2>
   182 00003B6A C3C3C3830404003C3C- <2>     db 0xc3,0xc3,0xc3,0x83,0x04,0x04,0x00,0x3c,0x3c,0x3c,0x3c,0x1c,0x02,0x02,0x00,0xc3
   182 00003B73 3C3C1C020200C3      <2>
   183 00003B7A C3C3C3830404003C3C- <2>     db 0xc3,0xc3,0xc3,0x83,0x04,0x04,0x00,0x3c,0x3c,0x3c,0x3c,0x1c,0x02,0x02,0x00,0xc3
   183 00003B83 3C3C1C020200C3      <2>
   184 00003B8A C3C3C3830404203C3C- <2>     db 0xc3,0xc3,0xc3,0x83,0x04,0x04,0x20,0x3c,0x3c,0x3c,0x3c,0x1c,0x02,0x02,0x00,0xc3
   184 00003B93 3C3C1C020200C3      <2>
   185 00003B9A C3C3C3830404003C3C- <2>     db 0xc3,0xc3,0xc3,0x83,0x04,0x04,0x00,0x3c,0x3c,0x3c,0x3c,0x1c,0x02,0x02,0x00,0xc3
   185 00003BA3 3C3C1C020200C3      <2>
   186 00003BAA 42C3C38304043C3C3C- <2>     db 0x42,0xc3,0xc3,0x83,0x04,0x04,0x3c,0x3c,0x3c,0x3c,0x3c,0x1c,0x02,0x02,0xc1,0xc3
   186 00003BB3 3C3C1C0202C1C3      <2>
   187 00003BBA 00C3C38304043C3C18- <2>     db 0x00,0xc3,0xc3,0x83,0x04,0x04,0x3c,0x3c,0x18,0x3c,0x3c,0x1c,0x02,0x02,0x41,0xc3
   187 00003BC3 3C3C1C020241C3      <2>
   188 00003BCA 42C3C38304043C3C18- <2>     db 0x42,0xc3,0xc3,0x83,0x04,0x04,0x3c,0x3c,0x18,0x3c,0x3c,0x1c,0x02,0x02,0xc3,0xc3
   188 00003BD3 3C3C1C0202C3C3      <2>
   189 00003BDA 00C3C38304043C3C18- <2>     db 0x00,0xc3,0xc3,0x83,0x04,0x04,0x3c,0x3c,0x18,0x3c,0x3c,0x1c,0x02,0x02,0xc3,0xc3
   189 00003BE3 3C3C1C0202C3C3      <2>
   190 00003BEA 00C3C3C304043C3C00- <2>     db 0x00,0xc3,0xc3,0xc3,0x04,0x04,0x3c,0x3c,0x00,0x3c,0x3c,0x1c,0x02,0xc3,0xc3,0xc3
   190 00003BF3 3C3C1C02C3C3C3      <2>
   191 00003BFA 00C3C383041C3C3C00- <2>     db 0x00,0xc3,0xc3,0x83,0x04,0x1c,0x3c,0x3c,0x00,0x3c,0x3c,0x1c,0x02,0xc3,0xc3,0xc3
   191 00003C03 3C3C1C02C3C3C3      <2>
   192 00003C0A 42C3C383043C3C1818- <2>     db 0x42,0xc3,0xc3,0x83,0x04,0x3c,0x3c,0x18,0x18,0x3c,0x3c,0x1c,0x02,0xc3,0xc3,0xc3
   192 00003C13 3C3C1C02C3C3C3      <2>
   193 00003C1A 42C3C383043C3C3C3C- <2>     db 0x42,0xc3,0xc3,0x83,0x04,0x3c,0x3c,0x3c,0x3c,0x3c,0x3c,0x1c,0x02,0xc3,0xc3,0xc3
   193 00003C23 3C3C1C02C3C3C3      <2>
   194 00003C2A 00C3C3C3043C240000- <2>     db 0x00,0xc3,0xc3,0xc3,0x04,0x3c,0x24,0x00,0x00,0x24,0x3c,0x24,0x02,0xc3,0xc3,0xc3
   194 00003C33 243C2402C3C3C3      <2>
   195 00003C3A 00C3C3C3043C240000- <2>     db 0x00,0xc3,0xc3,0xc3,0x04,0x3c,0x24,0x00,0x00,0x24,0x3c,0x20,0x02,0xc3,0xc3,0xc3
   195 00003C43 243C2002C3C3C3      <2>
   196 00003C4A 000040400404000000- <2>     db 0x00,0x00,0x40,0x40,0x04,0x04,0x00,0x00,0x00,0x00,0x20,0x20,0x02,0x02,0x00,0x00
   196 00003C53 00202002020000      <2>
   197 00003C5A 000040400404000000- <2>     db 0x00,0x00,0x40,0x40,0x04,0x04,0x00,0x00,0x00,0x00,0x20,0x20,0x02,0x02,0x00,0x00
   197 00003C63 00202002020000      <2>
   198 00003C6A C3C3C340243C240000- <2>     db 0xc3,0xc3,0xc3,0x40,0x24,0x3c,0x24,0x00,0x00,0x24,0x3c,0x20,0xc3,0xc3,0xc3,0x00
   198 00003C73 243C20C3C3C300      <2>
   199 00003C7A C3C3C340243C240000- <2>     db 0xc3,0xc3,0xc3,0x40,0x24,0x3c,0x24,0x00,0x00,0x3c,0x3c,0x20,0xc3,0xc3,0xc3,0x00
   199 00003C83 3C3C20C3C3C300      <2>
   200 00003C8A C3C3C3403C3C3C0000- <2>     db 0xc3,0xc3,0xc3,0x40,0x3c,0x3c,0x3c,0x00,0x00,0x3c,0x3c,0x20,0xc1,0xc3,0xc3,0x42
   200 00003C93 3C3C20C1C3C342      <2>
   201 00003C9A C3C3C3403C3C3C0000- <2>     db 0xc3,0xc3,0xc3,0x40,0x3c,0x3c,0x3c,0x00,0x00,0x3c,0x3c,0x20,0xc1,0xc3,0xc3,0x42
   201 00003CA3 3C3C20C1C3C342      <2>
   202 00003CAA C3C3C1403C3C3C003C- <2>     db 0xc3,0xc3,0xc1,0x40,0x3c,0x3c,0x3c,0x00,0x3c,0x3c,0x20,0x20,0xc1,0xc3,0xc3,0x00
   202 00003CB3 3C2020C1C3C300      <2>
   203 00003CBA C3C341403C3C3C003C- <2>     db 0xc3,0xc3,0x41,0x40,0x3c,0x3c,0x3c,0x00,0x3c,0x3c,0x28,0x20,0xc1,0xc3,0xc3,0x00
   203 00003CC3 3C2820C1C3C300      <2>
   204 00003CCA C3C34040383C3C003C- <2>     db 0xc3,0xc3,0x40,0x40,0x38,0x3c,0x3c,0x00,0x3c,0x3c,0x20,0x20,0xc1,0xc3,0xc3,0x42
   204 00003CD3 3C2020C1C3C342      <2>
   205 00003CDA C3C34040383C3C003C- <2>     db 0xc3,0xc3,0x40,0x40,0x38,0x3c,0x3c,0x00,0x3c,0x3c,0x20,0x20,0xc1,0xc3,0xc3,0x00
   205 00003CE3 3C2020C1C3C300      <2>
   206 00003CEA C3C14040383C3C243C- <2>     db 0xc3,0xc1,0x40,0x40,0x38,0x3c,0x3c,0x24,0x3c,0x1c,0x20,0x20,0xc1,0xc3,0xc3,0xc3
   206 00003CF3 1C2020C1C3C3C3      <2>
   207 00003CFA C3C34040383C3C243C- <2>     db 0xc3,0xc3,0x40,0x40,0x38,0x3c,0x3c,0x24,0x3c,0x00,0x20,0x20,0xc1,0xc3,0xc3,0xc3
   207 00003D03 002020C1C3C3C3      <2>
   208 00003D0A C3004040383C3C3C3C- <2>     db 0xc3,0x00,0x40,0x40,0x38,0x3c,0x3c,0x3c,0x3c,0x00,0x20,0x20,0xc1,0xc3,0xc3,0xc3
   208 00003D13 002020C1C3C3C3      <2>
   209 00003D1A C3004040383C3C3C3C- <2>     db 0xc3,0x00,0x40,0x40,0x38,0x3c,0x3c,0x3c,0x3c,0x00,0x20,0x20,0xc1,0xc3,0xc3,0xc3
   209 00003D23 002020C1C3C3C3      <2>
   210 00003D2A C3004040383C3C3C3C- <2>     db 0xc3,0x00,0x40,0x40,0x38,0x3c,0x3c,0x3c,0x3c,0x00,0x20,0x20,0xc1,0xc3,0xc3,0xc3
   210 00003D33 002020C1C3C3C3      <2>
   211 00003D3A C3004040383C3C3C3C- <2>     db 0xc3,0x00,0x40,0x40,0x38,0x3c,0x3c,0x3c,0x3c,0x00,0x20,0x20,0xc1,0xc3,0xc3,0xc3
   211 00003D43 002020C1C3C3C3      <2>
   212 00003D4A C3004040383C3C3C3C- <2>     db 0xc3,0x00,0x40,0x40,0x38,0x3c,0x3c,0x3c,0x3c,0x00,0x20,0x20,0xc1,0xc3,0xc3,0xc3
   212 00003D53 002020C1C3C3C3      <2>
   213 00003D5A C3004040383C3C3C3C- <2>     db 0xc3,0x00,0x40,0x40,0x38,0x3c,0x3c,0x3c,0x3c,0x00,0x20,0x20,0xc1,0xc3,0xc3,0xc3
   213 00003D63 002020C1C3C3C3      <2>
   214 00003D6A C2404040383C3C3C04- <2>     db 0xc2,0x40,0x40,0x40,0x38,0x3c,0x3c,0x3c,0x04,0x20,0x20,0x20,0xc1,0xc3,0xc3,0xc3
   214 00003D73 202020C1C3C3C3      <2>
   215 00003D7A 02404040383C3C3C04- <2>     db 0x02,0x40,0x40,0x40,0x38,0x3c,0x3c,0x3c,0x04,0x20,0x20,0x20,0xc1,0xc3,0xc3,0xc3
   215 00003D83 202020C1C3C3C3      <2>
   216 00003D8A 02404040383C3C3C00- <2>     db 0x02,0x40,0x40,0x40,0x38,0x3c,0x3c,0x3c,0x00,0x00,0x20,0x20,0xc1,0xc3,0xc3,0xc3
   216 00003D93 002020C1C3C3C3      <2>
   217 00003D9A 00404040383C3C3C00- <2>     db 0x00,0x40,0x40,0x40,0x38,0x3c,0x3c,0x3c,0x00,0x00,0x20,0x20,0xc1,0xc3,0xc3,0xc3
   217 00003DA3 002020C1C3C3C3      <2>
   218 00003DAA 00404040383C3C3C00- <2>     db 0x00,0x40,0x40,0x40,0x38,0x3c,0x3c,0x3c,0x00,0x20,0x20,0x20,0xc1,0xc3,0xc3,0xc3
   218 00003DB3 202020C1C3C3C3      <2>
   219 00003DBA 00404040383C003C00- <2>     db 0x00,0x40,0x40,0x40,0x38,0x3c,0x00,0x3c,0x00,0x20,0x20,0x20,0xc1,0xc3,0xc3,0xc3
   219 00003DC3 202020C1C3C3C3      <2>
   220 00003DCA 00404040383C003C00- <2>     db 0x00,0x40,0x40,0x40,0x38,0x3c,0x00,0x3c,0x00,0x20,0x20,0x20,0xc1,0xc3,0x02,0xc3
   220 00003DD3 202020C1C302C3      <2>
   221 00003DDA 00404040383C003C00- <2>     db 0x00,0x40,0x40,0x40,0x38,0x3c,0x00,0x3c,0x00,0x20,0x20,0x20,0xc1,0xc3,0x00,0xc3
   221 00003DE3 202020C1C300C3      <2>
   222 00003DEA 00404040383C041C00- <2>     db 0x00,0x40,0x40,0x40,0x38,0x3c,0x04,0x1c,0x00,0x20,0x20,0x20,0xe1,0xc3,0xc3,0xc3
   222 00003DF3 202020E1C3C3C3      <2>
   223 00003DFA 00404040383C240400- <2>     db 0x00,0x40,0x40,0x40,0x38,0x3c,0x24,0x04,0x00,0x20,0x20,0x20,0xc1,0xc3,0xc3,0x02
   223 00003E03 202020C1C3C302      <2>
   224 00003E0A 00404040783C3C0000- <2>     db 0x00,0x40,0x40,0x40,0x78,0x3c,0x3c,0x00,0x00,0x20,0x20,0x20,0xc1,0xc3,0xc3,0x00
   224 00003E13 202020C1C3C300      <2>
   225 00003E1A 20404040783C3C0000- <2>     db 0x20,0x40,0x40,0x40,0x78,0x3c,0x3c,0x00,0x00,0x20,0x20,0x20,0xe1,0xc3,0xc3,0x20
   225 00003E23 202020E1C3C320      <2>
   226 00003E2A 2040404078383C4000- <2>     db 0x20,0x40,0x40,0x40,0x78,0x38,0x3c,0x40,0x00,0x20,0x20,0x20,0xe1,0xc1,0xc3,0x20
   226 00003E33 202020E1C1C320      <2>
   227 00003E3A 20404040783C384000- <2>     db 0x20,0x40,0x40,0x40,0x78,0x3c,0x38,0x40,0x00,0x20,0x20,0x20,0xc1,0xc1,0xc3,0x20
   227 00003E43 202020C1C1C320      <2>
   228 00003E4A 004040407878784040- <2>     db 0x00,0x40,0x40,0x40,0x78,0x78,0x78,0x40,0x40,0x20,0x20,0x20,0xe1,0xe1,0xe1,0x20
   228 00003E53 202020E1E1E120      <2>
   229 00003E5A 00404040783C384000- <2>     db 0x00,0x40,0x40,0x40,0x78,0x3c,0x38,0x40,0x00,0x20,0x20,0x20,0xe1,0xe1,0xc1,0x20
   229 00003E63 202020E1E1C120      <2>
   230 00003E6A 004040407878384000- <2>     db 0x00,0x40,0x40,0x40,0x78,0x78,0x38,0x40,0x00,0x20,0x20,0x60,0xe1,0xc1,0xe1,0x20
   230 00003E73 202060E1C1E120      <2>
   231 00003E7A 204040407838784000- <2>     db 0x20,0x40,0x40,0x40,0x78,0x38,0x78,0x40,0x00,0x20,0x20,0x21,0xe1,0xc1,0xe1,0x00
   231 00003E83 202021E1C1E100      <2>
   232 00003E8A 204040707878784000- <2>     db 0x20,0x40,0x40,0x70,0x78,0x78,0x78,0x40,0x00,0x20,0x20,0xa0,0xe1,0xe1,0xe1,0x20
   232 00003E93 2020A0E1E1E120      <2>
   233 00003E9A 404040687860780000- <2>     db 0x40,0x40,0x40,0x68,0x78,0x60,0x78,0x00,0x00,0x20,0x20,0xe1,0xe1,0xe1,0xe1,0x20
   233 00003EA3 2020E1E1E1E120      <2>
   234 00003EAA 404040407878404020- <2>     db 0x40,0x40,0x40,0x40,0x78,0x78,0x40,0x40,0x20,0x20,0x20,0xe1,0xe1,0xe1,0xa1,0x20
   234 00003EB3 2020E1E1E1A120      <2>
   235 00003EBA 404040787840400020- <2>     db 0x40,0x40,0x40,0x78,0x78,0x40,0x40,0x00,0x20,0x20,0x20,0xe1,0xe1,0x20,0x21,0x00
   235 00003EC3 2020E1E1202100      <2>
   236 00003ECA 604040707800404060- <2>     db 0x60,0x40,0x40,0x70,0x78,0x00,0x40,0x40,0x60,0x20,0x20,0xe1,0xe1,0x81,0x20,0x20
   236 00003ED3 2020E1E1812020      <2>
   237 00003EDA 604040787878404060- <2>     db 0x60,0x40,0x40,0x78,0x78,0x78,0x40,0x40,0x60,0x20,0x20,0xe1,0xe1,0xe1,0x20,0x20
   237 00003EE3 2020E1E1E12020      <2>
   238 00003EEA 604040787878404060- <2>     db 0x60,0x40,0x40,0x78,0x78,0x78,0x40,0x40,0x60,0x20,0x20,0xe1,0xe1,0xe1,0x20,0x20
   238 00003EF3 2020E1E1E12020      <2>
   239 00003EFA 604040787878404020- <2>     db 0x60,0x40,0x40,0x78,0x78,0x78,0x40,0x40,0x20,0x20,0x20,0xe1,0xe1,0xe1,0x20,0x20
   239 00003F03 2020E1E1E12020      <2>
   240 00003F0A 604040787878404060- <2>     db 0x60,0x40,0x40,0x78,0x78,0x78,0x40,0x40,0x60,0x20,0x20,0xe1,0xe1,0xe1,0x20,0x20
   240 00003F13 2020E1E1E12020      <2>
   241 00003F1A 604040787878404020- <2>     db 0x60,0x40,0x40,0x78,0x78,0x78,0x40,0x40,0x20,0x20,0x20,0xe1,0xe1,0xe1,0x20,0x20
   241 00003F23 2020E1E1E12020      <2>
   242 00003F2A 604040787878404060- <2>     db 0x60,0x40,0x40,0x78,0x78,0x78,0x40,0x40,0x60,0x20,0x20,0xe1,0xe1,0xe1,0x20,0x20
   242 00003F33 2020E1E1E12020      <2>
   243 00003F3A 604040787878404020- <2>     db 0x60,0x40,0x40,0x78,0x78,0x78,0x40,0x40,0x20,0x20,0x20,0xe1,0xe1,0xe1,0x20,0x20
   243 00003F43 2020E1E1E12020      <2>
   244 00003F4A 604040787878404020- <2>     db 0x60,0x40,0x40,0x78,0x78,0x78,0x40,0x40,0x20,0x20,0x20,0xe1,0xe1,0xe1,0x20,0x20
   244 00003F53 2020E1E1E12020      <2>
   245 00003F5A 404040787878404020- <2>     db 0x40,0x40,0x40,0x78,0x78,0x78,0x40,0x40,0x20,0x20,0x20,0xe1,0xe1,0x60,0x20,0x20
   245 00003F63 2020E1E1602020      <2>
   246 00003F6A 604040787878404020- <2>     db 0x60,0x40,0x40,0x78,0x78,0x78,0x40,0x40,0x20,0x20,0x20,0xe1,0xe1,0x60,0x20,0x20
   246 00003F73 2020E1E1602020      <2>
   247 00003F7A 404040787858404020- <2>     db 0x40,0x40,0x40,0x78,0x78,0x58,0x40,0x40,0x20,0x20,0x20,0xe1,0xe1,0x61,0x20,0x20
   247 00003F83 2020E1E1612020      <2>
   248 00003F8A 604040787840404020- <2>     db 0x60,0x40,0x40,0x78,0x78,0x40,0x40,0x40,0x20,0x20,0x20,0xe1,0xe1,0x20,0x20,0x60
   248 00003F93 2020E1E1202060      <2>
   249 00003F9A 404040787840404020- <2>     db 0x40,0x40,0x40,0x78,0x78,0x40,0x40,0x40,0x20,0x20,0x20,0xe1,0xe1,0x20,0x20,0x40
   249 00003FA3 2020E1E1202040      <2>
   250 00003FAA 604040787840406020- <2>     db 0x60,0x40,0x40,0x78,0x78,0x40,0x40,0x60,0x20,0x20,0x20,0xe1,0xe1,0x20,0x20,0x60
   250 00003FB3 2020E1E1202060      <2>
   251 00003FBA 404000780040406020- <2>     db 0x40,0x40,0x00,0x78,0x00,0x40,0x40,0x60,0x20,0x20,0x20,0xe1,0xe1,0x20,0x20,0x40
   251 00003FC3 2020E1E1202040      <2>
   252 00003FCA 404000783840402020- <2>     db 0x40,0x40,0x00,0x78,0x38,0x40,0x40,0x20,0x20,0x20,0x20,0xe1,0xc1,0x20,0x20,0x40
   252 00003FD3 2020E1C1202040      <2>
   253 00003FDA 404040787840406020- <2>     db 0x40,0x40,0x40,0x78,0x78,0x40,0x40,0x60,0x20,0x20,0x20,0xe1,0x81,0x20,0x20,0x40
   253 00003FE3 2020E181202040      <2>
   254 00003FEA 404040787840406020- <2>     db 0x40,0x40,0x40,0x78,0x78,0x40,0x40,0x60,0x20,0x20,0x20,0xe1,0xe1,0x20,0x20,0x60
   254 00003FF3 2020E1E1202060      <2>
   255 00003FFA 404000787840406020- <2>     db 0x40,0x40,0x00,0x78,0x78,0x40,0x40,0x60,0x20,0x20,0x20,0xe1,0xe1,0x20,0x20,0x60
   255 00004003 2020E1E1202060      <2>
   256 0000400A 404018787840406020- <2>     db 0x40,0x40,0x18,0x78,0x78,0x40,0x40,0x60,0x20,0x20,0x20,0xe1,0xe1,0x20,0x20,0x60
   256 00004013 2020E1E1202060      <2>
   257 0000401A 404000787840402020- <2>     db 0x40,0x40,0x00,0x78,0x78,0x40,0x40,0x20,0x20,0x20,0x81,0xe1,0xe1,0x20,0x20,0x60
   257 00004023 2081E1E1202060      <2>
   258 0000402A 404018787840402020- <2>     db 0x40,0x40,0x18,0x78,0x78,0x40,0x40,0x20,0x20,0x20,0xa1,0xe1,0xe1,0x20,0x20,0x60
   258 00004033 20A1E1E1202060      <2>
   259 0000403A 404078787840402020- <2>     db 0x40,0x40,0x78,0x78,0x78,0x40,0x40,0x20,0x20,0x20,0xe1,0xe1,0xe1,0x20,0x20,0x60
   259 00004043 20E1E1E1202060      <2>
   260 0000404A 400078785840402020- <2>     db 0x40,0x00,0x78,0x78,0x58,0x40,0x40,0x20,0x20,0x20,0xe1,0xe1,0x41,0x20,0x20,0x60
   260 00004053 20E1E141202060      <2>
   261 0000405A 400078780040402020- <2>     db 0x40,0x00,0x78,0x78,0x00,0x40,0x40,0x20,0x20,0x00,0xe1,0xe1,0x60,0x20,0x20,0x60
   261 00004063 00E1E160202060      <2>
   262 0000406A 404078780040402020- <2>     db 0x40,0x40,0x78,0x78,0x00,0x40,0x40,0x20,0x20,0x20,0xe1,0xe1,0x20,0x20,0x20,0x60
   262 00004073 20E1E120202060      <2>
   263 0000407A 404078780040402020- <2>     db 0x40,0x40,0x78,0x78,0x00,0x40,0x40,0x20,0x20,0x20,0xe1,0xe1,0x00,0x20,0x20,0x60
   263 00004083 20E1E100202060      <2>
   264 0000408A 404078780040606020- <2>     db 0x40,0x40,0x78,0x78,0x00,0x40,0x60,0x60,0x20,0x20,0xe1,0xe1,0x00,0x20,0x20,0x60
   264 00004093 20E1E100202060      <2>
   265 0000409A 404078780040606020- <2>     db 0x40,0x40,0x78,0x78,0x00,0x40,0x60,0x60,0x20,0x20,0xe1,0xe1,0x00,0x20,0x60,0x60
   265 000040A3 20E1E100206060      <2>
   266 000040AA 404078780040606020- <2>     db 0x40,0x40,0x78,0x78,0x00,0x40,0x60,0x60,0x20,0x00,0xe1,0xe1,0x00,0x20,0x60,0x60
   266 000040B3 00E1E100206060      <2>
   267 000040BA 404078600040606020- <2>     db 0x40,0x40,0x78,0x60,0x00,0x40,0x60,0x60,0x20,0x00,0xe1,0x81,0x00,0x20,0x60,0x60
   267 000040C3 00E18100206060      <2>
   268 000040CA 404078380040602020- <2>     db 0x40,0x40,0x78,0x38,0x00,0x40,0x60,0x20,0x20,0x00,0xe1,0xc1,0x00,0x20,0x60,0x40
   268 000040D3 00E1C100206040      <2>
   269 000040DA 400078400040602020- <2>     db 0x40,0x00,0x78,0x40,0x00,0x40,0x60,0x20,0x20,0x00,0xe1,0xe1,0x00,0x20,0x60,0x40
   269 000040E3 00E1E100206040      <2>
   270 000040EA 400078780040606000- <2>     db 0x40,0x00,0x78,0x78,0x00,0x40,0x60,0x60,0x00,0x00,0xe1,0xe1,0x00,0x20,0x60,0x60
   270 000040F3 00E1E100206060      <2>
   271 000040FA 000078780040602020- <2>     db 0x00,0x00,0x78,0x78,0x00,0x40,0x60,0x20,0x20,0x00,0xe1,0xe1,0x00,0x20,0x60,0x60
   271 00004103 00E1E100206060      <2>
   272 0000410A 000078780040602000- <2>     db 0x00,0x00,0x78,0x78,0x00,0x40,0x60,0x20,0x00,0x00,0xe1,0xe1,0x00,0x20,0x60,0x40
   272 00004113 00E1E100206040      <2>
   273 0000411A 400078780040602020- <2>     db 0x40,0x00,0x78,0x78,0x00,0x40,0x60,0x20,0x20,0x00,0xe1,0xe1,0x00,0x20,0x60,0x40
   273 00004123 00E1E100206040      <2>
   274 0000412A 400078780040602020- <2>     db 0x40,0x00,0x78,0x78,0x00,0x40,0x60,0x20,0x20,0x00,0xe1,0x60,0x00,0x20,0x60,0x40
   274 00004133 00E16000206040      <2>
   275 0000413A 400078384040602020- <2>     db 0x40,0x00,0x78,0x38,0x40,0x40,0x60,0x20,0x20,0x00,0xe1,0x00,0x00,0x20,0x60,0x40
   275 00004143 00E10000206040      <2>
   276 0000414A 400078784040602020- <2>     db 0x40,0x00,0x78,0x78,0x40,0x40,0x60,0x20,0x20,0x00,0xe1,0x01,0x00,0x20,0x60,0x40
   276 00004153 00E10100206040      <2>
   277 0000415A 407878004040602020- <2>     db 0x40,0x78,0x78,0x00,0x40,0x40,0x60,0x20,0x20,0x60,0xe1,0x01,0x20,0x20,0x60,0x40
   277 00004163 60E10120206040      <2>
   278 0000416A 002078004040602000- <2>     db 0x00,0x20,0x78,0x00,0x40,0x40,0x60,0x20,0x00,0xe1,0xe1,0x00,0x20,0x20,0x60,0x40
   278 00004173 E1E10020206040      <2>
   279 0000417A 407878004040202000- <2>     db 0x40,0x78,0x78,0x00,0x40,0x40,0x20,0x20,0x00,0xe1,0xe1,0x00,0x20,0x60,0x60,0x40
   279 00004183 E1E10020606040      <2>
   280 0000418A 007878004060602000- <2>     db 0x00,0x78,0x78,0x00,0x40,0x60,0x60,0x20,0x00,0xe1,0xe1,0x00,0x20,0x60,0x60,0x40
   280 00004193 E1E10020606040      <2>
   281 0000419A 007878004060602000- <2>     db 0x00,0x78,0x78,0x00,0x40,0x60,0x60,0x20,0x00,0xe1,0xe1,0x00,0x20,0x60,0x60,0x40
   281 000041A3 E1E10020606040      <2>
   282 000041AA 007878004060202000- <2>     db 0x00,0x78,0x78,0x00,0x40,0x60,0x20,0x20,0x00,0xe1,0xe1,0x00,0x20,0x60,0x40,0x40
   282 000041B3 E1E10020604040      <2>
   283 000041BA 007878004060202000- <2>     db 0x00,0x78,0x78,0x00,0x40,0x60,0x20,0x20,0x00,0xe1,0xe1,0x00,0x20,0x60,0x40,0x40
   283 000041C3 E1E10020604040      <2>
   284 000041CA 807840004060602000- <2>     db 0x80,0x78,0x40,0x00,0x40,0x60,0x60,0x20,0x00,0xe1,0xc1,0x00,0x20,0x60,0x60,0x40
   284 000041D3 E1C10020606040      <2>
   285 000041DA 007800004060202000- <2>     db 0x00,0x78,0x00,0x00,0x40,0x60,0x20,0x20,0x00,0xe1,0x81,0x00,0x20,0x60,0x60,0x40
   285 000041E3 E1810020606040      <2>
   286 000041EA 007878004060602000- <2>     db 0x00,0x78,0x78,0x00,0x40,0x60,0x60,0x20,0x00,0xe1,0xe1,0x00,0x20,0x60,0x60,0x40
   286 000041F3 E1E10020606040      <2>
   287 000041FA 007878004060602000- <2>     db 0x00,0x78,0x78,0x00,0x40,0x60,0x60,0x20,0x00,0xe1,0xe1,0x00,0x20,0x60,0x60,0x40
   287 00004203 E1E10020606040      <2>
   288 0000420A 807878004060602000- <2>     db 0x80,0x78,0x78,0x00,0x40,0x60,0x60,0x20,0x00,0xe1,0xe1,0x00,0x20,0x60,0x60,0x40
   288 00004213 E1E10020606040      <2>
   289 0000421A 807878004060600000- <2>     db 0x80,0x78,0x78,0x00,0x40,0x60,0x60,0x00,0x00,0xe1,0xe1,0x00,0x20,0x60,0x60,0xc0
   289 00004223 E1E100206060C0      <2>
   290 0000422A 807868004060601010- <2>     db 0x80,0x78,0x68,0x00,0x40,0x60,0x60,0x10,0x10,0xe1,0x61,0x00,0x20,0x60,0x60,0xc0
   290 00004233 E16100206060C0      <2>
   291 0000423A 807028004060201010- <2>     db 0x80,0x70,0x28,0x00,0x40,0x60,0x20,0x10,0x10,0xe1,0x01,0x00,0x20,0x60,0x40,0xc0
   291 00004243 E10100206040C0      <2>
   292 0000424A 807000004060201010- <2>     db 0x80,0x70,0x00,0x00,0x40,0x60,0x20,0x10,0x10,0xe1,0x01,0x00,0x60,0x60,0x40,0xc0
   292 00004253 E10100606040C0      <2>
   293 0000425A 807800004060201010- <2>     db 0x80,0x78,0x00,0x00,0x40,0x60,0x20,0x10,0x10,0xe1,0x00,0x00,0x60,0x60,0x40,0x80
   293 00004263 E1000060604080      <2>
   294 0000426A 90F800004060301010- <2>     db 0x90,0xf8,0x00,0x00,0x40,0x60,0x30,0x10,0x10,0xe1,0x10,0x00,0x60,0x60,0xc0,0x80
   294 00004273 E110006060C080      <2>
   295 0000427A 80F000004060301010- <2>     db 0x80,0xf0,0x00,0x00,0x40,0x60,0x30,0x10,0x10,0xe0,0x00,0x00,0x60,0x60,0xc0,0x80
   295 00004283 E000006060C080      <2>
   296 0000428A F0F000006060201090- <2>     db 0xf0,0xf0,0x00,0x00,0x60,0x60,0x20,0x10,0x90,0xf0,0x00,0x00,0x60,0x60,0xc0,0x80
   296 00004293 F000006060C080      <2>
   297 0000429A F0F0800060601010F0- <2>     db 0xf0,0xf0,0x80,0x00,0x60,0x60,0x10,0x10,0xf0,0xf0,0x00,0x20,0x60,0x60,0xc0,0x80
   297 000042A3 F000206060C080      <2>
   298 000042AA F0F08080E0601010F0- <2>     db 0xf0,0xf0,0x80,0x80,0xe0,0x60,0x10,0x10,0xf0,0xf0,0x10,0x10,0x60,0x60,0x80,0x80
   298 000042B3 F0101060608080      <2>
   299 000042BA F09080C060601010F0- <2>     db 0xf0,0x90,0x80,0xc0,0x60,0x60,0x10,0x10,0xf0,0x90,0x10,0x30,0x60,0xe0,0x80,0x80
   299 000042C3 90103060E08080      <2>
   300 000042CA F0C080C0E0303010F0- <2>     db 0xf0,0xc0,0x80,0xc0,0xe0,0x30,0x30,0x10,0xf0,0xd0,0x10,0x30,0x60,0xe0,0x40,0x00
   300 000042D3 D0103060E04000      <2>
   301 000042DA F0F080C060603010F0- <2>     db 0xf0,0xf0,0x80,0xc0,0x60,0x60,0x30,0x10,0xf0,0xf0,0x10,0x30,0x60,0xe0,0x40,0x00
   301 000042E3 F0103060E04000      <2>
   302 000042EA F0F080C0E0603010F0- <2>     db 0xf0,0xf0,0x80,0xc0,0xe0,0x60,0x30,0x10,0xf0,0xf0,0x10,0x30,0x70,0xe0,0xc0,0x00
   302 000042F3 F0103070E0C000      <2>
   303 000042FA F0F080C0E0703000F0- <2>     db 0xf0,0xf0,0x80,0xc0,0xe0,0x70,0x30,0x00,0xf0,0xf0,0x10,0x30,0x70,0xe0,0x80,0x00
   303 00004303 F0103070E08000      <2>
   304 0000430A F0F080C0E0701010F0- <2>     db 0xf0,0xf0,0x80,0xc0,0xe0,0x70,0x10,0x10,0xf0,0xf0,0x10,0x30,0x70,0xe0,0x80,0x80
   304 00004313 F0103070E08080      <2>
   305 0000431A F0F080C060701010F0- <2>     db 0xf0,0xf0,0x80,0xc0,0x60,0x70,0x10,0x10,0xf0,0xf0,0x10,0x30,0x60,0xe0,0x80,0x80
   305 00004323 F0103060E08080      <2>
   306 0000432A F0F080C0E0701000F0- <2>     db 0xf0,0xf0,0x80,0xc0,0xe0,0x70,0x10,0x00,0xf0,0x90,0x10,0x30,0x60,0xe0,0x80,0x80
   306 00004333 90103060E08080      <2>
   307 0000433A F09080C0F0701000F0- <2>     db 0xf0,0x90,0x80,0xc0,0xf0,0x70,0x10,0x00,0xf0,0x90,0x10,0x70,0x70,0xe0,0x80,0x00
   307 00004343 90107070E08000      <2>
   308 0000434A F00080C070701000F0- <2>     db 0xf0,0x00,0x80,0xc0,0x70,0x70,0x10,0x00,0xf0,0x00,0x10,0x70,0xf0,0x60,0x00,0x00
   308 00004353 001070F0600000      <2>
   309 0000435A F00080E0F0301000F0- <2>     db 0xf0,0x00,0x80,0xe0,0xf0,0x30,0x10,0x00,0xf0,0x00,0x10,0x70,0xe0,0xe0,0x80,0x00
   309 00004363 001070E0E08000      <2>
   310 0000436A F00080E0F0301000F0- <2>     db 0xf0,0x00,0x80,0xe0,0xf0,0x30,0x10,0x00,0xf0,0x00,0x10,0x70,0xf0,0xa0,0x80,0x00
   310 00004373 001070F0A08000      <2>
   311 0000437A F00080E070301000F0- <2>     db 0xf0,0x00,0x80,0xe0,0x70,0x30,0x10,0x00,0xf0,0x00,0x10,0x70,0xf0,0xe0,0x80,0x00
   311 00004383 001070F0E08000      <2>
   312 0000438A F00080E0703000E0F0- <2>     db 0xf0,0x00,0x80,0xe0,0x70,0x30,0x00,0xe0,0xf0,0x00,0x10,0x70,0xf0,0xc0,0x00,0x80
   312 00004393 001070F0C00080      <2>
   313 0000439A F00080E0F03000F0F0- <2>     db 0xf0,0x00,0x80,0xe0,0xf0,0x30,0x00,0xf0,0xf0,0x00,0x10,0x70,0xf0,0xc0,0x00,0xf0
   313 000043A3 001070F0C000F0      <2>
   314 000043AA F00080E0703000F0F0- <2>     db 0xf0,0x00,0x80,0xe0,0x70,0x30,0x00,0xf0,0xf0,0x00,0x10,0xf0,0xe0,0xc0,0x00,0xf0
   314 000043B3 0010F0E0C000F0      <2>
   315 000043BA C00080E0F02000F0F0- <2>     db 0xc0,0x00,0x80,0xe0,0xf0,0x20,0x00,0xf0,0xf0,0x00,0x10,0xf0,0xe0,0xc0,0x00,0xf0
   315 000043C3 0010F0E0C000F0      <2>
   316 000043CA 300000F0F00000F0E0- <2>     db 0x30,0x00,0x00,0xf0,0xf0,0x00,0x00,0xf0,0xe0,0x00,0x00,0xf0,0xf0,0x80,0x00,0xf0
   316 000043D3 0000F0F08000F0      <2>
   317 000043DA F00080F0701000F080- <2>     db 0xf0,0x00,0x80,0xf0,0x70,0x10,0x00,0xf0,0x80,0x00,0x10,0xe0,0xe0,0x00,0x00,0xf0
   317 000043E3 0010E0E00000F0      <2>
   318 000043EA F00080F0700000F0F0- <2>     db 0xf0,0x00,0x80,0xf0,0x70,0x00,0x00,0xf0,0xf0,0x00,0x10,0xf0,0xe0,0x00,0x00,0xf0
   318 000043F3 0010F0E00000F0      <2>
   319 000043FA F00080F0F01000F0F0- <2>     db 0xf0,0x00,0x80,0xf0,0xf0,0x10,0x00,0xf0,0xf0,0x00,0x10,0xf0,0xf0,0x00,0x00,0xf0
   319 00004403 0010F0F00000F0      <2>
   320 0000440A F00000F0F00000F0F0- <2>     db 0xf0,0x00,0x00,0xf0,0xf0,0x00,0x00,0xf0,0xf0,0x00,0x10,0xe0,0xe0,0x80,0x00,0xf0
   320 00004413 0010E0E08000F0      <2>
   321 0000441A E000A0F0700000F0F0- <2>     db 0xe0,0x00,0xa0,0xf0,0x70,0x00,0x00,0xf0,0xf0,0x00,0x70,0xe0,0xe0,0x00,0x00,0xf0
   321 00004423 0070E0E00000F0      <2>
   322 0000442A 9000A0E0E00000F090- <2>     db 0x90,0x00,0xa0,0xe0,0xe0,0x00,0x00,0xf0,0x90,0x00,0xe0,0xe0,0xe0,0x00,0x00,0xf0
   322 00004433 00E0E0E00000F0      <2>
   323 0000443A 8000F0F0600000F000- <2>     db 0x80,0x00,0xf0,0xf0,0x60,0x00,0x00,0xf0,0x00,0x00,0xf0,0xf0,0x60,0x00,0x00,0xf0
   323 00004443 00F0F0600000F0      <2>
   324 0000444A 0000F0F0000000F000- <2>     db 0x00,0x00,0xf0,0xf0,0x00,0x00,0x00,0xf0,0x00,0x00,0xf0,0xf0,0x00,0x00,0x00,0xf0
   324 00004453 00F0F0000000F0      <2>
   325 0000445A 0000F0F0600000F000- <2>     db 0x00,0x00,0xf0,0xf0,0x60,0x00,0x00,0xf0,0x00,0x00,0xf0,0xf0,0x60,0x00,0x00,0xf0
   325 00004463 00F0F0600000F0      <2>
   326 0000446A 0000F0F0700000F000- <2>     db 0x00,0x00,0xf0,0xf0,0x70,0x00,0x00,0xf0,0x00,0x00,0xf0,0xf0,0x70,0x00,0x00,0xf0
   326 00004473 00F0F0700000F0      <2>
   327 0000447A 0000F0F0600000F000- <2>     db 0x00,0x00,0xf0,0xf0,0x60,0x00,0x00,0xf0,0x00,0x00,0xf0,0xf0,0x60,0x00,0x00,0xf0
   327 00004483 00F0F0600000F0      <2>
   328 0000448A 0000F0F0600020F000- <2>     db 0x00,0x00,0xf0,0xf0,0x60,0x00,0x20,0xf0,0x00,0x00,0x60,0x70,0x70,0x00,0x10,0xf0
   328 00004493 006070700010F0      <2>
   329 0000449A 0000F0F08000B0F000- <2>     db 0x00,0x00,0xf0,0xf0,0x80,0x00,0xb0,0xf0,0x00,0x00,0x70,0x70,0x70,0x00,0xf0,0xf0
   329 000044A3 0070707000F0F0      <2>
   330 000044AA 0010F0F08000F0F000- <2>     db 0x00,0x10,0xf0,0xf0,0x80,0x00,0xf0,0xf0,0x00,0x80,0xe0,0xf0,0x50,0x00,0xf0,0xf0
   330 000044B3 80E0F05000F0F0      <2>
   331 000044BA 0010F0E08000F08000- <2>     db 0x00,0x10,0xf0,0xe0,0x80,0x00,0xf0,0x80,0x00,0x80,0xf0,0xf0,0x10,0x00,0xf0,0xf0
   331 000044C3 80F0F01000F0F0      <2>
   332 000044CA 0010F0F00000F0E000- <2>     db 0x00,0x10,0xf0,0xf0,0x00,0x00,0xf0,0xe0,0x00,0x80,0xf0,0x70,0x00,0x00,0xf0,0x30
   332 000044D3 80F0700000F030      <2>
   333 000044DA 0010F0E08000F0F000- <2>     db 0x00,0x10,0xf0,0xe0,0x80,0x00,0xf0,0xf0,0x00,0x80,0xe0,0x60,0x00,0x00,0xf0,0xc0
   333 000044E3 80E0600000F0C0      <2>
   334 000044EA 0010F0E08000F0F000- <2>     db 0x00,0x10,0xf0,0xe0,0x80,0x00,0xf0,0xf0,0x00,0xc0,0xf0,0x70,0x10,0x00,0xf0,0xf0
   334 000044F3 C0F0701000F0F0      <2>
   335 000044FA 0030F0E08000F0F000- <2>     db 0x00,0x30,0xf0,0xe0,0x80,0x00,0xf0,0xf0,0x00,0xc0,0xe0,0x70,0x10,0x00,0xf0,0xf0
   335 00004503 C0E0701000F0F0      <2>
   336 0000450A 0030F0E08000F0F000- <2>     db 0x00,0x30,0xf0,0xe0,0x80,0x00,0xf0,0xf0,0x00,0xc0,0xe0,0x70,0x10,0x00,0xf0,0xf0
   336 00004513 C0E0701000F0F0      <2>
   337 0000451A 0030F0E08000F0D000- <2>     db 0x00,0x30,0xf0,0xe0,0x80,0x00,0xf0,0xd0,0x00,0x40,0x60,0x70,0x10,0x00,0xf0,0xf0
   337 00004523 4060701000F0F0      <2>
   338 0000452A 1030E0E08000F0C080- <2>     db 0x10,0x30,0xe0,0xe0,0x80,0x00,0xf0,0xc0,0x80,0xc0,0x60,0x30,0x10,0x00,0xf0,0xf0
   338 00004533 C060301000F0F0      <2>
   339 0000453A 103060E08000F08080- <2>     db 0x10,0x30,0x60,0xe0,0x80,0x00,0xf0,0x80,0x80,0x60,0x70,0x70,0x10,0x00,0xf0,0xa0
   339 00004543 6070701000F0A0      <2>
   340 0000454A 1070E0C08000F08080- <2>     db 0x10,0x70,0xe0,0xc0,0x80,0x00,0xf0,0x80,0x80,0xc0,0xf0,0x70,0x10,0x00,0xf0,0x10
   340 00004553 C0F0701000F010      <2>
   341 0000455A 1070E0C08000F00080- <2>     db 0x10,0x70,0xe0,0xc0,0x80,0x00,0xf0,0x00,0x80,0xe0,0xe0,0x70,0x10,0x00,0xf0,0x00
   341 00004563 E0E0701000F000      <2>
   342 0000456A 103060C08000F00000- <2>     db 0x10,0x30,0x60,0xc0,0x80,0x00,0xf0,0x00,0x00,0x60,0x70,0x70,0x10,0x00,0xf0,0x10
   342 00004573 6070701000F010      <2>
   343 0000457A 107060C08020F00000- <2>     db 0x10,0x70,0x60,0xc0,0x80,0x20,0xf0,0x00,0x00,0x60,0x70,0x30,0x10,0x10,0xf0,0x10
   343 00004583 6070301010F010      <2>
   344 0000458A 1070E0C080C0F08080- <2>     db 0x10,0x70,0xe0,0xc0,0x80,0xc0,0xf0,0x80,0x80,0x60,0x60,0x30,0x10,0xc0,0xf0,0x00
   344 00004593 60603010C0F000      <2>
   345 0000459A 1060608080F0F08080- <2>     db 0x10,0x60,0x60,0x80,0x80,0xf0,0xf0,0x80,0x80,0x60,0x60,0x30,0x10,0xf0,0xf0,0x10
   345 000045A3 60603010F0F010      <2>
   346 000045AA 106060C080F0F08080- <2>     db 0x10,0x60,0x60,0xc0,0x80,0xf0,0xf0,0x80,0x80,0xe0,0x70,0x30,0x10,0xf0,0xf0,0x10
   346 000045B3 E0703010F0F010      <2>
   347 000045BA 1070E0C080F0F080C0- <2>     db 0x10,0x70,0xe0,0xc0,0x80,0xf0,0xf0,0x80,0xc0,0xe0,0x60,0x30,0x10,0xf0,0xf0,0x10
   347 000045C3 E0603010F0F010      <2>
   348 000045CA 206060C080F0D080C0- <2>     db 0x20,0x60,0x60,0xc0,0x80,0xf0,0xd0,0x80,0xc0,0xe0,0x60,0x30,0x10,0xf0,0xc0,0x00
   348 000045D3 E0603010F0C000      <2>
   349 000045DA 3060E0C080F0900040- <2>     db 0x30,0x60,0xe0,0xc0,0x80,0xf0,0x90,0x00,0x40,0x60,0x30,0x30,0x10,0xf0,0x80,0x10
   349 000045E3 60303010F08010      <2>
   350 000045EA 206040C080F0F08040- <2>     db 0x20,0x60,0x40,0xc0,0x80,0xf0,0xf0,0x80,0x40,0x60,0x20,0x30,0x10,0xf0,0xe0,0x10
   350 000045F3 60203010F0E010      <2>
   351 000045FA 206040C080F0F080C0- <2>     db 0x20,0x60,0x40,0xc0,0x80,0xf0,0xf0,0x80,0xc0,0x60,0x60,0x30,0x10,0xf0,0xe0,0x10
   351 00004603 60603010F0E010      <2>
   352 0000460A 206060808070F08040- <2>     db 0x20,0x60,0x60,0x80,0x80,0x70,0xf0,0x80,0x40,0x60,0x60,0x10,0x10,0xe0,0xf0,0x00
   352 00004613 60601010E0F000      <2>
   353 0000461A 2060608080F0F00040- <2>     db 0x20,0x60,0x60,0x80,0x80,0xf0,0xf0,0x00,0x40,0x60,0x60,0x10,0x10,0xe0,0xe0,0x00
   353 00004623 60601010E0E000      <2>
   354 0000462A 2060408080F0600040- <2>     db 0x20,0x60,0x40,0x80,0x80,0xf0,0x60,0x00,0x40,0x60,0x60,0x10,0x10,0xe0,0xe0,0x00
   354 00004633 60601010E0E000      <2>
   355 0000463A 206040808070800040- <2>     db 0x20,0x60,0x40,0x80,0x80,0x70,0x80,0x00,0x40,0x60,0x60,0x10,0x10,0xf0,0xc0,0x00
   355 00004643 60601010F0C000      <2>
   356 0000464A 206040008070000040- <2>     db 0x20,0x60,0x40,0x00,0x80,0x70,0x00,0x00,0x40,0x60,0x20,0x00,0x00,0xe0,0x00,0x00
   356 00004653 60200000E00000      <2>
   357 0000465A 206040008078000040- <2>     db 0x20,0x60,0x40,0x00,0x80,0x78,0x00,0x00,0x40,0x60,0x20,0x10,0x10,0xe0,0x00,0x00
   357 00004663 60201010E00000      <2>
   358 0000466A 206040008078000040- <2>     db 0x20,0x60,0x40,0x00,0x80,0x78,0x00,0x00,0x40,0x60,0x20,0x10,0x20,0xe1,0x00,0x00
   358 00004673 60201020E10000      <2>
   359 0000467A 606040008078000060- <2>     db 0x60,0x60,0x40,0x00,0x80,0x78,0x00,0x00,0x60,0x60,0x20,0x10,0xf0,0xe0,0x00,0x00
   359 00004683 602010F0E00000      <2>
   360 0000468A 606040005078000060- <2>     db 0x60,0x60,0x40,0x00,0x50,0x78,0x00,0x00,0x60,0x60,0x20,0x10,0xe0,0xe1,0x00,0x00
   360 00004693 602010E0E10000      <2>
   361 0000469A 606040007078000060- <2>     db 0x60,0x60,0x40,0x00,0x70,0x78,0x00,0x00,0x60,0x60,0x20,0x00,0xe1,0xe1,0x00,0x20
   361 000046A3 602000E1E10020      <2>
   362 000046AA 606040007878004060- <2>     db 0x60,0x60,0x40,0x00,0x78,0x78,0x00,0x40,0x60,0x60,0x20,0x00,0xe1,0xe1,0x00,0x20
   362 000046B3 602000E1E10020      <2>
   363 000046BA 606000007818004060- <2>     db 0x60,0x60,0x00,0x00,0x78,0x18,0x00,0x40,0x60,0x60,0x00,0x00,0xe1,0x81,0x00,0x20
   363 000046C3 600000E1810020      <2>
   364 000046CA 606040007858004060- <2>     db 0x60,0x60,0x40,0x00,0x78,0x58,0x00,0x40,0x60,0x60,0x20,0x00,0xe1,0xc1,0x00,0x20
   364 000046D3 602000E1C10020      <2>
   365 000046DA 604040007878004060- <2>     db 0x60,0x40,0x40,0x00,0x78,0x78,0x00,0x40,0x60,0x60,0x20,0x00,0xe1,0xe1,0x00,0x20
   365 000046E3 602000E1E10020      <2>
   366 000046EA 606000007878004060- <2>     db 0x60,0x60,0x00,0x00,0x78,0x78,0x00,0x40,0x60,0x60,0x00,0x00,0xe1,0xe1,0x00,0x20
   366 000046F3 600000E1E10020      <2>
   367 000046FA 606040007878004060- <2>     db 0x60,0x60,0x40,0x00,0x78,0x78,0x00,0x40,0x60,0x60,0x20,0x00,0xe1,0xe1,0x00,0x20
   367 00004703 602000E1E10020      <2>
   368 0000470A 606040007878004060- <2>     db 0x60,0x60,0x40,0x00,0x78,0x78,0x00,0x40,0x60,0x20,0x20,0x00,0xe1,0xe1,0x00,0x20
   368 00004713 202000E1E10020      <2>
   369 0000471A 604040007878004060- <2>     db 0x60,0x40,0x40,0x00,0x78,0x78,0x00,0x40,0x60,0x60,0x20,0x00,0xe1,0xe1,0x00,0x20
   369 00004723 602000E1E10020      <2>
   370 0000472A 604040007878004060- <2>     db 0x60,0x40,0x40,0x00,0x78,0x78,0x00,0x40,0x60,0x20,0x20,0x00,0xe1,0xe1,0x00,0x20
   370 00004733 202000E1E10020      <2>
   371 0000473A 604040007808004060- <2>     db 0x60,0x40,0x40,0x00,0x78,0x08,0x00,0x40,0x60,0x20,0x20,0x00,0xe1,0x81,0x00,0x20
   371 00004743 202000E1810020      <2>
   372 0000474A 604040007818004060- <2>     db 0x60,0x40,0x40,0x00,0x78,0x18,0x00,0x40,0x60,0x20,0x20,0x00,0xe1,0x61,0x00,0x20
   372 00004753 202000E1610020      <2>
   373 0000475A 604040787800404060- <2>     db 0x60,0x40,0x40,0x78,0x78,0x00,0x40,0x40,0x60,0x20,0x20,0x00,0xe1,0x00,0x20,0x20
   373 00004763 202000E1002020      <2>
   374 0000476A 604040787800404060- <2>     db 0x60,0x40,0x40,0x78,0x78,0x00,0x40,0x40,0x60,0x20,0x00,0xc1,0xe1,0x01,0x20,0x20
   374 00004773 2000C1E1012020      <2>
   375 0000477A 604000787800406060- <2>     db 0x60,0x40,0x00,0x78,0x78,0x00,0x40,0x60,0x60,0x20,0x00,0xe1,0xe1,0x00,0x20,0x20
   375 00004783 2000E1E1002020      <2>
   376 0000478A 404040787800406060- <2>     db 0x40,0x40,0x40,0x78,0x78,0x00,0x40,0x60,0x60,0x20,0x00,0xe1,0xe1,0x00,0x20,0x60
   376 00004793 2000E1E1002060      <2>
   377 0000479A 404000787800406060- <2>     db 0x40,0x40,0x00,0x78,0x78,0x00,0x40,0x60,0x60,0x20,0x20,0xe1,0xe1,0x00,0x20,0x60
   377 000047A3 2020E1E1002060      <2>
   378 000047AA 604000787800406060- <2>     db 0x60,0x40,0x00,0x78,0x78,0x00,0x40,0x60,0x60,0x20,0x00,0xe1,0xe1,0x00,0x20,0x60
   378 000047B3 2000E1E1002060      <2>
   379 000047BA 604000787800406060- <2>     db 0x60,0x40,0x00,0x78,0x78,0x00,0x40,0x60,0x60,0x20,0x00,0xe1,0xc1,0x00,0x20,0x60
   379 000047C3 2000E1C1002060      <2>
   380 000047CA 604000784000406020- <2>     db 0x60,0x40,0x00,0x78,0x40,0x00,0x40,0x60,0x20,0x20,0x00,0xe1,0x20,0x00,0x20,0x60
   380 000047D3 2000E120002060      <2>
   381 000047DA 404000780000406020- <2>     db 0x40,0x40,0x00,0x78,0x00,0x00,0x40,0x60,0x20,0x20,0x00,0xe1,0xe1,0x00,0x20,0x60
   381 000047E3 2000E1E1002060      <2>
   382 000047EA 404000786000406020- <2>     db 0x40,0x40,0x00,0x78,0x60,0x00,0x40,0x60,0x20,0x20,0x00,0xe1,0xe1,0x00,0x20,0x60
   382 000047F3 2000E1E1002060      <2>
   383 000047FA 404000787800406020- <2>     db 0x40,0x40,0x00,0x78,0x78,0x00,0x40,0x60,0x20,0x20,0x00,0xe1,0xe1,0x00,0x20,0x60
   383 00004803 2000E1E1002060      <2>
   384 0000480A 404000787840406020- <2>     db 0x40,0x40,0x00,0x78,0x78,0x40,0x40,0x60,0x20,0x20,0x00,0xe1,0xe1,0x20,0x20,0x60
   384 00004813 2000E1E1202060      <2>
   385 0000481A 404000787840406020- <2>     db 0x40,0x40,0x00,0x78,0x78,0x40,0x40,0x60,0x20,0x20,0x00,0xe1,0xe1,0x20,0x20,0x60
   385 00004823 2000E1E1202060      <2>
   386 0000482A 400010787840406020- <2>     db 0x40,0x00,0x10,0x78,0x78,0x40,0x40,0x60,0x20,0x00,0x00,0xe1,0xe1,0x20,0x20,0x60
   386 00004833 0000E1E1202060      <2>
   387 0000483A 400018785040406020- <2>     db 0x40,0x00,0x18,0x78,0x50,0x40,0x40,0x60,0x20,0x20,0x80,0xe1,0xe1,0x20,0x20,0x60
   387 00004843 2080E1E1202060      <2>
   388 0000484A 404078784040406020- <2>     db 0x40,0x40,0x78,0x78,0x40,0x40,0x40,0x60,0x20,0x00,0xe1,0xe1,0xc1,0x20,0x20,0x40
   388 00004853 00E1E1C1202040      <2>
   389 0000485A 404078786040402020- <2>     db 0x40,0x40,0x78,0x78,0x60,0x40,0x40,0x20,0x20,0x00,0xe1,0xe1,0x80,0x20,0x20,0x40
   389 00004863 00E1E180202040      <2>
   390 0000486A 400078782040406020- <2>     db 0x40,0x00,0x78,0x78,0x20,0x40,0x40,0x60,0x20,0x00,0xe1,0xe1,0x00,0x20,0x20,0x60
   390 00004873 00E1E100202060      <2>
   391 0000487A 400078780040406020- <2>     db 0x40,0x00,0x78,0x78,0x00,0x40,0x40,0x60,0x20,0x00,0xe1,0xe1,0x00,0x20,0x20,0x60
   391 00004883 00E1E100202060      <2>
   392 0000488A 404078780040606020- <2>     db 0x40,0x40,0x78,0x78,0x00,0x40,0x60,0x60,0x20,0x20,0xe1,0xe1,0x00,0x20,0x20,0x60
   392 00004893 20E1E100202060      <2>
   393 0000489A 404078780040606020- <2>     db 0x40,0x40,0x78,0x78,0x00,0x40,0x60,0x60,0x20,0x20,0xe1,0xe1,0x00,0x20,0x20,0x40
   393 000048A3 20E1E100202040      <2>
   394 000048AA 404078604040602020- <2>     db 0x40,0x40,0x78,0x60,0x40,0x40,0x60,0x20,0x20,0x20,0xe1,0xe1,0x00,0x20,0x20,0x40
   394 000048B3 20E1E100202040      <2>
   395 000048BA 400078004040602020- <2>     db 0x40,0x00,0x78,0x00,0x40,0x40,0x60,0x20,0x20,0x20,0xe1,0xe1,0x20,0x20,0x60,0x40
   395 000048C3 20E1E120206040      <2>
   396 000048CA 400078404040202020- <2>     db 0x40,0x00,0x78,0x40,0x40,0x40,0x20,0x20,0x20,0x00,0xe1,0x20,0x20,0x20,0x60,0x40
   396 000048D3 00E12020206040      <2>
   397 000048DA 404078784040202020- <2>     db 0x40,0x40,0x78,0x78,0x40,0x40,0x20,0x20,0x20,0x00,0xe1,0x81,0x20,0x20,0x40,0x40
   397 000048E3 00E18120204040      <2>
   398 000048EA 404078784040202020- <2>     db 0x40,0x40,0x78,0x78,0x40,0x40,0x20,0x20,0x20,0x20,0xe1,0xe1,0x20,0x20,0x40,0x40
   398 000048F3 20E1E120204040      <2>
   399 000048FA 404078784040202020- <2>     db 0x40,0x40,0x78,0x78,0x40,0x40,0x20,0x20,0x20,0x20,0xe1,0xe1,0x20,0x20,0x40,0x40
   399 00004903 20E1E120204040      <2>
   400 0000490A 407878784040602020- <2>     db 0x40,0x78,0x78,0x78,0x40,0x40,0x60,0x20,0x20,0xe1,0xe1,0xe1,0x20,0x20,0x60,0x40
   400 00004913 E1E1E120206040      <2>
   401 0000491A 407878784040602020- <2>     db 0x40,0x78,0x78,0x78,0x40,0x40,0x60,0x20,0x20,0xe1,0xe1,0xe1,0x20,0x20,0x60,0x40
   401 00004923 E1E1E120206040      <2>
   402 0000492A 407878784040602020- <2>     db 0x40,0x78,0x78,0x78,0x40,0x40,0x60,0x20,0x20,0xe1,0xe1,0xe1,0x20,0x20,0x60,0x40
   402 00004933 E1E1E120206040      <2>
   403 0000493A 407878784040602020- <2>     db 0x40,0x78,0x78,0x78,0x40,0x40,0x60,0x20,0x20,0xe1,0xe1,0xe1,0x20,0x20,0x40,0x40
   403 00004943 E1E1E120204040      <2>
   404 0000494A 407878784040202020- <2>     db 0x40,0x78,0x78,0x78,0x40,0x40,0x20,0x20,0x20,0xe1,0xe1,0xe1,0x20,0x20,0x40,0x40
   404 00004953 E1E1E120204040      <2>
   405 0000495A 407878784040202020- <2>     db 0x40,0x78,0x78,0x78,0x40,0x40,0x20,0x20,0x20,0xe1,0xe1,0xe1,0x20,0x20,0x40,0x40
   405 00004963 E1E1E120204040      <2>
   406 0000496A 407878704040602020- <2>     db 0x40,0x78,0x78,0x70,0x40,0x40,0x60,0x20,0x20,0xe1,0xe1,0xe1,0x20,0x00,0x40,0x40
   406 00004973 E1E1E120004040      <2>
   407 0000497A 407878604000202020- <2>     db 0x40,0x78,0x78,0x60,0x40,0x00,0x20,0x20,0x20,0xe1,0xe1,0xe1,0x20,0x00,0x40,0x40
   407 00004983 E1E1E120004040      <2>
   408 0000498A 407878604060202020- <2>     db 0x40,0x78,0x78,0x60,0x40,0x60,0x20,0x20,0x20,0xe1,0xe1,0x61,0x20,0x00,0x40,0x40
   408 00004993 E1E16120004040      <2>
   409 0000499A 407878404060202020- <2>     db 0x40,0x78,0x78,0x40,0x40,0x60,0x20,0x20,0x20,0xe1,0xe1,0x60,0x20,0x00,0x40,0x40
   409 000049A3 E1E16020004040      <2>
   410 000049AA 407878584060202020- <2>     db 0x40,0x78,0x78,0x58,0x40,0x60,0x20,0x20,0x20,0xe1,0xe1,0x20,0x20,0x60,0x40,0x40
   410 000049B3 E1E12020604040      <2>
   411 000049BA 587860404060202020- <2>     db 0x58,0x78,0x60,0x40,0x40,0x60,0x20,0x20,0x20,0xe1,0xe1,0x20,0x20,0x60,0x40,0x40
   411 000049C3 E1E12020604040      <2>
   412 000049CA 7878004040602020E1- <2>     db 0x78,0x78,0x00,0x40,0x40,0x60,0x20,0x20,0xe1,0xe1,0xa1,0x20,0x20,0x60,0x40,0x40
   412 000049D3 E1A12020604040      <2>
   413 000049DA 7878004040602020E1- <2>     db 0x78,0x78,0x00,0x40,0x40,0x60,0x20,0x20,0xe1,0xe1,0xa1,0x20,0x20,0x60,0x40,0x40
   413 000049E3 E1A12020604040      <2>
   414 000049EA 7878784040602020E1- <2>     db 0x78,0x78,0x78,0x40,0x40,0x60,0x20,0x20,0xe1,0xe1,0xe1,0x20,0x20,0x40,0x40,0x40
   414 000049F3 E1E12020404040      <2>
   415 000049FA 7878784000202020E1- <2>     db 0x78,0x78,0x78,0x40,0x00,0x20,0x20,0x20,0xe1,0xe1,0xe1,0x20,0x20,0x40,0x40,0x40
   415 00004A03 E1E12020404040      <2>
   416 00004A0A 7878784040202020E1- <2>     db 0x78,0x78,0x78,0x40,0x40,0x20,0x20,0x20,0xe1,0xe1,0xe1,0x20,0x20,0x40,0x40,0x40
   416 00004A13 E1E12020404040      <2>
   417 00004A1A 7878784040202020E1- <2>     db 0x78,0x78,0x78,0x40,0x40,0x20,0x20,0x20,0xe1,0xe1,0xe1,0x20,0x20,0x40,0x40,0x40
   417 00004A23 E1E12020404040      <2>
   418 00004A2A 7878784040202020E1- <2>     db 0x78,0x78,0x78,0x40,0x40,0x20,0x20,0x20,0xe1,0xe1,0xc1,0x20,0x20,0x40,0x40,0x40
   418 00004A33 E1C12020404040      <2>
   419 00004A3A 7878384040202020E1- <2>     db 0x78,0x78,0x38,0x40,0x40,0x20,0x20,0x20,0xe1,0xe1,0xe1,0x20,0x00,0x40,0x40,0x40
   419 00004A43 E1E12000404040      <2>
   420 00004A4A 7878784000202020E1- <2>     db 0x78,0x78,0x78,0x40,0x00,0x20,0x20,0x20,0xe1,0xc1,0xc1,0x20,0x00,0x40,0x40,0x40
   420 00004A53 C1C12000404040      <2>
   421 00004A5A 7838784000202020E1- <2>     db 0x78,0x38,0x78,0x40,0x00,0x20,0x20,0x20,0xe1,0xc1,0xe1,0x20,0x00,0x40,0x40,0x40
   421 00004A63 C1E12000404040      <2>
   422 00004A6A 783C3C40002020C1E1- <2>     db 0x78,0x3c,0x3c,0x40,0x00,0x20,0x20,0xc1,0xe1,0xc3,0xc1,0x20,0x00,0x40,0x40,0x38
   422 00004A73 C3C12000404038      <2>
   423 00004A7A 783C3C40002020E1E1- <2>     db 0x78,0x3c,0x3c,0x40,0x00,0x20,0x20,0xe1,0xe1,0xc3,0xc1,0x20,0x00,0x40,0x40,0x38
   423 00004A83 C3C12000404038      <2>
   424 00004A8A 7C3C3C00202020E1C1- <2>     db 0x7c,0x3c,0x3c,0x00,0x20,0x20,0x20,0xe1,0xc1,0xc3,0xc3,0x20,0x40,0x40,0x40,0x38
   424 00004A93 C3C32040404038      <2>
   425 00004A9A 783C3C00202020E1C1- <2>     db 0x78,0x3c,0x3c,0x00,0x20,0x20,0x20,0xe1,0xc1,0xc3,0xc3,0x00,0x40,0x40,0x40,0x38
   425 00004AA3 C3C30040404038      <2>
   426 00004AAA 3C3C3400202020C1C3- <2>     db 0x3c,0x3c,0x34,0x00,0x20,0x20,0x20,0xc1,0xc3,0x83,0xc3,0x00,0x40,0x40,0x40,0x38
   426 00004AB3 83C30040404038      <2>
   427 00004ABA 3C043400202020C1C3- <2>     db 0x3c,0x04,0x34,0x00,0x20,0x20,0x20,0xc1,0xc3,0x83,0xc3,0x00,0x40,0x40,0x40,0x38
   427 00004AC3 83C30040404038      <2>
   428 00004ACA 3C183400202020C1C3- <2>     db 0x3c,0x18,0x34,0x00,0x20,0x20,0x20,0xc1,0xc3,0x81,0xc3,0x00,0x40,0x40,0x40,0x38
   428 00004AD3 81C30040404038      <2>
   429 00004ADA 3C3C3C00202020C1C3- <2>     db 0x3c,0x3c,0x3c,0x00,0x20,0x20,0x20,0xc1,0xc3,0xc3,0xc3,0x00,0x40,0x40,0x40,0x38
   429 00004AE3 C3C30040404038      <2>
   430 00004AEA 3C3C3C00202020C1C3- <2>     db 0x3c,0x3c,0x3c,0x00,0x20,0x20,0x20,0xc1,0xc3,0xc3,0xc3,0x00,0x40,0x40,0x50,0x38
   430 00004AF3 C3C30040405038      <2>
   431 00004AFA 3C243400202020C3C3- <2>     db 0x3c,0x24,0x34,0x00,0x20,0x20,0x20,0xc3,0xc3,0xc3,0x83,0x00,0x40,0x40,0x50,0x38
   431 00004B03 C3830040405038      <2>
   432 00004B0A 3C2424002020C1C1C3- <2>     db 0x3c,0x24,0x24,0x00,0x20,0x20,0xc1,0xc1,0xc3,0xc3,0xc3,0x00,0x40,0x40,0x78,0x38
   432 00004B13 C3C30040407838      <2>
   433 00004B1A 3C3C3C002020C1C3C3- <2>     db 0x3c,0x3c,0x3c,0x00,0x20,0x20,0xc1,0xc3,0xc3,0xc3,0xc3,0x00,0x40,0x40,0x38,0x38
   433 00004B23 C3C30040403838      <2>
   434 00004B2A 3C3C34002020C1C1C3- <2>     db 0x3c,0x3c,0x34,0x00,0x20,0x20,0xc1,0xc1,0xc3,0xc3,0xc3,0x00,0x40,0x40,0x38,0x38
   434 00004B33 C3C30040403838      <2>
   435 00004B3A 3C3C3C202020C1C3C3- <2>     db 0x3c,0x3c,0x3c,0x20,0x20,0x20,0xc1,0xc3,0xc3,0xc3,0xc3,0x40,0x40,0x40,0x38,0x3c
   435 00004B43 C3C3404040383C      <2>
   436 00004B4A 3C3C3C002020C1C3C3- <2>     db 0x3c,0x3c,0x3c,0x00,0x20,0x20,0xc1,0xc3,0xc3,0xc3,0xc3,0x00,0x40,0x40,0x38,0x3c
   436 00004B53 C3C3004040383C      <2>
   437 00004B5A 3C3C3C202020C1C3C3- <2>     db 0x3c,0x3c,0x3c,0x20,0x20,0x20,0xc1,0xc3,0xc3,0xc3,0xc3,0x00,0x40,0x40,0x38,0x3c
   437 00004B63 C3C3004040383C      <2>
   438 00004B6A 3C3C3C202020C1C3C3- <2>     db 0x3c,0x3c,0x3c,0x20,0x20,0x20,0xc1,0xc3,0xc3,0xc3,0xc3,0x40,0x40,0x40,0x38,0x3c
   438 00004B73 C3C3404040383C      <2>
   439 00004B7A 3C3C24202020C1C3C3- <2>     db 0x3c,0x3c,0x24,0x20,0x20,0x20,0xc1,0xc3,0xc3,0xc3,0xc3,0x00,0x40,0x40,0x38,0x3c
   439 00004B83 C3C3004040383C      <2>
   440 00004B8A 243C3C202041C1C3C3- <2>     db 0x24,0x3c,0x3c,0x20,0x20,0x41,0xc1,0xc3,0xc3,0xc3,0xc3,0x40,0x40,0x38,0x38,0x3c
   440 00004B93 C3C3404038383C      <2>
   441 00004B9A 003C382020C1C3C3C3- <2>     db 0x00,0x3c,0x38,0x20,0x20,0xc1,0xc3,0xc3,0xc3,0xc3,0xc3,0x40,0x40,0x38,0x38,0x3c
   441 00004BA3 C3C3404038383C      <2>
   442 00004BAA 003C3C2020C1C3C3C3- <2>     db 0x00,0x3c,0x3c,0x20,0x20,0xc1,0xc3,0xc3,0xc3,0xc3,0xc3,0x40,0x40,0x38,0x3c,0x3c
   442 00004BB3 C3C34040383C3C      <2>
   443 00004BBA 003C3C2020C1C3C300- <2>     db 0x00,0x3c,0x3c,0x20,0x20,0xc1,0xc3,0xc3,0x00,0xc3,0xc3,0x40,0x40,0x38,0x3c,0x3c
   443 00004BC3 C3C34040383C3C      <2>
   444 00004BCA 243C3C2020C1C3C300- <2>     db 0x24,0x3c,0x3c,0x20,0x20,0xc1,0xc3,0xc3,0x00,0xc3,0xc3,0x40,0x40,0x38,0x3c,0x3c
   444 00004BD3 C3C34040383C3C      <2>
   445 00004BDA 003C3C2020C1C3C300- <2>     db 0x00,0x3c,0x3c,0x20,0x20,0xc1,0xc3,0xc3,0x00,0xc3,0xc3,0x40,0x40,0x38,0x3c,0x3c
   445 00004BE3 C3C34040383C3C      <2>
   446 00004BEA 003C3C2420C1C3C300- <2>     db 0x00,0x3c,0x3c,0x24,0x20,0xc1,0xc3,0xc3,0x00,0xc3,0xc3,0x40,0x40,0x38,0x3c,0x3c
   446 00004BF3 C3C34040383C3C      <2>
   447 00004BFA 003C3C2020C1C3C300- <2>     db 0x00,0x3c,0x3c,0x20,0x20,0xc1,0xc3,0xc3,0x00,0xc3,0xc3,0x40,0x40,0x3c,0x3c,0x3c
   447 00004C03 C3C340403C3C3C      <2>
   448 00004C0A 243C3C3CE1C3C3C300- <2>     db 0x24,0x3c,0x3c,0x3c,0xe1,0xc3,0xc3,0xc3,0x00,0xc3,0xc3,0xc0,0x00,0x3c,0x3c,0x3c
   448 00004C13 C3C3C0003C3C3C      <2>
   449 00004C1A 3C3C3C3CC1C3C3C342- <2>     db 0x3c,0x3c,0x3c,0x3c,0xc1,0xc3,0xc3,0xc3,0x42,0xc3,0xc3,0x40,0x78,0x3c,0x3c,0x3c
   449 00004C23 C3C340783C3C3C      <2>
   450 00004C2A 00243C24C1C3C3C3C3- <2>     db 0x00,0x24,0x3c,0x24,0xc1,0xc3,0xc3,0xc3,0xc3,0xc3,0xc3,0xc3,0x38,0x3c,0x24,0x00
   450 00004C33 C3C3C3383C2400      <2>
   451 00004C3A 00243C20C3C3C3C3C3- <2>     db 0x00,0x24,0x3c,0x20,0xc3,0xc3,0xc3,0xc3,0xc3,0xc3,0xc3,0xc3,0x38,0x3c,0x24,0x00
   451 00004C43 C3C3C3383C2400      <2>
   452 00004C4A 000020200202000000- <2>     db 0x00,0x00,0x20,0x20,0x02,0x02,0x00,0x00,0x00,0x00,0x40,0x40,0x04,0x04,0x00,0x00
   452 00004C53 00404004040000      <2>
   453 00004C5A 000020200202000000- <2>     db 0x00,0x00,0x20,0x20,0x02,0x02,0x00,0x00,0x00,0x00,0x40,0x40,0x04,0x04,0x00,0x00
   453 00004C63 00404004040000      <2>
   454 00004C6A 00243C1CC3C3C300C3- <2>     db 0x00,0x24,0x3c,0x1c,0xc3,0xc3,0xc3,0x00,0xc3,0xc3,0xc3,0x83,0x24,0x3c,0x24,0x00
   454 00004C73 C3C383243C2400      <2>
   455 00004C7A 00243C1CC3C3C300C3- <2>     db 0x00,0x24,0x3c,0x1c,0xc3,0xc3,0xc3,0x00,0xc3,0xc3,0xc3,0x83,0x24,0x3c,0x24,0x00
   455 00004C83 C3C383243C2400      <2>
   456 00004C8A 3C3C3C1C82C3C300C3- <2>     db 0x3c,0x3c,0x3c,0x1c,0x82,0xc3,0xc3,0x00,0xc3,0xc3,0xc3,0x87,0x0c,0x3c,0x3c,0x3c
   456 00004C93 C3C3870C3C3C3C      <2>
   457 00004C9A 3C3C3C1E03C3C300C3- <2>     db 0x3c,0x3c,0x3c,0x1e,0x03,0xc3,0xc3,0x00,0xc3,0xc3,0xc3,0x04,0x3c,0x3c,0x3c,0x24
   457 00004CA3 C3C3043C3C3C24      <2>
   458 00004CAA 3C3C1C0242C3C300C3- <2>     db 0x3c,0x3c,0x1c,0x02,0x42,0xc3,0xc3,0x00,0xc3,0xc3,0xc3,0x04,0x04,0x3c,0x3c,0x00
   458 00004CB3 C3C304043C3C00      <2>
   459 00004CBA 3C3C1C0202C3C300C3- <2>     db 0x3c,0x3c,0x1c,0x02,0x02,0xc3,0xc3,0x00,0xc3,0xc3,0xc3,0x04,0x04,0x3c,0x3c,0x00
   459 00004CC3 C3C304043C3C00      <2>
   460 00004CCA 3C3C1C0202C3C300C3- <2>     db 0x3c,0x3c,0x1c,0x02,0x02,0xc3,0xc3,0x00,0xc3,0xc3,0x83,0x04,0x04,0x3c,0x3c,0x24
   460 00004CD3 C38304043C3C24      <2>
   461 00004CDA 3C3C1C0202C3C300C3- <2>     db 0x3c,0x3c,0x1c,0x02,0x02,0xc3,0xc3,0x00,0xc3,0xc3,0x83,0x04,0x04,0x3c,0x3c,0x18
   461 00004CE3 C38304043C3C18      <2>
   462 00004CEA 3C3C1C0202C3C342C3- <2>     db 0x3c,0x3c,0x1c,0x02,0x02,0xc3,0xc3,0x42,0xc3,0xc3,0x83,0x04,0x04,0x34,0x3c,0x3c
   462 00004CF3 C3830404343C3C      <2>
   463 00004CFA 3C3C1C0202C3C3C3C3- <2>     db 0x3c,0x3c,0x1c,0x02,0x02,0xc3,0xc3,0xc3,0xc3,0xc3,0x83,0x04,0x04,0x3c,0x3c,0x3c
   463 00004D03 C38304043C3C3C      <2>
   464 00004D0A 3C1C1C0202C3C3C3C3- <2>     db 0x3c,0x1c,0x1c,0x02,0x02,0xc3,0xc3,0xc3,0xc3,0x83,0x03,0x04,0x04,0x3c,0x3c,0x24
   464 00004D13 830304043C3C24      <2>
   465 00004D1A 3C3C1E0202C3C3C3C3- <2>     db 0x3c,0x3c,0x1e,0x02,0x02,0xc3,0xc3,0xc3,0xc3,0x83,0x87,0x04,0x04,0x3c,0x3c,0x3c
   465 00004D23 838704043C3C3C      <2>
   466 00004D2A 3C1C020202C3C3C3C3- <2>     db 0x3c,0x1c,0x02,0x02,0x02,0xc3,0xc3,0xc3,0xc3,0x83,0x04,0x04,0x00,0x3c,0x3c,0x3c
   466 00004D33 830404003C3C3C      <2>
   467 00004D3A 3C1C020202C3C3C3C3- <2>     db 0x3c,0x1c,0x02,0x02,0x02,0xc3,0xc3,0xc3,0xc3,0x83,0x04,0x04,0x00,0x3c,0x3c,0x3c
   467 00004D43 830404003C3C3C      <2>
   468 00004D4A 3C1C020202C3C3C3C3- <2>     db 0x3c,0x1c,0x02,0x02,0x02,0xc3,0xc3,0xc3,0xc3,0x83,0x04,0x04,0x00,0x3c,0x3c,0x3c
   468 00004D53 830404003C3C3C      <2>
   469 00004D5A 3C1C020202C3C3C3C3- <2>     db 0x3c,0x1c,0x02,0x02,0x02,0xc3,0xc3,0xc3,0xc3,0x83,0x04,0x04,0x00,0x3c,0x3c,0x3c
   469 00004D63 830404003C3C3C      <2>
   470 00004D6A 1C1C020200C3C3C3C3- <2>     db 0x1c,0x1c,0x02,0x02,0x00,0xc3,0xc3,0xc3,0xc3,0x83,0x04,0x04,0x00,0x38,0x3c,0x3c
   470 00004D73 83040400383C3C      <2>
   471 00004D7A 3C1C020200C3C3C383- <2>     db 0x3c,0x1c,0x02,0x02,0x00,0xc3,0xc3,0xc3,0x83,0x83,0x04,0x04,0x00,0x3c,0x3c,0x3c
   471 00004D83 830404003C3C3C      <2>
   472 00004D8A 1C1C020200C3C3C3C3- <2>     db 0x1c,0x1c,0x02,0x02,0x00,0xc3,0xc3,0xc3,0xc3,0x83,0x04,0x04,0x00,0x3c,0x24,0x3c
   472 00004D93 830404003C243C      <2>
   473 00004D9A 1C1E020200C3C3C383- <2>     db 0x1c,0x1e,0x02,0x02,0x00,0xc3,0xc3,0xc3,0x83,0x87,0x04,0x04,0x00,0x3c,0x24,0x3c
   473 00004DA3 870404003C243C      <2>
   474 00004DAA 1C12020200C3C3C383- <2>     db 0x1c,0x12,0x02,0x02,0x00,0xc3,0xc3,0xc3,0x83,0x04,0x04,0x04,0x00,0x3c,0x3c,0x3c
   474 00004DB3 040404003C3C3C      <2>
   475 00004DBA 1C020202004300C383- <2>     db 0x1c,0x02,0x02,0x02,0x00,0x43,0x00,0xc3,0x83,0x04,0x04,0x04,0x00,0x3c,0x24,0x3c
   475 00004DC3 040404003C243C      <2>
   476 00004DCA 1C02020200C381C383- <2>     db 0x1c,0x02,0x02,0x02,0x00,0xc3,0x81,0xc3,0x83,0x04,0x04,0x04,0x00,0x34,0x18,0x3c
   476 00004DD3 0404040034183C      <2>
   477 00004DDA 1C02020200C381C383- <2>     db 0x1c,0x02,0x02,0x02,0x00,0xc3,0x81,0xc3,0x83,0x04,0x04,0x04,0x00,0x3c,0x18,0x3c
   477 00004DE3 040404003C183C      <2>
   478 00004DEA 1C02020200C3C1C383- <2>     db 0x1c,0x02,0x02,0x02,0x00,0xc3,0xc1,0xc3,0x83,0x04,0x04,0x04,0x00,0x3c,0x3c,0x3c
   478 00004DF3 040404003C3C3C      <2>
   479 00004DFA 1C02020200C3C3C383- <2>     db 0x1c,0x02,0x02,0x02,0x00,0xc3,0xc3,0xc3,0x83,0x04,0x04,0x00,0x00,0x3c,0x3c,0x3c
   479 00004E03 040400003C3C3C      <2>
   480 00004E0A 1E02020204C3C38383- <2>     db 0x1e,0x02,0x02,0x02,0x04,0xc3,0xc3,0x83,0x83,0x04,0x04,0x00,0x00,0x3c,0x3c,0x3e
   480 00004E13 040400003C3C3E      <2>
   481 00004E1A 1C02020204C3C38383- <2>     db 0x1c,0x02,0x02,0x02,0x04,0xc3,0xc3,0x83,0x83,0x04,0x04,0x00,0x02,0x3c,0x3c,0x1e
   481 00004E23 040400023C3C1E      <2>
   482 00004E2A 1C0202000483838783- <2>     db 0x1c,0x02,0x02,0x00,0x04,0x83,0x83,0x87,0x83,0x04,0x04,0x00,0x02,0x3c,0x3c,0x1e
   482 00004E33 040400023C3C1E      <2>
   483 00004E3A 0A02020000C3C38704- <2>     db 0x0a,0x02,0x02,0x00,0x00,0xc3,0xc3,0x87,0x04,0x04,0x04,0x00,0x02,0x3c,0x3c,0x1e
   483 00004E43 040400023C3C1E      <2>
   484 00004E4A 020202000483838704- <2>     db 0x02,0x02,0x02,0x00,0x04,0x83,0x83,0x87,0x04,0x04,0x04,0x00,0x02,0x1c,0x1c,0x1e
   484 00004E53 040400021C1C1E      <2>
   485 00004E5A 020202000483878704- <2>     db 0x02,0x02,0x02,0x00,0x04,0x83,0x87,0x87,0x04,0x04,0x04,0x02,0x02,0x1c,0x1e,0x1e
   485 00004E63 040402021C1E1E      <2>
   486 00004E6A 020202040483878704- <2>     db 0x02,0x02,0x02,0x04,0x04,0x83,0x87,0x87,0x04,0x04,0x04,0x02,0x02,0x1e,0x1e,0x1e
   486 00004E73 040402021E1E1E      <2>
   487 00004E7A 020202040487878704- <2>     db 0x02,0x02,0x02,0x04,0x04,0x87,0x87,0x87,0x04,0x04,0x04,0x02,0x02,0x1e,0x1e,0x1e
   487 00004E83 040402021E1E1E      <2>
   488 00004E8A 020202040487878704- <2>     db 0x02,0x02,0x02,0x04,0x04,0x87,0x87,0x87,0x04,0x04,0x04,0x02,0x02,0x1e,0x1e,0x1e
   488 00004E93 040402021E1E1E      <2>
   489 00004E9A 020206040487878704- <2>     db 0x02,0x02,0x06,0x04,0x04,0x87,0x87,0x87,0x04,0x04,0x04,0x02,0x02,0x1e,0x1e,0x1e
   489 00004EA3 040402021E1E1E      <2>
   490 00004EAA 020206000487878704- <2>     db 0x02,0x02,0x06,0x00,0x04,0x87,0x87,0x87,0x04,0x04,0x04,0x02,0x02,0x1e,0x1e,0x1e
   490 00004EB3 040402021E1E1E      <2>
   491 00004EBA 020206040485878704- <2>     db 0x02,0x02,0x06,0x04,0x04,0x85,0x87,0x87,0x04,0x04,0x04,0x00,0x02,0x1a,0x1e,0x1e
   491 00004EC3 040400021A1E1E      <2>
   492 00004ECA 020206040485878704- <2>     db 0x02,0x02,0x06,0x04,0x04,0x85,0x87,0x87,0x04,0x04,0x06,0x02,0x02,0x00,0x1e,0x1e
   492 00004ED3 04060202001E1E      <2>
   493 00004EDA 020206040487878704- <2>     db 0x02,0x02,0x06,0x04,0x04,0x87,0x87,0x87,0x04,0x04,0x06,0x02,0x02,0x1e,0x1e,0x16
   493 00004EE3 040602021E1E16      <2>
   494 00004EEA 020206048687870404- <2>     db 0x02,0x02,0x06,0x04,0x86,0x87,0x87,0x04,0x04,0x04,0x06,0x02,0x1a,0x1e,0x1e,0x02
   494 00004EF3 0406021A1E1E02      <2>
   495 00004EFA 020206048687870404- <2>     db 0x02,0x02,0x06,0x04,0x86,0x87,0x87,0x04,0x04,0x04,0x02,0x02,0x02,0x1e,0x1e,0x02
   495 00004F03 040202021E1E02      <2>
   496 00004F0A 020202048787870404- <2>     db 0x02,0x02,0x02,0x04,0x87,0x87,0x87,0x04,0x04,0x04,0x02,0x02,0x16,0x1e,0x1e,0x02
   496 00004F13 040202161E1E02      <2>
   497 00004F1A 020206048787870404- <2>     db 0x02,0x02,0x06,0x04,0x87,0x87,0x87,0x04,0x04,0x04,0x02,0x02,0x16,0x1e,0x1e,0x02
   497 00004F23 040202161E1E02      <2>
   498 00004F2A 020200048787870404- <2>     db 0x02,0x02,0x00,0x04,0x87,0x87,0x87,0x04,0x04,0x04,0x02,0x02,0x16,0x1e,0x1e,0x02
   498 00004F33 040202161E1E02      <2>
   499 00004F3A 020200048787870404- <2>     db 0x02,0x02,0x00,0x04,0x87,0x87,0x87,0x04,0x04,0x04,0x02,0x02,0x16,0x1e,0x1e,0x02
   499 00004F43 040202161E1E02      <2>
   500 00004F4A 020604048787870404- <2>     db 0x02,0x06,0x04,0x04,0x87,0x87,0x87,0x04,0x04,0x04,0x02,0x02,0x1e,0x1e,0x1e,0x02
   500 00004F53 0402021E1E1E02      <2>
   501 00004F5A 020604048787870404- <2>     db 0x02,0x06,0x04,0x04,0x87,0x87,0x87,0x04,0x04,0x06,0x02,0x02,0x1e,0x1e,0x1e,0x02
   501 00004F63 0602021E1E1E02      <2>
   502 00004F6A 020604048787870404- <2>     db 0x02,0x06,0x04,0x04,0x87,0x87,0x87,0x04,0x04,0x06,0x02,0x02,0x1e,0x1e,0x1e,0x02
   502 00004F73 0602021E1E1E02      <2>
   503 00004F7A 020604048787870404- <2>     db 0x02,0x06,0x04,0x04,0x87,0x87,0x87,0x04,0x04,0x06,0x02,0x02,0x1e,0x1e,0x1e,0x02
   503 00004F83 0602021E1E1E02      <2>
   504 00004F8A 020604048787870404- <2>     db 0x02,0x06,0x04,0x04,0x87,0x87,0x87,0x04,0x04,0x06,0x02,0x02,0x1e,0x1e,0x1e,0x02
   504 00004F93 0602021E1E1E02      <2>
   505 00004F9A 020604048787070404- <2>     db 0x02,0x06,0x04,0x04,0x87,0x87,0x07,0x04,0x04,0x06,0x02,0x02,0x1e,0x1e,0x1e,0x02
   505 00004FA3 0602021E1E1E02      <2>
   506 00004FAA 020204048787040404- <2>     db 0x02,0x02,0x04,0x04,0x87,0x87,0x04,0x04,0x04,0x04,0x02,0x02,0x1e,0x1e,0x02,0x02
   506 00004FB3 0402021E1E0202      <2>
   507 00004FBA 020604040087040404- <2>     db 0x02,0x06,0x04,0x04,0x00,0x87,0x04,0x04,0x04,0x04,0x02,0x02,0x1e,0x1e,0x02,0x02
   507 00004FC3 0402021E1E0202      <2>
   508 00004FCA 020604040487000404- <2>     db 0x02,0x06,0x04,0x04,0x04,0x87,0x00,0x04,0x04,0x04,0x02,0x02,0x02,0x1e,0x00,0x02
   508 00004FD3 040202021E0002      <2>
   509 00004FDA 020004048787040404- <2>     db 0x02,0x00,0x04,0x04,0x87,0x87,0x04,0x04,0x04,0x04,0x02,0x02,0x00,0x1e,0x02,0x02
   509 00004FE3 040202001E0202      <2>
   510 00004FEA 020604008787040404- <2>     db 0x02,0x06,0x04,0x00,0x87,0x87,0x04,0x04,0x04,0x06,0x02,0x00,0x06,0x1e,0x02,0x02
   510 00004FF3 060200061E0202      <2>
   511 00004FFA 020404008787000406- <2>     db 0x02,0x04,0x04,0x00,0x87,0x87,0x00,0x04,0x06,0x06,0x02,0x00,0x1e,0x1e,0x00,0x02
   511 00005003 0602001E1E0002      <2>
   512 0000500A 060404008787040406- <2>     db 0x06,0x04,0x04,0x00,0x87,0x87,0x04,0x04,0x06,0x06,0x02,0x00,0x1e,0x1e,0x02,0x02
   512 00005013 0602001E1E0202      <2>
   513 0000501A 060404008787040406- <2>     db 0x06,0x04,0x04,0x00,0x87,0x87,0x04,0x04,0x06,0x02,0x02,0x02,0x1e,0x1e,0x02,0x02
   513 00005023 0202021E1E0202      <2>
   514 0000502A 060404018787040406- <2>     db 0x06,0x04,0x04,0x01,0x87,0x87,0x04,0x04,0x06,0x02,0x02,0x00,0x1e,0x1e,0x00,0x02
   514 00005033 0202001E1E0002      <2>
   515 0000503A 060404068787040404- <2>     db 0x06,0x04,0x04,0x06,0x87,0x87,0x04,0x04,0x04,0x02,0x02,0x16,0x1e,0x1e,0x02,0x02
   515 00005043 0202161E1E0202      <2>
   516                              <2> boing_area_unsafe:
   517 0000504A 402080CFE703804020- <2>     db 0x40,0x20,0x80,0xcf,0xe7,0x03,0x80,0x40,0x20,0x08,0x0c,0x06,0x83,0xc0,0x00,0x00
   517 00005053 080C0683C00000      <2>
   518 0000505A 402080CFA703804030- <2>     db 0x40,0x20,0x80,0xcf,0xa7,0x03,0x80,0x40,0x30,0x08,0x0c,0x06,0x83,0xc0,0x00,0x00
   518 00005063 080C0683C00000      <2>
   519 0000506A 402080C7A701804030- <2>     db 0x40,0x20,0x80,0xc7,0xa7,0x01,0x80,0x40,0x30,0x08,0x04,0x06,0x81,0xc1,0x00,0x00
   519 00005073 08040681C10000      <2>
   520 0000507A 402080C78700804030- <2>     db 0x40,0x20,0x80,0xc7,0x87,0x00,0x80,0x40,0x30,0x08,0x04,0x06,0x81,0xc1,0x00,0x00
   520 00005083 08040681C10000      <2>
   521 0000508A 402080C78700804020- <2>     db 0x40,0x20,0x80,0xc7,0x87,0x00,0x80,0x40,0x20,0x08,0x04,0x06,0x81,0xc1,0x00,0x00
   521 00005093 08040681C10000      <2>
   522 0000509A 400080C70700804030- <2>     db 0x40,0x00,0x80,0xc7,0x07,0x00,0x80,0x40,0x30,0x08,0x04,0x06,0x81,0xc1,0x00,0x00
   522 000050A3 08040681C10000      <2>
   523 000050AA 400080CF0700004030- <2>     db 0x40,0x00,0x80,0xcf,0x07,0x00,0x00,0x40,0x30,0x08,0x04,0x06,0x81,0xc1,0x00,0x00
   523 000050B3 08040681C10000      <2>
   524 000050BA 400080C70700804030- <2>     db 0x40,0x00,0x80,0xc7,0x07,0x00,0x80,0x40,0x30,0x08,0x0c,0x06,0x81,0xc1,0x00,0x00
   524 000050C3 080C0681C10000      <2>
   525 000050CA 400000C00700806030- <2>     db 0x40,0x00,0x00,0xc0,0x07,0x00,0x80,0x60,0x30,0x08,0x0c,0x06,0x81,0xc1,0x00,0x00
   525 000050D3 080C0681C10000      <2>
   526 000050DA 400080C30700806030- <2>     db 0x40,0x00,0x80,0xc3,0x07,0x00,0x80,0x60,0x30,0x08,0x0c,0x06,0x81,0xc1,0x00,0x00
   526 000050E3 080C0681C10000      <2>
   527 000050EA 400090C30700804030- <2>     db 0x40,0x00,0x90,0xc3,0x07,0x00,0x80,0x40,0x30,0x08,0x04,0x06,0x81,0xc1,0x00,0x00
   527 000050F3 08040681C10000      <2>
   528 000050FA 400080CF0700806030- <2>     db 0x40,0x00,0x80,0xcf,0x07,0x00,0x80,0x60,0x30,0x08,0x0c,0x06,0x81,0xc1,0x00,0x00
   528 00005103 080C0681C10000      <2>
   529 0000510A 400080CF0700806010- <2>     db 0x40,0x00,0x80,0xcf,0x07,0x00,0x80,0x60,0x10,0x08,0x0c,0x06,0x81,0xc0,0x00,0x00
   529 00005113 080C0681C00000      <2>
   530 0000511A 400080CF0700816010- <2>     db 0x40,0x00,0x80,0xcf,0x07,0x00,0x81,0x60,0x10,0x00,0x0c,0x06,0x81,0xc1,0x00,0x00
   530 00005123 000C0681C10000      <2>
   531 0000512A 400080CF0300806010- <2>     db 0x40,0x00,0x80,0xcf,0x03,0x00,0x80,0x60,0x10,0x00,0x0c,0x06,0x81,0xc1,0x00,0x00
   531 00005133 000C0681C10000      <2>
   532 0000513A 4000800F0000816010- <2>     db 0x40,0x00,0x80,0x0f,0x00,0x00,0x81,0x60,0x10,0x18,0x0c,0x06,0x81,0xc1,0x00,0x00
   532 00005143 180C0681C10000      <2>
   533 0000514A 400098CF0000C16010- <2>     db 0x40,0x00,0x98,0xcf,0x00,0x00,0xc1,0x60,0x10,0x08,0x0c,0x02,0x81,0xc1,0x00,0x00
   533 00005153 080C0281C10000      <2>
   534 0000515A 40009D0F0000C16010- <2>     db 0x40,0x00,0x9d,0x0f,0x00,0x00,0xc1,0x60,0x10,0x00,0x0c,0x02,0x81,0xc1,0x00,0x00
   534 00005163 000C0281C10000      <2>
   535 0000516A 40009D0F0000C16010- <2>     db 0x40,0x00,0x9d,0x0f,0x00,0x00,0xc1,0x60,0x10,0x00,0x0c,0x00,0x81,0xc1,0x00,0x00
   535 00005173 000C0081C10000      <2>
   536 0000517A 0000870F0000C06010- <2>     db 0x00,0x00,0x87,0x0f,0x00,0x00,0xc0,0x60,0x10,0x18,0x0c,0x02,0x81,0xc1,0x00,0x00
   536 00005183 180C0281C10000      <2>
   537 0000518A 00009F0F0000816010- <2>     db 0x00,0x00,0x9f,0x0f,0x00,0x00,0x81,0x60,0x10,0x18,0x0c,0x06,0x81,0xc1,0x00,0x00
   537 00005193 180C0681C10000      <2>
   538 0000519A 00009F0F0200816000- <2>     db 0x00,0x00,0x9f,0x0f,0x02,0x00,0x81,0x60,0x00,0x18,0x0c,0x02,0x83,0x81,0x00,0x00
   538 000051A3 180C0283810000      <2>
   539 000051AA 00008F0F0000C16010- <2>     db 0x00,0x00,0x8f,0x0f,0x00,0x00,0xc1,0x60,0x10,0x18,0x0c,0x00,0x81,0x81,0x00,0x00
   539 000051B3 180C0081810000      <2>
   540 000051BA 0000870F0000C16000- <2>     db 0x00,0x00,0x87,0x0f,0x00,0x00,0xc1,0x60,0x00,0x00,0x0c,0x02,0x83,0x81,0x00,0x00
   540 000051C3 000C0283810000      <2>
   541 000051CA 0000180F0000C16000- <2>     db 0x00,0x00,0x18,0x0f,0x00,0x00,0xc1,0x60,0x00,0x18,0x0c,0x83,0x81,0x81,0x00,0x00
   541 000051D3 180C8381810000      <2>
   542 000051DA 00009F0F0000C12000- <2>     db 0x00,0x00,0x9f,0x0f,0x00,0x00,0xc1,0x20,0x00,0x18,0x0c,0x03,0x83,0x81,0x00,0x00
   542 000051E3 180C0383810000      <2>
   543 000051EA 00001F0F0080C12000- <2>     db 0x00,0x00,0x1f,0x0f,0x00,0x80,0xc1,0x20,0x00,0x18,0x04,0x83,0x83,0x81,0x00,0x00
   543 000051F3 18048383810000      <2>
   544 000051FA 00001E0F0082C12000- <2>     db 0x00,0x00,0x1e,0x0f,0x00,0x82,0xc1,0x20,0x00,0x18,0x06,0x03,0x83,0x81,0x00,0x00
   544 00005203 18060383810000      <2>
   545 0000520A 00001E0F0082C12000- <2>     db 0x00,0x00,0x1e,0x0f,0x00,0x82,0xc1,0x20,0x00,0x18,0x0e,0x83,0x83,0x81,0x00,0x00
   545 00005213 180E8383810000      <2>
   546 0000521A 00001E060082C12008- <2>     db 0x00,0x00,0x1e,0x06,0x00,0x82,0xc1,0x20,0x08,0x18,0x06,0x81,0x83,0x81,0x00,0x00
   546 00005223 18068183810000      <2>
   547 0000522A 00001E060002C12008- <2>     db 0x00,0x00,0x1e,0x06,0x00,0x02,0xc1,0x20,0x08,0x18,0x06,0x81,0x83,0x81,0x00,0x00
   547 00005233 18068183810000      <2>
   548 0000523A 00001E000002C13008- <2>     db 0x00,0x00,0x1e,0x00,0x00,0x02,0xc1,0x30,0x08,0x1c,0x02,0x83,0x83,0x81,0x00,0x00
   548 00005243 1C028383810000      <2>
   549 0000524A 000C1E000082C13008- <2>     db 0x00,0x0c,0x1e,0x00,0x00,0x82,0xc1,0x30,0x08,0x1c,0x02,0x83,0x83,0x81,0x00,0x00
   549 00005253 1C028383810000      <2>
   550 0000525A 000C1E040082C11018- <2>     db 0x00,0x0c,0x1e,0x04,0x00,0x82,0xc1,0x10,0x18,0x1c,0x02,0x83,0x83,0x81,0x00,0x00
   550 00005263 1C028383810000      <2>
   551 0000526A 000C1E000080C10008- <2>     db 0x00,0x0c,0x1e,0x00,0x00,0x80,0xc1,0x00,0x08,0x1c,0x02,0x83,0x83,0x81,0x00,0x00
   551 00005273 1C028383810000      <2>
   552 0000527A 000C1E000082C10008- <2>     db 0x00,0x0c,0x1e,0x00,0x00,0x82,0xc1,0x00,0x08,0x1c,0x02,0x83,0x83,0x81,0x00,0x00
   552 00005283 1C028383810000      <2>
   553 0000528A 000C1E000082C10038- <2>     db 0x00,0x0c,0x1e,0x00,0x00,0x82,0xc1,0x00,0x38,0x1c,0x02,0x81,0x83,0x01,0x00,0x00
   553 00005293 1C028183010000      <2>
   554 0000529A 003C1E000083410038- <2>     db 0x00,0x3c,0x1e,0x00,0x00,0x83,0x41,0x00,0x38,0x1c,0x02,0x83,0x83,0x01,0x00,0x00
   554 000052A3 1C028383010000      <2>
   555 000052AA 003C1E000083611038- <2>     db 0x00,0x3c,0x1e,0x00,0x00,0x83,0x61,0x10,0x38,0x1c,0x02,0x81,0x83,0x01,0x00,0x00
   555 000052B3 1C028183010000      <2>
   556 000052BA 003C1E000083611038- <2>     db 0x00,0x3c,0x1e,0x00,0x00,0x83,0x61,0x10,0x38,0x1c,0x02,0x83,0x83,0x01,0x00,0x00
   556 000052C3 1C028383010000      <2>
   557 000052CA 00300E000083611030- <2>     db 0x00,0x30,0x0e,0x00,0x00,0x83,0x61,0x10,0x30,0x0c,0x02,0x83,0x83,0x01,0x00,0x00
   557 000052D3 0C028383010000      <2>
   558 000052DA 000C0E0000C2611008- <2>     db 0x00,0x0c,0x0e,0x00,0x00,0xc2,0x61,0x10,0x08,0x1c,0x02,0x83,0x83,0x01,0x00,0x00
   558 000052E3 1C028383010000      <2>
   559 000052EA 003C1E000083410038- <2>     db 0x00,0x3c,0x1e,0x00,0x00,0x83,0x41,0x00,0x38,0x1c,0x02,0x83,0x83,0x01,0x00,0x00
   559 000052F3 1C028383010000      <2>
   560 000052FA 003C1E0004C3610038- <2>     db 0x00,0x3c,0x1e,0x00,0x04,0xc3,0x61,0x00,0x38,0x1c,0x02,0x87,0x83,0x01,0x00,0x00
   560 00005303 1C028783010000      <2>
   561 0000530A 003C1E0004C3610038- <2>     db 0x00,0x3c,0x1e,0x00,0x04,0xc3,0x61,0x00,0x38,0x0c,0x02,0x87,0x83,0x01,0x00,0x00
   561 00005313 0C028783010000      <2>
   562 0000531A 203C000004C3210038- <2>     db 0x20,0x3c,0x00,0x00,0x04,0xc3,0x21,0x00,0x38,0x00,0x02,0x87,0x03,0x01,0x00,0x00
   562 00005323 00028703010000      <2>
   563 0000532A 003C060004C3210038- <2>     db 0x00,0x3c,0x06,0x00,0x04,0xc3,0x21,0x00,0x38,0x04,0x02,0x87,0x83,0x01,0x00,0x00
   563 00005333 04028783010000      <2>
   564 0000533A 003C000004C3210038- <2>     db 0x00,0x3c,0x00,0x00,0x04,0xc3,0x21,0x00,0x38,0x00,0x02,0x03,0x03,0x01,0x00,0x00
   564 00005343 00020303010000      <2>
   565 0000534A 003C000004C3010038- <2>     db 0x00,0x3c,0x00,0x00,0x04,0xc3,0x01,0x00,0x38,0x00,0x00,0x87,0x03,0x01,0x00,0x00
   565 00005353 00008703010000      <2>
   566 0000535A 303C000084C3210038- <2>     db 0x30,0x3c,0x00,0x00,0x84,0xc3,0x21,0x00,0x38,0x00,0x00,0x87,0x03,0x01,0x00,0x00
   566 00005363 00008703010000      <2>
   567 0000536A 303C00000683011038- <2>     db 0x30,0x3c,0x00,0x00,0x06,0x83,0x01,0x10,0x38,0x00,0x00,0x87,0x03,0x01,0x00,0x00
   567 00005373 00008703010000      <2>
   568 0000537A 783C000086C3011038- <2>     db 0x78,0x3c,0x00,0x00,0x86,0xc3,0x01,0x10,0x38,0x00,0x02,0x87,0x03,0x01,0x00,0x00
   568 00005383 00028703010000      <2>
   569 0000538A 783C000086C3003038- <2>     db 0x78,0x3c,0x00,0x00,0x86,0xc3,0x00,0x30,0x38,0x00,0x04,0x87,0x03,0x01,0x00,0x00
   569 00005393 00048703010000      <2>
   570 0000539A 783C00008743003038- <2>     db 0x78,0x3c,0x00,0x00,0x87,0x43,0x00,0x30,0x38,0x00,0x04,0x87,0x03,0x01,0x00,0x00
   570 000053A3 00048703010000      <2>
   571 000053AA 183C000086C3007038- <2>     db 0x18,0x3c,0x00,0x00,0x86,0xc3,0x00,0x70,0x38,0x00,0x00,0x87,0x03,0x00,0x00,0x00
   571 000053B3 00008703000000      <2>
   572 000053BA 383C00008643001038- <2>     db 0x38,0x3c,0x00,0x00,0x86,0x43,0x00,0x10,0x38,0x00,0x04,0x87,0x03,0x00,0x00,0x00
   572 000053C3 00048703000000      <2>
   573 000053CA 303C00008603007038- <2>     db 0x30,0x3c,0x00,0x00,0x86,0x03,0x00,0x70,0x38,0x00,0x04,0x87,0x03,0x00,0x00,0x00
   573 000053D3 00048703000000      <2>
   574 000053DA 383C00008703007038- <2>     db 0x38,0x3c,0x00,0x00,0x87,0x03,0x00,0x70,0x38,0x00,0x04,0x87,0x03,0x00,0x00,0x00
   574 000053E3 00048703000000      <2>
   575 000053EA 783C00008703003038- <2>     db 0x78,0x3c,0x00,0x00,0x87,0x03,0x00,0x30,0x38,0x00,0x04,0x87,0x03,0x00,0x00,0x00
   575 000053F3 00048703000000      <2>
   576 000053FA 781C00008703003038- <2>     db 0x78,0x1c,0x00,0x00,0x87,0x03,0x00,0x30,0x38,0x00,0x0e,0x87,0x03,0x00,0x00,0x00
   576 00005403 000E8703000000      <2>
   577 0000540A 7800000C8703003000- <2>     db 0x78,0x00,0x00,0x0c,0x87,0x03,0x00,0x30,0x00,0x00,0x0e,0x87,0x03,0x00,0x00,0x00
   577 00005413 000E8703000000      <2>
   578 0000541A 7810000C8703007020- <2>     db 0x78,0x10,0x00,0x0c,0x87,0x03,0x00,0x70,0x20,0x00,0x0e,0x87,0x03,0x00,0x00,0x00
   578 00005423 000E8703000000      <2>
   579 0000542A 780000048703007000- <2>     db 0x78,0x00,0x00,0x04,0x87,0x03,0x00,0x70,0x00,0x00,0x0c,0x87,0x03,0x00,0x00,0x00
   579 00005433 000C8703000000      <2>
   580 0000543A 780000028703007000- <2>     db 0x78,0x00,0x00,0x02,0x87,0x03,0x00,0x70,0x00,0x00,0x0e,0x87,0x03,0x10,0x00,0x00
   580 00005443 000E8703100000      <2>
   581 0000544A 700000008703007000- <2>     db 0x70,0x00,0x00,0x00,0x87,0x03,0x00,0x70,0x00,0x00,0x00,0x87,0x03,0x00,0x00,0x00
   581 00005453 00008703000000      <2>
   582 0000545A 7000000C8703C07000- <2>     db 0x70,0x00,0x00,0x0c,0x87,0x03,0xc0,0x70,0x00,0x00,0x00,0x87,0x03,0x00,0x00,0x00
   582 00005463 00008703000000      <2>
   583 0000546A 7000000E0702F07800- <2>     db 0x70,0x00,0x00,0x0e,0x07,0x02,0xf0,0x78,0x00,0x00,0x04,0x87,0x03,0x00,0x00,0x00
   583 00005473 00048703000000      <2>
   584 0000547A 7000000E0700F07800- <2>     db 0x70,0x00,0x00,0x0e,0x07,0x00,0xf0,0x78,0x00,0x00,0x0c,0x87,0x03,0x00,0x00,0x00
   584 00005483 000C8703000000      <2>
   585 0000548A 7000000E0700707800- <2>     db 0x70,0x00,0x00,0x0e,0x07,0x00,0x70,0x78,0x00,0x00,0x0e,0x87,0x03,0xe0,0x00,0x00
   585 00005493 000E8703E00000      <2>
   586 0000549A 7000000E0700707800- <2>     db 0x70,0x00,0x00,0x0e,0x07,0x00,0x70,0x78,0x00,0x00,0x0c,0x86,0x02,0xe0,0x00,0x00
   586 000054A3 000C8602E00000      <2>
   587 000054AA 7000000E0700607800- <2>     db 0x70,0x00,0x00,0x0e,0x07,0x00,0x60,0x78,0x00,0x00,0x0c,0x86,0x02,0xe0,0x00,0x00
   587 000054B3 000C8602E00000      <2>
   588 000054BA 7000100E0700E07800- <2>     db 0x70,0x00,0x10,0x0e,0x07,0x00,0xe0,0x78,0x00,0x00,0x0e,0x87,0x00,0x60,0x00,0x00
   588 000054C3 000E8700600000      <2>
   589 000054CA 3000180E0700F07800- <2>     db 0x30,0x00,0x18,0x0e,0x07,0x00,0xf0,0x78,0x00,0x00,0x0c,0x87,0x00,0x60,0x00,0x00
   589 000054D3 000C8700600000      <2>
   590 000054DA 7000180E0700F07800- <2>     db 0x70,0x00,0x18,0x0e,0x07,0x00,0xf0,0x78,0x00,0x00,0x0c,0x06,0x00,0x60,0x00,0x00
   590 000054E3 000C0600600000      <2>
   591 000054EA 70001C0E0600F07800- <2>     db 0x70,0x00,0x1c,0x0e,0x06,0x00,0xf0,0x78,0x00,0x00,0x0e,0x87,0x00,0x20,0x00,0x00
   591 000054F3 000E8700200000      <2>
   592 000054FA 00001C0E0600F07800- <2>     db 0x00,0x00,0x1c,0x0e,0x06,0x00,0xf0,0x78,0x00,0x00,0x0c,0x87,0x00,0xe0,0x00,0x00
   592 00005503 000C8700E00000      <2>
   593 0000550A 00000C0E0600F07800- <2>     db 0x00,0x00,0x0c,0x0e,0x06,0x00,0xf0,0x78,0x00,0x00,0x0c,0x06,0x00,0xe0,0x00,0x00
   593 00005513 000C0600E00000      <2>
   594 0000551A 00001C0E0400F07800- <2>     db 0x00,0x00,0x1c,0x0e,0x04,0x00,0xf0,0x78,0x00,0x00,0x0c,0x06,0x00,0xe0,0x00,0x00
   594 00005523 000C0600E00000      <2>
   595 0000552A 00001C0E0400F06000- <2>     db 0x00,0x00,0x1c,0x0e,0x04,0x00,0xf0,0x60,0x00,0x10,0x0c,0x87,0x00,0xe0,0x00,0x00
   595 00005533 100C8700E00000      <2>
   596 0000553A 00081C0E0400F00000- <2>     db 0x00,0x08,0x1c,0x0e,0x04,0x00,0xf0,0x00,0x00,0x10,0x0c,0x87,0x00,0xe0,0x00,0x00
   596 00005543 100C8700E00000      <2>
   597 0000554A 00001C0E0480F00000- <2>     db 0x00,0x00,0x1c,0x0e,0x04,0x80,0xf0,0x00,0x00,0x10,0x0c,0x87,0x00,0xe0,0x00,0x00
   597 00005553 100C8700E00000      <2>
   598 0000555A 00001C0E0440F04000- <2>     db 0x00,0x00,0x1c,0x0e,0x04,0x40,0xf0,0x40,0x00,0x10,0x0c,0x06,0x00,0xe0,0x00,0x00
   598 00005563 100C0600E00000      <2>
   599 0000556A 00081C0E00C0F10000- <2>     db 0x00,0x08,0x1c,0x0e,0x00,0xc0,0xf1,0x00,0x00,0x18,0x0e,0x87,0x00,0xe0,0x00,0x00
   599 00005573 180E8700E00000      <2>
   600 0000557A 00081C0C00C0F10000- <2>     db 0x00,0x08,0x1c,0x0c,0x00,0xc0,0xf1,0x00,0x00,0x18,0x0c,0x87,0xc0,0xe1,0x00,0x00
   600 00005583 180C87C0E10000      <2>
   601 0000558A 10181C0C00C0F14000- <2>     db 0x10,0x18,0x1c,0x0c,0x00,0xc0,0xf1,0x40,0x00,0x18,0x0c,0x87,0xc0,0xe1,0x00,0x00
   601 00005593 180C87C0E10000      <2>
   602 0000559A 00181C0C00E0F14000- <2>     db 0x00,0x18,0x1c,0x0c,0x00,0xe0,0xf1,0x40,0x00,0x18,0x0e,0x87,0xc0,0xe1,0x00,0x00
   602 000055A3 180E87C0E10000      <2>
   603 000055AA 10181C0C00E0F10000- <2>     db 0x10,0x18,0x1c,0x0c,0x00,0xe0,0xf1,0x00,0x00,0x18,0x0e,0x07,0xc0,0xe1,0x00,0x00
   603 000055B3 180E07C0E10000      <2>
   604 000055BA 10381C0C0060F00000- <2>     db 0x10,0x38,0x1c,0x0c,0x00,0x60,0xf0,0x00,0x00,0x10,0x0c,0x83,0x40,0xe0,0x00,0x00
   604 000055C3 100C8340E00000      <2>
   605 000055CA 00381C0C0080F10000- <2>     db 0x00,0x38,0x1c,0x0c,0x00,0x80,0xf1,0x00,0x00,0x18,0x0c,0x83,0x80,0xe1,0x00,0x00
   605 000055D3 180C8380E10000      <2>
   606 000055DA 1038180C00E0710000- <2>     db 0x10,0x38,0x18,0x0c,0x00,0xe0,0x71,0x00,0x00,0x18,0x0e,0x83,0xc0,0xe1,0x00,0x00
   606 000055E3 180E83C0E10000      <2>
   607 000055EA 1018180C00E0610000- <2>     db 0x10,0x18,0x18,0x0c,0x00,0xe0,0x61,0x00,0x00,0x10,0x0c,0x83,0xc0,0xe1,0x00,0x00
   607 000055F3 100C83C0E10000      <2>
   608 000055FA 1038180800E0610000- <2>     db 0x10,0x38,0x18,0x08,0x00,0xe0,0x61,0x00,0x00,0x10,0x0c,0x83,0xc0,0xe1,0x00,0x00
   608 00005603 100C83C0E10000      <2>
   609 0000560A 1038180800E0610000- <2>     db 0x10,0x38,0x18,0x08,0x00,0xe0,0x61,0x00,0x00,0x18,0x0e,0x03,0xc0,0xe1,0x00,0x00
   609 00005613 180E03C0E10000      <2>
   610 0000561A 3038180800E0010000- <2>     db 0x30,0x38,0x18,0x08,0x00,0xe0,0x01,0x00,0x00,0x18,0x0e,0x03,0xc0,0x61,0x00,0x00
   610 00005623 180E03C0610000      <2>
   611 0000562A 3038180800E0010020- <2>     db 0x30,0x38,0x18,0x08,0x00,0xe0,0x01,0x00,0x20,0x18,0x0c,0x83,0xc0,0xe1,0x00,0x00
   611 00005633 180C83C0E10000      <2>
   612 0000563A 3038180800E0010000- <2>     db 0x30,0x38,0x18,0x08,0x00,0xe0,0x01,0x00,0x00,0x10,0x0e,0x83,0xc0,0x61,0x00,0x00
   612 00005643 100E83C0610000      <2>
   613 0000564A 30381800C0E0010020- <2>     db 0x30,0x38,0x18,0x00,0xc0,0xe0,0x01,0x00,0x20,0x18,0x0c,0x83,0xc0,0x21,0x00,0x00
   613 00005653 180C83C0210000      <2>
   614 0000565A 10301800C0E0010020- <2>     db 0x10,0x30,0x18,0x00,0xc0,0xe0,0x01,0x00,0x20,0x18,0x0c,0x83,0xc0,0x61,0x00,0x00
   614 00005663 180C83C0610000      <2>
   615 0000566A 30301800C0E3010020- <2>     db 0x30,0x30,0x18,0x00,0xc0,0xe3,0x01,0x00,0x20,0x10,0x08,0x01,0xc0,0x21,0x00,0x00
   615 00005673 100801C0210000      <2>
   616 0000567A 30301800C0E3010020- <2>     db 0x30,0x30,0x18,0x00,0xc0,0xe3,0x01,0x00,0x20,0x18,0x0c,0x81,0xc1,0x21,0x00,0x00
   616 00005683 180C81C1210000      <2>
   617 0000568A 30301800C0E0010020- <2>     db 0x30,0x30,0x18,0x00,0xc0,0xe0,0x01,0x00,0x20,0x18,0x0c,0x01,0xc3,0x21,0x00,0x00
   617 00005693 180C01C3210000      <2>
   618 0000569A 20301000C0E3010030- <2>     db 0x20,0x30,0x10,0x00,0xc0,0xe3,0x01,0x00,0x30,0x18,0x0c,0x00,0x83,0x21,0x00,0x00
   618 000056A3 180C0083210000      <2>
   619 000056AA 60301800E0E3010000- <2>     db 0x60,0x30,0x18,0x00,0xe0,0xe3,0x01,0x00,0x00,0x18,0x0c,0x00,0x83,0x21,0x00,0x00
   619 000056B3 180C0083210000      <2>
   620 000056BA 60301000E0E3010000- <2>     db 0x60,0x30,0x10,0x00,0xe0,0xe3,0x01,0x00,0x00,0x18,0x0c,0x00,0x83,0x21,0x00,0x00
   620 000056C3 180C0083210000      <2>
   621 000056CA 6030100000E3010020- <2>     db 0x60,0x30,0x10,0x00,0x00,0xe3,0x01,0x00,0x20,0x18,0x0c,0x00,0x83,0x20,0x00,0x00
   621 000056D3 180C0083200000      <2>
   622 000056DA 2030100000E0010020- <2>     db 0x20,0x30,0x10,0x00,0x00,0xe0,0x01,0x00,0x20,0x18,0x0c,0x00,0x80,0x60,0x00,0x00
   622 000056E3 180C0080600000      <2>
   623 000056EA 60301000E0E3010020- <2>     db 0x60,0x30,0x10,0x00,0xe0,0xe3,0x01,0x00,0x20,0x18,0x0c,0x00,0x81,0x61,0x00,0x00
   623 000056F3 180C0081610000      <2>
   624 000056FA 60301000E0F3010020- <2>     db 0x60,0x30,0x10,0x00,0xe0,0xf3,0x01,0x00,0x20,0x18,0x04,0x00,0x80,0x41,0x00,0x00
   624 00005703 18040080410000      <2>
   625 0000570A 60301000E0F3010020- <2>     db 0x60,0x30,0x10,0x00,0xe0,0xf3,0x01,0x00,0x20,0x18,0x04,0x00,0x83,0x41,0x00,0x00
   625 00005713 18040083410000      <2>
   626 0000571A 60301000E063000020- <2>     db 0x60,0x30,0x10,0x00,0xe0,0x63,0x00,0x00,0x20,0x18,0x04,0x02,0x03,0x40,0x00,0x00
   626 00005723 18040203400000      <2>
   627 0000572A 60300000E073010020- <2>     db 0x60,0x30,0x00,0x00,0xe0,0x73,0x01,0x00,0x20,0x18,0x04,0x02,0x03,0x40,0x00,0x00
   627 00005733 18040203400000      <2>
   628 0000573A 60300040E003010030- <2>     db 0x60,0x30,0x00,0x40,0xe0,0x03,0x01,0x00,0x30,0x18,0x04,0x06,0x03,0x40,0x00,0x00
   628 00005743 18040603400000      <2>
   629 0000574A 60200000E063000020- <2>     db 0x60,0x20,0x00,0x00,0xe0,0x63,0x00,0x00,0x20,0x18,0x04,0x06,0x03,0x40,0x00,0x00
   629 00005753 18040603400000      <2>
   630 0000575A 60200000E103000030- <2>     db 0x60,0x20,0x00,0x00,0xe1,0x03,0x00,0x00,0x30,0x18,0x04,0x06,0x03,0x40,0x00,0x00
   630 00005763 18040603400000      <2>
   631 0000576A 60200040E103004030- <2>     db 0x60,0x20,0x00,0x40,0xe1,0x03,0x00,0x40,0x30,0x18,0x04,0x02,0x83,0x40,0x00,0x00
   631 00005773 18040283400000      <2>
   632 0000577A 602000C0E703000030- <2>     db 0x60,0x20,0x00,0xc0,0xe7,0x03,0x00,0x00,0x30,0x18,0x04,0x06,0x83,0x40,0x00,0x00
   632 00005783 18040683400000      <2>
   633 0000578A 60200040E303004030- <2>     db 0x60,0x20,0x00,0x40,0xe3,0x03,0x00,0x40,0x30,0x18,0x04,0x06,0x03,0xc0,0x00,0x00
   633 00005793 18040603C00000      <2>
   634 0000579A 602000C0E303004030- <2>     db 0x60,0x20,0x00,0xc0,0xe3,0x03,0x00,0x40,0x30,0x18,0x04,0x06,0x83,0xc0,0x00,0x00
   634 000057A3 18040683C00000      <2>
   635 000057AA 602000C0E303004030- <2>     db 0x60,0x20,0x00,0xc0,0xe3,0x03,0x00,0x40,0x30,0x18,0x04,0x00,0x83,0x40,0x00,0x00
   635 000057B3 18040083400000      <2>
   636 000057BA 602000C0E703004030- <2>     db 0x60,0x20,0x00,0xc0,0xe7,0x03,0x00,0x40,0x30,0x18,0x04,0x02,0x03,0x40,0x00,0x00
   636 000057C3 18040203400000      <2>
   637 000057CA 602000C0E703004030- <2>     db 0x60,0x20,0x00,0xc0,0xe7,0x03,0x00,0x40,0x30,0x18,0x04,0x00,0x83,0x40,0x00,0x00
   637 000057D3 18040083400000      <2>
   638 000057DA 60200040E703004030- <2>     db 0x60,0x20,0x00,0x40,0xe7,0x03,0x00,0x40,0x30,0x18,0x04,0x02,0x83,0xc0,0x00,0x00
   638 000057E3 18040283C00000      <2>
   639 000057EA 60200040E303000030- <2>     db 0x60,0x20,0x00,0x40,0xe3,0x03,0x00,0x00,0x30,0x18,0x04,0x06,0x83,0xc0,0x00,0x00
   639 000057F3 18040683C00000      <2>
   640 000057FA 602000C0E303004030- <2>     db 0x60,0x20,0x00,0xc0,0xe3,0x03,0x00,0x40,0x30,0x18,0x04,0x06,0x83,0xc0,0x00,0x00
   640 00005803 18040683C00000      <2>
   641 0000580A 402000C0E303000030- <2>     db 0x40,0x20,0x00,0xc0,0xe3,0x03,0x00,0x00,0x30,0x18,0x04,0x02,0x83,0xc0,0x00,0x00
   641 00005813 18040283C00000      <2>
   642 0000581A 402080CCE703000030- <2>     db 0x40,0x20,0x80,0xcc,0xe7,0x03,0x00,0x00,0x30,0x18,0x04,0x06,0x83,0xc0,0x00,0x00
   642 00005823 18040683C00000      <2>
   643 0000582A 402080CCE303004030- <2>     db 0x40,0x20,0x80,0xcc,0xe3,0x03,0x00,0x40,0x30,0x18,0x04,0x06,0x83,0xc0,0x00,0x00
   643 00005833 18040683C00000      <2>
   644 0000583A 402080CFE303004030- <2>     db 0x40,0x20,0x80,0xcf,0xe3,0x03,0x00,0x40,0x30,0x18,0x04,0x06,0x83,0xc1,0x00,0x00
   644 00005843 18040683C10000      <2>
   645 0000584A 402080CFA703004030- <2>     db 0x40,0x20,0x80,0xcf,0xa7,0x03,0x00,0x40,0x30,0x18,0x0c,0x06,0x83,0xc1,0x00,0x00
   645 00005853 180C0683C10000      <2>
   646 0000585A 400080CF2703004030- <2>     db 0x40,0x00,0x80,0xcf,0x27,0x03,0x00,0x40,0x30,0x18,0x0c,0x06,0x83,0xc1,0x00,0x00
   646 00005863 180C0683C10000      <2>
   647 0000586A 400080C7A703004030- <2>     db 0x40,0x00,0x80,0xc7,0xa7,0x03,0x00,0x40,0x30,0x18,0x04,0x06,0x81,0xc1,0x00,0x00
   647 00005873 18040681C10000      <2>
   648 0000587A 400080C72703804030- <2>     db 0x40,0x00,0x80,0xc7,0x27,0x03,0x80,0x40,0x30,0x18,0x04,0x06,0x81,0xc0,0x00,0x00
   648 00005883 18040681C00000      <2>
   649 0000588A 400080C7A701804020- <2>     db 0x40,0x00,0x80,0xc7,0xa7,0x01,0x80,0x40,0x20,0x10,0x0c,0x06,0x83,0xc0,0x00,0x00
   649 00005893 100C0683C00000      <2>
   650 0000589A 400080C70700804020- <2>     db 0x40,0x00,0x80,0xc7,0x07,0x00,0x80,0x40,0x20,0x10,0x0c,0x06,0x81,0xc1,0x00,0x00
   650 000058A3 100C0681C10000      <2>
   651 000058AA 400080C60700804020- <2>     db 0x40,0x00,0x80,0xc6,0x07,0x00,0x80,0x40,0x20,0x00,0x08,0x06,0x81,0xc1,0x00,0x00
   651 000058B3 00080681C10000      <2>
   652 000058BA 400000CC0700804020- <2>     db 0x40,0x00,0x00,0xcc,0x07,0x00,0x80,0x40,0x20,0x08,0x00,0x06,0x81,0x81,0x00,0x00
   652 000058C3 08000681810000      <2>
   653 000058CA 400080C30702804020- <2>     db 0x40,0x00,0x80,0xc3,0x07,0x02,0x80,0x40,0x20,0x00,0x00,0x06,0x81,0x81,0x00,0x00
   653 000058D3 00000681810000      <2>
   654 000058DA 400080CF0700804020- <2>     db 0x40,0x00,0x80,0xcf,0x07,0x00,0x80,0x40,0x20,0x00,0x00,0x06,0x81,0x81,0x00,0x00
   654 000058E3 00000681810000      <2>
   655 000058EA 4000C0CF0700804020- <2>     db 0x40,0x00,0xc0,0xcf,0x07,0x00,0x80,0x40,0x20,0x00,0x00,0x04,0x81,0x81,0x00,0x00
   655 000058F3 00000481810000      <2>
   656 000058FA 408084CF0700804020- <2>     db 0x40,0x80,0x84,0xcf,0x07,0x00,0x80,0x40,0x20,0x00,0x00,0x04,0x83,0x81,0x00,0x00
   656 00005903 00000483810000      <2>
   657 0000590A 4000C0CF0700004020- <2>     db 0x40,0x00,0xc0,0xcf,0x07,0x00,0x00,0x40,0x20,0x00,0x08,0x04,0x83,0x81,0x00,0x00
   657 00005913 00080483810000      <2>
   658 0000591A 4000C0CF0700004020- <2>     db 0x40,0x00,0xc0,0xcf,0x07,0x00,0x00,0x40,0x20,0x00,0x08,0x04,0x83,0x81,0x00,0x00
   658 00005923 00080483810000      <2>
   659 0000592A 4080C5CF0700804020- <2>     db 0x40,0x80,0xc5,0xcf,0x07,0x00,0x80,0x40,0x20,0x00,0x08,0x04,0x83,0x81,0x00,0x00
   659 00005933 00080483810000      <2>
   660 0000593A 4080DFCF0700004020- <2>     db 0x40,0x80,0xdf,0xcf,0x07,0x00,0x00,0x40,0x20,0x10,0x08,0x04,0x01,0x81,0x00,0x00
   660 00005943 10080401810000      <2>
   661 0000594A 4080DFCF0700004020- <2>     db 0x40,0x80,0xdf,0xcf,0x07,0x00,0x00,0x40,0x20,0x10,0x08,0x04,0x01,0x81,0x00,0x00
   661 00005953 10080401810000      <2>
   662 0000595A 4080DFCF0700004020- <2>     db 0x40,0x80,0xdf,0xcf,0x07,0x00,0x00,0x40,0x20,0x10,0x08,0x04,0x83,0x81,0x00,0x00
   662 00005963 10080483810000      <2>
   663 0000596A 4080DFCF0700804020- <2>     db 0x40,0x80,0xdf,0xcf,0x07,0x00,0x80,0x40,0x20,0x10,0x08,0x04,0x01,0x81,0x00,0x00
   663 00005973 10080401810000      <2>
   664 0000597A 4080DFEF0700814020- <2>     db 0x40,0x80,0xdf,0xef,0x07,0x00,0x81,0x40,0x20,0x10,0x08,0x04,0x03,0x81,0x00,0x00
   664 00005983 10080403810000      <2>
   665 0000598A 0080CFEF0700804020- <2>     db 0x00,0x80,0xcf,0xef,0x07,0x00,0x80,0x40,0x20,0x00,0x08,0x04,0x02,0x81,0x00,0x00
   665 00005993 00080402810000      <2>
   666 0000599A 0000C7EF0700814020- <2>     db 0x00,0x00,0xc7,0xef,0x07,0x00,0x81,0x40,0x20,0x00,0x08,0x04,0x02,0x81,0x00,0x00
   666 000059A3 00080402810000      <2>
   667 000059AA 0080DFEF0700814020- <2>     db 0x00,0x80,0xdf,0xef,0x07,0x00,0x81,0x40,0x20,0x10,0x08,0x04,0x02,0x81,0x00,0x00
   667 000059B3 10080402810000      <2>
   668 000059BA 0000C7EF0700814020- <2>     db 0x00,0x00,0xc7,0xef,0x07,0x00,0x81,0x40,0x20,0x00,0x08,0x04,0x02,0x81,0x00,0x00
   668 000059C3 00080402810000      <2>
   669 000059CA 0082D8EF0500814020- <2>     db 0x00,0x82,0xd8,0xef,0x05,0x00,0x81,0x40,0x20,0x00,0x08,0x04,0x02,0x81,0x00,0x00
   669 000059D3 00080402810000      <2>
   670 000059DA 0082DDCF0500814020- <2>     db 0x00,0x82,0xdd,0xcf,0x05,0x00,0x81,0x40,0x20,0x00,0x08,0x04,0x02,0x81,0x00,0x00
   670 000059E3 00080402810000      <2>
   671 000059EA 000BC7EF0700814020- <2>     db 0x00,0x0b,0xc7,0xef,0x07,0x00,0x81,0x40,0x20,0x00,0x08,0x00,0x02,0x81,0x00,0x00
   671 000059F3 00080002810000      <2>
   672 000059FA 0080CFAF0500814020- <2>     db 0x00,0x80,0xcf,0xaf,0x05,0x00,0x81,0x40,0x20,0x00,0x08,0x00,0x02,0x81,0x00,0x00
   672 00005A03 00080002810000      <2>
   673 00005A0A 00BFCF8F0100814020- <2>     db 0x00,0xbf,0xcf,0x8f,0x01,0x00,0x81,0x40,0x20,0x10,0x08,0x04,0x02,0x81,0x00,0x00
   673 00005A13 10080402810000      <2>
   674 00005A1A 00BFCFAF0500814020- <2>     db 0x00,0xbf,0xcf,0xaf,0x05,0x00,0x81,0x40,0x20,0x10,0x08,0x04,0x02,0x81,0x00,0x00
   674 00005A23 10080402810000      <2>
   675 00005A2A 009FDF2F0400814020- <2>     db 0x00,0x9f,0xdf,0x2f,0x04,0x00,0x81,0x40,0x20,0x10,0x08,0x04,0x02,0x81,0x00,0x00
   675 00005A33 10080402810000      <2>
   676 00005A3A 009FDF0F0000814020- <2>     db 0x00,0x9f,0xdf,0x0f,0x00,0x00,0x81,0x40,0x20,0x10,0x08,0x04,0x02,0x81,0x00,0x00
   676 00005A43 10080402810000      <2>
   677 00005A4A 009FDFAF0700814020- <2>     db 0x00,0x9f,0xdf,0xaf,0x07,0x00,0x81,0x40,0x20,0x10,0x08,0x04,0x02,0x81,0x00,0x00
   677 00005A53 10080402810000      <2>
   678 00005A5A 00BFDF0F0000814020- <2>     db 0x00,0xbf,0xdf,0x0f,0x00,0x00,0x81,0x40,0x20,0x10,0x08,0x04,0x02,0x81,0x00,0x00
   678 00005A63 10080402810000      <2>
   679 00005A6A 009FDF0F0400814020- <2>     db 0x00,0x9f,0xdf,0x0f,0x04,0x00,0x81,0x40,0x20,0x10,0x08,0x04,0x02,0x81,0x00,0x00
   679 00005A73 10080402810000      <2>
   680 00005A7A 009FDF0F0000814020- <2>     db 0x00,0x9f,0xdf,0x0f,0x00,0x00,0x81,0x40,0x20,0x10,0x08,0x04,0x02,0x81,0x00,0x00
   680 00005A83 10080402810000      <2>
   681 00005A8A 00BFDF0F0000814020- <2>     db 0x00,0xbf,0xdf,0x0f,0x00,0x00,0x81,0x40,0x20,0x10,0x08,0x04,0x02,0x81,0x00,0x00
   681 00005A93 10080402810000      <2>
   682 00005A9A 10BFDF0F0400814020- <2>     db 0x10,0xbf,0xdf,0x0f,0x04,0x00,0x81,0x40,0x20,0x10,0x08,0x04,0x02,0x81,0x00,0x00
   682 00005AA3 10080402810000      <2>
   683 00005AAA 76BBDF0F0002814020- <2>     db 0x76,0xbb,0xdf,0x0f,0x00,0x02,0x81,0x40,0x20,0x10,0x08,0x04,0x02,0x81,0x00,0x00
   683 00005AB3 10080402810000      <2>
   684 00005ABA 76BBDF0F0002814020- <2>     db 0x76,0xbb,0xdf,0x0f,0x00,0x02,0x81,0x40,0x20,0x10,0x08,0x04,0x02,0x81,0x00,0x00
   684 00005AC3 10080402810000      <2>
   685 00005ACA 3E80DF0F0000810000- <2>     db 0x3e,0x80,0xdf,0x0f,0x00,0x00,0x81,0x00,0x00,0x00,0x08,0x04,0x02,0x01,0x00,0x00
   685 00005AD3 00080402010000      <2>
   686 00005ADA 3E80DF0F0000810000- <2>     db 0x3e,0x80,0xdf,0x0f,0x00,0x00,0x81,0x00,0x00,0x00,0x08,0x04,0x02,0x01,0x00,0x00
   686 00005AE3 00080402010000      <2>
   687 00005AEA 7E9FDF0F0000810000- <2>     db 0x7e,0x9f,0xdf,0x0f,0x00,0x00,0x81,0x00,0x00,0x00,0x08,0x04,0x02,0x01,0x00,0x00
   687 00005AF3 00080402010000      <2>
   688 00005AFA 7E8EDF0F0000810000- <2>     db 0x7e,0x8e,0xdf,0x0f,0x00,0x00,0x81,0x00,0x00,0x00,0x08,0x04,0x02,0x01,0x00,0x00
   688 00005B03 00080402010000      <2>
   689 00005B0A 7E9FDF0F0402810000- <2>     db 0x7e,0x9f,0xdf,0x0f,0x04,0x02,0x81,0x00,0x00,0x10,0x08,0x04,0x02,0xc5,0x00,0x00
   689 00005B13 10080402C50000      <2>
   690 00005B1A 3E8EDF0F0002810000- <2>     db 0x3e,0x8e,0xdf,0x0f,0x00,0x02,0x81,0x00,0x00,0x10,0x08,0x04,0x02,0x01,0x00,0x00
   690 00005B23 10080402010000      <2>
   691 00005B2A 7EBFDF0F0002810000- <2>     db 0x7e,0xbf,0xdf,0x0f,0x00,0x02,0x81,0x00,0x00,0x10,0x08,0x04,0x02,0x01,0x00,0x00
   691 00005B33 10080402010000      <2>
   692 00005B3A 7EBFDF0F0002810000- <2>     db 0x7e,0xbf,0xdf,0x0f,0x00,0x02,0x81,0x00,0x00,0x10,0x08,0x04,0x02,0xc5,0x00,0x00
   692 00005B43 10080402C50000      <2>
   693 00005B4A 7E9FDF0F0002010000- <2>     db 0x7e,0x9f,0xdf,0x0f,0x00,0x02,0x01,0x00,0x00,0x00,0x08,0x04,0x02,0xfd,0x00,0x00
   693 00005B53 00080402FD0000      <2>
   694 00005B5A 7E9FDF0F0002010000- <2>     db 0x7e,0x9f,0xdf,0x0f,0x00,0x02,0x01,0x00,0x00,0x00,0x08,0x04,0x02,0xfd,0x00,0x00
   694 00005B63 00080402FD0000      <2>
   695 00005B6A 1C8EDF0F0002000000- <2>     db 0x1c,0x8e,0xdf,0x0f,0x00,0x02,0x00,0x00,0x00,0x00,0x08,0x04,0x02,0xfd,0x00,0x00
   695 00005B73 00080402FD0000      <2>
   696 00005B7A 1C9FDF0F0002010000- <2>     db 0x1c,0x9f,0xdf,0x0f,0x00,0x02,0x01,0x00,0x00,0x00,0x08,0x04,0x02,0xfd,0x00,0x00
   696 00005B83 00080402FD0000      <2>
   697 00005B8A 809FDF0F0002000000- <2>     db 0x80,0x9f,0xdf,0x0f,0x00,0x02,0x00,0x00,0x00,0x00,0x00,0x04,0xca,0xff,0x00,0x00
   697 00005B93 000004CAFF0000      <2>
   698 00005B9A 819FDF0F0002000000- <2>     db 0x81,0x9f,0xdf,0x0f,0x00,0x02,0x00,0x00,0x00,0x00,0x00,0x04,0xca,0xff,0x00,0x00
   698 00005BA3 000004CAFF0000      <2>
   699 00005BAA B6DFDF0F0002000000- <2>     db 0xb6,0xdf,0xdf,0x0f,0x00,0x02,0x00,0x00,0x00,0x00,0x08,0x04,0xca,0x7d,0x00,0x00
   699 00005BB3 000804CA7D0000      <2>
   700 00005BBA 63FFDF0F0002000000- <2>     db 0x63,0xff,0xdf,0x0f,0x00,0x02,0x00,0x00,0x00,0x00,0x08,0x04,0xce,0x7d,0x00,0x00
   700 00005BC3 000804CE7D0000      <2>
   701 00005BCA E3FFDF0F0400000000- <2>     db 0xe3,0xff,0xdf,0x0f,0x04,0x00,0x00,0x00,0x00,0x00,0x00,0x04,0xfe,0x7d,0x00,0x00
   701 00005BD3 000004FE7D0000      <2>
   702 00005BDA E3FFDF0F0400000000- <2>     db 0xe3,0xff,0xdf,0x0f,0x04,0x00,0x00,0x00,0x00,0x00,0x00,0x04,0xfe,0x7d,0x00,0x00
   702 00005BE3 000004FE7D0000      <2>
   703 00005BEA 80FBCF0F0400000000- <2>     db 0x80,0xfb,0xcf,0x0f,0x04,0x00,0x00,0x00,0x00,0x00,0x00,0xb4,0xff,0x6d,0x00,0x00
   703 00005BF3 0000B4FF6D0000      <2>
   704 00005BFA B7F1CF0F0400000000- <2>     db 0xb7,0xf1,0xcf,0x0f,0x04,0x00,0x00,0x00,0x00,0x00,0x00,0xb4,0xff,0x6d,0x00,0x00
   704 00005C03 0000B4FF6D0000      <2>
   705 00005C0A 808EDF070400000000- <2>     db 0x80,0x8e,0xdf,0x07,0x04,0x00,0x00,0x00,0x00,0x00,0x00,0xf4,0xdf,0x39,0x00,0x00
   705 00005C13 0000F4DF390000      <2>
   706 00005C1A 80CEFF070400000000- <2>     db 0x80,0xce,0xff,0x07,0x04,0x00,0x00,0x00,0x00,0x00,0x00,0xf4,0xfb,0x01,0x00,0x00
   706 00005C23 0000F4FB010000      <2>
   707 00005C2A 80C02F000400000000- <2>     db 0x80,0xc0,0x2f,0x00,0x04,0x00,0x00,0x00,0x00,0x00,0x00,0xe4,0xda,0x01,0x00,0x00
   707 00005C33 0000E4DA010000      <2>
   708 00005C3A 805B27000400000000- <2>     db 0x80,0x5b,0x27,0x00,0x04,0x00,0x00,0x00,0x00,0x00,0x00,0xe4,0xda,0x01,0x00,0x00
   708 00005C43 0000E4DA010000      <2>
   709 00005C4A 804000080000000000- <2>     db 0x80,0x40,0x00,0x08,0x00,0x00,0x00,0x00,0x00,0x00,0x00,0x00,0x02,0x01,0x00,0x00
   709 00005C53 00000002010000      <2>
   710 00005C5A 804000080000000000- <2>     db 0x80,0x40,0x00,0x08,0x00,0x00,0x00,0x00,0x00,0x00,0x00,0x00,0x02,0x01,0x00,0x00
   710 00005C63 00000002010000      <2>
   711 00005C6A 805B27000000000000- <2>     db 0x80,0x5b,0x27,0x00,0x00,0x00,0x00,0x00,0x00,0x00,0x00,0xf0,0x03,0x01,0x00,0x00
   711 00005C73 0000F003010000      <2>
   712 00005C7A 815B27000000000000- <2>     db 0x81,0x5b,0x27,0x00,0x00,0x00,0x00,0x00,0x00,0x00,0x00,0xf0,0x03,0x01,0x00,0x00
   712 00005C83 0000F003010000      <2>
   713 00005C8A 80FF2F000000000000- <2>     db 0x80,0xff,0x2f,0x00,0x00,0x00,0x00,0x00,0x00,0x00,0xe0,0xfb,0x73,0x01,0x00,0x00
   713 00005C93 00E0FB73010000      <2>
   714 00005C9A 9CFB2D000000000000- <2>     db 0x9c,0xfb,0x2d,0x00,0x00,0x00,0x00,0x00,0x00,0x00,0xe0,0xfb,0x73,0x01,0x00,0x00
   714 00005CA3 00E0FB73010000      <2>
   715 00005CAA B6DF2D000000000000- <2>     db 0xb6,0xdf,0x2d,0x00,0x00,0x00,0x00,0x00,0x00,0x00,0xf0,0xf3,0xdf,0x01,0x00,0x00
   715 00005CB3 00F0F3DF010000      <2>
   716 00005CBA F75F27000000000000- <2>     db 0xf7,0x5f,0x27,0x00,0x00,0x00,0x00,0x00,0x00,0x20,0xf0,0xf3,0x8f,0x6d,0x00,0x00
   716 00005CC3 20F0F38F6D0000      <2>
   717 00005CCA FF5F20000000000000- <2>     db 0xff,0x5f,0x20,0x00,0x00,0x00,0x00,0x00,0x00,0x20,0xf0,0xfb,0xff,0x01,0x00,0x00
   717 00005CD3 20F0FBFF010000      <2>
   718 00005CDA BF5F20000000000000- <2>     db 0xbf,0x5f,0x20,0x00,0x00,0x00,0x00,0x00,0x00,0x20,0xf0,0xfb,0xff,0xc7,0x00,0x00
   718 00005CE3 20F0FBFFC70000      <2>
   719 00005CEA BE7920100000008040- <2>     db 0xbe,0x79,0x20,0x10,0x00,0x00,0x00,0x80,0x40,0x00,0xf0,0xfb,0xff,0xff,0x00,0x00
   719 00005CF3 00F0FBFFFF0000      <2>
   720 00005CFA BE7920100000000000- <2>     db 0xbe,0x79,0x20,0x10,0x00,0x00,0x00,0x00,0x00,0x00,0xf0,0xfb,0xff,0xff,0x00,0x00
   720 00005D03 00F0FBFFFF0000      <2>
   721 00005D0A BF7920000800000040- <2>     db 0xbf,0x79,0x20,0x00,0x08,0x00,0x00,0x00,0x40,0x00,0xf0,0xfb,0xfb,0x01,0x00,0x00
   721 00005D13 00F0FBFB010000      <2>
   722 00005D1A BF7920000000008040- <2>     db 0xbf,0x79,0x20,0x00,0x00,0x00,0x00,0x80,0x40,0x00,0xf0,0xfb,0xfb,0x01,0x00,0x00
   722 00005D23 00F0FBFB010000      <2>
   723 00005D2A FF4020100000000140- <2>     db 0xff,0x40,0x20,0x10,0x00,0x00,0x00,0x01,0x40,0x60,0xf0,0xfb,0x71,0x39,0x00,0x00
   723 00005D33 60F0FB71390000      <2>
   724 00005D3A FF4020100000000040- <2>     db 0xff,0x40,0x20,0x10,0x00,0x00,0x00,0x00,0x40,0x00,0xf0,0xfb,0x71,0x39,0x00,0x00
   724 00005D43 00F0FB71390000      <2>
   725 00005D4A FF4020100000008040- <2>     db 0xff,0x40,0x20,0x10,0x00,0x00,0x00,0x80,0x40,0x00,0xf0,0xfb,0xf9,0x7e,0x00,0x00
   725 00005D53 00F0FBF97E0000      <2>
   726 00005D5A FF4020100000008040- <2>     db 0xff,0x40,0x20,0x10,0x00,0x00,0x00,0x80,0x40,0x00,0xf0,0xfb,0xf9,0x7e,0x00,0x00
   726 00005D63 00F0FBF97E0000      <2>
   727 00005D6A 814020100800008140- <2>     db 0x81,0x40,0x20,0x10,0x08,0x00,0x00,0x81,0x40,0x00,0xf0,0xfb,0xfd,0x7e,0x00,0x00
   727 00005D73 00F0FBFD7E0000      <2>
   728 00005D7A 814020100000008100- <2>     db 0x81,0x40,0x20,0x10,0x00,0x00,0x00,0x81,0x00,0x00,0xf0,0xfb,0x01,0x7e,0x00,0x00
   728 00005D83 00F0FB017E0000      <2>
   729 00005D8A A34020100800008140- <2>     db 0xa3,0x40,0x20,0x10,0x08,0x00,0x00,0x81,0x40,0x40,0xf0,0xfb,0xf9,0x7e,0x00,0x00
   729 00005D93 40F0FBF97E0000      <2>
   730 00005D9A A34020100800008100- <2>     db 0xa3,0x40,0x20,0x10,0x08,0x00,0x00,0x81,0x00,0x60,0xe0,0xfb,0x01,0x7e,0x00,0x00
   730 00005DA3 60E0FB017E0000      <2>
   731 00005DAA 814020100004028100- <2>     db 0x81,0x40,0x20,0x10,0x00,0x04,0x02,0x81,0x00,0x00,0xf0,0xfb,0xf9,0x7e,0x00,0x00
   731 00005DB3 00F0FBF97E0000      <2>
   732 00005DBA 814020100804028140- <2>     db 0x81,0x40,0x20,0x10,0x08,0x04,0x02,0x81,0x40,0x40,0xf0,0xfb,0x71,0x7e,0x00,0x00
   732 00005DC3 40F0FB717E0000      <2>
   733 00005DCA 814020100804028140- <2>     db 0x81,0x40,0x20,0x10,0x08,0x04,0x02,0x81,0x40,0x00,0xf0,0xfb,0x01,0x7c,0x00,0x00
   733 00005DD3 00F0FB017C0000      <2>
   734 00005DDA 814020100804028140- <2>     db 0x81,0x40,0x20,0x10,0x08,0x04,0x02,0x81,0x40,0x00,0xf0,0xfb,0x01,0x38,0x00,0x00
   734 00005DE3 00F0FB01380000      <2>
   735 00005DEA 814020100800028140- <2>     db 0x81,0x40,0x20,0x10,0x08,0x00,0x02,0x81,0x40,0x40,0xf0,0xfb,0xd9,0x08,0x00,0x00
   735 00005DF3 40F0FBD9080000      <2>
   736 00005DFA 814020100804028140- <2>     db 0x81,0x40,0x20,0x10,0x08,0x04,0x02,0x81,0x40,0x40,0xf3,0xfb,0xd9,0x20,0x00,0x00
   736 00005E03 40F3FBD9200000      <2>
   737 00005E0A 814020100804028100- <2>     db 0x81,0x40,0x20,0x10,0x08,0x04,0x02,0x81,0x00,0x00,0xf0,0xfb,0xfd,0x20,0x00,0x00
   737 00005E13 00F0FBFD200000      <2>
   738 00005E1A 814020100804028100- <2>     db 0x81,0x40,0x20,0x10,0x08,0x04,0x02,0x81,0x00,0x00,0xf0,0xfb,0xfd,0x00,0x00,0x00
   738 00005E23 00F0FBFD000000      <2>
   739 00005E2A 814020100804028100- <2>     db 0x81,0x40,0x20,0x10,0x08,0x04,0x02,0x81,0x00,0x60,0xf0,0xfb,0xf9,0x00,0x00,0x00
   739 00005E33 60F0FBF9000000      <2>
   740 00005E3A 814020100804028100- <2>     db 0x81,0x40,0x20,0x10,0x08,0x04,0x02,0x81,0x00,0xe0,0xf7,0xfb,0xf9,0x00,0x00,0x00
   740 00005E43 E0F7FBF9000000      <2>
   741 00005E4A 814020100804028100- <2>     db 0x81,0x40,0x20,0x10,0x08,0x04,0x02,0x81,0x00,0xe0,0xf7,0xfb,0xf9,0x00,0x00,0x00
   741 00005E53 E0F7FBF9000000      <2>
   742 00005E5A 814020100004028100- <2>     db 0x81,0x40,0x20,0x10,0x00,0x04,0x02,0x81,0x00,0xe0,0xf7,0xfb,0xfd,0x00,0x00,0x00
   742 00005E63 E0F7FBFD000000      <2>
   743 00005E6A 814020100804028100- <2>     db 0x81,0x40,0x20,0x10,0x08,0x04,0x02,0x81,0x00,0x60,0xf7,0xfb,0xfd,0x00,0x00,0x00
   743 00005E73 60F7FBFD000000      <2>
   744 00005E7A 814020100804028100- <2>     db 0x81,0x40,0x20,0x10,0x08,0x04,0x02,0x81,0x00,0xe0,0xf7,0xfb,0x19,0x00,0x00,0x00
   744 00005E83 E0F7FB19000000      <2>
   745 00005E8A 814000100804028100- <2>     db 0x81,0x40,0x00,0x10,0x08,0x04,0x02,0x81,0x00,0xc0,0xf7,0xf3,0xfd,0x00,0x00,0x00
   745 00005E93 C0F7F3FD000000      <2>
   746 00005E9A 814020100804028100- <2>     db 0x81,0x40,0x20,0x10,0x08,0x04,0x02,0x81,0x00,0xe0,0xf7,0xf3,0x8d,0x00,0x00,0x00
   746 00005EA3 E0F7F38D000000      <2>
   747 00005EAA 814020100004028100- <2>     db 0x81,0x40,0x20,0x10,0x00,0x04,0x02,0x81,0x00,0xc0,0xf7,0xe3,0x18,0x00,0x00,0x00
   747 00005EB3 C0F7E318000000      <2>
   748 00005EBA 814020100004028100- <2>     db 0x81,0x40,0x20,0x10,0x00,0x04,0x02,0x81,0x00,0xe0,0xf7,0xe3,0x00,0x00,0x00,0x00
   748 00005EC3 E0F7E300000000      <2>
   749 00005ECA 81C020100004028100- <2>     db 0x81,0xc0,0x20,0x10,0x00,0x04,0x02,0x81,0x00,0xe0,0xf7,0x03,0x10,0x00,0x00,0x00
   749 00005ED3 E0F70310000000      <2>
   750 00005EDA 814020100004028100- <2>     db 0x81,0x40,0x20,0x10,0x00,0x04,0x02,0x81,0x00,0xe0,0xf7,0x03,0x00,0x02,0x00,0x00
   750 00005EE3 E0F70300020000      <2>
   751 00005EEA 814020100804028100- <2>     db 0x81,0x40,0x20,0x10,0x08,0x04,0x02,0x81,0x00,0xe0,0xf7,0xfb,0x01,0x00,0x00,0x00
   751 00005EF3 E0F7FB01000000      <2>
   752 00005EFA 814020100804028100- <2>     db 0x81,0x40,0x20,0x10,0x08,0x04,0x02,0x81,0x00,0xe0,0xf7,0xfb,0x01,0x02,0x00,0x00
   752 00005F03 E0F7FB01020000      <2>
   753 00005F0A 814020100004028100- <2>     db 0x81,0x40,0x20,0x10,0x00,0x04,0x02,0x81,0x00,0xe0,0xf7,0xf3,0x01,0x02,0x00,0x00
   753 00005F13 E0F7F301020000      <2>
   754 00005F1A 814020100004028100- <2>     db 0x81,0x40,0x20,0x10,0x00,0x04,0x02,0x81,0x00,0xe0,0xf7,0xe3,0x00,0x02,0x00,0x00
   754 00005F23 E0F7E300020000      <2>
   755 00005F2A 81C020100804028100- <2>     db 0x81,0xc0,0x20,0x10,0x08,0x04,0x02,0x81,0x00,0xe0,0xf3,0xfb,0x01,0x02,0x00,0x00
   755 00005F33 E0F3FB01020000      <2>
   756 00005F3A 81C020100804020100- <2>     db 0x81,0xc0,0x20,0x10,0x08,0x04,0x02,0x01,0x00,0xe0,0xf3,0xfb,0x01,0x02,0x00,0x00
   756 00005F43 E0F3FB01020000      <2>
   757 00005F4A 81C020100804020100- <2>     db 0x81,0xc0,0x20,0x10,0x08,0x04,0x02,0x01,0x00,0xe0,0xf3,0xfb,0x01,0x02,0x00,0x00
   757 00005F53 E0F3FB01020000      <2>
   758 00005F5A 81C120100804020100- <2>     db 0x81,0xc1,0x20,0x10,0x08,0x04,0x02,0x01,0x00,0xe0,0xf3,0xfb,0x01,0x02,0x00,0x00
   758 00005F63 E0F3FB01020000      <2>
   759 00005F6A 81C120100004020000- <2>     db 0x81,0xc1,0x20,0x10,0x00,0x04,0x02,0x00,0x00,0xe0,0xf3,0x3b,0x01,0x02,0x00,0x00
   759 00005F73 E0F33B01020000      <2>
   760 00005F7A 81C120000004020000- <2>     db 0x81,0xc1,0x20,0x00,0x00,0x04,0x02,0x00,0x00,0xe0,0xf3,0x3b,0x01,0x02,0x00,0x00
   760 00005F83 E0F33B01020000      <2>
   761 00005F8A 81C120100004020100- <2>     db 0x81,0xc1,0x20,0x10,0x00,0x04,0x02,0x01,0x00,0xe0,0xf3,0x03,0x00,0x02,0x00,0x00
   761 00005F93 E0F30300020000      <2>
   762 00005F9A 818120100004020000- <2>     db 0x81,0x81,0x20,0x10,0x00,0x04,0x02,0x00,0x00,0xe0,0xf3,0x93,0x01,0x02,0x00,0x00
   762 00005FA3 E0F39301020000      <2>
   763 00005FAA 818120000004020000- <2>     db 0x81,0x81,0x20,0x00,0x00,0x04,0x02,0x00,0x00,0xe0,0xf3,0x0b,0x01,0x02,0x00,0x00
   763 00005FB3 E0F30B01020000      <2>
   764 00005FBA 818160000004020000- <2>     db 0x81,0x81,0x60,0x00,0x00,0x04,0x02,0x00,0x00,0xe0,0xf3,0x03,0x00,0x02,0x00,0x00
   764 00005FC3 E0F30300020000      <2>
   765 00005FCA 818160000004020180- <2>     db 0x81,0x81,0x60,0x00,0x00,0x04,0x02,0x01,0x80,0xe0,0xc3,0x01,0x00,0x02,0x00,0x00
   765 00005FD3 E0C30100020000      <2>
   766 00005FDA 818160001004020100- <2>     db 0x81,0x81,0x60,0x00,0x10,0x04,0x02,0x01,0x00,0xe0,0x63,0x01,0x00,0x02,0x00,0x00
   766 00005FE3 E0630100020000      <2>
   767 00005FEA 838160100004020100- <2>     db 0x83,0x81,0x60,0x10,0x00,0x04,0x02,0x01,0x00,0xe0,0x63,0x01,0x00,0x02,0x00,0x00
   767 00005FF3 E0630100020000      <2>
   768 00005FFA 03C160101004020180- <2>     db 0x03,0xc1,0x60,0x10,0x10,0x04,0x02,0x01,0x80,0xe0,0xe3,0x01,0x00,0x02,0x00,0x00
   768 00006003 E0E30100020000      <2>
   769 0000600A 83C160300004020180- <2>     db 0x83,0xc1,0x60,0x30,0x00,0x04,0x02,0x01,0x80,0xe5,0xe3,0x01,0x04,0x02,0x00,0x00
   769 00006013 E5E30104020000      <2>
   770 0000601A 83C160300004020180- <2>     db 0x83,0xc1,0x60,0x30,0x00,0x04,0x02,0x01,0x80,0xe1,0xf3,0x01,0x04,0x02,0x00,0x00
   770 00006023 E1F30104020000      <2>
   771 0000602A 83816020100C0201C0- <2>     db 0x83,0x81,0x60,0x20,0x10,0x0c,0x02,0x01,0xc0,0xe5,0xf3,0x01,0x04,0x02,0x00,0x00
   771 00006033 E5F30104020000      <2>
   772 0000603A 83C1602010040200C0- <2>     db 0x83,0xc1,0x60,0x20,0x10,0x04,0x02,0x00,0xc0,0xe5,0xf3,0x01,0x04,0x02,0x00,0x00
   772 00006043 E5F30104020000      <2>
   773 0000604A 83C16030180C0200C0- <2>     db 0x83,0xc1,0x60,0x30,0x18,0x0c,0x02,0x00,0xc0,0xe5,0xf3,0x01,0x04,0x02,0x00,0x00
   773 00006053 E5F30104020000      <2>
   774 0000605A 83C16020180C0200C0- <2>     db 0x83,0xc1,0x60,0x20,0x18,0x0c,0x02,0x00,0xc0,0xe7,0xf3,0x01,0x04,0x02,0x00,0x00
   774 00006063 E7F30104020000      <2>
   775 0000606A 03C16000180C0200C0- <2>     db 0x03,0xc1,0x60,0x00,0x18,0x0c,0x02,0x00,0xc0,0xe7,0x43,0x00,0x04,0x02,0x00,0x00
   775 00006073 E7430004020000      <2>
   776 0000607A 03C1600018040200C0- <2>     db 0x03,0xc1,0x60,0x00,0x18,0x04,0x02,0x00,0xc0,0xe7,0x43,0x00,0x04,0x02,0x00,0x00
   776 00006083 E7430004020000      <2>
   777 0000608A 03C14020180C0200C0- <2>     db 0x03,0xc1,0x40,0x20,0x18,0x0c,0x02,0x00,0xc0,0xc7,0x03,0x00,0x04,0x06,0x00,0x00
   777 00006093 C7030004060000      <2>
   778 0000609A 03C1402018040200C0- <2>     db 0x03,0xc1,0x40,0x20,0x18,0x04,0x02,0x00,0xc0,0xc7,0x03,0x00,0x04,0x06,0x00,0x00
   778 000060A3 C7030004060000      <2>
   779 000060AA 03C1602018040200C0- <2>     db 0x03,0xc1,0x60,0x20,0x18,0x04,0x02,0x00,0xc0,0xc7,0x02,0x00,0x04,0x06,0x00,0x00
   779 000060B3 C7020004060000      <2>
   780 000060BA 02C1402018040000C0- <2>     db 0x02,0xc1,0x40,0x20,0x18,0x04,0x00,0x00,0xc0,0x07,0x00,0x00,0x04,0x06,0x00,0x00
   780 000060C3 07000004060000      <2>
   781 000060CA 03C1002018040000C0- <2>     db 0x03,0xc1,0x00,0x20,0x18,0x04,0x00,0x00,0xc0,0xe7,0x03,0x00,0x04,0x06,0x00,0x00
   781 000060D3 E7030004060000      <2>
   782 000060DA 03C1002018040000C0- <2>     db 0x03,0xc1,0x00,0x20,0x18,0x04,0x00,0x00,0xc0,0x87,0x03,0x00,0x04,0x06,0x00,0x00
   782 000060E3 87030004060000      <2>
   783 000060EA 03C10020180C0200C0- <2>     db 0x03,0xc1,0x00,0x20,0x18,0x0c,0x02,0x00,0xc0,0xe7,0x03,0x00,0x04,0x06,0x00,0x00
   783 000060F3 E7030004060000      <2>
   784 000060FA 03C06020180C0200C0- <2>     db 0x03,0xc0,0x60,0x20,0x18,0x0c,0x02,0x00,0xc0,0xe7,0x03,0x00,0x04,0x06,0x00,0x00
   784 00006103 E7030004060000      <2>
   785 0000610A 02C06020180C0200C0- <2>     db 0x02,0xc0,0x60,0x20,0x18,0x0c,0x02,0x00,0xc0,0xc7,0x02,0x00,0x04,0x06,0x00,0x00
   785 00006113 C7020004060000      <2>
   786 0000611A 02C1602018040200C0- <2>     db 0x02,0xc1,0x60,0x20,0x18,0x04,0x02,0x00,0xc0,0x07,0x02,0x00,0x04,0x06,0x00,0x00
   786 00006123 07020004060000      <2>
   787 0000612A 82C1602018040200C0- <2>     db 0x82,0xc1,0x60,0x20,0x18,0x04,0x02,0x00,0xc0,0x07,0x02,0x00,0x04,0x06,0x00,0x00
   787 00006133 07020004060000      <2>
   788 0000613A 02C1402018040200C0- <2>     db 0x02,0xc1,0x40,0x20,0x18,0x04,0x02,0x00,0xc0,0x07,0x00,0x08,0x0c,0x06,0x00,0x00
   788 00006143 0700080C060000      <2>
   789 0000614A 02C0602018040000CC- <2>     db 0x02,0xc0,0x60,0x20,0x18,0x04,0x00,0x00,0xcc,0x07,0x00,0x08,0x0c,0x06,0x00,0x00
   789 00006153 0700080C060000      <2>
   790 0000615A 02C0602018040000C1- <2>     db 0x02,0xc0,0x60,0x20,0x18,0x04,0x00,0x00,0xc1,0x07,0x00,0x08,0x0c,0x06,0x00,0x00
   790 00006163 0700080C060000      <2>
   791 0000616A 02C0002018040000CF- <2>     db 0x02,0xc0,0x00,0x20,0x18,0x04,0x00,0x00,0xcf,0x07,0x02,0x08,0x0c,0x06,0x00,0x00
   791 00006173 0702080C060000      <2>
   792 0000617A 0200002018040000CC- <2>     db 0x02,0x00,0x00,0x20,0x18,0x04,0x00,0x00,0xcc,0x07,0x00,0x08,0x0c,0x06,0x00,0x00
   792 00006183 0700080C060000      <2>
   793 0000618A 82C1002018040080CF- <2>     db 0x82,0xc1,0x00,0x20,0x18,0x04,0x00,0x80,0xcf,0x07,0x00,0x08,0x0c,0x04,0x00,0x00
   793 00006193 0700080C040000      <2>
   794 0000619A 80C1000008040080CF- <2>     db 0x80,0xc1,0x00,0x00,0x08,0x04,0x00,0x80,0xcf,0x07,0x00,0x08,0x0c,0x04,0x00,0x00
   794 000061A3 0700080C040000      <2>
   795 000061AA 8681003018040080C7- <2>     db 0x86,0x81,0x00,0x30,0x18,0x04,0x00,0x80,0xc7,0x07,0x00,0x08,0x0c,0x04,0x00,0x00
   795 000061B3 0700080C040000      <2>
   796 000061BA 86010030180400800F- <2>     db 0x86,0x01,0x00,0x30,0x18,0x04,0x00,0x80,0x0f,0x07,0x00,0x08,0x0c,0x04,0x00,0x00
   796 000061C3 0700080C040000      <2>
   797 000061CA 06C100301804008007- <2>     db 0x06,0xc1,0x00,0x30,0x18,0x04,0x00,0x80,0x07,0x00,0x00,0x08,0x0c,0x06,0x00,0x00
   797 000061D3 0000080C060000      <2>
   798 000061DA 86C100301804008087- <2>     db 0x86,0xc1,0x00,0x30,0x18,0x04,0x00,0x80,0x87,0x07,0x00,0x08,0x0c,0x06,0x00,0x00
   798 000061E3 0700080C060000      <2>
   799 000061EA 84C1003018040080C7- <2>     db 0x84,0xc1,0x00,0x30,0x18,0x04,0x00,0x80,0xc7,0x07,0x00,0x18,0x0c,0x04,0x00,0x00
   799 000061F3 0700180C040000      <2>
   800 000061FA 84C1003018040080CF- <2>     db 0x84,0xc1,0x00,0x30,0x18,0x04,0x00,0x80,0xcf,0x03,0x00,0x08,0x0c,0x06,0x00,0x00
   800 00006203 0300080C060000      <2>
   801 0000620A 84C180301804008007- <2>     db 0x84,0xc1,0x80,0x30,0x18,0x04,0x00,0x80,0x07,0x03,0x00,0x18,0x0c,0x0c,0x00,0x00
   801 00006213 0300180C0C0000      <2>
   802 0000621A 84C3C0300804008007- <2>     db 0x84,0xc3,0xc0,0x30,0x08,0x04,0x00,0x80,0x07,0x03,0x00,0x18,0x0c,0x0c,0x00,0x00
   802 00006223 0300180C0C0000      <2>
   803 0000622A 8401801008040080C7- <2>     db 0x84,0x01,0x80,0x10,0x08,0x04,0x00,0x80,0xc7,0x03,0x00,0x18,0x0c,0x0c,0x00,0x00
   803 00006233 0300180C0C0000      <2>
   804 0000623A 8483013018040080C7- <2>     db 0x84,0x83,0x01,0x30,0x18,0x04,0x00,0x80,0xc7,0x00,0x00,0x18,0x0c,0x0c,0x00,0x00
   804 00006243 0000180C0C0000      <2>
   805 0000624A 8403C1301804008007- <2>     db 0x84,0x03,0xc1,0x30,0x18,0x04,0x00,0x80,0x07,0x03,0x10,0x18,0x1c,0x0c,0x00,0x00
   805 00006253 0310181C0C0000      <2>
   806 0000625A 8503C1300804008007- <2>     db 0x85,0x03,0xc1,0x30,0x08,0x04,0x00,0x80,0x07,0x00,0x10,0x18,0x1c,0x0c,0x00,0x00
   806 00006263 0010181C0C0000      <2>
   807 0000626A 870340301804008407- <2>     db 0x87,0x03,0x40,0x30,0x18,0x04,0x00,0x84,0x07,0x00,0x10,0x18,0x1c,0x0c,0x00,0x00
   807 00006273 0010181C0C0000      <2>
   808 0000627A 8703C1301800008407- <2>     db 0x87,0x03,0xc1,0x30,0x18,0x00,0x00,0x84,0x07,0x00,0x10,0x18,0x18,0x0c,0x00,0x00
   808 00006283 001018180C0000      <2>
   809 0000628A 8703C0700800008607- <2>     db 0x87,0x03,0xc0,0x70,0x08,0x00,0x00,0x86,0x07,0x00,0x10,0x18,0x18,0x08,0x00,0x00
   809 00006293 00101818080000      <2>
   810 0000629A 8703C1301800000607- <2>     db 0x87,0x03,0xc1,0x30,0x18,0x00,0x00,0x06,0x07,0x00,0x10,0x18,0x18,0x08,0x00,0x00
   810 000062A3 00101818080000      <2>
   811 000062AA 8703C1300800008E07- <2>     db 0x87,0x03,0xc1,0x30,0x08,0x00,0x00,0x8e,0x07,0x00,0x30,0x38,0x1c,0x08,0x00,0x00
   811 000062B3 0030381C080000      <2>
   812 000062BA 8703C1301800008E07- <2>     db 0x87,0x03,0xc1,0x30,0x18,0x00,0x00,0x8e,0x07,0x00,0x30,0x38,0x1c,0x08,0x00,0x00
   812 000062C3 0030381C080000      <2>
   813 000062CA 8701C1301800008F01- <2>     db 0x87,0x01,0xc1,0x30,0x18,0x00,0x00,0x8f,0x01,0x00,0x30,0x38,0x1c,0x00,0x00,0x00
   813 000062D3 0030381C000000      <2>
   814 000062DA 0702C1701800000E06- <2>     db 0x07,0x02,0xc1,0x70,0x18,0x00,0x00,0x0e,0x06,0x00,0x30,0x38,0x04,0x00,0x00,0x00
   814 000062E3 00303804000000      <2>
   815 000062EA 8703C0701800008F07- <2>     db 0x87,0x03,0xc0,0x70,0x18,0x00,0x00,0x8f,0x07,0x00,0x30,0x38,0x18,0x08,0x00,0x00
   815 000062F3 00303818080000      <2>
   816 000062FA 8703E1701800008F07- <2>     db 0x87,0x03,0xe1,0x70,0x18,0x00,0x00,0x8f,0x07,0x00,0x30,0x38,0x1c,0x08,0x00,0x00
   816 00006303 0030381C080000      <2>
   817 0000630A 8703C1300800048F03- <2>     db 0x87,0x03,0xc1,0x30,0x08,0x00,0x04,0x8f,0x03,0x00,0x30,0x38,0x18,0x08,0x00,0x00
   817 00006313 00303818080000      <2>
   818 0000631A 8703E1300800008F03- <2>     db 0x87,0x03,0xe1,0x30,0x08,0x00,0x00,0x8f,0x03,0x00,0x30,0x38,0x18,0x00,0x00,0x00
   818 00006323 00303818000000      <2>
   819 0000632A 0700E1701800008F01- <2>     db 0x07,0x00,0xe1,0x70,0x18,0x00,0x00,0x8f,0x01,0x00,0x70,0x38,0x10,0x00,0x00,0x00
   819 00006333 00703810000000      <2>
   820 0000633A 0700E1301800008F01- <2>     db 0x07,0x00,0xe1,0x30,0x18,0x00,0x00,0x8f,0x01,0x20,0x70,0x38,0x10,0x00,0x00,0x00
   820 00006343 20703810000000      <2>
   821 0000634A 0701E1300800000F00- <2>     db 0x07,0x01,0xe1,0x30,0x08,0x00,0x00,0x0f,0x00,0x20,0x70,0x38,0x00,0x00,0x00,0x00
   821 00006353 20703800000000      <2>
   822 0000635A 0700E1300800000F00- <2>     db 0x07,0x00,0xe1,0x30,0x08,0x00,0x00,0x0f,0x00,0x20,0x70,0x38,0x10,0x00,0x00,0x00
   822 00006363 20703810000000      <2>
   823 0000636A 0700E1300800060F00- <2>     db 0x07,0x00,0xe1,0x30,0x08,0x00,0x06,0x0f,0x00,0x20,0x70,0x38,0x00,0x00,0x00,0x00
   823 00006373 20703800000000      <2>
   824 0000637A 0700E1700800060F00- <2>     db 0x07,0x00,0xe1,0x70,0x08,0x00,0x06,0x0f,0x00,0x20,0x70,0x30,0x00,0x00,0x00,0x00
   824 00006383 20703000000000      <2>
   825 0000638A 0700603008001C0F00- <2>     db 0x07,0x00,0x60,0x30,0x08,0x00,0x1c,0x0f,0x00,0x60,0x70,0x38,0x00,0x08,0x00,0x00
   825 00006393 60703800080000      <2>
   826 0000639A 0700E13000001C0F00- <2>     db 0x07,0x00,0xe1,0x30,0x00,0x00,0x1c,0x0f,0x00,0x60,0x70,0x38,0x00,0x08,0x00,0x00
   826 000063A3 60703800080000      <2>
   827 000063AA 0400E13000001E0F00- <2>     db 0x04,0x00,0xe1,0x30,0x00,0x00,0x1e,0x0f,0x00,0xe0,0x70,0x38,0x00,0x0e,0x00,0x00
   827 000063B3 E07038000E0000      <2>
   828 000063BA 0600603000001E0F00- <2>     db 0x06,0x00,0x60,0x30,0x00,0x00,0x1e,0x0f,0x00,0xe0,0x70,0x18,0x00,0x0e,0x00,0x00
   828 000063C3 E07018000E0000      <2>
   829 000063CA 0600E13000001E0F00- <2>     db 0x06,0x00,0xe1,0x30,0x00,0x00,0x1e,0x0f,0x00,0xe0,0x70,0x18,0x00,0x0e,0x00,0x00
   829 000063D3 E07018000E0000      <2>
   830 000063DA 0600E13000001E0700- <2>     db 0x06,0x00,0xe1,0x30,0x00,0x00,0x1e,0x07,0x00,0xe0,0x70,0x20,0x00,0x0e,0x00,0x00
   830 000063E3 E07020000E0000      <2>
   831 000063EA 0700E03000001E0600- <2>     db 0x07,0x00,0xe0,0x30,0x00,0x00,0x1e,0x06,0x00,0xe0,0x70,0x20,0x00,0x0e,0x00,0x00
   831 000063F3 E07020000E0000      <2>
   832 000063FA 0740E03000001E0E00- <2>     db 0x07,0x40,0xe0,0x30,0x00,0x00,0x1e,0x0e,0x00,0xe0,0x70,0x20,0x00,0x0e,0x00,0x00
   832 00006403 E07020000E0000      <2>
   833 0000640A 0740E17000001E0E40- <2>     db 0x07,0x40,0xe1,0x70,0x00,0x00,0x1e,0x0e,0x40,0xe0,0x70,0x20,0x00,0x0e,0x00,0x00
   833 00006413 E07020000E0000      <2>
   834 0000641A 00C0E17000001E0F40- <2>     db 0x00,0xc0,0xe1,0x70,0x00,0x00,0x1e,0x0f,0x40,0xe0,0x70,0x00,0x00,0x0e,0x00,0x00
   834 00006423 E07000000E0000      <2>
   835 0000642A 0040E13000001E0FC0- <2>     db 0x00,0x40,0xe1,0x30,0x00,0x00,0x1e,0x0f,0xc0,0xe0,0x70,0x00,0x00,0x0e,0x00,0x00
   835 00006433 E07000000E0000      <2>
   836 0000643A 00C0E16000001E0BC0- <2>     db 0x00,0xc0,0xe1,0x60,0x00,0x00,0x1e,0x0b,0xc0,0xe1,0x60,0x00,0x00,0x0e,0x00,0x00
   836 00006443 E16000000E0000      <2>
   837 0000644A 00C0E10000000E00C0- <2>     db 0x00,0xc0,0xe1,0x00,0x00,0x00,0x0e,0x00,0xc0,0xe1,0x00,0x00,0x00,0x0e,0x00,0x00
   837 00006453 E10000000E0000      <2>
   838 0000645A 00C0E12000000E00C0- <2>     db 0x00,0xc0,0xe1,0x20,0x00,0x00,0x0e,0x00,0xc0,0xe1,0x20,0x00,0x00,0x0e,0x00,0x00
   838 00006463 E12000000E0000      <2>
   839 0000646A 00C0E13000000E00C0- <2>     db 0x00,0xc0,0xe1,0x30,0x00,0x00,0x0e,0x00,0xc0,0xe1,0x70,0x00,0x00,0x1e,0x00,0x00
   839 00006473 E17000001E0000      <2>
   840 0000647A 00C0E13000080E00C0- <2>     db 0x00,0xc0,0xe1,0x30,0x00,0x08,0x0e,0x00,0xc0,0xe1,0x70,0x00,0x04,0x1e,0x00,0x00
   840 00006483 E17000041E0000      <2>
   841 0000648A 00C0E17000000C00C0- <2>     db 0x00,0xc0,0xe1,0x70,0x00,0x00,0x0c,0x00,0xc0,0xe1,0x30,0x00,0x00,0x1e,0x00,0x00
   841 00006493 E13000001E0000      <2>
   842 0000649A 00C0E17000180C00C0- <2>     db 0x00,0xc0,0xe1,0x70,0x00,0x18,0x0c,0x00,0xc0,0xe1,0x10,0x00,0x3c,0x1e,0x00,0x00
   842 000064A3 E110003C1E0000      <2>
   843 000064AA 00C0E130001C0C00C0- <2>     db 0x00,0xc0,0xe1,0x30,0x00,0x1c,0x0c,0x00,0xc0,0xe1,0x00,0x00,0x3c,0x1e,0x00,0x00
   843 000064B3 E100003C1E0000      <2>
   844 000064BA 00C0E160001C0E00C0- <2>     db 0x00,0xc0,0xe1,0x60,0x00,0x1c,0x0e,0x00,0xc0,0xe1,0x00,0x00,0x3c,0x1c,0x00,0x00
   844 000064C3 E100003C1C0000      <2>
   845 000064CA 00C0E120001C0E00C2- <2>     db 0x00,0xc0,0xe1,0x20,0x00,0x1c,0x0e,0x00,0xc2,0x60,0x00,0x00,0x3c,0x0c,0x00,0x00
   845 000064D3 6000003C0C0000      <2>
   846 000064DA 00C0E100001C0800C2- <2>     db 0x00,0xc0,0xe1,0x00,0x00,0x1c,0x08,0x00,0xc2,0x61,0x00,0x00,0x3c,0x1c,0x00,0x00
   846 000064E3 6100003C1C0000      <2>
   847 000064EA 00C0E140001C0E00C3- <2>     db 0x00,0xc0,0xe1,0x40,0x00,0x1c,0x0e,0x00,0xc3,0x61,0x00,0x00,0x3c,0x18,0x00,0x00
   847 000064F3 6100003C180000      <2>
   848 000064FA 00C0E100001C0C80C3- <2>     db 0x00,0xc0,0xe1,0x00,0x00,0x1c,0x0c,0x80,0xc3,0xe1,0x00,0x00,0x3c,0x1e,0x00,0x00
   848 00006503 E100003C1E0000      <2>
   849 0000650A 00C0E100001C0C80C3- <2>     db 0x00,0xc0,0xe1,0x00,0x00,0x1c,0x0c,0x80,0xc3,0xe1,0x00,0x00,0x3c,0x1e,0x00,0x00
   849 00006513 E100003C1E0000      <2>
   850 0000651A 80C0E100001C0880C3- <2>     db 0x80,0xc0,0xe1,0x00,0x00,0x1c,0x08,0x80,0xc3,0xe1,0x00,0x00,0x3c,0x1e,0x00,0x00
   850 00006523 E100003C1E0000      <2>
   851 0000652A 80C0E100001C0080C1- <2>     db 0x80,0xc0,0xe1,0x00,0x00,0x1c,0x00,0x80,0xc1,0x40,0x00,0x00,0x3c,0x0c,0x00,0x00
   851 00006533 4000003C0C0000      <2>
   852 0000653A 80C0E100001C0084C3- <2>     db 0x80,0xc0,0xe1,0x00,0x00,0x1c,0x00,0x84,0xc3,0x01,0x00,0x00,0x3c,0x0c,0x00,0x00
   852 00006543 0100003C0C0000      <2>
   853 0000654A 80C0C100001C0084C1- <2>     db 0x80,0xc0,0xc1,0x00,0x00,0x1c,0x00,0x84,0xc1,0x20,0x00,0x00,0x3c,0x08,0x00,0x00
   853 00006553 2000003C080000      <2>
   854 0000655A 80C0C100001C0084C3- <2>     db 0x80,0xc0,0xc1,0x00,0x00,0x1c,0x00,0x84,0xc3,0x20,0x00,0x00,0x3c,0x00,0x00,0x00
   854 00006563 2000003C000000      <2>
   855 0000656A 80C0C140201C0084C3- <2>     db 0x80,0xc0,0xc1,0x40,0x20,0x1c,0x00,0x84,0xc3,0x20,0x00,0x60,0x3c,0x00,0x00,0x00
   855 00006573 2000603C000000      <2>
   856 0000657A 80C0E14000180084C3- <2>     db 0x80,0xc0,0xe1,0x40,0x00,0x18,0x00,0x84,0xc3,0x00,0x00,0x00,0x3c,0x00,0x00,0x00
   856 00006583 0000003C000000      <2>
   857 0000658A 80C1E140201C0886C3- <2>     db 0x80,0xc1,0xe1,0x40,0x20,0x1c,0x08,0x86,0xc3,0x00,0x00,0x78,0x3c,0x00,0x00,0x00
   857 00006593 0000783C000000      <2>
   858 0000659A 80C1E140381C0886C3- <2>     db 0x80,0xc1,0xe1,0x40,0x38,0x1c,0x08,0x86,0xc3,0x00,0x00,0x78,0x3c,0x00,0x00,0x00
   858 000065A3 0000783C000000      <2>
   859 000065AA 80C1E140381C0082C1- <2>     db 0x80,0xc1,0xe1,0x40,0x38,0x1c,0x00,0x82,0xc1,0x00,0x00,0x78,0x3c,0x00,0x00,0x00
   859 000065B3 0000783C000000      <2>
   860 000065BA 80C1A10030100882C1- <2>     db 0x80,0xc1,0xa1,0x00,0x30,0x10,0x08,0x82,0xc1,0x00,0x00,0x78,0x30,0x00,0x00,0x00
   860 000065C3 00007830000000      <2>
   861 000065CA 80C1C140300C0886C1- <2>     db 0x80,0xc1,0xc1,0x40,0x30,0x0c,0x08,0x86,0xc1,0x00,0x00,0x70,0x0c,0x00,0x00,0x00
   861 000065D3 0000700C000000      <2>
   862 000065DA 80C1C140381C0886C3- <2>     db 0x80,0xc1,0xc1,0x40,0x38,0x1c,0x08,0x86,0xc3,0x00,0x00,0x78,0x3c,0x00,0x00,0x00
   862 000065E3 0000783C000000      <2>
   863 000065EA 80C18040381C0083C1- <2>     db 0x80,0xc1,0x80,0x40,0x38,0x1c,0x00,0x83,0xc1,0x00,0x00,0x78,0x3c,0x00,0x00,0x00
   863 000065F3 0000783C000000      <2>
   864 000065FA 80C18140381C008381- <2>     db 0x80,0xc1,0x81,0x40,0x38,0x1c,0x00,0x83,0x81,0x00,0x00,0x78,0x3c,0x00,0x00,0x00
   864 00006603 0000783C000000      <2>
   865 0000660A 80C18140381C008341- <2>     db 0x80,0xc1,0x81,0x40,0x38,0x1c,0x00,0x83,0x41,0x00,0x00,0x78,0x30,0x00,0x00,0x00
   865 00006613 00007830000000      <2>
   866 0000661A 80C18140381C088741- <2>     db 0x80,0xc1,0x81,0x40,0x38,0x1c,0x08,0x87,0x41,0x00,0x00,0x78,0x38,0x00,0x00,0x00
   866 00006623 00007838000000      <2>
   867 0000662A 80C1C1403810008341- <2>     db 0x80,0xc1,0xc1,0x40,0x38,0x10,0x00,0x83,0x41,0x00,0x00,0x78,0x30,0x00,0x00,0x00
   867 00006633 00007830000000      <2>
   868 0000663A 81C1C0403810088341- <2>     db 0x81,0xc1,0xc0,0x40,0x38,0x10,0x08,0x83,0x41,0x00,0x10,0x78,0x00,0x00,0x00,0x00
   868 00006643 00107800000000      <2>
   869 0000664A 81C1C14038100C8341- <2>     db 0x81,0xc1,0xc1,0x40,0x38,0x10,0x0c,0x83,0x41,0x00,0x00,0x78,0x30,0x00,0x00,0x00
   869 00006653 00007830000000      <2>
   870 0000665A 81C1C1403810048341- <2>     db 0x81,0xc1,0xc1,0x40,0x38,0x10,0x04,0x83,0x41,0x00,0x10,0x78,0x00,0x00,0x00,0x00
   870 00006663 00107800000000      <2>
   871 0000666A 81C181401800048340- <2>     db 0x81,0xc1,0x81,0x40,0x18,0x00,0x04,0x83,0x40,0x00,0x60,0x78,0x00,0x00,0x00,0x00
   871 00006673 00607800000000      <2>
   872 0000667A 8181C1403800048300- <2>     db 0x81,0x81,0xc1,0x40,0x38,0x00,0x04,0x83,0x00,0x00,0x30,0x78,0x00,0x00,0x00,0x00
   872 00006683 00307800000000      <2>
   873 0000668A 8181C0701800048301- <2>     db 0x81,0x81,0xc0,0x70,0x18,0x00,0x04,0x83,0x01,0x00,0xf0,0x78,0x00,0x00,0x00,0x00
   873 00006693 00F07800000000      <2>
   874 0000669A 8181C0601800048300- <2>     db 0x81,0x81,0xc0,0x60,0x18,0x00,0x04,0x83,0x00,0x00,0xf0,0x78,0x00,0x00,0x00,0x00
   874 000066A3 00F07800000000      <2>
   875 000066AA 81C1C1201800048301- <2>     db 0x81,0xc1,0xc1,0x20,0x18,0x00,0x04,0x83,0x01,0x00,0xf0,0xf8,0x00,0x00,0x00,0x00
   875 000066B3 00F0F800000000      <2>
   876 000066BA 81C181201800068300- <2>     db 0x81,0xc1,0x81,0x20,0x18,0x00,0x06,0x83,0x00,0x00,0xf0,0xf8,0x00,0x00,0x00,0x00
   876 000066C3 00F0F800000000      <2>
   877 000066CA 81C140200000068300- <2>     db 0x81,0xc1,0x40,0x20,0x00,0x00,0x06,0x83,0x00,0x00,0xf0,0x18,0x00,0x00,0x00,0x00
   877 000066D3 00F01800000000      <2>
   878 000066DA 81C1C0300000068300- <2>     db 0x81,0xc1,0xc0,0x30,0x00,0x00,0x06,0x83,0x00,0x00,0xf0,0xe1,0x00,0x00,0x00,0x00
   878 000066E3 00F0E100000000      <2>
   879 000066EA 81C100301808068300- <2>     db 0x81,0xc1,0x00,0x30,0x18,0x08,0x06,0x83,0x00,0x00,0xf0,0xf1,0x00,0x00,0x00,0x00
   879 000066F3 00F0F100000000      <2>
   880 000066FA 81C140301800060300- <2>     db 0x81,0xc1,0x40,0x30,0x18,0x00,0x06,0x03,0x00,0x00,0xf0,0xe1,0x00,0x00,0x00,0x00
   880 00006703 00F0E100000000      <2>
   881 0000670A 838140301808068100- <2>     db 0x83,0x81,0x40,0x30,0x18,0x08,0x06,0x81,0x00,0x00,0xf0,0xf9,0x00,0x00,0x00,0x00
   881 00006713 00F0F900000000      <2>
   882 0000671A 818100301808060300- <2>     db 0x81,0x81,0x00,0x30,0x18,0x08,0x06,0x03,0x00,0x00,0xf0,0xf9,0x00,0x00,0x00,0x00
   882 00006723 00F0F900000000      <2>
   883 0000672A 838100300008068300- <2>     db 0x83,0x81,0x00,0x30,0x00,0x08,0x06,0x83,0x00,0x00,0xf0,0xb9,0x00,0x00,0x00,0x00
   883 00006733 00F0B900000000      <2>
   884 0000673A 838160300008068300- <2>     db 0x83,0x81,0x60,0x30,0x00,0x08,0x06,0x83,0x00,0x00,0xf0,0xb9,0x00,0x00,0x00,0x00
   884 00006743 00F0B900000000      <2>
   885 0000674A 838140300008068300- <2>     db 0x83,0x81,0x40,0x30,0x00,0x08,0x06,0x83,0x00,0x00,0xf0,0x39,0x00,0x02,0x00,0x00
   885 00006753 00F03900020000      <2>
   886 0000675A 818160300008060100- <2>     db 0x81,0x81,0x60,0x30,0x00,0x08,0x06,0x01,0x00,0x00,0xf0,0x39,0x00,0x02,0x00,0x00
   886 00006763 00F03900020000      <2>
   887 0000676A 838160300008068100- <2>     db 0x83,0x81,0x60,0x30,0x00,0x08,0x06,0x81,0x00,0x80,0xf1,0x01,0x00,0x02,0x00,0x00
   887 00006773 80F10100020000      <2>
   888 0000677A 838160301008060100- <2>     db 0x83,0x81,0x60,0x30,0x10,0x08,0x06,0x01,0x00,0xe0,0xf3,0x01,0x00,0x02,0x00,0x00
   888 00006783 E0F30100020000      <2>
   889 0000678A 83816030100C060100- <2>     db 0x83,0x81,0x60,0x30,0x10,0x0c,0x06,0x01,0x00,0xe0,0xf3,0x01,0x00,0x02,0x00,0x00
   889 00006793 E0F30100020000      <2>
   890 0000679A 83816030100C060100- <2>     db 0x83,0x81,0x60,0x30,0x10,0x0c,0x06,0x01,0x00,0xe0,0xf3,0x01,0x00,0x02,0x00,0x00
   890 000067A3 E0F30100020000      <2>
   891 000067AA 83816030100C020100- <2>     db 0x83,0x81,0x60,0x30,0x10,0x0c,0x02,0x01,0x00,0xe0,0xc3,0x01,0x00,0x02,0x00,0x00
   891 000067B3 E0C30100020000      <2>
   892 000067BA 83816030100C020000- <2>     db 0x83,0x81,0x60,0x30,0x10,0x0c,0x02,0x00,0x00,0xe0,0xe3,0x01,0x00,0x02,0x00,0x00
   892 000067C3 E0E30100020000      <2>
   893 000067CA 83816030100C060100- <2>     db 0x83,0x81,0x60,0x30,0x10,0x0c,0x06,0x01,0x00,0xe0,0x03,0x00,0x00,0x02,0x00,0x00
   893 000067D3 E0030000020000      <2>
   894 000067DA 83816030100C060000- <2>     db 0x83,0x81,0x60,0x30,0x10,0x0c,0x06,0x00,0x00,0xe0,0xe3,0x01,0x00,0x02,0x00,0x00
   894 000067E3 E0E30100020000      <2>
   895 000067EA 83816020100C020100- <2>     db 0x83,0x81,0x60,0x20,0x10,0x0c,0x02,0x01,0x00,0xe0,0xf3,0x01,0x00,0x02,0x00,0x00
   895 000067F3 E0F30100020000      <2>
   896 000067FA 83816020100C020100- <2>     db 0x83,0x81,0x60,0x20,0x10,0x0c,0x02,0x01,0x00,0xe0,0xf3,0x01,0x00,0x02,0x00,0x00
   896 00006803 E0F30100020000      <2>
   897 0000680A 838160200004020180- <2>     db 0x83,0x81,0x60,0x20,0x00,0x04,0x02,0x01,0x80,0xe4,0xe3,0x01,0x00,0x02,0x00,0x00
   897 00006813 E4E30100020000      <2>
   898 0000681A 838160301004020180- <2>     db 0x83,0x81,0x60,0x30,0x10,0x04,0x02,0x01,0x80,0xe4,0xf3,0x01,0x00,0x02,0x00,0x00
   898 00006823 E4F30100020000      <2>
   899 0000682A 83816030100C020180- <2>     db 0x83,0x81,0x60,0x30,0x10,0x0c,0x02,0x01,0x80,0xe5,0xe3,0x01,0x04,0x02,0x00,0x00
   899 00006833 E5E30104020000      <2>
   900 0000683A 03C16030100C0201C0- <2>     db 0x03,0xc1,0x60,0x30,0x10,0x0c,0x02,0x01,0xc0,0xe5,0x43,0x01,0x04,0x02,0x00,0x00
   900 00006843 E5430104020000      <2>
   901 0000684A 83C1603018040200C0- <2>     db 0x83,0xc1,0x60,0x30,0x18,0x04,0x02,0x00,0xc0,0xe7,0xf3,0x01,0x04,0x02,0x00,0x00
   901 00006853 E7F30104020000      <2>
   902 0000685A 03C1603018040200C0- <2>     db 0x03,0xc1,0x60,0x30,0x18,0x04,0x02,0x00,0xc0,0xe7,0x03,0x01,0x04,0x02,0x00,0x00
   902 00006863 E7030104020000      <2>
   903 0000686A 03C1602008040200C0- <2>     db 0x03,0xc1,0x60,0x20,0x08,0x04,0x02,0x00,0xc0,0xe7,0x03,0x00,0x04,0x02,0x00,0x00
   903 00006873 E7030004020000      <2>
   904 0000687A 03C1602008040200C0- <2>     db 0x03,0xc1,0x60,0x20,0x08,0x04,0x02,0x00,0xc0,0xe7,0x03,0x00,0x04,0x02,0x00,0x00
   904 00006883 E7030004020000      <2>
   905 0000688A 03C1002008040200C0- <2>     db 0x03,0xc1,0x00,0x20,0x08,0x04,0x02,0x00,0xc0,0xe7,0x03,0x00,0x04,0x02,0x00,0x00
   905 00006893 E7030004020000      <2>
   906 0000689A 03C1002008040000C0- <2>     db 0x03,0xc1,0x00,0x20,0x08,0x04,0x00,0x00,0xc0,0xe7,0x03,0x00,0x04,0x02,0x00,0x00
   906 000068A3 E7030004020000      <2>
   907 000068AA 03C1002008040000C0- <2>     db 0x03,0xc1,0x00,0x20,0x08,0x04,0x00,0x00,0xc0,0xe7,0x03,0x00,0x04,0x02,0x00,0x00
   907 000068B3 E7030004020000      <2>
   908 000068BA 03C1200008040200C0- <2>     db 0x03,0xc1,0x20,0x00,0x08,0x04,0x02,0x00,0xc0,0xc7,0x03,0x00,0x04,0x02,0x00,0x00
   908 000068C3 C7030004020000      <2>
   909 000068CA 03C1000008040200C0- <2>     db 0x03,0xc1,0x00,0x00,0x08,0x04,0x02,0x00,0xc0,0xc7,0x02,0x00,0x04,0x02,0x00,0x00
   909 000068D3 C7020004020000      <2>
   910 000068DA 03C1200008040200C0- <2>     db 0x03,0xc1,0x20,0x00,0x08,0x04,0x02,0x00,0xc0,0xc7,0x03,0x00,0x04,0x06,0x00,0x00
   910 000068E3 C7030004060000      <2>
   911 000068EA 0341200008040200C0- <2>     db 0x03,0x41,0x20,0x00,0x08,0x04,0x02,0x00,0xc0,0x0f,0x04,0x00,0x04,0x06,0x00,0x00
   911 000068F3 0F040004060000      <2>
   912 000068FA 0241202008040200C0- <2>     db 0x02,0x41,0x20,0x20,0x08,0x04,0x02,0x00,0xc0,0x8f,0x03,0x00,0x04,0x02,0x00,0x00
   912 00006903 8F030004020000      <2>
   913 0000690A 0241201008040280CE- <2>     db 0x02,0x41,0x20,0x10,0x08,0x04,0x02,0x80,0xce,0xef,0x07,0x00,0x04,0x06,0x00,0x00
   913 00006913 EF070004060000      <2>
   914 0000691A 8240201008040280CF- <2>     db 0x82,0x40,0x20,0x10,0x08,0x04,0x02,0x80,0xcf,0xef,0x07,0x08,0x04,0x06,0x00,0x00
   914 00006923 EF070804060000      <2>
   915 0000692A 8240001008040280CF- <2>     db 0x82,0x40,0x00,0x10,0x08,0x04,0x02,0x80,0xcf,0xef,0x07,0x08,0x04,0x06,0x00,0x00
   915 00006933 EF070804060000      <2>
   916 0000693A 8240201008040080CF- <2>     db 0x82,0x40,0x20,0x10,0x08,0x04,0x00,0x80,0xcf,0xef,0x07,0x08,0x04,0x02,0x00,0x00
   916 00006943 EF070804020000      <2>
   917 0000694A 0340001008040080CF- <2>     db 0x03,0x40,0x00,0x10,0x08,0x04,0x00,0x80,0xcf,0xef,0x07,0x08,0x04,0x02,0x00,0x00
   917 00006953 EF070804020000      <2>
   918 0000695A 8340001008000080CF- <2>     db 0x83,0x40,0x00,0x10,0x08,0x00,0x00,0x80,0xcf,0xef,0x07,0x08,0x04,0x06,0x00,0x00
   918 00006963 EF070804060000      <2>
   919 0000696A 8340001008040080DF- <2>     db 0x83,0x40,0x00,0x10,0x08,0x04,0x00,0x80,0xdf,0xcf,0x06,0x08,0x04,0x02,0x00,0x00
   919 00006973 CF060804020000      <2>
   920 0000697A 8100001008000080DF- <2>     db 0x81,0x00,0x00,0x10,0x08,0x00,0x00,0x80,0xdf,0xcf,0x06,0x08,0x04,0x02,0x00,0x00
   920 00006983 CF060804020000      <2>
   921 0000698A 83000010080400809F- <2>     db 0x83,0x00,0x00,0x10,0x08,0x04,0x00,0x80,0x9f,0xef,0x04,0x08,0x04,0x06,0x00,0x00
   921 00006993 EF040804060000      <2>
   922 0000699A 81002010080400801F- <2>     db 0x81,0x00,0x20,0x10,0x08,0x04,0x00,0x80,0x1f,0xc7,0x06,0x08,0x04,0x02,0x00,0x00
   922 000069A3 C7060804020000      <2>
   923 000069AA 8140201008040096DF- <2>     db 0x81,0x40,0x20,0x10,0x08,0x04,0x00,0x96,0xdf,0x8f,0x04,0x08,0x04,0x02,0x00,0x00
   923 000069B3 8F040804020000      <2>
   924 000069BA 81002010080400801F- <2>     db 0x81,0x00,0x20,0x10,0x08,0x04,0x00,0x80,0x1f,0x07,0x00,0x08,0x04,0x02,0x00,0x00
   924 000069C3 07000804020000      <2>
   925 000069CA 81002010080400B71F- <2>     db 0x81,0x00,0x20,0x10,0x08,0x04,0x00,0xb7,0x1f,0x80,0x00,0x08,0x04,0x02,0x00,0x00
   925 000069D3 80000804020000      <2>
   926 000069DA 81002010080400BF9F- <2>     db 0x81,0x00,0x20,0x10,0x08,0x04,0x00,0xbf,0x9f,0x0d,0x00,0x08,0x04,0x02,0x00,0x00
   926 000069E3 0D000804020000      <2>
   927 000069EA 81002010080400BF1F- <2>     db 0x81,0x00,0x20,0x10,0x08,0x04,0x00,0xbf,0x1f,0x07,0x10,0x08,0x04,0x02,0x00,0x00
   927 000069F3 07100804020000      <2>
   928 000069FA 81002010080400BF1F- <2>     db 0x81,0x00,0x20,0x10,0x08,0x04,0x00,0xbf,0x1f,0x07,0x10,0x08,0x04,0x02,0x00,0x00
   928 00006A03 07100804020000      <2>
   929 00006A0A 81002010000400BFDF- <2>     db 0x81,0x00,0x20,0x10,0x00,0x04,0x00,0xbf,0xdf,0x0f,0x10,0x08,0x04,0x02,0x00,0x00
   929 00006A13 0F100804020000      <2>
   930 00006A1A 81002010000000BFDF- <2>     db 0x81,0x00,0x20,0x10,0x00,0x00,0x00,0xbf,0xdf,0x0f,0x10,0x08,0x04,0x02,0x00,0x00
   930 00006A23 0F100804020000      <2>
   931 00006A2A 81402010080000BFDF- <2>     db 0x81,0x40,0x20,0x10,0x08,0x00,0x00,0xbf,0xdf,0x0f,0x10,0x08,0x04,0x02,0x00,0x00
   931 00006A33 0F100804020000      <2>
   932 00006A3A 81402010080000BFDF- <2>     db 0x81,0x40,0x20,0x10,0x08,0x00,0x00,0xbf,0xdf,0x0f,0x10,0x08,0x04,0x02,0x00,0x00
   932 00006A43 0F100804020000      <2>
   933 00006A4A 81402010080042BFDF- <2>     db 0x81,0x40,0x20,0x10,0x08,0x00,0x42,0xbf,0xdf,0x0f,0x10,0x08,0x04,0x02,0x00,0x00
   933 00006A53 0F100804020000      <2>
   934 00006A5A 814020100800183FDF- <2>     db 0x81,0x40,0x20,0x10,0x08,0x00,0x18,0x3f,0xdf,0x0f,0x10,0x08,0x04,0x02,0x00,0x00
   934 00006A63 0F100804020000      <2>
   935 00006A6A 0140201008007EBF9F- <2>     db 0x01,0x40,0x20,0x10,0x08,0x00,0x7e,0xbf,0x9f,0x0f,0x10,0x08,0x04,0x02,0x00,0x00
   935 00006A73 0F100804020000      <2>
   936 00006A7A 0140200008007EBFDF- <2>     db 0x01,0x40,0x20,0x00,0x08,0x00,0x7e,0xbf,0xdf,0x0f,0x10,0x08,0x04,0x02,0x00,0x00
   936 00006A83 0F100804020000      <2>
   937 00006A8A 8140200008007EBFDF- <2>     db 0x81,0x40,0x20,0x00,0x08,0x00,0x7e,0xbf,0xdf,0x0f,0x10,0x08,0x04,0x02,0x00,0x00
   937 00006A93 0F100804020000      <2>
   938 00006A9A 8140201008007E3FC0- <2>     db 0x81,0x40,0x20,0x10,0x08,0x00,0x7e,0x3f,0xc0,0x0f,0x10,0x08,0x04,0x02,0x00,0x00
   938 00006AA3 0F100804020000      <2>
   939 00006AAA 0140201008007E3FC0- <2>     db 0x01,0x40,0x20,0x10,0x08,0x00,0x7e,0x3f,0xc0,0x2f,0x10,0x08,0x04,0x02,0x00,0x00
   939 00006AB3 2F100804020000      <2>
   940 00006ABA 0140201008007E3FC0- <2>     db 0x01,0x40,0x20,0x10,0x08,0x00,0x7e,0x3f,0xc0,0x2f,0x10,0x08,0x04,0x02,0x00,0x00
   940 00006AC3 2F100804020000      <2>
   941 00006ACA 8140201008047E3FC0- <2>     db 0x81,0x40,0x20,0x10,0x08,0x04,0x7e,0x3f,0xc0,0x2f,0x10,0x08,0x04,0x02,0x00,0x00
   941 00006AD3 2F100804020000      <2>
   942 00006ADA 8140201000007E3FCE- <2>     db 0x81,0x40,0x20,0x10,0x00,0x00,0x7e,0x3f,0xce,0x2f,0x10,0x08,0x04,0x02,0x00,0x00
   942 00006AE3 2F100804020000      <2>
   943 00006AEA 0000201000487EBFD1- <2>     db 0x00,0x00,0x20,0x10,0x00,0x48,0x7e,0xbf,0xd1,0x2f,0x10,0x08,0x04,0x02,0x00,0x00
   943 00006AF3 2F100804020000      <2>
   944 00006AFA 0040201000007EBFD1- <2>     db 0x00,0x40,0x20,0x10,0x00,0x00,0x7e,0xbf,0xd1,0x2c,0x10,0x08,0x04,0x02,0x00,0x00
   944 00006B03 2C100804020000      <2>
   945 00006B0A 0000201000FC7E3F0E- <2>     db 0x00,0x00,0x20,0x10,0x00,0xfc,0x7e,0x3f,0x0e,0x27,0x10,0x08,0x04,0x00,0x00,0x00
   945 00006B13 27100804000000      <2>
   946 00006B1A 0000201000FC7E3F0E- <2>     db 0x00,0x00,0x20,0x10,0x00,0xfc,0x7e,0x3f,0x0e,0x20,0x10,0x08,0x04,0x02,0x00,0x00
   946 00006B23 20100804020000      <2>
   947 00006B2A 0000201000FC7E3E1F- <2>     db 0x00,0x00,0x20,0x10,0x00,0xfc,0x7e,0x3e,0x1f,0x27,0x10,0x08,0x04,0x02,0x00,0x00
   947 00006B33 27100804020000      <2>
   948 00006B3A 0000201000FC7E3E1F- <2>     db 0x00,0x00,0x20,0x10,0x00,0xfc,0x7e,0x3e,0x1f,0x24,0x10,0x08,0x04,0x00,0x00,0x00
   948 00006B43 24100804000000      <2>
   949 00006B4A 0040201000FC7EBFDF- <2>     db 0x00,0x40,0x20,0x10,0x00,0xfc,0x7e,0xbf,0xdf,0x2f,0x10,0x08,0x04,0x00,0x00,0x00
   949 00006B53 2F100804000000      <2>
   950 00006B5A 0040201000FC7EBFDF- <2>     db 0x00,0x40,0x20,0x10,0x00,0xfc,0x7e,0xbf,0xdf,0x2d,0x10,0x08,0x04,0x00,0x00,0x00
   950 00006B63 2D100804000000      <2>
   951 00006B6A 0040201000FC7E9CFF- <2>     db 0x00,0x40,0x20,0x10,0x00,0xfc,0x7e,0x9c,0xff,0x3f,0x10,0x08,0x04,0x00,0x00,0x00
   951 00006B73 3F100804000000      <2>
   952 00006B7A 0000201000FC7E9CFF- <2>     db 0x00,0x00,0x20,0x10,0x00,0xfc,0x7e,0x9c,0xff,0x3d,0x10,0x08,0x04,0x00,0x00,0x00
   952 00006B83 3D100804000000      <2>
   953 00006B8A 00002010E8FDFE40DF- <2>     db 0x00,0x00,0x20,0x10,0xe8,0xfd,0xfe,0x40,0xdf,0x25,0x10,0x08,0x00,0x00,0x00,0x00
   953 00006B93 25100800000000      <2>
   954 00006B9A 00000010E8FD7F40DF- <2>     db 0x00,0x00,0x00,0x10,0xe8,0xfd,0x7f,0x40,0xdf,0x25,0x10,0x08,0x00,0x00,0x00,0x00
   954 00006BA3 25100800000000      <2>
   955 00006BAA 00000000F8FDFC40DF- <2>     db 0x00,0x00,0x00,0x00,0xf8,0xfd,0xfc,0x40,0xdf,0x3f,0x10,0x08,0x00,0x00,0x00,0x00
   955 00006BB3 3F100800000000      <2>
   956 00006BBA 00002010F8FDFC40DF- <2>     db 0x00,0x00,0x20,0x10,0xf8,0xfd,0xfc,0x40,0xdf,0x3f,0x10,0x08,0x00,0x00,0x00,0x00
   956 00006BC3 3F100800000000      <2>
   957 00006BCA 00000010F8FDFD00DF- <2>     db 0x00,0x00,0x00,0x10,0xf8,0xfd,0xfd,0x00,0xdf,0xff,0x16,0x00,0x00,0x00,0x00,0x00
   957 00006BD3 FF160000000000      <2>
   958 00006BDA 00000010F8FDFC005F- <2>     db 0x00,0x00,0x00,0x10,0xf8,0xfd,0xfc,0x00,0x5f,0x3f,0x10,0x00,0x00,0x00,0x00,0x00
   958 00006BE3 3F100000000000      <2>
   959 00006BEA 00000020F9F9EFB671- <2>     db 0x00,0x00,0x00,0x20,0xf9,0xf9,0xef,0xb6,0x71,0xe7,0x12,0x00,0x00,0x00,0x00,0x00
   959 00006BF3 E7120000000000      <2>
   960 00006BFA 00000060F9F9EFB67F- <2>     db 0x00,0x00,0x00,0x60,0xf9,0xf9,0xef,0xb6,0x7f,0x9f,0x18,0x00,0x00,0x00,0x00,0x00
   960 00006C03 9F180000000000      <2>
   961 00006C0A 000000E0F1DFB880CE- <2>     db 0x00,0x00,0x00,0xe0,0xf1,0xdf,0xb8,0x80,0xce,0x9f,0x18,0x00,0x00,0x00,0x00,0x00
   961 00006C13 9F180000000000      <2>
   962 00006C1A 000000F0F3DFB8805F- <2>     db 0x00,0x00,0x00,0xf0,0xf3,0xdf,0xb8,0x80,0x5f,0x1f,0x10,0x00,0x00,0x00,0x00,0x00
   962 00006C23 1F100000000000      <2>
   963 00006C2A 000000F0E3DA81805B- <2>     db 0x00,0x00,0x00,0xf0,0xe3,0xda,0x81,0x80,0x5b,0x07,0x10,0x00,0x00,0x00,0x00,0x00
   963 00006C33 07100000000000      <2>
   964 00006C3A 000000F0E3DA81805B- <2>     db 0x00,0x00,0x00,0xf0,0xe3,0xda,0x81,0x80,0x5b,0x27,0x00,0x00,0x00,0x00,0x00,0x00
   964 00006C43 27000000000000      <2>
   965 00006C4A 000000100002018040- <2>     db 0x00,0x00,0x00,0x10,0x00,0x02,0x01,0x80,0x40,0x00,0x00,0x00,0x00,0x00,0x00,0x00
   965 00006C53 00000000000000      <2>
   966 00006C5A 000000100002018040- <2>     db 0x00,0x00,0x00,0x10,0x00,0x02,0x01,0x80,0x40,0x00,0x00,0x00,0x00,0x00,0x00,0x00
   966 00006C63 00000000000000      <2>
   967 00006C6A 00000010E0DA01805B- <2>     db 0x00,0x00,0x00,0x10,0xe0,0xda,0x01,0x80,0x5b,0x87,0x07,0x00,0x00,0x00,0x00,0x00
   967 00006C73 87070000000000      <2>
   968 00006C7A 00000010E0DA01805B- <2>     db 0x00,0x00,0x00,0x10,0xe0,0xda,0x01,0x80,0x5b,0x87,0x07,0x00,0x00,0x00,0x00,0x00
   968 00006C83 87070000000000      <2>
   969 00006C8A 000000F8F173019DFB- <2>     db 0x00,0x00,0x00,0xf8,0xf1,0x73,0x01,0x9d,0xfb,0x8f,0x03,0x00,0x00,0x00,0x00,0x00
   969 00006C93 8F030000000000      <2>
   970 00006C9A 000000F8F173019DFB- <2>     db 0x00,0x00,0x00,0xf8,0xf1,0x73,0x01,0x9d,0xfb,0x0f,0x02,0x00,0x00,0x00,0x00,0x00
   970 00006CA3 0F020000000000      <2>
   971 00006CAA 00000068E78F6DF79F- <2>     db 0x00,0x00,0x00,0x68,0xe7,0x8f,0x6d,0xf7,0x9f,0x1f,0x00,0x04,0x00,0x00,0x00,0x00
   971 00006CB3 1F000400000000      <2>
   972 00006CBA 00000008F48F01E39F- <2>     db 0x00,0x00,0x00,0x08,0xf4,0x8f,0x01,0xe3,0x9f,0x1f,0x08,0x00,0x00,0x00,0x00,0x00
   972 00006CC3 1F080000000000      <2>
   973 00006CCA 00000068F7FB01BFBF- <2>     db 0x00,0x00,0x00,0x68,0xf7,0xfb,0x01,0xbf,0xbf,0x1f,0x08,0x00,0x00,0x00,0x00,0x00
   973 00006CD3 1F080000000000      <2>
   974 00006CDA 00000008F4FB00BFBF- <2>     db 0x00,0x00,0x00,0x08,0xf4,0xfb,0x00,0xbf,0xbf,0x1f,0x08,0x00,0x00,0x00,0x00,0x00
   974 00006CE3 1F080000000000      <2>
   975 00006CEA 00001008F47300BFBF- <2>     db 0x00,0x00,0x10,0x08,0xf4,0x73,0x00,0xbf,0xbf,0x0f,0x00,0x04,0x00,0x00,0x00,0x00
   975 00006CF3 0F000400000000      <2>
   976 00006CFA 00200008F473023FBF- <2>     db 0x00,0x20,0x00,0x08,0xf4,0x73,0x02,0x3f,0xbf,0x1f,0x08,0x00,0x00,0x00,0x00,0x00
   976 00006D03 1F080000000000      <2>
   977 00006D0A 0000100894FB02FF3F- <2>     db 0x00,0x00,0x10,0x08,0x94,0xfb,0x02,0xff,0x3f,0x0f,0x08,0x04,0x00,0x00,0x00,0x00
   977 00006D13 0F080400000000      <2>
   978 00006D1A 00001008B4FB027FBF- <2>     db 0x00,0x00,0x10,0x08,0xb4,0xfb,0x02,0x7f,0xbf,0x1f,0x08,0x04,0x00,0x00,0x00,0x00
   978 00006D23 1F080400000000      <2>
   979 00006D2A 00201008BCFF3B7E3F- <2>     db 0x00,0x20,0x10,0x08,0xbc,0xff,0x3b,0x7e,0x3f,0x08,0x08,0x04,0x02,0x00,0x00,0x00
   979 00006D33 08080402000000      <2>
   980 00006D3A 00201008BCFFFF7F3F- <2>     db 0x00,0x20,0x10,0x08,0xbc,0xff,0xff,0x7f,0x3f,0x00,0x08,0x00,0x02,0x00,0x00,0x00
   980 00006D43 00080002000000      <2>
   981 00006D4A 00201008FCFFFF7E3F- <2>     db 0x00,0x20,0x10,0x08,0xfc,0xff,0xff,0x7e,0x3f,0x00,0x08,0x04,0x02,0x00,0x00,0x00
   981 00006D53 00080402000000      <2>
   982 00006D5A 00201008BCFFFF7E3F- <2>     db 0x00,0x20,0x10,0x08,0xbc,0xff,0xff,0x7e,0x3f,0x00,0x08,0x04,0x02,0x00,0x00,0x00
   982 00006D63 00080402000000      <2>
   983 00006D6A 40201008E4F87C7E3F- <2>     db 0x40,0x20,0x10,0x08,0xe4,0xf8,0x7c,0x7e,0x3f,0x00,0x08,0x04,0x00,0x00,0x00,0x00
   983 00006D73 00080400000000      <2>
   984 00006D7A 40201008F4FB7C7E3F- <2>     db 0x40,0x20,0x10,0x08,0xf4,0xfb,0x7c,0x7e,0x3f,0x00,0x08,0x04,0x00,0x00,0x00,0x00
   984 00006D83 00080400000000      <2>
   985 00006D8A 00201008E470FC7E3F- <2>     db 0x00,0x20,0x10,0x08,0xe4,0x70,0xfc,0x7e,0x3f,0x10,0x08,0x04,0x00,0x00,0x00,0x00
   985 00006D93 10080400000000      <2>
   986 00006D9A 00201008E472FC7E1F- <2>     db 0x00,0x20,0x10,0x08,0xe4,0x72,0xfc,0x7e,0x1f,0x10,0x08,0x04,0x00,0x00,0x00,0x00
   986 00006DA3 10080400000000      <2>
   987 00006DAA 40201008F48BFD7E09- <2>     db 0x40,0x20,0x10,0x08,0xf4,0x8b,0xfd,0x7e,0x09,0x10,0x08,0x04,0x02,0x81,0x00,0x00
   987 00006DB3 10080402810000      <2>
   988 00006DBA 40201008F401FC7E10- <2>     db 0x40,0x20,0x10,0x08,0xf4,0x01,0xfc,0x7e,0x10,0x10,0x08,0x04,0x02,0x81,0x00,0x00
   988 00006DC3 10080402810000      <2>
   989 00006DCA 40201008F403FC7E10- <2>     db 0x40,0x20,0x10,0x08,0xf4,0x03,0xfc,0x7e,0x10,0x10,0x08,0x04,0x02,0x81,0x00,0x00
   989 00006DD3 10080402810000      <2>
   990 00006DDA 40201008F4FBFC7E00- <2>     db 0x40,0x20,0x10,0x08,0xf4,0xfb,0xfc,0x7e,0x00,0x10,0x08,0x04,0x02,0x80,0x00,0x00
   990 00006DE3 10080402800000      <2>
   991 00006DEA 40201008F403FC7E00- <2>     db 0x40,0x20,0x10,0x08,0xf4,0x03,0xfc,0x7e,0x00,0x10,0x08,0x04,0x02,0x81,0x00,0x00
   991 00006DF3 10080402810000      <2>
   992 00006DFA 40201008F4DBFC7E00- <2>     db 0x40,0x20,0x10,0x08,0xf4,0xdb,0xfc,0x7e,0x00,0x10,0x08,0x04,0x02,0x81,0x00,0x00
   992 00006E03 10080402810000      <2>
   993 00006E0A 40201008F0FBFD3E00- <2>     db 0x40,0x20,0x10,0x08,0xf0,0xfb,0xfd,0x3e,0x00,0x10,0x08,0x04,0x02,0x81,0x00,0x00
   993 00006E13 10080402810000      <2>
   994 00006E1A 40201008F0FBFD3E00- <2>     db 0x40,0x20,0x10,0x08,0xf0,0xfb,0xfd,0x3e,0x00,0x10,0x08,0x04,0x02,0x81,0x00,0x00
   994 00006E23 10080402810000      <2>
   995 00006E2A 40201008F0FBFD3C00- <2>     db 0x40,0x20,0x10,0x08,0xf0,0xfb,0xfd,0x3c,0x00,0x10,0x08,0x04,0x02,0x80,0x00,0x00
   995 00006E33 10080402800000      <2>
   996 00006E3A 40201008F0FBFD1C00- <2>     db 0x40,0x20,0x10,0x08,0xf0,0xfb,0xfd,0x1c,0x00,0x10,0x08,0x04,0x02,0x80,0x00,0x00
   996 00006E43 10080402800000      <2>
   997 00006E4A 40201008F0FBFD0020- <2>     db 0x40,0x20,0x10,0x08,0xf0,0xfb,0xfd,0x00,0x20,0x00,0x08,0x04,0x02,0x81,0x00,0x00
   997 00006E53 00080402810000      <2>
   998 00006E5A 40201008F0F9FD0020- <2>     db 0x40,0x20,0x10,0x08,0xf0,0xf9,0xfd,0x00,0x20,0x00,0x08,0x04,0x02,0x81,0x00,0x00
   998 00006E63 00080402810000      <2>
   999 00006E6A 40201008F0FBFD0000- <2>     db 0x40,0x20,0x10,0x08,0xf0,0xfb,0xfd,0x00,0x00,0x00,0x08,0x04,0x02,0x81,0x00,0x00
   999 00006E73 00080402810000      <2>
  1000 00006E7A 40201008F0FBFD0020- <2>     db 0x40,0x20,0x10,0x08,0xf0,0xfb,0xfd,0x00,0x20,0x00,0x08,0x04,0x02,0x81,0x00,0x00
  1000 00006E83 00080402810000      <2>
  1001 00006E8A 40201008F0FBFD0020- <2>     db 0x40,0x20,0x10,0x08,0xf0,0xfb,0xfd,0x00,0x20,0x10,0x08,0x04,0x00,0x81,0x00,0x00
  1001 00006E93 10080400810000      <2>
  1002 00006E9A 40201008B0FBFD0020- <2>     db 0x40,0x20,0x10,0x08,0xb0,0xfb,0xfd,0x00,0x20,0x10,0x08,0x04,0x00,0x81,0x00,0x00
  1002 00006EA3 10080400810000      <2>
  1003 00006EAA 40201008E0F8FD0020- <2>     db 0x40,0x20,0x10,0x08,0xe0,0xf8,0xfd,0x00,0x20,0x10,0x08,0x04,0x00,0x81,0x00,0x00
  1003 00006EB3 10080400810000      <2>
  1004 00006EBA 40201008E0F8FD0020- <2>     db 0x40,0x20,0x10,0x08,0xe0,0xf8,0xfd,0x00,0x20,0x10,0x08,0x04,0x00,0x81,0x00,0x00
  1004 00006EC3 10080400810000      <2>
  1005 00006ECA 6020100802F8FD0020- <2>     db 0x60,0x20,0x10,0x08,0x02,0xf8,0xfd,0x00,0x20,0x10,0x08,0x04,0x02,0x81,0x00,0x00
  1005 00006ED3 10080402810000      <2>
  1006 00006EDA 6020100003F86D0020- <2>     db 0x60,0x20,0x10,0x00,0x03,0xf8,0x6d,0x00,0x20,0x10,0x08,0x04,0x00,0x81,0x00,0x00
  1006 00006EE3 10080400810000      <2>
  1007 00006EEA 40201000F3FB690020- <2>     db 0x40,0x20,0x10,0x00,0xf3,0xfb,0x69,0x00,0x20,0x10,0x08,0x00,0x02,0x81,0x00,0x00
  1007 00006EF3 10080002810000      <2>
  1008 00006EFA 40201000F3FB010020- <2>     db 0x40,0x20,0x10,0x00,0xf3,0xfb,0x01,0x00,0x20,0x10,0x08,0x00,0x02,0x81,0x00,0x00
  1008 00006F03 10080002810000      <2>
  1009 00006F0A 60201020F6F9010000- <2>     db 0x60,0x20,0x10,0x20,0xf6,0xf9,0x01,0x00,0x00,0x10,0x08,0x00,0x00,0x81,0x00,0x00
  1009 00006F13 10080000810000      <2>
  1010 00006F1A 40201060E7F8410000- <2>     db 0x40,0x20,0x10,0x60,0xe7,0xf8,0x41,0x00,0x00,0x10,0x08,0x00,0x00,0xc1,0x00,0x00
  1010 00006F23 10080000C10000      <2>
  1011 00006F2A 602010E0F3FB010020- <2>     db 0x60,0x20,0x10,0xe0,0xf3,0xfb,0x01,0x00,0x20,0x10,0x08,0x00,0x02,0xc1,0x00,0x00
  1011 00006F33 10080002C10000      <2>
  1012 00006F3A 402010E0F7F3010020- <2>     db 0x40,0x20,0x10,0xe0,0xf7,0xf3,0x01,0x00,0x20,0x10,0x08,0x00,0x02,0xc1,0x00,0x00
  1012 00006F43 10080002C10000      <2>
  1013 00006F4A 602010E0F7F3000020- <2>     db 0x60,0x20,0x10,0xe0,0xf7,0xf3,0x00,0x00,0x20,0x10,0x08,0x00,0x02,0xc1,0x00,0x00
  1013 00006F53 10080002C10000      <2>
  1014 00006F5A 602010E0F7F3004020- <2>     db 0x60,0x20,0x10,0xe0,0xf7,0xf3,0x00,0x40,0x20,0x10,0x08,0x00,0x02,0xc1,0x00,0x00
  1014 00006F63 10080002C10000      <2>
  1015 00006F6A 602010E0F7F3014020- <2>     db 0x60,0x20,0x10,0xe0,0xf7,0xf3,0x01,0x40,0x20,0x10,0x08,0x00,0x02,0xc1,0x00,0x00
  1015 00006F73 10080002C10000      <2>
  1016 00006F7A 602010E0F3F3014020- <2>     db 0x60,0x20,0x10,0xe0,0xf3,0xf3,0x01,0x40,0x20,0x10,0x08,0x04,0x02,0x41,0x00,0x00
  1016 00006F83 10080402410000      <2>
  1017 00006F8A 602010E0F7F3004020- <2>     db 0x60,0x20,0x10,0xe0,0xf7,0xf3,0x00,0x40,0x20,0x10,0x00,0x04,0x82,0xc1,0x00,0x00
  1017 00006F93 10000482C10000      <2>
  1018 00006F9A 402010E0F703004020- <2>     db 0x40,0x20,0x10,0xe0,0xf7,0x03,0x00,0x40,0x20,0x10,0x00,0x04,0x82,0xc0,0x00,0x00
  1018 00006FA3 10000482C00000      <2>
  1019 00006FAA 60201020E003004020- <2>     db 0x60,0x20,0x10,0x20,0xe0,0x03,0x00,0x40,0x20,0x10,0x00,0x04,0x82,0x40,0x00,0x00
  1019 00006FB3 10000482400000      <2>
  1020 00006FBA 40201060E303004020- <2>     db 0x40,0x20,0x10,0x60,0xe3,0x03,0x00,0x40,0x20,0x10,0x08,0x00,0x82,0x40,0x00,0x00
  1020 00006FC3 10080082400000      <2>
  1021 00006FCA 40200040E303000020- <2>     db 0x40,0x20,0x00,0x40,0xe3,0x03,0x00,0x00,0x20,0x10,0x00,0x00,0x83,0x40,0x00,0x00
  1021 00006FD3 10000083400000      <2>
  1022 00006FDA 402000C0E303000020- <2>     db 0x40,0x20,0x00,0xc0,0xe3,0x03,0x00,0x00,0x20,0x10,0x04,0x00,0x83,0xc0,0x00,0x00
  1022 00006FE3 10040083C00000      <2>
  1023 00006FEA 402000C0E703004020- <2>     db 0x40,0x20,0x00,0xc0,0xe7,0x03,0x00,0x40,0x20,0x10,0x04,0x00,0x83,0xc0,0x00,0x00
  1023 00006FF3 10040083C00000      <2>
  1024 00006FFA 602000C0E703004020- <2>     db 0x60,0x20,0x00,0xc0,0xe7,0x03,0x00,0x40,0x20,0x18,0x04,0x00,0x83,0xc0,0x00,0x00
  1024 00007003 18040083C00000      <2>
  1025 0000700A 402000C0E703004020- <2>     db 0x40,0x20,0x00,0xc0,0xe7,0x03,0x00,0x40,0x20,0x10,0x04,0x00,0x83,0xc0,0x00,0x00
  1025 00007013 10040083C00000      <2>
  1026 0000701A 402000C0E703004020- <2>     db 0x40,0x20,0x00,0xc0,0xe7,0x03,0x00,0x40,0x20,0x18,0x04,0x06,0x83,0xc0,0x00,0x00
  1026 00007023 18040683C00000      <2>
  1027 0000702A 402000C2E703004020- <2>     db 0x40,0x20,0x00,0xc2,0xe7,0x03,0x00,0x40,0x20,0x10,0x0c,0x02,0x83,0xc0,0x00,0x00
  1027 00007033 100C0283C00000      <2>
  1028 0000703A 402000C0E703804030- <2>     db 0x40,0x20,0x00,0xc0,0xe7,0x03,0x80,0x40,0x30,0x18,0x0c,0x02,0x83,0xc0,0x00,0x00
  1028 00007043 180C0283C00000      <2>
  1029                              <2> crystal_area_unsafe:
  1030 0000704A 70F00F07FE70000000- <2>     db 0x70,0xf0,0x0f,0x07,0xfe,0x70,0x00,0x00,0x00,0x00,0x00,0x00,0x00,0x00,0x00,0x00
  1030 00007053 00000000000000      <2>
  1031 0000705A 70E00F07FF70000000- <2>     db 0x70,0xe0,0x0f,0x07,0xff,0x70,0x00,0x00,0x00,0x00,0x00,0x00,0x00,0x00,0x00,0x00
  1031 00007063 00000000000000      <2>
  1032 0000706A 60B00F07FF70000000- <2>     db 0x60,0xb0,0x0f,0x07,0xff,0x70,0x00,0x00,0x00,0x00,0x00,0x00,0x00,0x00,0x00,0x00
  1032 00007073 00000000000000      <2>
  1033 0000707A 60B00F07FF70000000- <2>     db 0x60,0xb0,0x0f,0x07,0xff,0x70,0x00,0x00,0x00,0x00,0x00,0x00,0x00,0x00,0x00,0x00
  1033 00007083 00000000000000      <2>
  1034 0000708A 60B80F07FE70000000- <2>     db 0x60,0xb8,0x0f,0x07,0xfe,0x70,0x00,0x00,0x00,0x00,0x00,0x00,0x00,0x00,0x00,0x00
  1034 00007093 00000000000000      <2>
  1035 0000709A 60B80E07FE70000000- <2>     db 0x60,0xb8,0x0e,0x07,0xfe,0x70,0x00,0x00,0x00,0x00,0x00,0x00,0x00,0x00,0x00,0x00
  1035 000070A3 00000000000000      <2>
  1036 000070AA 30B80F03FB30000000- <2>     db 0x30,0xb8,0x0f,0x03,0xfb,0x30,0x00,0x00,0x00,0x00,0x00,0x00,0x00,0x00,0x00,0x00
  1036 000070B3 00000000000000      <2>
  1037 000070BA 30F80F83FF20000000- <2>     db 0x30,0xf8,0x0f,0x83,0xff,0x20,0x00,0x00,0x00,0x00,0x00,0x00,0x00,0x00,0x00,0x00
  1037 000070C3 00000000000000      <2>
  1038 000070CA 30DC0F83FF20000000- <2>     db 0x30,0xdc,0x0f,0x83,0xff,0x20,0x00,0x00,0x00,0x00,0x00,0x00,0x00,0x00,0x00,0x00
  1038 000070D3 00000000000000      <2>
  1039 000070DA 289C0F82FF20000000- <2>     db 0x28,0x9c,0x0f,0x82,0xff,0x20,0x00,0x00,0x00,0x00,0x00,0x00,0x00,0x00,0x00,0x00
  1039 000070E3 00000000000000      <2>
  1040 000070EA 28DC0E837F30000000- <2>     db 0x28,0xdc,0x0e,0x83,0x7f,0x30,0x00,0x00,0x00,0x00,0x00,0x00,0x00,0x00,0x00,0x00
  1040 000070F3 00000000000000      <2>
  1041 000070FA 30DC8E837F30000000- <2>     db 0x30,0xdc,0x8e,0x83,0x7f,0x30,0x00,0x00,0x00,0x00,0x00,0x00,0x00,0x00,0x00,0x00
  1041 00007103 00000000000000      <2>
  1042 0000710A 30DC8FC37F38000000- <2>     db 0x30,0xdc,0x8f,0xc3,0x7f,0x38,0x00,0x00,0x00,0x00,0x00,0x00,0x00,0x00,0x00,0x00
  1042 00007113 00000000000000      <2>
  1043 0000711A 30D80FC37D30000000- <2>     db 0x30,0xd8,0x0f,0xc3,0x7d,0x30,0x00,0x00,0x00,0x00,0x00,0x00,0x00,0x00,0x00,0x00
  1043 00007123 00000000000000      <2>
  1044 0000712A 10FC0EC37F30000000- <2>     db 0x10,0xfc,0x0e,0xc3,0x7f,0x30,0x00,0x00,0x00,0x00,0x00,0x00,0x00,0x00,0x00,0x00
  1044 00007133 00000000000000      <2>
  1045 0000713A 38DC86837F38000000- <2>     db 0x38,0xdc,0x86,0x83,0x7f,0x38,0x00,0x00,0x00,0x00,0x00,0x00,0x00,0x00,0x00,0x00
  1045 00007143 00000000000000      <2>
  1046 0000714A 10EE86C17F18000000- <2>     db 0x10,0xee,0x86,0xc1,0x7f,0x18,0x00,0x00,0x00,0x00,0x00,0x00,0x00,0x00,0x00,0x00
  1046 00007153 00000000000000      <2>
  1047 0000715A 18CE86C17718000000- <2>     db 0x18,0xce,0x86,0xc1,0x77,0x18,0x00,0x00,0x00,0x00,0x00,0x00,0x00,0x00,0x00,0x00
  1047 00007163 00000000000000      <2>
  1048 0000716A 104E06C17410000000- <2>     db 0x10,0x4e,0x06,0xc1,0x74,0x10,0x00,0x00,0x00,0x00,0x00,0x00,0x00,0x00,0x00,0x00
  1048 00007173 00000000000000      <2>
  1049 0000717A 30CE87C37E18000000- <2>     db 0x30,0xce,0x87,0xc3,0x7e,0x18,0x00,0x00,0x00,0x00,0x00,0x00,0x00,0x00,0x00,0x00
  1049 00007183 00000000000000      <2>
  1050 0000718A 104C86E17E18000000- <2>     db 0x10,0x4c,0x86,0xe1,0x7e,0x18,0x00,0x00,0x00,0x00,0x00,0x00,0x00,0x00,0x00,0x00
  1050 00007193 00000000000000      <2>
  1051 0000719A 186E87E17E18000000- <2>     db 0x18,0x6e,0x87,0xe1,0x7e,0x18,0x00,0x00,0x00,0x00,0x00,0x00,0x00,0x00,0x00,0x00
  1051 000071A3 00000000000000      <2>
  1052 000071AA 186E87E17E18000000- <2>     db 0x18,0x6e,0x87,0xe1,0x7e,0x18,0x00,0x00,0x00,0x00,0x00,0x00,0x00,0x00,0x00,0x00
  1052 000071B3 00000000000000      <2>
  1053 000071BA 186E87E17E18000000- <2>     db 0x18,0x6e,0x87,0xe1,0x7e,0x18,0x00,0x00,0x00,0x00,0x00,0x00,0x00,0x00,0x00,0x00
  1053 000071C3 00000000000000      <2>
  1054 000071CA 1467C7E17E18000000- <2>     db 0x14,0x67,0xc7,0xe1,0x7e,0x18,0x00,0x00,0x00,0x00,0x00,0x00,0x00,0x00,0x00,0x00
  1054 000071D3 00000000000000      <2>
  1055 000071DA 0C6787E17E18000000- <2>     db 0x0c,0x67,0x87,0xe1,0x7e,0x18,0x00,0x00,0x00,0x00,0x00,0x00,0x00,0x00,0x00,0x00
  1055 000071E3 00000000000000      <2>
  1056 000071EA 187787617F18000000- <2>     db 0x18,0x77,0x87,0x61,0x7f,0x18,0x00,0x00,0x00,0x00,0x00,0x00,0x00,0x00,0x00,0x00
  1056 000071F3 00000000000000      <2>
  1057 000071FA 1877C7717F1C000000- <2>     db 0x18,0x77,0xc7,0x71,0x7f,0x1c,0x00,0x00,0x00,0x00,0x00,0x00,0x00,0x00,0x00,0x00
  1057 00007203 00000000000000      <2>
  1058 0000720A 0827C7707F0C000000- <2>     db 0x08,0x27,0xc7,0x70,0x7f,0x0c,0x00,0x00,0x00,0x00,0x00,0x00,0x00,0x00,0x00,0x00
  1058 00007213 00000000000000      <2>
  1059 0000721A 0827C7707B0C000000- <2>     db 0x08,0x27,0xc7,0x70,0x7b,0x0c,0x00,0x00,0x00,0x00,0x00,0x00,0x00,0x00,0x00,0x00
  1059 00007223 00000000000000      <2>
  1060 0000722A 0827C7707B0C000000- <2>     db 0x08,0x27,0xc7,0x70,0x7b,0x0c,0x00,0x00,0x00,0x00,0x00,0x00,0x00,0x00,0x00,0x00
  1060 00007233 00000000000000      <2>
  1061 0000723A 0CB7C7607B0C000000- <2>     db 0x0c,0xb7,0xc7,0x60,0x7b,0x0c,0x00,0x00,0x00,0x00,0x00,0x00,0x00,0x00,0x00,0x00
  1061 00007243 00000000000000      <2>
  1062 0000724A 882387707A08000000- <2>     db 0x88,0x23,0x87,0x70,0x7a,0x08,0x00,0x00,0x00,0x00,0x00,0x00,0x00,0x00,0x00,0x00
  1062 00007253 00000000000000      <2>
  1063 0000725A 8C33C7703B08000000- <2>     db 0x8c,0x33,0xc7,0x70,0x3b,0x08,0x00,0x00,0x00,0x00,0x00,0x00,0x00,0x00,0x00,0x00
  1063 00007263 00000000000000      <2>
  1064 0000726A 8AA3C730330C000000- <2>     db 0x8a,0xa3,0xc7,0x30,0x33,0x0c,0x00,0x00,0x00,0x00,0x00,0x00,0x00,0x00,0x00,0x00
  1064 00007273 00000000000000      <2>
  1065 0000727A 8CB3C3303B0C000000- <2>     db 0x8c,0xb3,0xc3,0x30,0x3b,0x0c,0x00,0x00,0x00,0x00,0x00,0x00,0x00,0x00,0x00,0x00
  1065 00007283 00000000000000      <2>
  1066 0000728A 0283C7B83B0C000000- <2>     db 0x02,0x83,0xc7,0xb8,0x3b,0x0c,0x00,0x00,0x00,0x00,0x00,0x00,0x00,0x00,0x00,0x00
  1066 00007293 00000000000000      <2>
  1067 0000729A 8CB3C338330C000000- <2>     db 0x8c,0xb3,0xc3,0x38,0x33,0x0c,0x00,0x00,0x00,0x00,0x00,0x00,0x00,0x00,0x00,0x00
  1067 000072A3 00000000000000      <2>
  1068 000072AA 8EB3C3B8330C000000- <2>     db 0x8e,0xb3,0xc3,0xb8,0x33,0x0c,0x00,0x00,0x00,0x00,0x00,0x00,0x00,0x00,0x00,0x00
  1068 000072B3 00000000000000      <2>
  1069 000072BA 8CB3E3B83B06000000- <2>     db 0x8c,0xb3,0xe3,0xb8,0x3b,0x06,0x00,0x00,0x00,0x00,0x00,0x00,0x00,0x00,0x00,0x00
  1069 000072C3 00000000000000      <2>
  1070 000072CA 869363383904000000- <2>     db 0x86,0x93,0x63,0x38,0x39,0x04,0x00,0x00,0x00,0x00,0x00,0x00,0x00,0x00,0x00,0x00
  1070 000072D3 00000000000000      <2>
  1071 000072DA 849963B83906000000- <2>     db 0x84,0x99,0x63,0xb8,0x39,0x06,0x00,0x00,0x00,0x00,0x00,0x00,0x00,0x00,0x00,0x00
  1071 000072E3 00000000000000      <2>
  1072 000072EA C69163983906000000- <2>     db 0xc6,0x91,0x63,0x98,0x39,0x06,0x00,0x00,0x00,0x00,0x00,0x00,0x00,0x00,0x00,0x00
  1072 000072F3 00000000000000      <2>
  1073 000072FA C69963983906000000- <2>     db 0xc6,0x99,0x63,0x98,0x39,0x06,0x00,0x00,0x00,0x00,0x00,0x00,0x00,0x00,0x00,0x00
  1073 00007303 00000000000000      <2>
  1074 0000730A C411639C3906000000- <2>     db 0xc4,0x11,0x63,0x9c,0x39,0x06,0x00,0x00,0x00,0x00,0x00,0x00,0x00,0x00,0x00,0x00
  1074 00007313 00000000000000      <2>
  1075 0000731A C491639C3906000000- <2>     db 0xc4,0x91,0x63,0x9c,0x39,0x06,0x00,0x00,0x00,0x00,0x00,0x00,0x00,0x00,0x00,0x00
  1075 00007323 00000000000000      <2>
  1076 0000732A C49143183904000000- <2>     db 0xc4,0x91,0x43,0x18,0x39,0x04,0x00,0x00,0x00,0x00,0x00,0x00,0x00,0x00,0x00,0x00
  1076 00007333 00000000000000      <2>
  1077 0000733A C69963983906000000- <2>     db 0xc6,0x99,0x63,0x98,0x39,0x06,0x00,0x00,0x00,0x00,0x00,0x00,0x00,0x00,0x00,0x00
  1077 00007343 00000000000000      <2>
  1078 0000734A C69163DC3906000000- <2>     db 0xc6,0x91,0x63,0xdc,0x39,0x06,0x00,0x00,0x00,0x00,0x00,0x00,0x00,0x00,0x00,0x00
  1078 00007353 00000000000000      <2>
  1079 0000735A C69063DC3906000000- <2>     db 0xc6,0x90,0x63,0xdc,0x39,0x06,0x00,0x00,0x00,0x00,0x00,0x00,0x00,0x00,0x00,0x00
  1079 00007363 00000000000000      <2>
  1080 0000736A C39863CC3906000000- <2>     db 0xc3,0x98,0x63,0xcc,0x39,0x06,0x00,0x00,0x00,0x00,0x00,0x00,0x00,0x00,0x00,0x00
  1080 00007373 00000000000000      <2>
  1081 0000737A E28863DC3D06000000- <2>     db 0xe2,0x88,0x63,0xdc,0x3d,0x06,0x00,0x00,0x00,0x00,0x00,0x00,0x00,0x00,0x00,0x00
  1081 00007383 00000000000000      <2>
  1082 0000738A E288338C1C03000000- <2>     db 0xe2,0x88,0x33,0x8c,0x1c,0x03,0x00,0x00,0x00,0x00,0x00,0x00,0x00,0x00,0x00,0x00
  1082 00007393 00000000000000      <2>
  1083 0000739A E28833CE1C03000000- <2>     db 0xe2,0x88,0x33,0xce,0x1c,0x03,0x00,0x00,0x00,0x00,0x00,0x00,0x00,0x00,0x00,0x00
  1083 000073A3 00000000000000      <2>
  1084 000073AA E3C833CE1803000000- <2>     db 0xe3,0xc8,0x33,0xce,0x18,0x03,0x00,0x00,0x00,0x00,0x00,0x00,0x00,0x00,0x00,0x00
  1084 000073B3 00000000000000      <2>
  1085 000073BA C2CC31CC1C03000000- <2>     db 0xc2,0xcc,0x31,0xcc,0x1c,0x03,0x00,0x00,0x00,0x00,0x00,0x00,0x00,0x00,0x00,0x00
  1085 000073C3 00000000000000      <2>
  1086 000073CA E3C833CE1C02000000- <2>     db 0xe3,0xc8,0x33,0xce,0x1c,0x02,0x00,0x00,0x00,0x00,0x00,0x00,0x00,0x00,0x00,0x00
  1086 000073D3 00000000000000      <2>
  1087 000073DA E3C833CE1C02000000- <2>     db 0xe3,0xc8,0x33,0xce,0x1c,0x02,0x00,0x00,0x00,0x00,0x00,0x00,0x00,0x00,0x00,0x00
  1087 000073E3 00000000000000      <2>
  1088 000073EA E3C8318E1C03000000- <2>     db 0xe3,0xc8,0x31,0x8e,0x1c,0x03,0x00,0x00,0x00,0x00,0x00,0x00,0x00,0x00,0x00,0x00
  1088 000073F3 00000000000000      <2>
  1089 000073FA E3C831C61C03000000- <2>     db 0xe3,0xc8,0x31,0xc6,0x1c,0x03,0x00,0x00,0x00,0x00,0x00,0x00,0x00,0x00,0x00,0x00
  1089 00007403 00000000000000      <2>
  1090 0000740A 73C831C61C03000000- <2>     db 0x73,0xc8,0x31,0xc6,0x1c,0x03,0x00,0x00,0x00,0x00,0x00,0x00,0x00,0x00,0x00,0x00
  1090 00007413 00000000000000      <2>
  1091 0000741A 73CC31C71803000000- <2>     db 0x73,0xcc,0x31,0xc7,0x18,0x03,0x00,0x00,0x00,0x00,0x00,0x00,0x00,0x00,0x00,0x00
  1091 00007423 00000000000000      <2>
  1092 0000742A 73CC31C71C03000000- <2>     db 0x73,0xcc,0x31,0xc7,0x1c,0x03,0x00,0x00,0x00,0x00,0x00,0x00,0x00,0x00,0x00,0x00
  1092 00007433 00000000000000      <2>
  1093 0000743A 71CC31C71803000800- <2>     db 0x71,0xcc,0x31,0xc7,0x18,0x03,0x00,0x08,0x00,0x00,0x00,0x00,0x00,0x00,0x00,0x00
  1093 00007443 00000000000000      <2>
  1094 0000744A 618C31C61800000000- <2>     db 0x61,0x8c,0x31,0xc6,0x18,0x00,0x00,0x00,0x00,0x00,0x00,0x00,0x00,0x00,0x00,0x00
  1094 00007453 00000000000000      <2>
  1095 0000745A 718E31671C00000000- <2>     db 0x71,0x8e,0x31,0x67,0x1c,0x00,0x00,0x00,0x00,0x00,0x00,0x00,0x00,0x00,0x00,0x00
  1095 00007463 00000000000000      <2>
  1096 0000746A 718611671C00060000- <2>     db 0x71,0x86,0x11,0x67,0x1c,0x00,0x06,0x00,0x00,0x00,0x00,0x00,0x00,0x00,0x00,0x00
  1096 00007473 00000000000000      <2>
  1097 0000747A 71C611679C00060000- <2>     db 0x71,0xc6,0x11,0x67,0x9c,0x00,0x06,0x00,0x00,0x00,0x00,0x00,0x00,0x00,0x00,0x00
  1097 00007483 00000000000000      <2>
  1098 0000748A 71C419639C00060000- <2>     db 0x71,0xc4,0x19,0x63,0x9c,0x00,0x06,0x00,0x00,0x00,0x00,0x00,0x00,0x00,0x00,0x00
  1098 00007493 00000000000000      <2>
  1099 0000749A 39C419639C00060000- <2>     db 0x39,0xc4,0x19,0x63,0x9c,0x00,0x06,0x00,0x00,0x00,0x00,0x00,0x00,0x00,0x00,0x00
  1099 000074A3 00000000000000      <2>
  1100 000074AA 39C419439C00040000- <2>     db 0x39,0xc4,0x19,0x43,0x9c,0x00,0x04,0x00,0x00,0x00,0x00,0x00,0x00,0x00,0x00,0x00
  1100 000074B3 00000000000000      <2>
  1101 000074BA 31C699639C00060000- <2>     db 0x31,0xc6,0x99,0x63,0x9c,0x00,0x06,0x00,0x00,0x00,0x00,0x00,0x00,0x00,0x00,0x00
  1101 000074C3 00000000000000      <2>
  1102 000074CA 39C699639C00060000- <2>     db 0x39,0xc6,0x99,0x63,0x9c,0x00,0x06,0x00,0x00,0x00,0x00,0x00,0x00,0x00,0x00,0x00
  1102 000074D3 00000000000000      <2>
  1103 000074DA 39C691638C00060000- <2>     db 0x39,0xc6,0x91,0x63,0x8c,0x00,0x06,0x00,0x00,0x00,0x00,0x00,0x00,0x00,0x00,0x00
  1103 000074E3 00000000000000      <2>
  1104 000074EA 38C699638C00060000- <2>     db 0x38,0xc6,0x99,0x63,0x8c,0x00,0x06,0x00,0x00,0x00,0x00,0x00,0x00,0x00,0x00,0x00
  1104 000074F3 00000000000000      <2>
  1105 000074FA 39C699638C00060000- <2>     db 0x39,0xc6,0x99,0x63,0x8c,0x00,0x06,0x00,0x00,0x00,0x00,0x00,0x00,0x00,0x00,0x00
  1105 00007503 00000000000000      <2>
  1106 0000750A 39C69963CC00060000- <2>     db 0x39,0xc6,0x99,0x63,0xcc,0x00,0x06,0x00,0x00,0x00,0x00,0x00,0x00,0x00,0x00,0x00
  1106 00007513 00000000000000      <2>
  1107 0000751A 38C688638E00060000- <2>     db 0x38,0xc6,0x88,0x63,0x8e,0x00,0x06,0x00,0x00,0x00,0x00,0x00,0x00,0x00,0x00,0x00
  1107 00007523 00000000000000      <2>
  1108 0000752A 1CC7C8718E00060000- <2>     db 0x1c,0xc7,0xc8,0x71,0x8e,0x00,0x06,0x00,0x00,0x00,0x00,0x00,0x00,0x00,0x00,0x00
  1108 00007533 00000000000000      <2>
  1109 0000753A 1CE2CC31CE00030000- <2>     db 0x1c,0xe2,0xcc,0x31,0xce,0x00,0x03,0x00,0x00,0x00,0x00,0x00,0x00,0x00,0x00,0x00
  1109 00007543 00000000000000      <2>
  1110 0000754A 18E2CC31CE00030000- <2>     db 0x18,0xe2,0xcc,0x31,0xce,0x00,0x03,0x00,0x00,0x00,0x00,0x00,0x00,0x00,0x00,0x00
  1110 00007553 00000000000000      <2>
  1111 0000755A 18E38831CE00030000- <2>     db 0x18,0xe3,0x88,0x31,0xce,0x00,0x03,0x00,0x00,0x00,0x00,0x00,0x00,0x00,0x00,0x00
  1111 00007563 00000000000000      <2>
  1112 0000756A 1CE288218E00020000- <2>     db 0x1c,0xe2,0x88,0x21,0x8e,0x00,0x02,0x00,0x00,0x00,0x00,0x00,0x00,0x00,0x00,0x00
  1112 00007573 00000000000000      <2>
  1113 0000757A 1CE2C831CE00030000- <2>     db 0x1c,0xe2,0xc8,0x31,0xce,0x00,0x03,0x00,0x00,0x00,0x00,0x00,0x00,0x00,0x00,0x00
  1113 00007583 00000000000000      <2>
  1114 0000758A 1CE2C831CE00030000- <2>     db 0x1c,0xe2,0xc8,0x31,0xce,0x00,0x03,0x00,0x00,0x00,0x00,0x00,0x00,0x00,0x00,0x00
  1114 00007593 00000000000000      <2>
  1115 0000759A 1CE3CC31CE00030000- <2>     db 0x1c,0xe3,0xcc,0x31,0xce,0x00,0x03,0x00,0x00,0x00,0x00,0x00,0x00,0x00,0x00,0x00
  1115 000075A3 00000000000000      <2>
  1116 000075AA 1CE2CC31CE00030000- <2>     db 0x1c,0xe2,0xcc,0x31,0xce,0x00,0x03,0x00,0x00,0x00,0x00,0x00,0x00,0x00,0x00,0x00
  1116 000075B3 00000000000000      <2>
  1117 000075BA 0CC1EC31CE00030000- <2>     db 0x0c,0xc1,0xec,0x31,0xce,0x00,0x03,0x00,0x00,0x00,0x00,0x00,0x00,0x00,0x00,0x00
  1117 000075C3 00000000000000      <2>
  1118 000075CA 8EE0EE38CE00030000- <2>     db 0x8e,0xe0,0xee,0x38,0xce,0x00,0x03,0x00,0x00,0x00,0x00,0x00,0x00,0x00,0x00,0x00
  1118 000075D3 00000000000000      <2>
  1119 000075DA 0EC1E430CE00030000- <2>     db 0x0e,0xc1,0xe4,0x30,0xce,0x00,0x03,0x00,0x00,0x00,0x00,0x00,0x00,0x00,0x00,0x00
  1119 000075E3 00000000000000      <2>
  1120 000075EA 0CE3EC38CC00010000- <2>     db 0x0c,0xe3,0xec,0x38,0xcc,0x00,0x01,0x00,0x00,0x00,0x00,0x00,0x00,0x00,0x00,0x00
  1120 000075F3 00000000000000      <2>
  1121 000075FA 0EE3EC18EE00010000- <2>     db 0x0e,0xe3,0xec,0x18,0xee,0x00,0x01,0x00,0x00,0x00,0x00,0x00,0x00,0x00,0x00,0x00
  1121 00007603 00000000000000      <2>
  1122 0000760A 0EE1E418EE80010000- <2>     db 0x0e,0xe1,0xe4,0x18,0xee,0x80,0x01,0x00,0x00,0x00,0x00,0x00,0x00,0x00,0x00,0x00
  1122 00007613 00000000000000      <2>
  1123 0000761A 0EE1EC18EE80010000- <2>     db 0x0e,0xe1,0xec,0x18,0xee,0x80,0x01,0x00,0x00,0x00,0x00,0x00,0x00,0x00,0x00,0x00
  1123 00007623 00000000000000      <2>
  1124 0000762A 0EE1F4186E80010000- <2>     db 0x0e,0xe1,0xf4,0x18,0x6e,0x80,0x01,0x00,0x00,0x00,0x00,0x00,0x00,0x00,0x00,0x00
  1124 00007633 00000000000000      <2>
  1125 0000763A 8EE1F6186E80010000- <2>     db 0x8e,0xe1,0xf6,0x18,0x6e,0x80,0x01,0x00,0x00,0x00,0x00,0x00,0x00,0x00,0x00,0x00
  1125 00007643 00000000000000      <2>
  1126 0000764A 07E17410CE00010000- <2>     db 0x07,0xe1,0x74,0x10,0xce,0x00,0x01,0x00,0x00,0x00,0x00,0x00,0x00,0x00,0x00,0x00
  1126 00007653 00000000000000      <2>
  1127 0000765A 87E176186E80010000- <2>     db 0x87,0xe1,0x76,0x18,0x6e,0x80,0x01,0x00,0x00,0x00,0x00,0x00,0x00,0x00,0x00,0x00
  1127 00007663 00000000000000      <2>
  1128 0000766A 07E174186E80010000- <2>     db 0x07,0xe1,0x74,0x18,0x6e,0x80,0x01,0x00,0x00,0x00,0x00,0x00,0x00,0x00,0x00,0x00
  1128 00007673 00000000000000      <2>
  1129 0000767A 867176186E80010000- <2>     db 0x86,0x71,0x76,0x18,0x6e,0x80,0x01,0x00,0x00,0x00,0x00,0x00,0x00,0x00,0x00,0x00
  1129 00007683 00000000000000      <2>
  1130 0000768A 07E171187680010000- <2>     db 0x07,0xe1,0x71,0x18,0x76,0x80,0x01,0x00,0x00,0x00,0x00,0x00,0x00,0x00,0x00,0x00
  1130 00007693 00000000000000      <2>
  1131 0000769A 876176186780010000- <2>     db 0x87,0x61,0x76,0x18,0x67,0x80,0x01,0x00,0x00,0x00,0x00,0x00,0x00,0x00,0x00,0x00
  1131 000076A3 00000000000000      <2>
  1132 000076AA C771771C6F80010000- <2>     db 0xc7,0x71,0x77,0x1c,0x6f,0x80,0x01,0x00,0x00,0x00,0x00,0x00,0x00,0x00,0x00,0x00
  1132 000076B3 00000000000000      <2>
  1133 000076BA C771760CF7C0000000- <2>     db 0xc7,0x71,0x76,0x0c,0xf7,0xc0,0x00,0x00,0x00,0x00,0x00,0x00,0x00,0x00,0x00,0x00
  1133 000076C3 00000000000000      <2>
  1134 000076CA C7607A1CA7C0010000- <2>     db 0xc7,0x60,0x7a,0x1c,0xa7,0xc0,0x01,0x00,0x00,0x00,0x00,0x00,0x00,0x00,0x00,0x00
  1134 000076D3 00000000000000      <2>
  1135 000076DA 87713B1CF7C0010000- <2>     db 0x87,0x71,0x3b,0x1c,0xf7,0xc0,0x01,0x00,0x00,0x00,0x00,0x00,0x00,0x00,0x00,0x00
  1135 000076E3 00000000000000      <2>
  1136 000076EA C370330CB7C0000000- <2>     db 0xc3,0x70,0x33,0x0c,0xb7,0xc0,0x00,0x00,0x00,0x00,0x00,0x00,0x00,0x00,0x00,0x00
  1136 000076F3 00000000000000      <2>
  1137 000076FA C370330CB7C0000000- <2>     db 0xc3,0x70,0x33,0x0c,0xb7,0xc0,0x00,0x00,0x00,0x00,0x00,0x00,0x00,0x00,0x00,0x00
  1137 00007703 00000000000000      <2>
  1138 0000770A 83703A0CB7C0000000- <2>     db 0x83,0x70,0x3a,0x0c,0xb7,0xc0,0x00,0x00,0x00,0x00,0x00,0x00,0x00,0x00,0x00,0x00
  1138 00007713 00000000000000      <2>
  1139 0000771A 83703A08B780000000- <2>     db 0x83,0x70,0x3a,0x08,0xb7,0x80,0x00,0x00,0x00,0x00,0x00,0x00,0x00,0x00,0x00,0x00
  1139 00007723 00000000000000      <2>
  1140 0000772A 83703A08E780000000- <2>     db 0x83,0x70,0x3a,0x08,0xe7,0x80,0x00,0x00,0x00,0x00,0x00,0x00,0x00,0x00,0x00,0x00
  1140 00007733 00000000000000      <2>
  1141 0000773A C3703F0CF7C0000000- <2>     db 0xc3,0x70,0x3f,0x0c,0xf7,0xc0,0x00,0x00,0x00,0x00,0x00,0x00,0x00,0x00,0x00,0x00
  1141 00007743 00000000000000      <2>
  1142 0000774A C3F03E0CFFC0000000- <2>     db 0xc3,0xf0,0x3e,0x0c,0xff,0xc0,0x00,0x00,0x00,0x00,0x00,0x00,0x00,0x00,0x00,0x00
  1142 00007753 00000000000000      <2>
  1143 0000775A C3F03A0CFFC0000000- <2>     db 0xc3,0xf0,0x3a,0x0c,0xff,0xc0,0x00,0x00,0x00,0x00,0x00,0x00,0x00,0x00,0x00,0x00
  1143 00007763 00000000000000      <2>
  1144 0000776A C3F01F0CFFC0000000- <2>     db 0xc3,0xf0,0x1f,0x0c,0xff,0xc0,0x00,0x00,0x00,0x00,0x00,0x00,0x00,0x00,0x00,0x00
  1144 00007773 00000000000000      <2>
  1145 0000777A C1701F0CF7C0000000- <2>     db 0xc1,0x70,0x1f,0x0c,0xf7,0xc0,0x00,0x00,0x00,0x00,0x00,0x00,0x00,0x00,0x00,0x00
  1145 00007783 00000000000000      <2>
  1146 0000778A C1701F0EFFE0000000- <2>     db 0xc1,0x70,0x1f,0x0e,0xff,0xe0,0x00,0x00,0x00,0x00,0x00,0x00,0x00,0x00,0x00,0x00
  1146 00007793 00000000000000      <2>
  1147 0000779A C1701F0EFFE0000000- <2>     db 0xc1,0x70,0x1f,0x0e,0xff,0xe0,0x00,0x00,0x00,0x00,0x00,0x00,0x00,0x00,0x00,0x00
  1147 000077A3 00000000000000      <2>
  1148 000077AA 41701F0EFFE0000000- <2>     db 0x41,0x70,0x1f,0x0e,0xff,0xe0,0x00,0x00,0x00,0x00,0x00,0x00,0x00,0x00,0x00,0x00
  1148 000077B3 00000000000000      <2>
  1149 000077BA 61701F0EFFE0000000- <2>     db 0x61,0x70,0x1f,0x0e,0xff,0xe0,0x00,0x00,0x00,0x00,0x00,0x00,0x00,0x00,0x00,0x00
  1149 000077C3 00000000000000      <2>
  1150 000077CA E1E01D0EFFE0000000- <2>     db 0xe1,0xe0,0x1d,0x0e,0xff,0xe0,0x00,0x00,0x00,0x00,0x00,0x00,0x00,0x00,0x00,0x00
  1150 000077D3 00000000000000      <2>
  1151 000077DA E1E01D06FF60000000- <2>     db 0xe1,0xe0,0x1d,0x06,0xff,0x60,0x00,0x00,0x00,0x00,0x00,0x00,0x00,0x00,0x00,0x00
  1151 000077E3 00000000000000      <2>
  1152 000077EA C1F00F04FF40000000- <2>     db 0xc1,0xf0,0x0f,0x04,0xff,0x40,0x00,0x00,0x00,0x00,0x00,0x00,0x00,0x00,0x00,0x00
  1152 000077F3 00000000000000      <2>
  1153 000077FA 41F00F06FF60000000- <2>     db 0x41,0xf0,0x0f,0x06,0xff,0x60,0x00,0x00,0x00,0x00,0x00,0x00,0x00,0x00,0x00,0x00
  1153 00007803 00000000000000      <2>
  1154 0000780A 40700F06FF60000000- <2>     db 0x40,0x70,0x0f,0x06,0xff,0x60,0x00,0x00,0x00,0x00,0x00,0x00,0x00,0x00,0x00,0x00
  1154 00007813 00000000000000      <2>
  1155 0000781A 70F00F07FF60000000- <2>     db 0x70,0xf0,0x0f,0x07,0xff,0x60,0x00,0x00,0x00,0x00,0x00,0x00,0x00,0x00,0x00,0x00
  1155 00007823 00000000000000      <2>
  1156 0000782A 50F00F07FF60000000- <2>     db 0x50,0xf0,0x0f,0x07,0xff,0x60,0x00,0x00,0x00,0x00,0x00,0x00,0x00,0x00,0x00,0x00
  1156 00007833 00000000000000      <2>
  1157 0000783A 50F00F07FF70000000- <2>     db 0x50,0xf0,0x0f,0x07,0xff,0x70,0x00,0x00,0x00,0x00,0x00,0x00,0x00,0x00,0x00,0x00
  1157 00007843 00000000000000      <2>
  1158 0000784A 60F00F07FF60000000- <2>     db 0x60,0xf0,0x0f,0x07,0xff,0x60,0x00,0x00,0x00,0x00,0x00,0x00,0x00,0x00,0x00,0x00
  1158 00007853 00000000000000      <2>
  1159 0000785A 70F00F07FF70000000- <2>     db 0x70,0xf0,0x0f,0x07,0xff,0x70,0x00,0x00,0x00,0x00,0x00,0x00,0x00,0x00,0x00,0x00
  1159 00007863 00000000000000      <2>
  1160 0000786A 70F00F07FC70000000- <2>     db 0x70,0xf0,0x0f,0x07,0xfc,0x70,0x00,0x00,0x00,0x00,0x00,0x00,0x00,0x00,0x00,0x00
  1160 00007873 00000000000000      <2>
  1161 0000787A 70F00F077E70000000- <2>     db 0x70,0xf0,0x0f,0x07,0x7e,0x70,0x00,0x00,0x00,0x00,0x00,0x00,0x00,0x00,0x00,0x00
  1161 00007883 00000000000000      <2>
  1162 0000788A 600007076070000003- <2>     db 0x60,0x00,0x07,0x07,0x60,0x70,0x00,0x00,0x03,0x00,0x00,0x00,0x00,0x00,0x00,0x00
  1162 00007893 00000000000000      <2>
  1163 0000789A 60B007077270000001- <2>     db 0x60,0xb0,0x07,0x07,0x72,0x70,0x00,0x00,0x01,0x00,0x00,0x00,0x00,0x00,0x00,0x00
  1163 000078A3 00000000000000      <2>
  1164 000078AA 608006066060000003- <2>     db 0x60,0x80,0x06,0x06,0x60,0x60,0x00,0x00,0x03,0x00,0x00,0x00,0x00,0x00,0x00,0x00
  1164 000078B3 00000000000000      <2>
  1165 000078BA 70A006076070000003- <2>     db 0x70,0xa0,0x06,0x07,0x60,0x70,0x00,0x00,0x03,0x00,0x00,0x00,0x00,0x00,0x00,0x00
  1165 000078C3 00000000000000      <2>
  1166 000078CA 700087072070000003- <2>     db 0x70,0x00,0x87,0x07,0x20,0x70,0x00,0x00,0x03,0x00,0x00,0x00,0x00,0x00,0x00,0x00
  1166 000078D3 00000000000000      <2>
  1167 000078DA 300006033030008001- <2>     db 0x30,0x00,0x06,0x03,0x30,0x30,0x00,0x80,0x01,0x00,0x00,0x00,0x00,0x00,0x00,0x00
  1167 000078E3 00000000000000      <2>
  1168 000078EA 700007073030000003- <2>     db 0x70,0x00,0x07,0x07,0x30,0x30,0x00,0x00,0x03,0x00,0x18,0x00,0x00,0x00,0x00,0x00
  1168 000078F3 00180000000000      <2>
  1169 000078FA 700083033038008001- <2>     db 0x70,0x00,0x83,0x03,0x30,0x38,0x00,0x80,0x01,0x00,0x18,0x00,0x00,0x00,0x00,0x00
  1169 00007903 00180000000000      <2>
  1170 0000790A 700083033038008003- <2>     db 0x70,0x00,0x83,0x03,0x30,0x38,0x00,0x80,0x03,0x00,0x10,0x00,0x00,0x00,0x00,0x00
  1170 00007913 00100000000000      <2>
  1171 0000791A 700083073038008003- <2>     db 0x70,0x00,0x83,0x07,0x30,0x38,0x00,0x80,0x03,0x00,0x18,0x00,0x00,0x00,0x00,0x00
  1171 00007923 00180000000000      <2>
  1172 0000792A 300083031038008003- <2>     db 0x30,0x00,0x83,0x03,0x10,0x38,0x00,0x80,0x03,0x00,0x18,0x00,0x00,0x00,0x00,0x00
  1172 00007933 00180000000000      <2>
  1173 0000793A 780083030038008003- <2>     db 0x78,0x00,0x83,0x03,0x00,0x38,0x00,0x80,0x03,0x00,0x1c,0x00,0x00,0x00,0x00,0x00
  1173 00007943 001C0000000000      <2>
  1174 0000794A 300081030038008003- <2>     db 0x30,0x00,0x81,0x03,0x00,0x38,0x00,0x80,0x03,0x00,0x10,0x00,0x00,0x00,0x00,0x00
  1174 00007953 00100000000000      <2>
  1175 0000795A 380081030030008003- <2>     db 0x38,0x00,0x81,0x03,0x00,0x30,0x00,0x80,0x03,0x00,0x18,0x00,0x00,0x00,0x00,0x00
  1175 00007963 00180000000000      <2>
  1176 0000796A 300000030030000003- <2>     db 0x30,0x00,0x00,0x03,0x00,0x30,0x00,0x00,0x03,0x00,0x14,0x00,0x00,0x00,0x00,0x00
  1176 00007973 00140000000000      <2>
  1177 0000797A 300080030038008003- <2>     db 0x30,0x00,0x80,0x03,0x00,0x38,0x00,0x80,0x03,0x00,0x10,0x00,0x00,0x00,0x00,0x00
  1177 00007983 00100000000000      <2>
  1178 0000798A 300040030030000003- <2>     db 0x30,0x00,0x40,0x03,0x00,0x30,0x00,0x00,0x03,0x00,0x10,0x00,0x00,0x00,0x00,0x00
  1178 00007993 00100000000000      <2>
  1179 0000799A 3800C003003800C003- <2>     db 0x38,0x00,0xc0,0x03,0x00,0x38,0x00,0xc0,0x03,0x00,0x1c,0x00,0x00,0x00,0x00,0x00
  1179 000079A3 001C0000000000      <2>
  1180 000079AA 38008003003800C003- <2>     db 0x38,0x00,0x80,0x03,0x00,0x38,0x00,0xc0,0x03,0x00,0x38,0x00,0x00,0x00,0x00,0x00
  1180 000079B3 00380000000000      <2>
  1181 000079BA 3800C0030038008003- <2>     db 0x38,0x00,0xc0,0x03,0x00,0x38,0x00,0x80,0x03,0x00,0x3c,0x00,0x00,0x00,0x00,0x00
  1181 000079C3 003C0000000000      <2>
  1182 000079CA 3C00C003003C00C003- <2>     db 0x3c,0x00,0xc0,0x03,0x00,0x3c,0x00,0xc0,0x03,0x00,0x3c,0x00,0x00,0x00,0x00,0x00
  1182 000079D3 003C0000000000      <2>
  1183 000079DA 3C00C003003C00C003- <2>     db 0x3c,0x00,0xc0,0x03,0x00,0x3c,0x00,0xc0,0x03,0x00,0x3c,0x00,0x00,0x00,0x00,0x00
  1183 000079E3 003C0000000000      <2>
  1184 000079EA 3C00C003003C00C003- <2>     db 0x3c,0x00,0xc0,0x03,0x00,0x3c,0x00,0xc0,0x03,0x00,0x3c,0x00,0x00,0x00,0x00,0x00
  1184 000079F3 003C0000000000      <2>
  1185 000079FA 3C00C003003C00C003- <2>     db 0x3c,0x00,0xc0,0x03,0x00,0x3c,0x00,0xc0,0x03,0x00,0x1c,0x00,0x00,0x00,0x00,0x00
  1185 00007A03 001C0000000000      <2>
  1186 00007A0A 3800C003001C00C003- <2>     db 0x38,0x00,0xc0,0x03,0x00,0x1c,0x00,0xc0,0x03,0x00,0x38,0x00,0x00,0x00,0x00,0x00
  1186 00007A13 00380000000000      <2>
  1187 00007A1A 3C00C003003C00C003- <2>     db 0x3c,0x00,0xc0,0x03,0x00,0x3c,0x00,0xc0,0x03,0x00,0x1c,0x00,0x00,0x00,0x00,0x00
  1187 00007A23 001C0000000000      <2>
  1188 00007A2A 3800C003003C00E003- <2>     db 0x38,0x00,0xc0,0x03,0x00,0x3c,0x00,0xe0,0x03,0x00,0x3a,0x00,0x00,0x00,0x00,0x00
  1188 00007A33 003A0000000000      <2>
  1189 00007A3A 3800C003003C00E003- <2>     db 0x38,0x00,0xc0,0x03,0x00,0x3c,0x00,0xe0,0x03,0x00,0x18,0x00,0x00,0x00,0x00,0x00
  1189 00007A43 00180000000000      <2>
  1190 00007A4A 18008001001800A001- <2>     db 0x18,0x00,0x80,0x01,0x00,0x18,0x00,0xa0,0x01,0x00,0x18,0x00,0x00,0x00,0x00,0x00
  1190 00007A53 00180000000000      <2>
  1191 00007A5A 1800A001001A00A001- <2>     db 0x18,0x00,0xa0,0x01,0x00,0x1a,0x00,0xa0,0x01,0x00,0x18,0x00,0x00,0x00,0x00,0x00
  1191 00007A63 00180000000000      <2>
  1192 00007A6A 1A00E001001E00E001- <2>     db 0x1a,0x00,0xe0,0x01,0x00,0x1e,0x00,0xe0,0x01,0x00,0x1a,0x00,0x00,0x00,0x00,0x00
  1192 00007A73 001A0000000000      <2>
  1193 00007A7A 1A00E001001E00E001- <2>     db 0x1a,0x00,0xe0,0x01,0x00,0x1e,0x00,0xe0,0x01,0x00,0x1a,0x00,0x00,0x00,0x00,0x00
  1193 00007A83 001A0000000000      <2>
  1194 00007A8A 1A00E001001E00E001- <2>     db 0x1a,0x00,0xe0,0x01,0x00,0x1e,0x00,0xe0,0x01,0x00,0x1a,0x00,0x00,0x00,0x00,0x00
  1194 00007A93 001A0000000000      <2>
  1195 00007A9A 1A00F001001E00E001- <2>     db 0x1a,0x00,0xf0,0x01,0x00,0x1e,0x00,0xe0,0x01,0x00,0x1a,0x00,0x00,0x00,0x00,0x00
  1195 00007AA3 001A0000000000      <2>
  1196 00007AAA 1E00E001001E00F001- <2>     db 0x1e,0x00,0xe0,0x01,0x00,0x1e,0x00,0xf0,0x01,0x00,0x1e,0x00,0x00,0x00,0x00,0x00
  1196 00007AB3 001E0000000000      <2>
  1197 00007ABA 3C00E001001E00F003- <2>     db 0x3c,0x00,0xe0,0x01,0x00,0x1e,0x00,0xf0,0x03,0x00,0x1c,0x00,0x00,0x00,0x00,0x00
  1197 00007AC3 001C0000000000      <2>
  1198 00007ACA 1C00F001001F00F001- <2>     db 0x1c,0x00,0xf0,0x01,0x00,0x1f,0x00,0xf0,0x01,0x00,0x1c,0x00,0x00,0x00,0x00,0x00
  1198 00007AD3 001C0000000000      <2>
  1199 00007ADA 1C00F001001F00F001- <2>     db 0x1c,0x00,0xf0,0x01,0x00,0x1f,0x00,0xf0,0x01,0x00,0x1c,0x00,0x00,0x00,0x00,0x00
  1199 00007AE3 001C0000000000      <2>
  1200 00007AEA 1C00F001001F00F001- <2>     db 0x1c,0x00,0xf0,0x01,0x00,0x1f,0x00,0xf0,0x01,0x00,0x1d,0x00,0x00,0x00,0x00,0x00
  1200 00007AF3 001D0000000000      <2>
  1201 00007AFA 1D00F001001F00F001- <2>     db 0x1d,0x00,0xf0,0x01,0x00,0x1f,0x00,0xf0,0x01,0x00,0x1d,0x00,0x00,0x00,0x00,0x00
  1201 00007B03 001D0000000000      <2>
  1202 00007B0A 1D00D001001D00D001- <2>     db 0x1d,0x00,0xd0,0x01,0x00,0x1d,0x00,0xd0,0x01,0x00,0x1d,0x00,0x00,0x00,0x00,0x00
  1202 00007B13 001D0000000000      <2>
  1203 00007B1A 1D00F001001F00F001- <2>     db 0x1d,0x00,0xf0,0x01,0x00,0x1f,0x00,0xf0,0x01,0x00,0x1d,0x00,0x00,0x00,0x00,0x00
  1203 00007B23 001D0000000000      <2>
  1204 00007B2A 1D00D001001D00D001- <2>     db 0x1d,0x00,0xd0,0x01,0x00,0x1d,0x00,0xd0,0x01,0x00,0x1d,0x00,0x00,0x00,0x00,0x00
  1204 00007B33 001D0000000000      <2>
  1205 00007B3A 3D00D801801D00D003- <2>     db 0x3d,0x00,0xd8,0x01,0x80,0x1d,0x00,0xd0,0x03,0x80,0x1d,0x00,0x08,0x00,0x00,0x00
  1205 00007B43 801D0008000000      <2>
  1206 00007B4A 1D00D801801D00D801- <2>     db 0x1d,0x00,0xd8,0x01,0x80,0x1d,0x00,0xd8,0x01,0x80,0x1d,0x00,0x08,0x00,0x00,0x00
  1206 00007B53 801D0008000000      <2>
  1207 00007B5A 1D00D801801D00D801- <2>     db 0x1d,0x00,0xd8,0x01,0x80,0x1d,0x00,0xd8,0x01,0x80,0x1d,0x00,0x08,0x00,0x00,0x00
  1207 00007B63 801D0008000000      <2>
  1208 00007B6A 1C00F801801F00F801- <2>     db 0x1c,0x00,0xf8,0x01,0x80,0x1f,0x00,0xf8,0x01,0x80,0x1c,0x00,0x08,0x00,0x00,0x00
  1208 00007B73 801C0008000000      <2>
  1209 00007B7A 1C00F801801F00F801- <2>     db 0x1c,0x00,0xf8,0x01,0x80,0x1f,0x00,0xf8,0x01,0x80,0x1c,0x00,0x08,0x00,0x00,0x00
  1209 00007B83 801C0008000000      <2>
  1210 00007B8A 1C00FC01C01F00F801- <2>     db 0x1c,0x00,0xfc,0x01,0xc0,0x1f,0x00,0xf8,0x01,0xc0,0x1c,0x00,0x0c,0x00,0x00,0x00
  1210 00007B93 C01C000C000000      <2>
  1211 00007B9A 1C00FC01C01F00FC01- <2>     db 0x1c,0x00,0xfc,0x01,0xc0,0x1f,0x00,0xfc,0x01,0xc0,0x1c,0x00,0x0c,0x00,0x00,0x00
  1211 00007BA3 C01C000C000000      <2>
  1212 00007BAA 1C00CC01C01C00C801- <2>     db 0x1c,0x00,0xcc,0x01,0xc0,0x1c,0x00,0xc8,0x01,0xc0,0x1c,0x00,0x0c,0x00,0x00,0x00
  1212 00007BB3 C01C000C000000      <2>
  1213 00007BBA 1A00EC01C01C00E801- <2>     db 0x1a,0x00,0xec,0x01,0xc0,0x1c,0x00,0xe8,0x01,0xc0,0x1a,0x00,0x0c,0x00,0x00,0x00
  1213 00007BC3 C01A000C000000      <2>
  1214 00007BCA 1700F601C01C00FC01- <2>     db 0x17,0x00,0xf6,0x01,0xc0,0x1c,0x00,0xfc,0x01,0xe0,0x07,0x00,0x04,0x00,0x00,0x00
  1214 00007BD3 E0070004000000      <2>
  1215 00007BDA 1F00F601C01C00FC01- <2>     db 0x1f,0x00,0xf6,0x01,0xc0,0x1c,0x00,0xfc,0x01,0xe0,0x1f,0x00,0x04,0x00,0x00,0x00
  1215 00007BE3 E01F0004000000      <2>
  1216 00007BEA 1A00EA01E01C00E601- <2>     db 0x1a,0x00,0xea,0x01,0xe0,0x1c,0x00,0xe6,0x01,0xe0,0x1a,0x00,0x08,0x00,0x00,0x00
  1216 00007BF3 E01A0008000000      <2>
  1217 00007BFA 1A00EA01E01E00E601- <2>     db 0x1a,0x00,0xea,0x01,0xe0,0x1e,0x00,0xe6,0x01,0xe0,0x1a,0x00,0x0a,0x00,0x00,0x00
  1217 00007C03 E01A000A000000      <2>
  1218 00007C0A 0A00E801F01E00E701- <2>     db 0x0a,0x00,0xe8,0x01,0xf0,0x1e,0x00,0xe7,0x01,0xf0,0x0a,0x00,0x08,0x00,0x00,0x00
  1218 00007C13 F00A0008000000      <2>
  1219 00007C1A 0900F801F01E00F701- <2>     db 0x09,0x00,0xf8,0x01,0xf0,0x1e,0x00,0xf7,0x01,0xf0,0x09,0x00,0x08,0x00,0x00,0x00
  1219 00007C23 F0090008000000      <2>
  1220 00007C2A 0100B800D00A00B500- <2>     db 0x01,0x00,0xb8,0x00,0xd0,0x0a,0x00,0xb5,0x00,0xd0,0x01,0x00,0x08,0x00,0x00,0x00
  1220 00007C33 D0010008000000      <2>
  1221 00007C3A 0100B800D00A00B500- <2>     db 0x01,0x00,0xb8,0x00,0xd0,0x0a,0x00,0xb5,0x00,0xd0,0x01,0x00,0x08,0x00,0x00,0x00
  1221 00007C43 D0010008000000      <2>
  1222 00007C4A 000000000000000000- <2>     db 0x00,0x00,0x00,0x00,0x00,0x00,0x00,0x00,0x00,0x00,0x00,0x00,0x00,0x00,0x00,0x00
  1222 00007C53 00000000000000      <2>
  1223 00007C5A 000000000000000000- <2>     db 0x00,0x00,0x00,0x00,0x00,0x00,0x00,0x00,0x00,0x00,0x00,0x00,0x00,0x00,0x00,0x00
  1223 00007C63 00000000000000      <2>
  1224 00007C6A 0100B800D00A00B500- <2>     db 0x01,0x00,0xb8,0x00,0xd0,0x0a,0x00,0xb5,0x00,0xd0,0x01,0x00,0x08,0x00,0x00,0x00
  1224 00007C73 D0010008000000      <2>
  1225 00007C7A 0100B800D00A00B500- <2>     db 0x01,0x00,0xb8,0x00,0xd0,0x0a,0x00,0xb5,0x00,0xd0,0x01,0x00,0x08,0x00,0x00,0x00
  1225 00007C83 D0010008000000      <2>
  1226 00007C8A 0100F500580E80F500- <2>     db 0x01,0x00,0xf5,0x00,0x58,0x0e,0x80,0xf5,0x00,0x58,0x01,0x00,0x05,0x00,0x00,0x00
  1226 00007C93 58010005000000      <2>
  1227 00007C9A 050075005806807500- <2>     db 0x05,0x00,0x75,0x00,0x58,0x06,0x80,0x75,0x00,0x58,0x05,0x00,0x05,0x00,0x00,0x00
  1227 00007CA3 58050005000000      <2>
  1228 00007CAA 058075007806807300- <2>     db 0x05,0x80,0x75,0x00,0x78,0x06,0x80,0x73,0x00,0x78,0x01,0x80,0x05,0x00,0x00,0x00
  1228 00007CB3 78018005000000      <2>
  1229 00007CBA 04C0FD00F80F807300- <2>     db 0x04,0xc0,0xfd,0x00,0xf8,0x0f,0x80,0x73,0x00,0xfc,0x00,0x80,0x0d,0x00,0x00,0x00
  1229 00007CC3 FC00800D000000      <2>
  1230 00007CCA 06407D00F803807300- <2>     db 0x06,0x40,0x7d,0x00,0xf8,0x03,0x80,0x73,0x00,0xfc,0x02,0x00,0x0d,0x00,0x00,0x00
  1230 00007CD3 FC02000D000000      <2>
  1231 00007CDA 02807D00F803803F00- <2>     db 0x02,0x80,0x7d,0x00,0xf8,0x03,0x80,0x3f,0x00,0xf8,0x02,0x00,0x0d,0x00,0x00,0x00
  1231 00007CE3 F802000D000000      <2>
  1232 00007CEA 03807300F801803F00- <2>     db 0x03,0x80,0x73,0x00,0xf8,0x01,0x80,0x3f,0x00,0xf8,0x03,0x80,0x03,0x00,0x00,0x00
  1232 00007CF3 F8038003000000      <2>
  1233 00007CFA 038033003801803300- <2>     db 0x03,0x80,0x33,0x00,0x38,0x01,0x80,0x33,0x00,0x38,0x03,0x00,0x03,0x00,0x00,0x00
  1233 00007D03 38030003000000      <2>
  1234 00007D0A 03C03300F801803F00- <2>     db 0x03,0xc0,0x33,0x00,0xf8,0x01,0x80,0x3f,0x00,0xfc,0x03,0x40,0x03,0x00,0x00,0x00
  1234 00007D13 FC034003000000      <2>
  1235 00007D1A 03803300F801803F00- <2>     db 0x03,0x80,0x33,0x00,0xf8,0x01,0x80,0x3f,0x00,0xf8,0x03,0x80,0x03,0x00,0x00,0x00
  1235 00007D23 F8038003000000      <2>
  1236 00007D2A 01801300F801801F00- <2>     db 0x01,0x80,0x13,0x00,0xf8,0x01,0x80,0x1f,0x00,0xf8,0x01,0x80,0x03,0x00,0x00,0x00
  1236 00007D33 F8018003000000      <2>
  1237 00007D3A 03803B00F801803F00- <2>     db 0x03,0x80,0x3b,0x00,0xf8,0x01,0x80,0x3f,0x00,0xf8,0x03,0x80,0x0b,0x00,0x00,0x00
  1237 00007D43 F803800B000000      <2>
  1238 00007D4A 01801B00B801801B00- <2>     db 0x01,0x80,0x1b,0x00,0xb8,0x01,0x80,0x1b,0x00,0xb8,0x01,0x80,0x0b,0x00,0x00,0x00
  1238 00007D53 B801800B000000      <2>
  1239 00007D5A 01C01B00BC01801B00- <2>     db 0x01,0xc0,0x1b,0x00,0xbc,0x01,0x80,0x1b,0x00,0xbc,0x01,0xc0,0x0b,0x00,0x00,0x00
  1239 00007D63 BC01C00B000000      <2>
  1240 00007D6A 01801B00B800801B00- <2>     db 0x01,0x80,0x1b,0x00,0xb8,0x00,0x80,0x1b,0x00,0xb8,0x01,0x80,0x0b,0x00,0x00,0x00
  1240 00007D73 B801800B000000      <2>
  1241 00007D7A 01801B00B800801B00- <2>     db 0x01,0x80,0x1b,0x00,0xb8,0x00,0x80,0x1b,0x00,0xb8,0x01,0x80,0x0b,0x00,0x00,0x00
  1241 00007D83 B801800B000000      <2>
  1242 00007D8A 00800B00B800800B00- <2>     db 0x00,0x80,0x0b,0x00,0xb8,0x00,0x80,0x0b,0x00,0xb8,0x00,0x80,0x0b,0x00,0x00,0x00
  1242 00007D93 B800800B000000      <2>
  1243 00007D9A 00800B00F800800F00- <2>     db 0x00,0x80,0x0b,0x00,0xf8,0x00,0x80,0x0f,0x00,0xf8,0x00,0x80,0x0b,0x00,0x00,0x00
  1243 00007DA3 F800800B000000      <2>
  1244 00007DAA 00800300F800800F00- <2>     db 0x00,0x80,0x03,0x00,0xf8,0x00,0x80,0x0f,0x00,0xf8,0x00,0x80,0x03,0x00,0x00,0x00
  1244 00007DB3 F8008003000000      <2>
  1245 00007DBA 00C00300F800800F00- <2>     db 0x00,0xc0,0x03,0x00,0xf8,0x00,0x80,0x0f,0x00,0xfc,0x00,0x80,0x03,0x00,0x00,0x00
  1245 00007DC3 FC008003000000      <2>
  1246 00007DCA 00C00300F800800F00- <2>     db 0x00,0xc0,0x03,0x00,0xf8,0x00,0x80,0x0f,0x00,0xfc,0x00,0x80,0x03,0x00,0x00,0x00
  1246 00007DD3 FC008003000000      <2>
  1247 00007DDA 00C003007C00800700- <2>     db 0x00,0xc0,0x03,0x00,0x7c,0x00,0x80,0x07,0x00,0x7c,0x00,0xc0,0x03,0x00,0x00,0x00
  1247 00007DE3 7C00C003000000      <2>
  1248 00007DEA 008007007C00C00700- <2>     db 0x00,0x80,0x07,0x00,0x7c,0x00,0xc0,0x07,0x00,0xf8,0x00,0x80,0x07,0x00,0x00,0x00
  1248 00007DF3 F8008007000000      <2>
  1249 00007DFA 008005007800800700- <2>     db 0x00,0x80,0x05,0x00,0x78,0x00,0x80,0x07,0x00,0x78,0x00,0x80,0x05,0x00,0x00,0x00
  1249 00007E03 78008005000000      <2>
  1250 00007E0A 00C005007800800700- <2>     db 0x00,0xc0,0x05,0x00,0x78,0x00,0x80,0x07,0x00,0x7c,0x00,0x80,0x05,0x00,0x00,0x00
  1250 00007E13 7C008005000000      <2>
  1251 00007E1A 00C005007C00800700- <2>     db 0x00,0xc0,0x05,0x00,0x7c,0x00,0x80,0x07,0x00,0x7c,0x00,0xc0,0x05,0x00,0x00,0x00
  1251 00007E23 7C00C005000000      <2>
  1252 00007E2A 00C005007800800700- <2>     db 0x00,0xc0,0x05,0x00,0x78,0x00,0x80,0x07,0x00,0x7c,0x00,0x80,0x05,0x00,0x00,0x00
  1252 00007E33 7C008005000000      <2>
  1253 00007E3A 00C005005C00C00500- <2>     db 0x00,0xc0,0x05,0x00,0x5c,0x00,0xc0,0x05,0x00,0x5c,0x00,0xc0,0x05,0x00,0x00,0x00
  1253 00007E43 5C00C005000000      <2>
  1254 00007E4A 00C001001800800100- <2>     db 0x00,0xc0,0x01,0x00,0x18,0x00,0x80,0x01,0x00,0x5c,0x00,0x80,0x01,0x00,0x00,0x00
  1254 00007E53 5C008001000000      <2>
  1255 00007E5A 00C001005C00C00100- <2>     db 0x00,0xc0,0x01,0x00,0x5c,0x00,0xc0,0x01,0x00,0x5c,0x00,0xc0,0x05,0x00,0x00,0x00
  1255 00007E63 5C00C005000000      <2>
  1256 00007E6A 00C001007C00C00300- <2>     db 0x00,0xc0,0x01,0x00,0x7c,0x00,0xc0,0x03,0x00,0x3c,0x00,0xc0,0x05,0x00,0x00,0x00
  1256 00007E73 3C00C005000000      <2>
  1257 00007E7A 00C003003C00C00300- <2>     db 0x00,0xc0,0x03,0x00,0x3c,0x00,0xc0,0x03,0x00,0x3c,0x00,0xc0,0x03,0x00,0x00,0x00
  1257 00007E83 3C00C003000000      <2>
  1258 00007E8A 00C001003C00C00300- <2>     db 0x00,0xc0,0x01,0x00,0x3c,0x00,0xc0,0x03,0x00,0x3c,0x00,0xc0,0x01,0x00,0x00,0x00
  1258 00007E93 3C00C001000000      <2>
  1259 00007E9A 00C003003C00C00300- <2>     db 0x00,0xc0,0x03,0x00,0x3c,0x00,0xc0,0x03,0x00,0x3c,0x00,0xc0,0x07,0x00,0x00,0x00
  1259 00007EA3 3C00C007000000      <2>
  1260 00007EAA 00C003003C00C00300- <2>     db 0x00,0xc0,0x03,0x00,0x3c,0x00,0xc0,0x03,0x00,0x3c,0x00,0xc0,0x03,0x00,0x00,0x00
  1260 00007EB3 3C00C003000000      <2>
  1261 00007EBA 00C003003C00C00300- <2>     db 0x00,0xc0,0x03,0x00,0x3c,0x00,0xc0,0x03,0x00,0x3c,0x00,0xc0,0x03,0x00,0x00,0x00
  1261 00007EC3 3C00C003000000      <2>
  1262 00007ECA 00C003003C00C00300- <2>     db 0x00,0xc0,0x03,0x00,0x3c,0x00,0xc0,0x03,0x00,0x3c,0x00,0xc0,0x03,0x00,0x00,0x00
  1262 00007ED3 3C00C003000000      <2>
  1263 00007EDA 00C001001C00C00100- <2>     db 0x00,0xc0,0x01,0x00,0x1c,0x00,0xc0,0x01,0x00,0x3c,0x00,0xc0,0x03,0x00,0x00,0x00
  1263 00007EE3 3C00C003000000      <2>
  1264 00007EEA 00C001003C00C00100- <2>     db 0x00,0xc0,0x01,0x00,0x3c,0x00,0xc0,0x01,0x00,0x3c,0x00,0xc0,0x03,0x00,0x00,0x00
  1264 00007EF3 3C00C003000000      <2>
  1265 00007EFA 00C000003C00C00100- <2>     db 0x00,0xc0,0x00,0x00,0x3c,0x00,0xc0,0x01,0x00,0x3c,0x00,0xc0,0x02,0x00,0x00,0x00
  1265 00007F03 3C00C002000000      <2>
  1266 00007F0A 00C000002C00C00000- <2>     db 0x00,0xc0,0x00,0x00,0x2c,0x00,0xc0,0x00,0x00,0x0c,0x08,0xc0,0x02,0x00,0x00,0x00
  1266 00007F13 0C08C002000000      <2>
  1267 00007F1A 00C000001C00C00100- <2>     db 0x00,0xc0,0x00,0x00,0x1c,0x00,0xc0,0x01,0x00,0x3c,0x08,0xc0,0x00,0x00,0x00,0x00
  1267 00007F23 3C08C000000000      <2>
  1268 00007F2A 00C000002C00C00000- <2>     db 0x00,0xc0,0x00,0x00,0x2c,0x00,0xc0,0x00,0x00,0x0c,0x0c,0xc0,0x02,0x00,0x00,0x00
  1268 00007F33 0C0CC002000000      <2>
  1269 00007F3A 00C001001C00C00100- <2>     db 0x00,0xc0,0x01,0x00,0x1c,0x00,0xc0,0x01,0x00,0x1c,0x0c,0xc0,0x01,0x00,0x00,0x00
  1269 00007F43 1C0CC001000000      <2>
  1270 00007F4A 008000001C00C00100- <2>     db 0x00,0x80,0x00,0x00,0x1c,0x00,0xc0,0x01,0x00,0x1c,0x0c,0xc0,0x00,0x00,0x00,0x00
  1270 00007F53 1C0CC000000000      <2>
  1271 00007F5A 00C000001C00C00100- <2>     db 0x00,0xc0,0x00,0x00,0x1c,0x00,0xc0,0x01,0x00,0x1e,0x04,0xc0,0x00,0x00,0x00,0x00
  1271 00007F63 1E04C000000000      <2>
  1272 00007F6A 008000001C00C08100- <2>     db 0x00,0x80,0x00,0x00,0x1c,0x00,0xc0,0x81,0x00,0x1c,0x0c,0xc0,0x00,0x00,0x00,0x00
  1272 00007F73 1C0CC000000000      <2>
  1273 00007F7A 008000001C00C00100- <2>     db 0x00,0x80,0x00,0x00,0x1c,0x00,0xc0,0x01,0x00,0x1e,0x04,0xe0,0x00,0x00,0x00,0x00
  1273 00007F83 1E04E000000000      <2>
  1274 00007F8A 008000001C00C0C100- <2>     db 0x00,0x80,0x00,0x00,0x1c,0x00,0xc0,0xc1,0x00,0x1e,0x0e,0xc0,0x00,0x00,0x00,0x00
  1274 00007F93 1E0EC000000000      <2>
  1275 00007F9A 008001001C00C0C100- <2>     db 0x00,0x80,0x01,0x00,0x1c,0x00,0xc0,0xc1,0x00,0x1e,0x06,0xc0,0x00,0x00,0x00,0x00
  1275 00007FA3 1E06C000000000      <2>
  1276 00007FAA 008000001C00C0C000- <2>     db 0x00,0x80,0x00,0x00,0x1c,0x00,0xc0,0xc0,0x00,0x1e,0x0e,0xe0,0x01,0x00,0x00,0x00
  1276 00007FB3 1E0EE001000000      <2>
  1277 00007FBA 00C000001C00E0C000- <2>     db 0x00,0xc0,0x00,0x00,0x1c,0x00,0xe0,0xc0,0x00,0x1e,0x06,0xc0,0x01,0x00,0x00,0x00
  1277 00007FC3 1E06C001000000      <2>
  1278 00007FCA 000000000800E0E000- <2>     db 0x00,0x00,0x00,0x00,0x08,0x00,0xe0,0xe0,0x00,0x0e,0xce,0xc0,0x01,0x00,0x00,0x00
  1278 00007FD3 0ECEC001000000      <2>
  1279 00007FDA 000000000C00E06000- <2>     db 0x00,0x00,0x00,0x00,0x0c,0x00,0xe0,0x60,0x00,0x0e,0xce,0xe0,0x01,0x00,0x00,0x00
  1279 00007FE3 0ECEE001000000      <2>
  1280 00007FEA 000000000C00606004- <2>     db 0x00,0x00,0x00,0x00,0x0c,0x00,0x60,0x60,0x04,0x06,0x5e,0x60,0x01,0x00,0x00,0x00
  1280 00007FF3 065E6001000000      <2>
  1281 00007FFA 000000001C00E06000- <2>     db 0x00,0x00,0x00,0x00,0x1c,0x00,0xe0,0x60,0x00,0x0e,0xde,0x60,0x01,0x00,0x00,0x00
  1281 00008003 0EDE6001000000      <2>
  1282 0000800A 000000000800E06000- <2>     db 0x00,0x00,0x00,0x00,0x08,0x00,0xe0,0x60,0x00,0x0e,0xff,0x60,0x00,0x00,0x00,0x00
  1282 00008013 0EFF6000000000      <2>
  1283 0000801A 000000000C00E06004- <2>     db 0x00,0x00,0x00,0x00,0x0c,0x00,0xe0,0x60,0x04,0x0e,0xff,0xe0,0x00,0x00,0x00,0x00
  1283 00008023 0EFFE000000000      <2>
  1284 0000802A 000000000000E0F003- <2>     db 0x00,0x00,0x00,0x00,0x00,0x00,0xe0,0xf0,0x03,0x0e,0x7f,0xe0,0x00,0x00,0x00,0x00
  1284 00008033 0E7FE000000000      <2>
  1285 0000803A 000000000000E0F007- <2>     db 0x00,0x00,0x00,0x00,0x00,0x00,0xe0,0xf0,0x07,0x0e,0xff,0xe0,0x00,0x00,0x00,0x00
  1285 00008043 0EFFE000000000      <2>
  1286 0000804A 00000000000060F00F- <2>     db 0x00,0x00,0x00,0x00,0x00,0x00,0x60,0xf0,0x0f,0x06,0xff,0x60,0x00,0x00,0x00,0x00
  1286 00008053 06FF6000000000      <2>
  1287 0000805A 00000000000060F007- <2>     db 0x00,0x00,0x00,0x00,0x00,0x00,0x60,0xf0,0x07,0x0e,0xff,0x60,0x00,0x00,0x00,0x00
  1287 00008063 0EFF6000000000      <2>
  1288 0000806A 00000000000060F00F- <2>     db 0x00,0x00,0x00,0x00,0x00,0x00,0x60,0xf0,0x0f,0x0e,0xff,0xa0,0x00,0x00,0x00,0x00
  1288 00008073 0EFFA000000000      <2>
  1289 0000807A 00000000000060F00F- <2>     db 0x00,0x00,0x00,0x00,0x00,0x00,0x60,0xf0,0x0f,0x0e,0xff,0xa0,0x08,0x00,0x00,0x00
  1289 00008083 0EFFA008000000      <2>
  1290 0000808A 00000000000060F00F- <2>     db 0x00,0x00,0x00,0x00,0x00,0x00,0x60,0xf0,0x0f,0x06,0xef,0x20,0x08,0x00,0x00,0x00
  1290 00008093 06EF2008000000      <2>
  1291 0000809A 00000000000020F00F- <2>     db 0x00,0x00,0x00,0x00,0x00,0x00,0x20,0xf0,0x0f,0x02,0xef,0x20,0x08,0x00,0x00,0x00
  1291 000080A3 02EF2008000000      <2>
  1292 000080AA 00000000000020F00F- <2>     db 0x00,0x00,0x00,0x00,0x00,0x00,0x20,0xf0,0x0f,0x83,0x7f,0x20,0x08,0x00,0x00,0x00
  1292 000080B3 837F2008000000      <2>
  1293 000080BA 00000000000060F00F- <2>     db 0x00,0x00,0x00,0x00,0x00,0x00,0x60,0xf0,0x0f,0x87,0xff,0x20,0x08,0x00,0x00,0x00
  1293 000080C3 87FF2008000000      <2>
  1294 000080CA 00000000000070F00F- <2>     db 0x00,0x00,0x00,0x00,0x00,0x00,0x70,0xf0,0x0f,0x87,0xff,0x60,0x08,0x00,0x00,0x00
  1294 000080D3 87FF6008000000      <2>
  1295 000080DA 00000000000070F00E- <2>     db 0x00,0x00,0x00,0x00,0x00,0x00,0x70,0xf0,0x0e,0x87,0xef,0x30,0x08,0x00,0x00,0x00
  1295 000080E3 87EF3008000000      <2>
  1296 000080EA 00000000000070F00F- <2>     db 0x00,0x00,0x00,0x00,0x00,0x00,0x70,0xf0,0x0f,0x87,0x6b,0x20,0x08,0x00,0x00,0x00
  1296 000080F3 876B2008000000      <2>
  1297 000080FA 00000000000070F00F- <2>     db 0x00,0x00,0x00,0x00,0x00,0x00,0x70,0xf0,0x0f,0x87,0x7f,0x30,0x08,0x00,0x00,0x00
  1297 00008103 877F3008000000      <2>
  1298 0000810A 00000000000070F00F- <2>     db 0x00,0x00,0x00,0x00,0x00,0x00,0x70,0xf0,0x0f,0x87,0xef,0x30,0x08,0x00,0x00,0x00
  1298 00008113 87EF3008000000      <2>
  1299 0000811A 00000000000030F00F- <2>     db 0x00,0x00,0x00,0x00,0x00,0x00,0x30,0xf0,0x0f,0x83,0xef,0x30,0x0c,0x00,0x00,0x00
  1299 00008123 83EF300C000000      <2>
  1300 0000812A 00000000000030F00E- <2>     db 0x00,0x00,0x00,0x00,0x00,0x00,0x30,0xf0,0x0e,0x87,0xef,0x70,0x0c,0x00,0x00,0x00
  1300 00008133 87EF700C000000      <2>
  1301 0000813A 00000000000030F006- <2>     db 0x00,0x00,0x00,0x00,0x00,0x00,0x30,0xf0,0x06,0xc3,0xef,0x50,0x0c,0x00,0x00,0x00
  1301 00008143 C3EF500C000000      <2>
  1302 0000814A 00000000000030F00F- <2>     db 0x00,0x00,0x00,0x00,0x00,0x00,0x30,0xf0,0x0f,0xc3,0xf7,0x70,0x0c,0x00,0x00,0x00
  1302 00008153 C3F7700C000000      <2>
  1303 0000815A 00000000000030F006- <2>     db 0x00,0x00,0x00,0x00,0x00,0x00,0x30,0xf0,0x06,0xc3,0xed,0x30,0x0c,0x00,0x00,0x00
  1303 00008163 C3ED300C000000      <2>
  1304 0000816A 00000000000010700E- <2>     db 0x00,0x00,0x00,0x00,0x00,0x00,0x10,0x70,0x0e,0xc1,0xe5,0x10,0x0c,0x00,0x00,0x00
  1304 00008173 C1E5100C000000      <2>
  1305 0000817A 00000000000030D006- <2>     db 0x00,0x00,0x00,0x00,0x00,0x00,0x30,0xd0,0x06,0xc3,0xe7,0x10,0x0c,0x00,0x00,0x00
  1305 00008183 C3E7100C000000      <2>
  1306 0000818A 00000000000030D006- <2>     db 0x00,0x00,0x00,0x00,0x00,0x00,0x30,0xd0,0x06,0xc3,0xe5,0x10,0x0c,0x00,0x00,0x00
  1306 00008193 C3E5100C000000      <2>
  1307 0000819A 00000000000030D00E- <2>     db 0x00,0x00,0x00,0x00,0x00,0x00,0x30,0xd0,0x0e,0xc3,0xed,0x30,0x0e,0x00,0x00,0x00
  1307 000081A3 C3ED300E000000      <2>
  1308 000081AA 00000000000030D00E- <2>     db 0x00,0x00,0x00,0x00,0x00,0x00,0x30,0xd0,0x0e,0xc3,0xed,0x30,0x0c,0x00,0x00,0x00
  1308 000081B3 C3ED300C000000      <2>
  1309 000081BA 00000000000038F086- <2>     db 0x00,0x00,0x00,0x00,0x00,0x00,0x38,0xf0,0x86,0xc3,0xe7,0x10,0x0e,0x00,0x00,0x00
  1309 000081C3 C3E7100E000000      <2>
  1310 000081CA 00000000000038F006- <2>     db 0x00,0x00,0x00,0x00,0x00,0x00,0x38,0xf0,0x06,0xe3,0xec,0x30,0x0e,0x00,0x00,0x00
  1310 000081D3 E3EC300E000000      <2>
  1311 000081DA 00000000000018F086- <2>     db 0x00,0x00,0x00,0x00,0x00,0x00,0x18,0xf0,0x86,0xe1,0xe7,0x18,0x0e,0x00,0x00,0x00
  1311 000081E3 E1E7180E000000      <2>
  1312 000081EA 000000000000187087- <2>     db 0x00,0x00,0x00,0x00,0x00,0x00,0x18,0x70,0x87,0xe3,0xe6,0x38,0x0e,0x00,0x00,0x00
  1312 000081F3 E3E6380E000000      <2>
  1313 000081FA 000000000000186087- <2>     db 0x00,0x00,0x00,0x00,0x00,0x00,0x18,0x60,0x87,0xe3,0x66,0x18,0x0e,0x00,0x00,0x00
  1313 00008203 E366180E000000      <2>
  1314 0000820A 00000000000018E087- <2>     db 0x00,0x00,0x00,0x00,0x00,0x00,0x18,0xe0,0x87,0xe1,0xea,0x20,0x06,0x00,0x00,0x00
  1314 00008213 E1EA2006000000      <2>
  1315 0000821A 000000000000186087- <2>     db 0x00,0x00,0x00,0x00,0x00,0x00,0x18,0x60,0x87,0xe1,0x66,0x18,0x0e,0x00,0x00,0x00
  1315 00008223 E166180E000000      <2>
  1316 0000822A 000000000000186087- <2>     db 0x00,0x00,0x00,0x00,0x00,0x00,0x18,0x60,0x87,0xe1,0x62,0x28,0x0e,0x00,0x00,0x00
  1316 00008233 E162280E000000      <2>
  1317 0000823A 000000000000186087- <2>     db 0x00,0x00,0x00,0x00,0x00,0x00,0x18,0x60,0x87,0x61,0x76,0x18,0x0e,0x00,0x00,0x00
  1317 00008243 6176180E000000      <2>
  1318 0000824A 000000000000082087- <2>     db 0x00,0x00,0x00,0x00,0x00,0x00,0x08,0x20,0x87,0xf0,0x62,0x08,0x0f,0x00,0x00,0x00
  1318 00008253 F062080F000000      <2>
  1319 0000825A 000000000000186087- <2>     db 0x00,0x00,0x00,0x00,0x00,0x00,0x18,0x60,0x87,0xf1,0x76,0x18,0x07,0x00,0x00,0x00
  1319 00008263 F1761807000000      <2>
  1320 0000826A 000000000000186087- <2>     db 0x00,0x00,0x00,0x00,0x00,0x00,0x18,0x60,0x87,0x71,0x72,0x08,0x07,0x00,0x00,0x00
  1320 00008273 71720807000000      <2>
  1321 0000827A 000000000000186087- <2>     db 0x00,0x00,0x00,0x00,0x00,0x00,0x18,0x60,0x87,0x71,0x72,0x08,0x07,0x00,0x00,0x00
  1321 00008283 71720807000000      <2>
  1322 0000828A 000000000000186083- <2>     db 0x00,0x00,0x00,0x00,0x00,0x00,0x18,0x60,0x83,0x71,0x72,0x08,0x07,0x00,0x00,0x00
  1322 00008293 71720807000000      <2>
  1323 0000829A 000000000000087083- <2>     db 0x00,0x00,0x00,0x00,0x00,0x00,0x08,0x70,0x83,0x70,0x73,0x08,0x03,0x00,0x00,0x00
  1323 000082A3 70730803000000      <2>
  1324 000082AA 0000000000000870C7- <2>     db 0x00,0x00,0x00,0x00,0x00,0x00,0x08,0x70,0xc7,0x30,0x73,0x0c,0x07,0x00,0x00,0x00
  1324 000082B3 30730C07000000      <2>
  1325 000082BA 0000000000000C30C7- <2>     db 0x00,0x00,0x00,0x00,0x00,0x00,0x0c,0x30,0xc7,0x70,0x73,0x08,0x07,0x00,0x00,0x00
  1325 000082C3 70730807000000      <2>
  1326 000082CA 0000000000000C70C7- <2>     db 0x00,0x00,0x00,0x00,0x00,0x00,0x0c,0x70,0xc7,0x71,0x33,0x10,0x07,0x00,0x00,0x00
  1326 000082D3 71331007000000      <2>
  1327 000082DA 0000000000000C30C7- <2>     db 0x00,0x00,0x00,0x00,0x00,0x00,0x0c,0x30,0xc7,0x78,0x73,0x08,0x07,0x00,0x00,0x00
  1327 000082E3 78730807000000      <2>
  1328 000082EA 0000000000000C30C7- <2>     db 0x00,0x00,0x00,0x00,0x00,0x00,0x0c,0x30,0xc7,0x78,0x73,0x94,0x03,0x00,0x00,0x00
  1328 000082F3 78739403000000      <2>
  1329 000082FA 0000000000000C30C7- <2>     db 0x00,0x00,0x00,0x00,0x00,0x00,0x0c,0x30,0xc7,0x38,0x73,0x8c,0x03,0x00,0x00,0x00
  1329 00008303 38738C03000000      <2>
  1330 0000830A 0000000000000C30C7- <2>     db 0x00,0x00,0x00,0x00,0x00,0x00,0x0c,0x30,0xc7,0x38,0x71,0x84,0x03,0x00,0x00,0x00
  1330 00008313 38718403000000      <2>
  1331 0000831A 0000000000000C30C7- <2>     db 0x00,0x00,0x00,0x00,0x00,0x00,0x0c,0x30,0xc7,0x38,0x71,0x84,0x03,0x00,0x00,0x00
  1331 00008323 38718403000000      <2>
  1332 0000832A 000000000000041047- <2>     db 0x00,0x00,0x00,0x00,0x00,0x00,0x04,0x10,0x47,0x38,0x71,0x84,0x01,0x00,0x00,0x00
  1332 00008333 38718401000000      <2>
  1333 0000833A 0000000000000C30C3- <2>     db 0x00,0x00,0x00,0x00,0x00,0x00,0x0c,0x30,0xc3,0x38,0x71,0x84,0x03,0x00,0x00,0x00
  1333 00008343 38718403000000      <2>
  1334 0000834A 0000000000000C30C3- <2>     db 0x00,0x00,0x00,0x00,0x00,0x00,0x0c,0x30,0xc3,0x38,0x73,0x84,0x03,0x00,0x00,0x00
  1334 00008353 38738403000000      <2>
  1335 0000835A 0000000000000C30C3- <2>     db 0x00,0x00,0x00,0x00,0x00,0x00,0x0c,0x30,0xc3,0x38,0x73,0x84,0x03,0x00,0x00,0x00
  1335 00008363 38738403000000      <2>
  1336 0000836A 0000000000000610C3- <2>     db 0x00,0x00,0x00,0x00,0x00,0x00,0x06,0x10,0xc3,0x38,0x31,0xcc,0x03,0x00,0x00,0x00
  1336 00008373 3831CC03000000      <2>
  1337 0000837A 0000000000000610E3- <2>     db 0x00,0x00,0x00,0x00,0x00,0x00,0x06,0x10,0xe3,0xbc,0x31,0xcc,0x03,0x00,0x00,0x00
  1337 00008383 BC31CC03000000      <2>
  1338 0000838A 0000000000000610E3- <2>     db 0x00,0x00,0x00,0x00,0x00,0x00,0x06,0x10,0xe3,0x9c,0x31,0xc6,0x09,0x00,0x00,0x00
  1338 00008393 9C31C609000000      <2>
  1339 0000839A 000000000000061063- <2>     db 0x00,0x00,0x00,0x00,0x00,0x00,0x06,0x10,0x63,0x9c,0x39,0xc6,0x09,0x00,0x00,0x00
  1339 000083A3 9C39C609000000      <2>
  1340 000083AA 000000000000061063- <2>     db 0x00,0x00,0x00,0x00,0x00,0x00,0x06,0x10,0x63,0x9c,0x39,0xc6,0x09,0x00,0x00,0x00
  1340 000083B3 9C39C609000000      <2>
  1341 000083BA 000000000000069063- <2>     db 0x00,0x00,0x00,0x00,0x00,0x00,0x06,0x90,0x63,0x8c,0x38,0xc6,0x09,0x00,0x00,0x00
  1341 000083C3 8C38C609000000      <2>
  1342 000083CA 000000000000069063- <2>     db 0x00,0x00,0x00,0x00,0x00,0x00,0x06,0x90,0x63,0x9c,0x39,0xc6,0x08,0x00,0x00,0x00
  1342 000083D3 9C39C608000000      <2>
  1343 000083DA 000000000000069063- <2>     db 0x00,0x00,0x00,0x00,0x00,0x00,0x06,0x90,0x63,0x9c,0x39,0xc6,0x09,0x00,0x00,0x00
  1343 000083E3 9C39C609000000      <2>
  1344 000083EA 000000000000029023- <2>     db 0x00,0x00,0x00,0x00,0x00,0x00,0x02,0x90,0x23,0x9c,0x39,0xc2,0x09,0x00,0x00,0x00
  1344 000083F3 9C39C209000000      <2>
  1345 000083FA 000000000000069063- <2>     db 0x00,0x00,0x00,0x00,0x00,0x00,0x06,0x90,0x63,0x9c,0x39,0xc2,0x09,0x00,0x00,0x00
  1345 00008403 9C39C209000000      <2>
  1346 0000840A 000000000000069063- <2>     db 0x00,0x00,0x00,0x00,0x00,0x00,0x06,0x90,0x63,0x8c,0x39,0xe2,0x08,0x00,0x00,0x00
  1346 00008413 8C39E208000000      <2>
  1347 0000841A 000000000000069061- <2>     db 0x00,0x00,0x00,0x00,0x00,0x00,0x06,0x90,0x61,0x8e,0x38,0xe6,0x08,0x00,0x00,0x00
  1347 00008423 8E38E608000000      <2>
  1348 0000842A 000000000000068063- <2>     db 0x00,0x00,0x00,0x00,0x00,0x00,0x06,0x80,0x63,0x8e,0x38,0xe6,0x08,0x00,0x00,0x00
  1348 00008433 8E38E608000000      <2>
  1349 0000843A 000000000000068071- <2>     db 0x00,0x00,0x00,0x00,0x00,0x00,0x06,0x80,0x71,0x8e,0x18,0xe6,0x0c,0x00,0x00,0x00
  1349 00008443 8E18E60C000000      <2>
  1350 0000844A 000000000000008031- <2>     db 0x00,0x00,0x00,0x00,0x00,0x00,0x00,0x80,0x31,0xc6,0x18,0x62,0x0c,0x00,0x00,0x00
  1350 00008453 C618620C000000      <2>
  1351 0000845A 000000000000008033- <2>     db 0x00,0x00,0x00,0x00,0x00,0x00,0x00,0x80,0x33,0xce,0x38,0xe2,0x0c,0x00,0x00,0x00
  1351 00008463 CE38E20C000000      <2>
  1352 0000846A 000000000000008C33- <2>     db 0x00,0x00,0x00,0x00,0x00,0x00,0x00,0x8c,0x33,0xce,0x38,0xe3,0x0c,0x00,0x00,0x00
  1352 00008473 CE38E30C000000      <2>
  1353 0000847A 000000000000008C33- <2>     db 0x00,0x00,0x00,0x00,0x00,0x00,0x00,0x8c,0x33,0xce,0x38,0xe3,0x0c,0x00,0x00,0x00
  1353 00008483 CE38E30C000000      <2>
  1354 0000848A 000000000000008C33- <2>     db 0x00,0x00,0x00,0x00,0x00,0x00,0x00,0x8c,0x33,0xce,0x38,0xe1,0x0c,0x00,0x00,0x00
  1354 00008493 CE38E10C000000      <2>
  1355 0000849A 000000000000008C33- <2>     db 0x00,0x00,0x00,0x00,0x00,0x00,0x00,0x8c,0x33,0xc7,0x38,0xf1,0x0c,0x00,0x00,0x00
  1355 000084A3 C738F10C000000      <2>
  1356 000084AA 000000000000008C13- <2>     db 0x00,0x00,0x00,0x00,0x00,0x00,0x00,0x8c,0x13,0xc7,0x38,0x71,0x0c,0x00,0x00,0x00
  1356 000084B3 C738710C000000      <2>
  1357 000084BA 000000000000008433- <2>     db 0x00,0x00,0x00,0x00,0x00,0x00,0x00,0x84,0x33,0xc7,0x38,0x71,0x0c,0x00,0x00,0x00
  1357 000084C3 C738710C000000      <2>
  1358 000084CA 000000000000008433- <2>     db 0x00,0x00,0x00,0x00,0x00,0x00,0x00,0x84,0x33,0xc7,0x18,0x71,0x0c,0x00,0x00,0x00
  1358 000084D3 C718710C000000      <2>
  1359 000084DA 000000000000008C33- <2>     db 0x00,0x00,0x00,0x00,0x00,0x00,0x00,0x8c,0x33,0xc7,0x1c,0x73,0x04,0x00,0x00,0x00
  1359 000084E3 C71C7304000000      <2>
  1360 000084EA 000000000000008C31- <2>     db 0x00,0x00,0x00,0x00,0x00,0x00,0x00,0x8c,0x31,0xc7,0x1c,0x71,0x0c,0x00,0x00,0x00
  1360 000084F3 C71C710C000000      <2>
  1361 000084FA 000000000000008C31- <2>     db 0x00,0x00,0x00,0x00,0x00,0x00,0x00,0x8c,0x31,0xc7,0x1c,0x71,0x04,0x00,0x00,0x00
  1361 00008503 C71C7104000000      <2>
  1362 0000850A 000000000000008C11- <2>     db 0x00,0x00,0x00,0x00,0x00,0x00,0x00,0x8c,0x11,0xc7,0x1c,0x71,0x04,0x00,0x00,0x00
  1362 00008513 C71C7104000000      <2>
  1363 0000851A 00000000000000C611- <2>     db 0x00,0x00,0x00,0x00,0x00,0x00,0x00,0xc6,0x11,0xe7,0x1c,0x71,0x04,0x00,0x00,0x00
  1363 00008523 E71C7104000000      <2>
  1364 0000852A 00000000000000C699- <2>     db 0x00,0x00,0x00,0x00,0x00,0x00,0x00,0xc6,0x99,0xe3,0x1c,0x33,0x06,0x00,0x00,0x00
  1364 00008533 E31C3306000000      <2>
  1365 0000853A 00000000000000C699- <2>     db 0x00,0x00,0x00,0x00,0x00,0x00,0x00,0xc6,0x99,0x63,0x9c,0x38,0x06,0x00,0x00,0x00
  1365 00008543 639C3806000000      <2>
  1366 0000854A 00000000000000C699- <2>     db 0x00,0x00,0x00,0x00,0x00,0x00,0x00,0xc6,0x99,0x63,0x9c,0x38,0x06,0x00,0x00,0x00
  1366 00008553 639C3806000000      <2>
  1367 0000855A 00000000000000C699- <2>     db 0x00,0x00,0x00,0x00,0x00,0x00,0x00,0xc6,0x99,0x61,0x9c,0x39,0x06,0x00,0x00,0x00
  1367 00008563 619C3906000000      <2>
  1368 0000856A 00000000000000C289- <2>     db 0x00,0x00,0x00,0x00,0x00,0x00,0x00,0xc2,0x89,0x23,0x9c,0x38,0x02,0x00,0x00,0x00
  1368 00008573 239C3802000000      <2>
  1369 0000857A 00000000000000C699- <2>     db 0x00,0x00,0x00,0x00,0x00,0x00,0x00,0xc6,0x99,0x63,0x8c,0x18,0x02,0x00,0x00,0x00
  1369 00008583 638C1802000000      <2>
  1370 0000858A 00000000000000C699- <2>     db 0x00,0x00,0x00,0x00,0x00,0x00,0x00,0xc6,0x99,0x63,0x9c,0x38,0x02,0x00,0x00,0x00
  1370 00008593 639C3802000000      <2>
  1371 0000859A 00000000000000C699- <2>     db 0x00,0x00,0x00,0x00,0x00,0x00,0x00,0xc6,0x99,0x63,0x8c,0x39,0x06,0x00,0x00,0x00
  1371 000085A3 638C3906000000      <2>
  1372 000085AA 00000000000000C6D9- <2>     db 0x00,0x00,0x00,0x00,0x00,0x00,0x00,0xc6,0xd9,0x61,0x8c,0x38,0x06,0x00,0x00,0x00
  1372 000085B3 618C3806000000      <2>
  1373 000085BA 00000000000000C6D9- <2>     db 0x00,0x00,0x00,0x00,0x00,0x00,0x00,0xc6,0xd9,0x61,0x9c,0x19,0x02,0x00,0x00,0x00
  1373 000085C3 619C1902000000      <2>
  1374 000085CA 00000000000000C2C9- <2>     db 0x00,0x00,0x00,0x00,0x00,0x00,0x00,0xc2,0xc9,0x61,0x9c,0x1c,0x06,0x00,0x00,0x00
  1374 000085D3 619C1C06000000      <2>
  1375 000085DA 00000000000000C2DD- <2>     db 0x00,0x00,0x00,0x00,0x00,0x00,0x00,0xc2,0xdd,0x61,0x9c,0x1d,0x03,0x00,0x00,0x00
  1375 000085E3 619C1D03000000      <2>
  1376 000085EA 00000000000000C3CD- <2>     db 0x00,0x00,0x00,0x00,0x00,0x00,0x00,0xc3,0xcd,0x30,0xdc,0x1d,0x03,0x00,0x00,0x00
  1376 000085F3 30DC1D03000000      <2>
  1377 000085FA 00000000000000C3DD- <2>     db 0x00,0x00,0x00,0x00,0x00,0x00,0x00,0xc3,0xdd,0x31,0xdc,0x1c,0x03,0x00,0x00,0x00
  1377 00008603 31DC1C03000000      <2>
  1378 0000860A 00000000000000C3CD- <2>     db 0x00,0x00,0x00,0x00,0x00,0x00,0x00,0xc3,0xcd,0x31,0x1c,0x0d,0x00,0x00,0x00,0x00
  1378 00008613 311C0D00000000      <2>
  1379 0000861A 00000000000000C3CD- <2>     db 0x00,0x00,0x00,0x00,0x00,0x00,0x00,0xc3,0xcd,0x31,0xce,0x1c,0x03,0x00,0x00,0x00
  1379 00008623 31CE1C03000000      <2>
  1380 0000862A 00000000000000C3CD- <2>     db 0x00,0x00,0x00,0x00,0x00,0x00,0x00,0xc3,0xcd,0x30,0x5c,0x1c,0x01,0x00,0x00,0x00
  1380 00008633 305C1C01000000      <2>
  1381 0000863A 00000000000000C3ED- <2>     db 0x00,0x00,0x00,0x00,0x00,0x00,0x00,0xc3,0xed,0x31,0xce,0x1c,0x03,0x00,0x00,0x00
  1381 00008643 31CE1C03000000      <2>
  1382 0000864A 00000000000000C1E5- <2>     db 0x00,0x00,0x00,0x00,0x00,0x00,0x00,0xc1,0xe5,0x10,0x4e,0x9e,0x01,0x00,0x00,0x00
  1382 00008653 104E9E01000000      <2>
  1383 0000865A 00000000000000E1ED- <2>     db 0x00,0x00,0x00,0x00,0x00,0x00,0x00,0xe1,0xed,0x30,0xce,0x0e,0x03,0x00,0x00,0x00
  1383 00008663 30CE0E03000000      <2>
  1384 0000866A 00000000000000E3ED- <2>     db 0x00,0x00,0x00,0x00,0x00,0x00,0x00,0xe3,0xed,0x30,0x4e,0x0e,0x01,0x00,0x00,0x00
  1384 00008673 304E0E01000000      <2>
  1385 0000867A 00000000000080E3ED- <2>     db 0x00,0x00,0x00,0x00,0x00,0x00,0x80,0xe3,0xed,0x38,0xce,0x0e,0x01,0x00,0x00,0x00
  1385 00008683 38CE0E01000000      <2>
  1386 0000868A 00000000000080E3ED- <2>     db 0x00,0x00,0x00,0x00,0x00,0x00,0x80,0xe3,0xed,0x38,0x4e,0x0e,0x01,0x00,0x00,0x00
  1386 00008693 384E0E01000000      <2>
  1387 0000869A 00000000000080E1E7- <2>     db 0x00,0x00,0x00,0x00,0x00,0x00,0x80,0xe1,0xe7,0x38,0x4e,0x8e,0x01,0x00,0x00,0x00
  1387 000086A3 384E8E01000000      <2>
  1388 000086AA 00000000000080E1ED- <2>     db 0x00,0x00,0x00,0x00,0x00,0x00,0x80,0xe1,0xed,0x38,0xce,0x8e,0x01,0x00,0x00,0x00
  1388 000086B3 38CE8E01000000      <2>
  1389 000086BA 00000000000080E177- <2>     db 0x00,0x00,0x00,0x00,0x00,0x00,0x80,0xe1,0x77,0x18,0xce,0x8e,0x01,0x00,0x00,0x00
  1389 000086C3 18CE8E01000000      <2>
  1390 000086CA 00000000000080E176- <2>     db 0x00,0x00,0x00,0x00,0x00,0x00,0x80,0xe1,0x76,0x38,0xee,0x8f,0x03,0x00,0x00,0x00
  1390 000086D3 38EE8F03000000      <2>
  1391 000086DA 00000000000080E176- <2>     db 0x00,0x00,0x00,0x00,0x00,0x00,0x80,0xe1,0x76,0x18,0x6e,0x8f,0x01,0x00,0x00,0x00
  1391 000086E3 186E8F01000000      <2>
  1392 000086EA 00000000000080E177- <2>     db 0x00,0x00,0x00,0x00,0x00,0x00,0x80,0xe1,0x77,0x18,0x6e,0x87,0x01,0x00,0x00,0x00
  1392 000086F3 186E8701000000      <2>
  1393 000086FA 00000000000080E176- <2>     db 0x00,0x00,0x00,0x00,0x00,0x00,0x80,0xe1,0x76,0x18,0x6e,0x87,0x01,0x00,0x00,0x00
  1393 00008703 186E8701000000      <2>
  1394 0000870A 00000000000080E176- <2>     db 0x00,0x00,0x00,0x00,0x00,0x00,0x80,0xe1,0x76,0x18,0x26,0x83,0x00,0x00,0x00,0x00
  1394 00008713 18268300000000      <2>
  1395 0000871A 00000000000080E173- <2>     db 0x00,0x00,0x00,0x00,0x00,0x00,0x80,0xe1,0x73,0x18,0x36,0x83,0x00,0x00,0x00,0x00
  1395 00008723 18368300000000      <2>
  1396 0000872A 00000000000080E07A- <2>     db 0x00,0x00,0x00,0x00,0x00,0x00,0x80,0xe0,0x7a,0x08,0x2e,0x87,0x00,0x00,0x00,0x00
  1396 00008733 082E8700000000      <2>
  1397 0000873A 00000000000080E13F- <2>     db 0x00,0x00,0x00,0x00,0x00,0x00,0x80,0xe1,0x3f,0x18,0xf6,0x87,0x00,0x00,0x00,0x00
  1397 00008743 18F68700000000      <2>
  1398 0000874A 00000000000080E13F- <2>     db 0x00,0x00,0x00,0x00,0x00,0x00,0x80,0xe1,0x3f,0x18,0xf6,0x87,0x00,0x00,0x00,0x00
  1398 00008753 18F68700000000      <2>
  1399 0000875A 00000000000080E13F- <2>     db 0x00,0x00,0x00,0x00,0x00,0x00,0x80,0xe1,0x3f,0x18,0xfe,0x87,0x00,0x00,0x00,0x00
  1399 00008763 18FE8700000000      <2>
  1400 0000876A 000000000000C0E03F- <2>     db 0x00,0x00,0x00,0x00,0x00,0x00,0xc0,0xe0,0x3f,0x1c,0xf7,0x83,0x00,0x00,0x00,0x00
  1400 00008773 1CF78300000000      <2>
  1401 0000877A 000000000000C0E03F- <2>     db 0x00,0x00,0x00,0x00,0x00,0x00,0xc0,0xe0,0x3f,0x1c,0xff,0x83,0x00,0x00,0x00,0x00
  1401 00008783 1CFF8300000000      <2>
  1402 0000878A 000000000000C0E13F- <2>     db 0x00,0x00,0x00,0x00,0x00,0x00,0xc0,0xe1,0x3f,0x1c,0xb7,0xc3,0x00,0x00,0x00,0x00
  1402 00008793 1CB7C300000000      <2>
  1403 0000879A 000000000000C0E03F- <2>     db 0x00,0x00,0x00,0x00,0x00,0x00,0xc0,0xe0,0x3f,0x0c,0xbf,0xc3,0x00,0x00,0x00,0x00
  1403 000087A3 0CBFC300000000      <2>
  1404 000087AA 000000000000C0E03F- <2>     db 0x00,0x00,0x00,0x00,0x00,0x00,0xc0,0xe0,0x3f,0x0c,0xf7,0x43,0x00,0x00,0x00,0x00
  1404 000087B3 0CF74300000000      <2>
  1405 000087BA 000000000000C0F01F- <2>     db 0x00,0x00,0x00,0x00,0x00,0x00,0xc0,0xf0,0x1f,0x0c,0xbf,0x43,0x00,0x00,0x00,0x00
  1405 000087C3 0CBF4300000000      <2>
  1406 000087CA 00000000000040F01F- <2>     db 0x00,0x00,0x00,0x00,0x00,0x00,0x40,0xf0,0x1f,0x0c,0xff,0xc1,0x00,0x00,0x00,0x00
  1406 000087D3 0CFFC100000000      <2>
  1407 000087DA 00000000000040F01F- <2>     db 0x00,0x00,0x00,0x00,0x00,0x00,0x40,0xf0,0x1f,0x0c,0xff,0xc1,0x00,0x00,0x00,0x00
  1407 000087E3 0CFFC100000000      <2>
  1408 000087EA 000000000000E0F01D- <2>     db 0x00,0x00,0x00,0x00,0x00,0x00,0xe0,0xf0,0x1d,0x0e,0xdf,0xc0,0x00,0x00,0x00,0x00
  1408 000087F3 0EDFC000000000      <2>
  1409 000087FA 000000000000E0F00F- <2>     db 0x00,0x00,0x00,0x00,0x00,0x00,0xe0,0xf0,0x0f,0x0e,0xdf,0xc1,0x00,0x00,0x00,0x00
  1409 00008803 0EDFC100000000      <2>
  1410 0000880A 000000000000E0F01F- <2>     db 0x00,0x00,0x00,0x00,0x00,0x00,0xe0,0xf0,0x1f,0x0e,0xdf,0x61,0x00,0x00,0x00,0x00
  1410 00008813 0EDF6100000000      <2>
  1411 0000881A 000000000000E0F00F- <2>     db 0x00,0x00,0x00,0x00,0x00,0x00,0xe0,0xf0,0x0f,0x0e,0xf7,0xe1,0x00,0x00,0x00,0x00
  1411 00008823 0EF7E100000000      <2>
  1412 0000882A 000000000000E0F00F- <2>     db 0x00,0x00,0x00,0x00,0x00,0x00,0xe0,0xf0,0x0f,0x0e,0xdf,0x61,0x00,0x00,0x00,0x00
  1412 00008833 0EDF6100000000      <2>
  1413 0000883A 00000000000060F00F- <2>     db 0x00,0x00,0x00,0x00,0x00,0x00,0x60,0xf0,0x0f,0x0e,0xff,0x60,0x00,0x00,0x00,0x00
  1413 00008843 0EFF6000000000      <2>
  1414 0000884A 000000000000E0F00F- <2>     db 0x00,0x00,0x00,0x00,0x00,0x00,0xe0,0xf0,0x0f,0x0e,0xff,0xe0,0x00,0x00,0x00,0x00
  1414 00008853 0EFFE000000000      <2>
  1415 0000885A 00000000000060F00F- <2>     db 0x00,0x00,0x00,0x00,0x00,0x00,0x60,0xf0,0x0f,0x06,0xff,0x60,0x00,0x00,0x00,0x00
  1415 00008863 06FF6000000000      <2>
  1416 0000886A 00000000000060F007- <2>     db 0x00,0x00,0x00,0x00,0x00,0x00,0x60,0xf0,0x07,0x06,0xff,0x60,0x00,0x00,0x00,0x00
  1416 00008873 06FF6000000000      <2>
  1417 0000887A 00000000000060F007- <2>     db 0x00,0x00,0x00,0x00,0x00,0x00,0x60,0xf0,0x07,0x06,0xff,0x60,0x00,0x00,0x00,0x00
  1417 00008883 06FF6000000000      <2>
  1418 0000888A 000000000400607000- <2>     db 0x00,0x00,0x00,0x00,0x04,0x00,0x60,0x70,0x00,0x06,0x3f,0x20,0x00,0x00,0x00,0x00
  1418 00008893 063F2000000000      <2>
  1419 0000889A 000000000400607000- <2>     db 0x00,0x00,0x00,0x00,0x04,0x00,0x60,0x70,0x00,0x06,0x3f,0x20,0x00,0x00,0x00,0x00
  1419 000088A3 063F2000000000      <2>
  1420 000088AA 000000000400303000- <2>     db 0x00,0x00,0x00,0x00,0x04,0x00,0x30,0x30,0x00,0x07,0x6f,0x70,0x00,0x00,0x00,0x00
  1420 000088B3 076F7000000000      <2>
  1421 000088BA 000000000400303000- <2>     db 0x00,0x00,0x00,0x00,0x04,0x00,0x30,0x30,0x00,0x07,0x7f,0x70,0x00,0x00,0x00,0x00
  1421 000088C3 077F7000000000      <2>
  1422 000088CA 000000000600303000- <2>     db 0x00,0x00,0x00,0x00,0x06,0x00,0x30,0x30,0x00,0x07,0x47,0x70,0x00,0x00,0x00,0x00
  1422 000088D3 07477000000000      <2>
  1423 000088DA 002000000600703000- <2>     db 0x00,0x20,0x00,0x00,0x06,0x00,0x70,0x30,0x00,0x07,0x67,0x30,0x00,0x00,0x00,0x00
  1423 000088E3 07673000000000      <2>
  1424 000088EA 006000000600703000- <2>     db 0x00,0x60,0x00,0x00,0x06,0x00,0x70,0x30,0x00,0x07,0x03,0x70,0x00,0x00,0x00,0x00
  1424 000088F3 07037000000000      <2>
  1425 000088FA 006000000600703000- <2>     db 0x00,0x60,0x00,0x00,0x06,0x00,0x70,0x30,0x00,0x07,0x03,0x70,0x00,0x00,0x00,0x00
  1425 00008903 07037000000000      <2>
  1426 0000890A 006000000700703000- <2>     db 0x00,0x60,0x00,0x00,0x07,0x00,0x70,0x30,0x00,0x07,0x03,0x70,0x00,0x00,0x00,0x00
  1426 00008913 07037000000000      <2>
  1427 0000891A 006000000700703000- <2>     db 0x00,0x60,0x00,0x00,0x07,0x00,0x70,0x30,0x00,0x07,0x03,0x70,0x08,0x00,0x00,0x00
  1427 00008923 07037008000000      <2>
  1428 0000892A 007000000700700000- <2>     db 0x00,0x70,0x00,0x00,0x07,0x00,0x70,0x00,0x00,0x07,0x03,0x78,0x08,0x00,0x00,0x00
  1428 00008933 07037808000000      <2>
  1429 0000893A 007000000700700000- <2>     db 0x00,0x70,0x00,0x00,0x07,0x00,0x70,0x00,0x00,0x07,0x03,0x70,0x08,0x00,0x00,0x00
  1429 00008943 07037008000000      <2>
  1430 0000894A 005000800700380080- <2>     db 0x00,0x50,0x00,0x80,0x07,0x00,0x38,0x00,0x80,0x07,0x01,0x58,0x00,0x00,0x00,0x00
  1430 00008953 07015800000000      <2>
  1431 0000895A 003000800700580080- <2>     db 0x00,0x30,0x00,0x80,0x07,0x00,0x58,0x00,0x80,0x07,0x01,0x38,0x00,0x00,0x00,0x00
  1431 00008963 07013800000000      <2>
  1432 0000896A 005000800500180080- <2>     db 0x00,0x50,0x00,0x80,0x05,0x00,0x18,0x00,0x80,0x05,0x03,0x58,0x08,0x00,0x00,0x00
  1432 00008973 05035808000000      <2>
  1433 0000897A 001800800300380080- <2>     db 0x00,0x18,0x00,0x80,0x03,0x00,0x38,0x00,0x80,0x03,0x01,0x18,0x00,0x00,0x00,0x00
  1433 00008983 03011800000000      <2>
  1434 0000898A 001800800100180080- <2>     db 0x00,0x18,0x00,0x80,0x01,0x00,0x18,0x00,0x80,0x01,0x01,0x18,0x00,0x00,0x00,0x00
  1434 00008993 01011800000000      <2>
  1435 0000899A 003800800300380080- <2>     db 0x00,0x38,0x00,0x80,0x03,0x00,0x38,0x00,0x80,0x03,0x01,0x38,0x00,0x00,0x00,0x00
  1435 000089A3 03013800000000      <2>
  1436 000089AA 003800800300380080- <2>     db 0x00,0x38,0x00,0x80,0x03,0x00,0x38,0x00,0x80,0x03,0x00,0x38,0x00,0x00,0x00,0x00
  1436 000089B3 03003800000000      <2>
  1437 000089BA 003800800300380080- <2>     db 0x00,0x38,0x00,0x80,0x03,0x00,0x38,0x00,0x80,0x03,0x00,0x38,0x00,0x00,0x00,0x00
  1437 000089C3 03003800000000      <2>
  1438 000089CA 003C00C003003C00C0- <2>     db 0x00,0x3c,0x00,0xc0,0x03,0x00,0x3c,0x00,0xc0,0x03,0x00,0x3c,0x00,0x00,0x00,0x00
  1438 000089D3 03003C00000000      <2>
  1439 000089DA 003800C003003C00C0- <2>     db 0x00,0x38,0x00,0xc0,0x03,0x00,0x3c,0x00,0xc0,0x03,0x00,0x3c,0x00,0x00,0x00,0x00
  1439 000089E3 03003C00000000      <2>
  1440 000089EA 003C00C003003C00C0- <2>     db 0x00,0x3c,0x00,0xc0,0x03,0x00,0x3c,0x00,0xc0,0x03,0x00,0x3c,0x00,0x00,0x00,0x00
  1440 000089F3 03003C00000000      <2>
  1441 000089FA 003800C003003C00C0- <2>     db 0x00,0x38,0x00,0xc0,0x03,0x00,0x3c,0x00,0xc0,0x03,0x00,0x3c,0x00,0x00,0x00,0x00
  1441 00008A03 03003C00000000      <2>
  1442 00008A0A 002C00C003003C00C0- <2>     db 0x00,0x2c,0x00,0xc0,0x03,0x00,0x3c,0x00,0xc0,0x03,0x00,0x2c,0x00,0x00,0x00,0x00
  1442 00008A13 03002C00000000      <2>
  1443 00008A1A 003C00C003003C00C0- <2>     db 0x00,0x3c,0x00,0xc0,0x03,0x00,0x3c,0x00,0xc0,0x03,0x00,0x3c,0x00,0x00,0x00,0x00
  1443 00008A23 03003C00000000      <2>
  1444 00008A2A 002C00C003001C00C0- <2>     db 0x00,0x2c,0x00,0xc0,0x03,0x00,0x1c,0x00,0xc0,0x03,0x00,0x2c,0x00,0x00,0x00,0x00
  1444 00008A33 03002C00000000      <2>
  1445 00008A3A 000C00E002000C00C0- <2>     db 0x00,0x0c,0x00,0xe0,0x02,0x00,0x0c,0x00,0xc0,0x00,0x00,0x0e,0x00,0x00,0x00,0x00
  1445 00008A43 00000E00000000      <2>
  1446 00008A4A 002C00C002002C00C0- <2>     db 0x00,0x2c,0x00,0xc0,0x02,0x00,0x2c,0x00,0xc0,0x02,0x00,0x2c,0x00,0x00,0x00,0x00
  1446 00008A53 02002C00000000      <2>
  1447 00008A5A 003E00E003000C00E0- <2>     db 0x00,0x3e,0x00,0xe0,0x03,0x00,0x0c,0x00,0xe0,0x03,0x00,0x3e,0x00,0x00,0x00,0x00
  1447 00008A63 03003E00000000      <2>
  1448 00008A6A 000E00E002000E00E0- <2>     db 0x00,0x0e,0x00,0xe0,0x02,0x00,0x0e,0x00,0xe0,0x00,0x00,0x0e,0x00,0x00,0x00,0x00
  1448 00008A73 00000E00000000      <2>
  1449 00008A7A 001E00E003000E00E0- <2>     db 0x00,0x1e,0x00,0xe0,0x03,0x00,0x0e,0x00,0xe0,0x01,0x00,0x1e,0x00,0x00,0x00,0x00
  1449 00008A83 01001E00000000      <2>
  1450 00008A8A 000600E003001E00E0- <2>     db 0x00,0x06,0x00,0xe0,0x03,0x00,0x1e,0x00,0xe0,0x01,0x00,0x06,0x00,0x00,0x00,0x00
  1450 00008A93 01000600000000      <2>
  1451 00008A9A 001E00E003001E00E0- <2>     db 0x00,0x1e,0x00,0xe0,0x03,0x00,0x1e,0x00,0xe0,0x01,0x00,0x1e,0x00,0x00,0x00,0x00
  1451 00008AA3 01001E00000000      <2>
  1452 00008AAA 000600E003001E00E0- <2>     db 0x00,0x06,0x00,0xe0,0x03,0x00,0x1e,0x00,0xe0,0x01,0x00,0x06,0x00,0x00,0x00,0x00
  1452 00008AB3 01000600000000      <2>
  1453 00008ABA 001E00F001001E00E0- <2>     db 0x00,0x1e,0x00,0xf0,0x01,0x00,0x1e,0x00,0xe0,0x01,0x00,0x1f,0x00,0x00,0x00,0x00
  1453 00008AC3 01001F00000000      <2>
  1454 00008ACA 000700F003001F00F0- <2>     db 0x00,0x07,0x00,0xf0,0x03,0x00,0x1f,0x00,0xf0,0x01,0x00,0x07,0x00,0x00,0x00,0x00
  1454 00008AD3 01000700000000      <2>
  1455 00008ADA 001F00F001001F00F0- <2>     db 0x00,0x1f,0x00,0xf0,0x01,0x00,0x1f,0x00,0xf0,0x01,0x00,0x0f,0x00,0x00,0x00,0x00
  1455 00008AE3 01000F00000000      <2>
  1456 00008AEA 000700700100170070- <2>     db 0x00,0x07,0x00,0x70,0x01,0x00,0x17,0x00,0x70,0x01,0x00,0x07,0x00,0x00,0x00,0x00
  1456 00008AF3 01000700000000      <2>
  1457 00008AFA 001F00F001001700F0- <2>     db 0x00,0x1f,0x00,0xf0,0x01,0x00,0x17,0x00,0xf0,0x01,0x00,0x1f,0x00,0x00,0x00,0x00
  1457 00008B03 01001F00000000      <2>
  1458 00008B0A 003700700300170070- <2>     db 0x00,0x37,0x00,0x70,0x03,0x00,0x17,0x00,0x70,0x03,0x00,0x37,0x00,0x00,0x00,0x00
  1458 00008B13 03003700000000      <2>
  1459 00008B1A 003700700300170070- <2>     db 0x00,0x37,0x00,0x70,0x03,0x00,0x17,0x00,0x70,0x03,0x00,0x37,0x00,0x00,0x00,0x00
  1459 00008B23 03003700000000      <2>
  1460 00008B2A 003300700300170070- <2>     db 0x00,0x33,0x00,0x70,0x03,0x00,0x17,0x00,0x70,0x03,0x00,0x33,0x00,0x00,0x00,0x00
  1460 00008B33 03003300000000      <2>
  1461 00008B3A 001F00F001001700F0- <2>     db 0x00,0x1f,0x00,0xf0,0x01,0x00,0x17,0x00,0xf0,0x01,0x00,0x1f,0x00,0x00,0x00,0x00
  1461 00008B43 01001F00000000      <2>
  1462 00008B4A 003F00F803801F00F8- <2>     db 0x00,0x3f,0x00,0xf8,0x03,0x80,0x1f,0x00,0xf8,0x03,0x00,0x3f,0x00,0x00,0x00,0x00
  1462 00008B53 03003F00000000      <2>
  1463 00008B5A 001F00F801801F00F8- <2>     db 0x00,0x1f,0x00,0xf8,0x01,0x80,0x1f,0x00,0xf8,0x01,0x00,0x1f,0x00,0x00,0x00,0x00
  1463 00008B63 01001F00000000      <2>
  1464 00008B6A 803F00F803801F00F8- <2>     db 0x80,0x3f,0x00,0xf8,0x03,0x80,0x1f,0x00,0xf8,0x03,0x80,0x3f,0x00,0x00,0x00,0x00
  1464 00008B73 03803F00000000      <2>
  1465 00008B7A 801F00F803801F00F8- <2>     db 0x80,0x1f,0x00,0xf8,0x03,0x80,0x1f,0x00,0xf8,0x01,0x80,0x3f,0x00,0x00,0x00,0x00
  1465 00008B83 01803F00000000      <2>
  1466 00008B8A 803D00F803801300F8- <2>     db 0x80,0x3d,0x00,0xf8,0x03,0x80,0x13,0x00,0xf8,0x03,0x80,0x3d,0x00,0x00,0x00,0x00
  1466 00008B93 03803D00000000      <2>
  1467 00008B9A C03D00FC03801300FC- <2>     db 0xc0,0x3d,0x00,0xfc,0x03,0x80,0x13,0x00,0xfc,0x03,0xc0,0x3d,0x00,0x00,0x00,0x00
  1467 00008BA3 03C03D00000000      <2>
  1468 00008BAA C03B00BC03803B00BC- <2>     db 0xc0,0x3b,0x00,0xbc,0x03,0x80,0x3b,0x00,0xbc,0x03,0xc0,0x3b,0x00,0x00,0x00,0x00
  1468 00008BB3 03C03B00000000      <2>
  1469 00008BBA C03B00BC03C01B00BC- <2>     db 0xc0,0x3b,0x00,0xbc,0x03,0xc0,0x1b,0x00,0xbc,0x03,0xc0,0x3b,0x00,0x00,0x00,0x00
  1469 00008BC3 03C03B00000000      <2>
  1470 00008BCA C011003C03C033003C- <2>     db 0xc0,0x11,0x00,0x3c,0x03,0xc0,0x33,0x00,0x3c,0x03,0xc0,0x31,0x00,0x00,0x00,0x00
  1470 00008BD3 03C03100000000      <2>
  1471 00008BDA C01100BC03C03B00BC- <2>     db 0xc0,0x11,0x00,0xbc,0x03,0xc0,0x3b,0x00,0xbc,0x03,0xc0,0x31,0x00,0x00,0x00,0x00
  1471 00008BE3 03C03100000000      <2>
  1472 00008BEA C00000BC03C03B00BC- <2>     db 0xc0,0x00,0x00,0xbc,0x03,0xc0,0x3b,0x00,0xbc,0x03,0xc0,0x20,0x00,0x00,0x00,0x00
  1472 00008BF3 03C02000000000      <2>
  1473 00008BFA C01000BC03C03B00BC- <2>     db 0xc0,0x10,0x00,0xbc,0x03,0xc0,0x3b,0x00,0xbc,0x03,0xc0,0x10,0x00,0x00,0x00,0x00
  1473 00008C03 03C01000000000      <2>
  1474 00008C0A 8000009C03E039009E- <2>     db 0x80,0x00,0x00,0x9c,0x03,0xe0,0x39,0x00,0x9e,0x03,0x80,0x00,0x00,0x00,0x00,0x00
  1474 00008C13 03800000000000      <2>
  1475 00008C1A 8000009E03C039009C- <2>     db 0x80,0x00,0x00,0x9e,0x03,0xc0,0x39,0x00,0x9c,0x03,0xa0,0x00,0x00,0x00,0x00,0x00
  1475 00008C23 03A00000000000      <2>
  1476 00008C2A 000000960260290096- <2>     db 0x00,0x00,0x00,0x96,0x02,0x60,0x29,0x00,0x96,0x02,0x20,0x00,0x00,0x00,0x00,0x00
  1476 00008C33 02200000000000      <2>
  1477 00008C3A 000000960260290096- <2>     db 0x00,0x00,0x00,0x96,0x02,0x60,0x29,0x00,0x96,0x02,0x20,0x00,0x00,0x00,0x00,0x00
  1477 00008C43 02200000000000      <2>
  1478 00008C4A 000000000000000000- <2>     db 0x00,0x00,0x00,0x00,0x00,0x00,0x00,0x00,0x00,0x00,0x00,0x00,0x00,0x00,0x00,0x00
  1478 00008C53 00000000000000      <2>
  1479 00008C5A 000000000000000000- <2>     db 0x00,0x00,0x00,0x00,0x00,0x00,0x00,0x00,0x00,0x00,0x00,0x00,0x00,0x00,0x00,0x00
  1479 00008C63 00000000000000      <2>
  1480 00008C6A 000000940640690094- <2>     db 0x00,0x00,0x00,0x94,0x06,0x40,0x69,0x00,0x94,0x02,0x00,0x00,0x00,0x00,0x00,0x00
  1480 00008C73 02000000000000      <2>
  1481 00008C7A 000000940240690094- <2>     db 0x00,0x00,0x00,0x94,0x02,0x40,0x69,0x00,0x94,0x02,0x00,0x00,0x00,0x00,0x00,0x00
  1481 00008C83 02000000000000      <2>
  1482 00008C8A 0010009C03E079009E- <2>     db 0x00,0x10,0x00,0x9c,0x03,0xe0,0x79,0x00,0x9e,0x03,0x00,0x10,0x00,0x00,0x00,0x00
  1482 00008C93 03001000000000      <2>
  1483 00008C9A 001000560360350056- <2>     db 0x00,0x10,0x00,0x56,0x03,0x60,0x35,0x00,0x56,0x03,0x40,0x10,0x00,0x00,0x00,0x00
  1483 00008CA3 03401000000000      <2>
  1484 00008CAA 003000DC03C03D00DC- <2>     db 0x00,0x30,0x00,0xdc,0x03,0xc0,0x3d,0x00,0xdc,0x03,0x40,0x30,0x00,0x00,0x00,0x00
  1484 00008CB3 03403000000000      <2>
  1485 00008CBA 003000DC03C03D00DC- <2>     db 0x00,0x30,0x00,0xdc,0x03,0xc0,0x3d,0x00,0xdc,0x03,0x40,0x30,0x00,0x00,0x00,0x00
  1485 00008CC3 03403000000000      <2>
  1486 00008CCA 803800CC03C03C00CC- <2>     db 0x80,0x38,0x00,0xcc,0x03,0xc0,0x3c,0x00,0xcc,0x03,0xc0,0x38,0x00,0x00,0x00,0x00
  1486 00008CD3 03C03800000000      <2>
  1487 00008CDA C03800CC03C03C00CC- <2>     db 0xc0,0x38,0x00,0xcc,0x03,0xc0,0x3c,0x00,0xcc,0x03,0xc0,0x38,0x00,0x00,0x00,0x00
  1487 00008CE3 03C03800000000      <2>
  1488 00008CEA 003D00DC03C01D00DC- <2>     db 0x00,0x3d,0x00,0xdc,0x03,0xc0,0x1d,0x00,0xdc,0x03,0x00,0x3d,0x00,0x00,0x00,0x00
  1488 00008CF3 03003D00000000      <2>
  1489 00008CFA 003D00D803801C00D8- <2>     db 0x00,0x3d,0x00,0xd8,0x03,0x80,0x1c,0x00,0xd8,0x03,0x00,0x3d,0x00,0x00,0x00,0x00
  1489 00008D03 03003D00000000      <2>
  1490 00008D0A C01B00FC03801C00FC- <2>     db 0xc0,0x1b,0x00,0xfc,0x03,0x80,0x1c,0x00,0xfc,0x01,0xc0,0x3b,0x00,0x00,0x00,0x00
  1490 00008D13 01C03B00000000      <2>
  1491 00008D1A 801F00FC01801F00FC- <2>     db 0x80,0x1f,0x00,0xfc,0x01,0x80,0x1f,0x00,0xfc,0x01,0xc0,0x1f,0x00,0x00,0x00,0x00
  1491 00008D23 01C01F00000000      <2>
  1492 00008D2A C01F00FC01801F00FC- <2>     db 0xc0,0x1f,0x00,0xfc,0x01,0x80,0x1f,0x00,0xfc,0x01,0xc0,0x1f,0x00,0x00,0x00,0x00
  1492 00008D33 01C01F00000000      <2>
  1493 00008D3A 001F00FC01801C00F8- <2>     db 0x00,0x1f,0x00,0xfc,0x01,0x80,0x1c,0x00,0xf8,0x01,0x00,0x1f,0x00,0x00,0x00,0x00
  1493 00008D43 01001F00000000      <2>
  1494 00008D4A C00F00FC01801F00FC- <2>     db 0xc0,0x0f,0x00,0xfc,0x01,0x80,0x1f,0x00,0xfc,0x01,0xc0,0x0f,0x00,0x00,0x00,0x00
  1494 00008D53 01C00F00000000      <2>
  1495 00008D5A C00F00FC00800F00FC- <2>     db 0xc0,0x0f,0x00,0xfc,0x00,0x80,0x0f,0x00,0xfc,0x00,0xc0,0x0f,0x00,0x00,0x00,0x00
  1495 00008D63 00C00F00000000      <2>
  1496 00008D6A C00C00EC00800E00EC- <2>     db 0xc0,0x0c,0x00,0xec,0x00,0x80,0x0e,0x00,0xec,0x00,0xc0,0x0c,0x00,0x00,0x00,0x00
  1496 00008D73 00C00C00000000      <2>
  1497 00008D7A 000C00E801800E00E8- <2>     db 0x00,0x0c,0x00,0xe8,0x01,0x80,0x0e,0x00,0xe8,0x00,0x00,0x1c,0x00,0x00,0x00,0x00
  1497 00008D83 00001C00000000      <2>
  1498 00008D8A C00E00EC00800E00EC- <2>     db 0xc0,0x0e,0x00,0xec,0x00,0x80,0x0e,0x00,0xec,0x00,0xc0,0x0e,0x00,0x00,0x00,0x00
  1498 00008D93 00C00E00000000      <2>
  1499 00008D9A 800F00F800800E00F8- <2>     db 0x80,0x0f,0x00,0xf8,0x00,0x80,0x0e,0x00,0xf8,0x00,0x80,0x0f,0x00,0x00,0x00,0x00
  1499 00008DA3 00800F00000000      <2>
  1500 00008DAA 000E00E800800E00E8- <2>     db 0x00,0x0e,0x00,0xe8,0x00,0x80,0x0e,0x00,0xe8,0x00,0x00,0x0e,0x00,0x00,0x00,0x00
  1500 00008DB3 00000E00000000      <2>
  1501 00008DBA 800700FC00800E00F8- <2>     db 0x80,0x07,0x00,0xfc,0x00,0x80,0x0e,0x00,0xf8,0x00,0x80,0x07,0x00,0x00,0x00,0x00
  1501 00008DC3 00800700000000      <2>
  1502 00008DCA 000E00FC00800F00F8- <2>     db 0x00,0x0e,0x00,0xfc,0x00,0x80,0x0f,0x00,0xf8,0x00,0x00,0x0e,0x00,0x00,0x00,0x00
  1502 00008DD3 00000E00000000      <2>
  1503 00008DDA 8007007800800F00F8- <2>     db 0x80,0x07,0x00,0x78,0x00,0x80,0x0f,0x00,0xf8,0x00,0x80,0x07,0x00,0x00,0x00,0x00
  1503 00008DE3 00800700000000      <2>
  1504 00008DEA 0006007C0080070078- <2>     db 0x00,0x06,0x00,0x7c,0x00,0x80,0x07,0x00,0x78,0x00,0x00,0x06,0x00,0x00,0x00,0x00
  1504 00008DF3 00000600000000      <2>
  1505 00008DFA 80070078008007007C- <2>     db 0x80,0x07,0x00,0x78,0x00,0x80,0x07,0x00,0x7c,0x00,0x80,0x07,0x00,0x00,0x00,0x00
  1505 00008E03 00800700000000      <2>
  1506 00008E0A 000600780080070078- <2>     db 0x00,0x06,0x00,0x78,0x00,0x80,0x07,0x00,0x78,0x00,0x00,0x06,0x00,0x00,0x00,0x00
  1506 00008E13 00000600000000      <2>
  1507 00008E1A 8007007C00C007007C- <2>     db 0x80,0x07,0x00,0x7c,0x00,0xc0,0x07,0x00,0x7c,0x00,0x80,0x07,0x00,0x00,0x00,0x00
  1507 00008E23 00800700000000      <2>
  1508 00008E2A 400300700000070074- <2>     db 0x40,0x03,0x00,0x70,0x00,0x00,0x07,0x00,0x74,0x00,0x00,0x07,0x00,0x00,0x00,0x00
  1508 00008E33 00000700000000      <2>
  1509 00008E3A C007007C000007007C- <2>     db 0xc0,0x07,0x00,0x7c,0x00,0x00,0x07,0x00,0x7c,0x00,0xc0,0x07,0x00,0x00,0x00,0x00
  1509 00008E43 00C00700000000      <2>
  1510 00008E4A 400300340040030034- <2>     db 0x40,0x03,0x00,0x34,0x00,0x40,0x03,0x00,0x34,0x00,0x40,0x03,0x00,0x00,0x00,0x00
  1510 00008E53 00400300000000      <2>
  1511 00008E5A 8003003C004003003C- <2>     db 0x80,0x03,0x00,0x3c,0x00,0x40,0x03,0x00,0x3c,0x00,0x80,0x03,0x00,0x00,0x00,0x00
  1511 00008E63 00800300000000      <2>
  1512 00008E6A 4003003C008003003C- <2>     db 0x40,0x03,0x00,0x3c,0x00,0x80,0x03,0x00,0x3c,0x00,0x40,0x03,0x00,0x00,0x00,0x00
  1512 00008E73 00400300000000      <2>
  1513 00008E7A C003003C00C003003C- <2>     db 0xc0,0x03,0x00,0x3c,0x00,0xc0,0x03,0x00,0x3c,0x00,0xc0,0x03,0x00,0x00,0x00,0x00
  1513 00008E83 00C00300000000      <2>
  1514 00008E8A 4003003C00C003003C- <2>     db 0x40,0x03,0x00,0x3c,0x00,0xc0,0x03,0x00,0x3c,0x00,0x40,0x03,0x00,0x00,0x00,0x00
  1514 00008E93 00400300000000      <2>
  1515 00008E9A C003003C00C003003C- <2>     db 0xc0,0x03,0x00,0x3c,0x00,0xc0,0x03,0x00,0x3c,0x00,0xc0,0x03,0x00,0x00,0x00,0x00
  1515 00008EA3 00C00300000000      <2>
  1516 00008EAA C003003C00C003003C- <2>     db 0xc0,0x03,0x00,0x3c,0x00,0xc0,0x03,0x00,0x3c,0x00,0xc0,0x03,0x00,0x00,0x00,0x00
  1516 00008EB3 00C00300000000      <2>
  1517 00008EBA C003003C00C003003C- <2>     db 0xc0,0x03,0x00,0x3c,0x00,0xc0,0x03,0x00,0x3c,0x00,0xc0,0x03,0x00,0x00,0x00,0x00
  1517 00008EC3 00C00300000000      <2>
  1518 00008ECA C001003C00C003003C- <2>     db 0xc0,0x01,0x00,0x3c,0x00,0xc0,0x03,0x00,0x3c,0x00,0xc0,0x03,0x00,0x00,0x00,0x00
  1518 00008ED3 00C00300000000      <2>
  1519 00008EDA C001003C00C001001C- <2>     db 0xc0,0x01,0x00,0x3c,0x00,0xc0,0x01,0x00,0x1c,0x00,0xc0,0x03,0x00,0x00,0x00,0x00
  1519 00008EE3 00C00300000000      <2>
  1520 00008EEA E001001C00C001001E- <2>     db 0xe0,0x01,0x00,0x1c,0x00,0xc0,0x01,0x00,0x1e,0x00,0xc0,0x01,0x00,0x00,0x00,0x00
  1520 00008EF3 00C00100000000      <2>
  1521 00008EFA A001001C00C001001C- <2>     db 0xa0,0x01,0x00,0x1c,0x00,0xc0,0x01,0x00,0x1c,0x00,0x80,0x01,0x00,0x00,0x00,0x00
  1521 00008F03 00800100000000      <2>
  1522 00008F0A A00108180080010018- <2>     db 0xa0,0x01,0x08,0x18,0x00,0x80,0x01,0x00,0x18,0x00,0x80,0x01,0x00,0x00,0x00,0x00
  1522 00008F13 00800100000000      <2>
  1523 00008F1A A001081C00C001001C- <2>     db 0xa0,0x01,0x08,0x1c,0x00,0xc0,0x01,0x00,0x1c,0x00,0x80,0x01,0x00,0x00,0x00,0x00
  1523 00008F23 00800100000000      <2>
  1524 00008F2A A100081A008001001A- <2>     db 0xa1,0x00,0x08,0x1a,0x00,0x80,0x01,0x00,0x1a,0x00,0xa0,0x00,0x00,0x00,0x00,0x00
  1524 00008F33 00A00000000000      <2>
  1525 00008F3A E001081E00E001001E- <2>     db 0xe0,0x01,0x08,0x1e,0x00,0xe0,0x01,0x00,0x1e,0x00,0xc0,0x00,0x00,0x00,0x00,0x00
  1525 00008F43 00C00000000000      <2>
  1526 00008F4A A001081E00C001001E- <2>     db 0xa0,0x01,0x08,0x1e,0x00,0xc0,0x01,0x00,0x1e,0x00,0xa0,0x00,0x00,0x00,0x00,0x00
  1526 00008F53 00A00000000000      <2>
  1527 00008F5A A0000C0E00E001000E- <2>     db 0xa0,0x00,0x0c,0x0e,0x00,0xe0,0x01,0x00,0x0e,0x00,0xa0,0x00,0x00,0x00,0x00,0x00
  1527 00008F63 00A00000000000      <2>
  1528 00008F6A E100081E00E000000E- <2>     db 0xe1,0x00,0x08,0x1e,0x00,0xe0,0x00,0x00,0x0e,0x00,0x60,0x00,0x00,0x00,0x00,0x00
  1528 00008F73 00600000000000      <2>
  1529 00008F7A E0000C0EC0E000000E- <2>     db 0xe0,0x00,0x0c,0x0e,0xc0,0xe0,0x00,0x00,0x0e,0x00,0x60,0x00,0x00,0x00,0x00,0x00
  1529 00008F83 00600000000000      <2>
  1530 00008F8A E1000C0EC0E0000006- <2>     db 0xe1,0x00,0x0c,0x0e,0xc0,0xe0,0x00,0x00,0x06,0x00,0x60,0x00,0x00,0x00,0x00,0x00
  1530 00008F93 00600000000000      <2>
  1531 00008F9A E1000C0EC0E000000E- <2>     db 0xe1,0x00,0x0c,0x0e,0xc0,0xe0,0x00,0x00,0x0e,0x00,0x60,0x00,0x00,0x00,0x00,0x00
  1531 00008FA3 00600000000000      <2>
  1532 00008FAA E0000C0EC0E0000006- <2>     db 0xe0,0x00,0x0c,0x0e,0xc0,0xe0,0x00,0x00,0x06,0x00,0x60,0x00,0x00,0x00,0x00,0x00
  1532 00008FB3 00600000000000      <2>
  1533 00008FBA C0000C0EC0E0000006- <2>     db 0xc0,0x00,0x0c,0x0e,0xc0,0xe0,0x00,0x00,0x06,0x00,0x40,0x00,0x00,0x00,0x00,0x00
  1533 00008FC3 00400000000000      <2>
  1534 00008FCA 60600F0EC0C0000006- <2>     db 0x60,0x60,0x0f,0x0e,0xc0,0xc0,0x00,0x00,0x06,0x00,0x20,0x00,0x00,0x00,0x00,0x00
  1534 00008FD3 00200000000000      <2>
  1535 00008FDA 60600F0EC0C0000006- <2>     db 0x60,0x60,0x0f,0x0e,0xc0,0xc0,0x00,0x00,0x06,0x00,0x30,0x00,0x00,0x00,0x00,0x00
  1535 00008FE3 00300000000000      <2>
  1536 00008FEA E0600F0EC0C0000006- <2>     db 0xe0,0x60,0x0f,0x0e,0xc0,0xc0,0x00,0x00,0x06,0x00,0x00,0x00,0x00,0x00,0x00,0x00
  1536 00008FF3 00000000000000      <2>
  1537 00008FFA E0600F0EE0E0000002- <2>     db 0xe0,0x60,0x0f,0x0e,0xe0,0xe0,0x00,0x00,0x02,0x00,0x00,0x00,0x00,0x00,0x00,0x00
  1537 00009003 00000000000000      <2>
  1538 0000900A 40400F06E060000003- <2>     db 0x40,0x40,0x0f,0x06,0xe0,0x60,0x00,0x00,0x03,0x00,0x00,0x00,0x00,0x00,0x00,0x00
  1538 00009013 00000000000000      <2>
  1539 0000901A 60E00F06F060000000- <2>     db 0x60,0xe0,0x0f,0x06,0xf0,0x60,0x00,0x00,0x00,0x00,0x00,0x00,0x00,0x00,0x00,0x00
  1539 00009023 00000000000000      <2>
  1540 0000902A 60F00F06FE60000000- <2>     db 0x60,0xf0,0x0f,0x06,0xfe,0x60,0x00,0x00,0x00,0x00,0x00,0x00,0x00,0x00,0x00,0x00
  1540 00009033 00000000000000      <2>
  1541 0000903A 60F00F07FE60000000- <2>     db 0x60,0xf0,0x0f,0x07,0xfe,0x60,0x00,0x00,0x00,0x00,0x00,0x00,0x00,0x00,0x00,0x00
  1541 00009043 00000000000000      <2>
  2116                              <1> boing_bounce:
  2117 0000904A 00000D001900250032- <1>     dw 0,13,25,37,50,62,74,86,98,109,120,131,142,152,162,171
  2117 00009053 003E004A0056006200- <1>
  2117 0000905C 6D00780083008E0098- <1>
  2117 00009065 00A200AB00          <1>
  2118 0000906A B400BD00C500CD00D4- <1>     dw 180,189,197,205,212,219,225,231,236,240,244,247,250,252,254,255
  2118 00009073 00DB00E100E700EC00- <1>
  2118 0000907C F000F400F700FA00FC- <1>
  2118 00009085 00FE00FF00          <1>
  2119 0000908A FF00FF00FE00FC00FA- <1>     dw 255,255,254,252,250,247,244,240,236,231,225,219,212,205,197,189
  2119 00009093 00F700F400F000EC00- <1>
  2119 0000909C E700E100DB00D400CD- <1>
  2119 000090A5 00C500BD00          <1>
  2120 000090AA B400AB00A20098008E- <1>     dw 180,171,162,152,142,131,120,109,98,86,74,62,50,37,25,13
  2120 000090B3 00830078006D006200- <1>
  2120 000090BC 56004A003E00320025- <1>
  2120 000090C5 0019000D00          <1>
  2121                              <1> %include "xga_balls_sine.inc"
     1                              <2> ; Signed sine, 256 positions; generated by make_balls_assets.py.
     2                              <2> sine_table:
     3 000090CA 000306090C10131619- <2>     db 0,3,6,9,12,16,19,22,25,28,31,34,37,40,43,46
     3 000090D3 1C1F2225282B2E      <2>
     4 000090DA 313336393C3F414447- <2>     db 49,51,54,57,60,63,65,68,71,73,76,78,81,83,85,88
     4 000090E3 494C4E51535558      <2>
     5 000090EA 5A5C5E60626466686A- <2>     db 90,92,94,96,98,100,102,104,106,107,109,111,112,113,115,116
     5 000090F3 6B6D6F70717374      <2>
     6 000090FA 757678797A7A7B7C7D- <2>     db 117,118,120,121,122,122,123,124,125,125,126,126,126,127,127,127
     6 00009103 7D7E7E7E7F7F7F      <2>
     7 0000910A 7F7F7F7F7E7E7E7D7D- <2>     db 127,127,127,127,126,126,126,125,125,124,123,122,122,121,120,118
     7 00009113 7C7B7A7A797876      <2>
     8 0000911A 75747371706F6D6B6A- <2>     db 117,116,115,113,112,111,109,107,106,104,102,100,98,96,94,92
     8 00009123 68666462605E5C      <2>
     9 0000912A 5A585553514E4C4947- <2>     db 90,88,85,83,81,78,76,73,71,68,65,63,60,57,54,51
     9 00009133 44413F3C393633      <2>
    10 0000913A 312E2B2825221F1C19- <2>     db 49,46,43,40,37,34,31,28,25,22,19,16,12,9,6,3
    10 00009143 1613100C090603      <2>
    11 0000914A 00FDFAF7F4F0EDEAE7- <2>     db 0,-3,-6,-9,-12,-16,-19,-22,-25,-28,-31,-34,-37,-40,-43,-46
    11 00009153 E4E1DEDBD8D5D2      <2>
    12 0000915A CFCDCAC7C4C1BFBCB9- <2>     db -49,-51,-54,-57,-60,-63,-65,-68,-71,-73,-76,-78,-81,-83,-85,-88
    12 00009163 B7B4B2AFADABA8      <2>
    13 0000916A A6A4A2A09E9C9A9896- <2>     db -90,-92,-94,-96,-98,-100,-102,-104,-106,-107,-109,-111,-112,-113,-115,-116
    13 00009173 959391908F8D8C      <2>
    14 0000917A 8B8A88878686858483- <2>     db -117,-118,-120,-121,-122,-122,-123,-124,-125,-125,-126,-126,-126,-127,-127,-127
    14 00009183 83828282818181      <2>
    15 0000918A 818181818282828383- <2>     db -127,-127,-127,-127,-126,-126,-126,-125,-125,-124,-123,-122,-122,-121,-120,-118
    15 00009193 8485868687888A      <2>
    16 0000919A 8B8C8D8F9091939596- <2>     db -117,-116,-115,-113,-112,-111,-109,-107,-106,-104,-102,-100,-98,-96,-94,-92
    16 000091A3 989A9C9EA0A2A4      <2>
    17 000091AA A6A8ABADAFB2B4B7B9- <2>     db -90,-88,-85,-83,-81,-78,-76,-73,-71,-68,-65,-63,-60,-57,-54,-51
    17 000091B3 BCBFC1C4C7CACD      <2>
    18 000091BA CFD2D5D8DBDEE1E4E7- <2>     db -49,-46,-43,-40,-37,-34,-31,-28,-25,-22,-19,-16,-12,-9,-6,-3
    18 000091C3 EAEDF0F4F7FAFD      <2>
    19 000091CA 000306090C10131619- <2>     db 0,3,6,9,12,16,19,22,25,28,31,34,37,40,43,46
    19 000091D3 1C1F2225282B2E      <2>
    20 000091DA 313336393C3F414447- <2>     db 49,51,54,57,60,63,65,68,71,73,76,78,81,83,85,88
    20 000091E3 494C4E51535558      <2>
    21 000091EA 5A5C5E60626466686A- <2>     db 90,92,94,96,98,100,102,104,106,107,109,111,112,113,115,116
    21 000091F3 6B6D6F70717374      <2>
    22 000091FA 757678797A7A7B7C7D- <2>     db 117,118,120,121,122,122,123,124,125,125,126,126,126,127,127,127
    22 00009203 7D7E7E7E7F7F7F      <2>
  2122 0000920A 58474120566563746F- <1> msg_start db 'XGA Vector: 1 cube, 2 solid, 3 polygons, 4 torus, 5 Boing, 6 crystal, +/- count, M fill, Space, V, Esc',13,10,'$'
  2122 00009213 723A20312063756265- <1>
  2122 0000921C 2C203220736F6C6964- <1>
  2122 00009225 2C203320706F6C7967- <1>
  2122 0000922E 6F6E732C203420746F- <1>
  2122 00009237 7275732C203520426F- <1>
  2122 00009240 696E672C2036206372- <1>
  2122 00009249 797374616C2C202B2F- <1>
  2122 00009252 2D20636F756E742C20- <1>
  2122 0000925B 4D2066696C6C2C2053- <1>
  2122 00009264 706163652C20562C20- <1>
  2122 0000926D 4573630D0A24        <1>
  2123 00009273 5847412D312F584741- <1> msg_no_xga db 'XGA-1/XGA-2 not found on MCA.',13,10,'$'
  2123 0000927C 2D32206E6F7420666F- <1>
  2123 00009285 756E64206F6E204D43- <1>
  2123 0000928E 412E0D0A24          <1>
  2124 00009293 4E6F20584741206D65- <1> msg_no_aperture db 'No XGA memory aperture in POS.',13,10,'$'
  2124 0000929C 6D6F72792061706572- <1>
  2124 000092A5 7475726520696E2050- <1>
  2124 000092AE 4F532E0D0A24        <1>
  2125 000092B4 5847412031204D4220- <1> msg_no_vram db 'XGA 1 MB VRAM banks are not accessible.',13,10,'$'
  2125 000092BD 5652414D2062616E6B- <1>
  2125 000092C6 7320617265206E6F74- <1>
  2125 000092CF 206163636573736962- <1>
  2125 000092D8 6C652E0D0A24        <1>
  2126 000092DE 58474120636F70726F- <1> msg_cp_timeout db 'XGA coprocessor timeout.',13,10,'$'
  2126 000092E7 636573736F72207469- <1>
  2126 000092F0 6D656F75742E0D0A24  <1>
  2127                              <1> %include "xga_mode_640.inc"
     1                              <2> ; Generated from XGA Toolkit/XGAKIT.ASM by build_mode_table.py.
     2                              <2> ; Entries: I/O offset, register index (0 for direct), value.
     3                              <2> mode_table:
     4 000092F9 040000              <2>     db 0x04, 0x00, 0x00
     5 000092FC 0500FF              <2>     db 0x05, 0x00, 0xff
     6 000092FF 000004              <2>     db 0x00, 0x00, 0x04
     7 00009302 0A6400              <2>     db 0x0a, 0x64, 0x00
     8 00009305 010001              <2>     db 0x01, 0x00, 0x01
     9 00009308 080000              <2>     db 0x08, 0x00, 0x00
    10 0000930B 060000              <2>     db 0x06, 0x00, 0x00
    11 0000930E 090003              <2>     db 0x09, 0x00, 0x03
    12 00009311 0A5001              <2>     db 0x0a, 0x50, 0x01
    13 00009314 0A5000              <2>     db 0x0a, 0x50, 0x00
    14 00009317 0A1063              <2>     db 0x0a, 0x10, 0x63
    15 0000931A 0A1100              <2>     db 0x0a, 0x11, 0x00
    16 0000931D 0A124F              <2>     db 0x0a, 0x12, 0x4f
    17 00009320 0A1300              <2>     db 0x0a, 0x13, 0x00
    18 00009323 0A144F              <2>     db 0x0a, 0x14, 0x4f
    19 00009326 0A1500              <2>     db 0x0a, 0x15, 0x00
    20 00009329 0A1663              <2>     db 0x0a, 0x16, 0x63
    21 0000932C 0A1700              <2>     db 0x0a, 0x17, 0x00
    22 0000932F 0A1855              <2>     db 0x0a, 0x18, 0x55
    23 00009332 0A1900              <2>     db 0x0a, 0x19, 0x00
    24 00009335 0A1A61              <2>     db 0x0a, 0x1a, 0x61
    25 00009338 0A1B00              <2>     db 0x0a, 0x1b, 0x00
    26 0000933B 0A1C00              <2>     db 0x0a, 0x1c, 0x00
    27 0000933E 0A1E00              <2>     db 0x0a, 0x1e, 0x00
    28 00009341 0A200C              <2>     db 0x0a, 0x20, 0x0c
    29 00009344 0A2102              <2>     db 0x0a, 0x21, 0x02
    30 00009347 0A22DF              <2>     db 0x0a, 0x22, 0xdf
    31 0000934A 0A2301              <2>     db 0x0a, 0x23, 0x01
    32 0000934D 0A24DF              <2>     db 0x0a, 0x24, 0xdf
    33 00009350 0A2501              <2>     db 0x0a, 0x25, 0x01
    34 00009353 0A260C              <2>     db 0x0a, 0x26, 0x0c
    35 00009356 0A2702              <2>     db 0x0a, 0x27, 0x02
    36 00009359 0A28EA              <2>     db 0x0a, 0x28, 0xea
    37 0000935C 0A2901              <2>     db 0x0a, 0x29, 0x01
    38 0000935F 0A2AEC              <2>     db 0x0a, 0x2a, 0xec
    39 00009362 0A2CFF              <2>     db 0x0a, 0x2c, 0xff
    40 00009365 0A2DFF              <2>     db 0x0a, 0x2d, 0xff
    41 00009368 0A3600              <2>     db 0x0a, 0x36, 0x00
    42 0000936B 0A4000              <2>     db 0x0a, 0x40, 0x00
    43 0000936E 0A4100              <2>     db 0x0a, 0x41, 0x00
    44 00009371 0A4200              <2>     db 0x0a, 0x42, 0x00
    45 00009374 0A4350              <2>     db 0x0a, 0x43, 0x50
    46 00009377 0A4400              <2>     db 0x0a, 0x44, 0x00
    47 0000937A 0A5400              <2>     db 0x0a, 0x54, 0x00
    48 0000937D 0A5103              <2>     db 0x0a, 0x51, 0x03
    49 00009380 0A7000              <2>     db 0x0a, 0x70, 0x00
    50 00009383 0A50C7              <2>     db 0x0a, 0x50, 0xc7
    51 00009386 0A5500              <2>     db 0x0a, 0x55, 0x00
    52 00009389 0A6000              <2>     db 0x0a, 0x60, 0x00
    53 0000938C 0A6100              <2>     db 0x0a, 0x61, 0x00
    54 0000938F 0A6200              <2>     db 0x0a, 0x62, 0x00
    55 00009392 0A6300              <2>     db 0x0a, 0x63, 0x00
    56 00009395 0A64FF              <2>     db 0x0a, 0x64, 0xff
    57 00009398 FF0000              <2>     db 0xff, 0, 0
  2128                              <1> %include "xga_balls_runtime.inc"
     1                              <2> ; Shared XGA setup copied from the verified Dreams v2 source.
     2                              <2> ; By Dag Erik Hagesæter / Retro Erik using Codex in VS Code
     3                              <2> 
     4                              <2> detect_xga:
     5 0000939B B800C4              <2>     mov ax, 0xc400
     6 0000939E CD15                <2>     int 0x15
     7 000093A0 7263                <2>     jc .fail
     8 000093A2 8916[0E1F]          <2>     mov [pos_base], dx
     9 000093A6 31C9                <2>     xor cx, cx
    10                              <2> .slot:
    11 000093A8 51                  <2>     push cx
    12 000093A9 FA                  <2>     cli
    13 000093AA 09C9                <2>     or cx, cx
    14 000093AC 7506                <2>     jnz .select_slot
    15 000093AE B0DF                <2>     mov al, 0xdf
    16 000093B0 E694                <2>     out 0x94, al
    17 000093B2 EB09                <2>     jmp .read_pos
    18                              <2> .select_slot:
    19 000093B4 89CB                <2>     mov bx, cx
    20 000093B6 B801C4              <2>     mov ax, 0xc401
    21 000093B9 CD15                <2>     int 0x15
    22 000093BB 721D                <2>     jc .deselect
    23                              <2> .read_pos:
    24 000093BD 8B16[0E1F]          <2>     mov dx, [pos_base]
    25 000093C1 ED                  <2>     in ax, dx
    26 000093C2 A3[101F]            <2>     mov [card_id], ax
    27 000093C5 83C202              <2>     add dx, 2                      ; POS byte 1
    28 000093C8 EC                  <2>     in al, dx
    29 000093C9 A2[121F]            <2>     mov [pos1], al
    30 000093CC 83C202              <2>     add dx, 2                      ; POS byte 3 is at base + 4
    31 000093CF EC                  <2>     in al, dx
    32 000093D0 A2[131F]            <2>     mov [pos3], al
    33 000093D3 42                  <2>     inc dx                         ; POS byte 4 is at base + 5
    34 000093D4 EC                  <2>     in al, dx
    35 000093D5 240F                <2>     and al, 0x0f
    36 000093D7 A2[141F]            <2>     mov [pos4], al
    37                              <2> .deselect:
    38 000093DA 59                  <2>     pop cx
    39 000093DB 09C9                <2>     or cx, cx
    40 000093DD 7506                <2>     jnz .normal_slot
    41 000093DF B0FF                <2>     mov al, 0xff
    42 000093E1 E694                <2>     out 0x94, al
    43 000093E3 EB09                <2>     jmp .compare
    44                              <2> .normal_slot:
    45 000093E5 51                  <2>     push cx
    46 000093E6 89CB                <2>     mov bx, cx
    47 000093E8 B802C4              <2>     mov ax, 0xc402
    48 000093EB CD15                <2>     int 0x15
    49 000093ED 59                  <2>     pop cx
    50                              <2> .compare:
    51 000093EE FB                  <2>     sti
    52 000093EF 813E[101F]DB8F      <2>     cmp word [card_id], 0x8fdb
    53 000093F5 7410                <2>     je .found
    54 000093F7 813E[101F]DA8F      <2>     cmp word [card_id], 0x8fda
    55 000093FD 7408                <2>     je .found
    56 000093FF 41                  <2>     inc cx
    57 00009400 83F909              <2>     cmp cx, 9
    58 00009403 76A3                <2>     jbe .slot
    59                              <2> .fail:
    60 00009405 F9                  <2>     stc
    61 00009406 C3                  <2>     ret
    62                              <2> .found:
    63                              <2>     ; io = 0x2100 + ((POS1 & 0x0e) << 3)
    64 00009407 31C0                <2>     xor ax, ax
    65 00009409 A0[121F]            <2>     mov al, [pos1]
    66 0000940C 240E                <2>     and al, 0x0e
    67 0000940E C1E003              <2>     shl ax, 3
    68 00009411 050021              <2>     add ax, 0x2100
    69 00009414 A3[001F]            <2>     mov [io_base], ax
    70                              <2>     ; ROM = 0xc0000 + ((POS1 >> 4) * 0x2000).
    71                              <2>     ; CP MMIO = ROM + 0x1c00 + (((POS1 & 0x0e)>>1) * 0x80).
    72 00009417 6631C0              <2>     xor eax, eax
    73 0000941A A0[121F]            <2>     mov al, [pos1]
    74 0000941D C0E804              <2>     shr al, 4
    75 00009420 66C1E00D            <2>     shl eax, 13
    76 00009424 6605001C0C00        <2>     add eax, 0xc1c00
    77 0000942A 6631DB              <2>     xor ebx, ebx
    78 0000942D 8A1E[121F]          <2>     mov bl, [pos1]
    79 00009431 80E30E              <2>     and bl, 0x0e
    80 00009434 66C1E306            <2>     shl ebx, 6
    81 00009438 6601D8              <2>     add eax, ebx
    82 0000943B 66C1E804            <2>     shr eax, 4
    83 0000943F A3[021F]            <2>     mov [cp_seg], ax
    84                              <2>     ; 1 MB aperture physical address from POS4. Fall back to the 4 MB
    85                              <2>     ; aperture from POS3 when the 1 MB aperture is disabled.
    86 00009442 6631C0              <2>     xor eax, eax
    87 00009445 A0[141F]            <2>     mov al, [pos4]
    88 00009448 66C1E014            <2>     shl eax, 20
    89 0000944C 6609C0              <2>     or eax, eax
    90 0000944F 7521                <2>     jnz .ap_ready
    91 00009451 F606[131F]01        <2>     test byte [pos3], 1
    92 00009456 741A                <2>     jz .ap_ready
    93 00009458 A0[131F]            <2>     mov al, [pos3]
    94 0000945B 24FE                <2>     and al, 0xfe
    95 0000945D 66C1E018            <2>     shl eax, 24
    96 00009461 6631DB              <2>     xor ebx, ebx
    97 00009464 8A1E[121F]          <2>     mov bl, [pos1]
    98 00009468 80E30E              <2>     and bl, 0x0e
    99 0000946B 66C1E315            <2>     shl ebx, 21
   100 0000946F 6601D8              <2>     add eax, ebx
   101                              <2> .ap_ready:
   102 00009472 66A3[041F]          <2>     mov [aperture], eax
   103                              <2>     ; 86Box's XGA coprocessor resolves VRAM pixel maps against the 4 MB
   104                              <2>     ; aperture base, even when the CPU is using the banked 64 KB window.
   105                              <2>     ; This is the address decoded from POS3 plus the XGA instance number.
   106 00009476 6631C0              <2>     xor eax, eax
   107 00009479 A0[131F]            <2>     mov al, [pos3]
   108 0000947C 24FE                <2>     and al, 0xfe
   109 0000947E 66C1E018            <2>     shl eax, 24
   110 00009482 6631DB              <2>     xor ebx, ebx
   111 00009485 8A1E[121F]          <2>     mov bl, [pos1]
   112 00009489 80E30E              <2>     and bl, 0x0e
   113 0000948C 66C1E315            <2>     shl ebx, 21
   114 00009490 6601D8              <2>     add eax, ebx
   115 00009493 66A3[081F]          <2>     mov [cp_aperture], eax
   116 00009497 F8                  <2>     clc
   117 00009498 C3                  <2>     ret
   118                              <2> 
   119                              <2> set_xga_mode:
   120 00009499 BAC303              <2>     mov dx, 0x3c3
   121 0000949C B001                <2>     mov al, 1
   122 0000949E EE                  <2>     out dx, al
   123 0000949F BE[F992]            <2>     mov si, mode_table
   124                              <2> .next:
   125 000094A2 AC                  <2>     lodsb
   126 000094A3 3CFF                <2>     cmp al, 0xff
   127 000094A5 741B                <2>     je .done
   128 000094A7 88C3                <2>     mov bl, al
   129 000094A9 30E4                <2>     xor ah, ah
   130 000094AB 8B16[001F]          <2>     mov dx, [io_base]
   131 000094AF 01C2                <2>     add dx, ax
   132 000094B1 AC                  <2>     lodsb
   133 000094B2 8A24                <2>     mov ah, [si]
   134 000094B4 46                  <2>     inc si
   135 000094B5 80FB0A              <2>     cmp bl, 0x0a
   136 000094B8 7405                <2>     je .indexed
   137 000094BA 88E0                <2>     mov al, ah
   138 000094BC EE                  <2>     out dx, al
   139 000094BD EBE3                <2>     jmp .next
   140                              <2> .indexed:
   141 000094BF EF                  <2>     out dx, ax
   142 000094C0 EBE0                <2>     jmp .next
   143                              <2> .done:
   144 000094C2 C3                  <2>     ret
   145                              <2> ; Probe two banks separated by 512 KB; a 512 KB card may mirror page 12.
   146                              <2> ; Use ordinary byte values so the write does not trigger XGA test sequences.
   147                              <2> probe_vram:
   148 000094C3 8B16[001F]          <2>     mov dx, [io_base]
   149 000094C7 83C208              <2>     add dx, 8
   150 000094CA B800A0              <2>     mov ax, 0xa000
   151 000094CD 8EC0                <2>     mov es, ax
   152 000094CF B004                <2>     mov al, 4
   153 000094D1 EE                  <2>     out dx, al
   154 000094D2 26C606000055        <2>     mov byte [es:0], 0x55
   155 000094D8 26803E000055        <2>     cmp byte [es:0], 0x55
   156 000094DE 752C                <2>     jne .fail
   157 000094E0 B00C                <2>     mov al, 12
   158 000094E2 EE                  <2>     out dx, al
   159 000094E3 26C6060000C3        <2>     mov byte [es:0], 0xc3
   160 000094E9 26803E0000C3        <2>     cmp byte [es:0], 0xc3
   161 000094EF 751B                <2>     jne .fail
   162 000094F1 B004                <2>     mov al, 4
   163 000094F3 EE                  <2>     out dx, al
   164 000094F4 26803E000055        <2>     cmp byte [es:0], 0x55
   165 000094FA 7510                <2>     jne .fail
   166 000094FC B00C                <2>     mov al, 12
   167 000094FE EE                  <2>     out dx, al
   168 000094FF 26803E0000C3        <2>     cmp byte [es:0], 0xc3
   169 00009505 7505                <2>     jne .fail
   170 00009507 30C0                <2>     xor al, al
   171 00009509 EE                  <2>     out dx, al
   172 0000950A F8                  <2>     clc
   173 0000950B C3                  <2>     ret
   174                              <2> .fail:
   175 0000950C 30C0                <2>     xor al, al
   176 0000950E EE                  <2>     out dx, al
   177 0000950F F9                  <2>     stc
   178 00009510 C3                  <2>     ret
   179                              <2> 
   180                              <2> select_bank:
   181 00009511 50                  <2>     push ax
   182 00009512 52                  <2>     push dx
   183 00009513 8B16[001F]          <2>     mov dx, [io_base]
   184 00009517 83C208              <2>     add dx, 8
   185 0000951A 89D8                <2>     mov ax, bx
   186 0000951C EE                  <2>     out dx, al
   187 0000951D 5A                  <2>     pop dx
   188 0000951E 58                  <2>     pop ax
   189 0000951F C3                  <2>     ret
   190                              <2> 
   191                              <2> wait_cp:
   192 00009520 51                  <2>     push cx
   193 00009521 52                  <2>     push dx
   194 00009522 C606[A295]00        <2>     mov byte [cp_waiting], 0
   195 00009527 BA4000              <2>     mov dx, 64
   196                              <2> .outer:
   197 0000952A B9FFFF              <2>     mov cx, 0xffff
   198                              <2> .inner:
   199 0000952D 813E[101F]DA8F      <2>     cmp word [card_id], 0x8fda
   200 00009533 740A                <2>     je .xga2
   201 00009535 26F606110080        <2>     test byte [es:0x11], 0x80
   202 0000953B 7430                <2>     jz .done
   203 0000953D EB08                <2>     jmp .retry
   204                              <2> .xga2:
   205 0000953F 26F606090080        <2>     test byte [es:0x09], 0x80
   206 00009545 7426                <2>     jz .done
   207                              <2> .retry:
   208 00009547 803E[A295]00        <2>     cmp byte [cp_waiting], 0
   209 0000954C 750D                <2>     jne .count
   210 0000954E 50                  <2>     push ax
   211 0000954F 53                  <2>     push bx
   212 00009550 E83B00              <2>     call read_pit
   213 00009553 A3[A095]            <2>     mov [cp_wait_start], ax
   214 00009556 C606[A295]01        <2>     mov byte [cp_waiting], 1
   215                              <2> .count:
   216 0000955B E2D0                <2>     loop .inner
   217 0000955D 4A                  <2>     dec dx
   218 0000955E 75CA                <2>     jnz .outer
   219 00009560 803E[A295]00        <2>     cmp byte [cp_waiting], 0
   220 00009565 7402                <2>     je .timeout
   221 00009567 5B                  <2>     pop bx
   222 00009568 58                  <2>     pop ax
   223                              <2> .timeout:
   224 00009569 5A                  <2>     pop dx
   225 0000956A 59                  <2>     pop cx
   226 0000956B F9                  <2>     stc
   227 0000956C C3                  <2>     ret
   228                              <2> .done:
   229 0000956D 803E[A295]00        <2>     cmp byte [cp_waiting], 0
   230 00009572 7416                <2>     je .ready
   231 00009574 E81700              <2>     call read_pit
   232 00009577 8B1E[A095]          <2>     mov bx, [cp_wait_start]
   233 0000957B 29C3                <2>     sub bx, ax
   234 0000957D D1EB                <2>     shr bx, 1                 ; PIT channel 0 mode 3 counts down by two
   235 0000957F 660FB7DB            <2>     movzx ebx, bx
   236 00009583 66011E[3999]        <2>     add [wait_pit_ticks], ebx
   237 00009588 5B                  <2>     pop bx
   238 00009589 58                  <2>     pop ax
   239                              <2> .ready:
   240 0000958A 5A                  <2>     pop dx
   241 0000958B 59                  <2>     pop cx
   242 0000958C F8                  <2>     clc
   243 0000958D C3                  <2>     ret
   244                              <2> 
   245                              <2> ; Latch the free-running 8253/8254 counter without changing its mode.
   246                              <2> ; PIT channel 0 receives approximately 1,193,182 clocks per second.
   247                              <2> read_pit:
   248 0000958E 52                  <2>     push dx
   249 0000958F BA4300              <2>     mov dx, 0x43
   250 00009592 30C0                <2>     xor al, al
   251 00009594 EE                  <2>     out dx, al
   252 00009595 BA4000              <2>     mov dx, 0x40
   253 00009598 EC                  <2>     in al, dx
   254 00009599 88C4                <2>     mov ah, al
   255 0000959B EC                  <2>     in al, dx
   256 0000959C 86C4                <2>     xchg al, ah
   257 0000959E 5A                  <2>     pop dx
   258 0000959F C3                  <2>     ret
   259                              <2> 
   260 000095A0 0000                <2> cp_wait_start dw 0
   261 000095A2 00                  <2> cp_waiting db 0
   262                              <2> 
   263                              <2> restore_mode:
   264 000095A3 803E[0D1F]00        <2>     cmp byte [mode_active], 0
   265 000095A8 744F                <2>     je .done
   266 000095AA 8B16[001F]          <2>     mov dx, [io_base]
   267 000095AE 83C20A              <2>     add dx, 0x0a
   268 000095B1 B83600              <2>     mov ax, 0x0036                  ; disable hardware sprite
   269 000095B4 EF                  <2>     out dx, ax
   270 000095B5 8B16[001F]          <2>     mov dx, [io_base]
   271 000095B9 42                  <2>     inc dx
   272 000095BA 30C0                <2>     xor al, al
   273 000095BC EE                  <2>     out dx, al
   274 000095BD 8B16[001F]          <2>     mov dx, [io_base]
   275 000095C1 83C20A              <2>     add dx, 0x0a
   276 000095C4 B864FF              <2>     mov ax, 0xff64
   277 000095C7 EF                  <2>     out dx, ax
   278 000095C8 B85015              <2>     mov ax, 0x1550
   279 000095CB EF                  <2>     out dx, ax
   280 000095CC B85014              <2>     mov ax, 0x1450
   281 000095CF EF                  <2>     out dx, ax
   282 000095D0 B85100              <2>     mov ax, 0x0051
   283 000095D3 EF                  <2>     out dx, ax
   284 000095D4 B85404              <2>     mov ax, 0x0454
   285 000095D7 EF                  <2>     out dx, ax
   286 000095D8 B8707F              <2>     mov ax, 0x7f70
   287 000095DB EF                  <2>     out dx, ax
   288 000095DC B82A20              <2>     mov ax, 0x202a
   289 000095DF EF                  <2>     out dx, ax
   290 000095E0 8B16[001F]          <2>     mov dx, [io_base]
   291 000095E4 B001                <2>     mov al, 1
   292 000095E6 EE                  <2>     out dx, al
   293 000095E7 BAC303              <2>     mov dx, 0x3c3
   294 000095EA EE                  <2>     out dx, al
   295 000095EB B80212              <2>     mov ax, 0x1202
   296 000095EE B330                <2>     mov bl, 0x30
   297 000095F0 CD10                <2>     int 0x10
   298 000095F2 30E4                <2>     xor ah, ah
   299 000095F4 A0[0C1F]            <2>     mov al, [old_mode]
   300 000095F7 CD10                <2>     int 0x10
   301                              <2> .done:
   302 000095F9 C3                  <2>     ret
   303                              <2> 
   304                              <2> 
   305                              <2> 
   306                              <2> 
   307                              <2> 
  2129                              <1> %include "xga_balls_hud.inc"
     1                              <2> ; XGA 64x64 hardware sprite HUD with frame and wait timing.
     2                              <2> ; By Dag Erik Hagesæter / Retro Erik using Codex in VS Code
     3                              <2> 
     4                              <2> setup_sprite_hud:
     5 000095FA 6660                <2>     pushad
     6 000095FC 8B16[001F]          <2>     mov dx, [io_base]
     7 00009600 83C20A              <2>     add dx, 0x0a
     8 00009603 B83008              <2>     mov ax, 0x0830                 ; sprite X = 8
     9 00009606 EF                  <2>     out dx, ax
    10 00009607 B83100              <2>     mov ax, 0x0031
    11 0000960A EF                  <2>     out dx, ax
    12 0000960B B83200              <2>     mov ax, 0x0032
    13 0000960E EF                  <2>     out dx, ax
    14 0000960F B83308              <2>     mov ax, 0x0833                 ; sprite Y = 8
    15 00009612 EF                  <2>     out dx, ax
    16 00009613 B83400              <2>     mov ax, 0x0034
    17 00009616 EF                  <2>     out dx, ax
    18 00009617 B83500              <2>     mov ax, 0x0035
    19 0000961A EF                  <2>     out dx, ax
    20 0000961B B83800              <2>     mov ax, 0x0038                 ; color 0 = black
    21 0000961E EF                  <2>     out dx, ax
    22 0000961F B83900              <2>     mov ax, 0x0039
    23 00009622 EF                  <2>     out dx, ax
    24 00009623 B83A00              <2>     mov ax, 0x003a
    25 00009626 EF                  <2>     out dx, ax
    26 00009627 B83BFF              <2>     mov ax, 0xff3b                 ; color 1 = white
    27 0000962A EF                  <2>     out dx, ax
    28 0000962B B83CFF              <2>     mov ax, 0xff3c
    29 0000962E EF                  <2>     out dx, ax
    30 0000962F B83DFF              <2>     mov ax, 0xff3d
    31 00009632 EF                  <2>     out dx, ax
    32 00009633 B86000              <2>     mov ax, 0x0060                 ; sprite data offset 0
    33 00009636 EF                  <2>     out dx, ax
    34 00009637 B86100              <2>     mov ax, 0x0061
    35 0000963A EF                  <2>     out dx, ax
    36 0000963B B06A                <2>     mov al, 0x6a
    37 0000963D EE                  <2>     out dx, al
    38 0000963E 42                  <2>     inc dx
    39 0000963F B0AA                <2>     mov al, 0xaa                   ; four transparent pixels
    40 00009641 B90004              <2>     mov cx, 1024
    41                              <2> .clear:
    42 00009644 EE                  <2>     out dx, al
    43 00009645 E2FD                <2>     loop .clear
    44 00009647 E80E00              <2>     call update_sprite_hud
    45 0000964A 8B16[001F]          <2>     mov dx, [io_base]
    46 0000964E 83C20A              <2>     add dx, 0x0a
    47 00009651 B83601              <2>     mov ax, 0x0136                 ; enable sprite
    48 00009654 EF                  <2>     out dx, ax
    49 00009655 6661                <2>     popad
    50 00009657 C3                  <2>     ret
    51                              <2> 
    52                              <2> update_sprite_hud:
    53 00009658 6660                <2>     pushad
    54 0000965A A1[3199]            <2>     mov ax, [hud_fps10]
    55 0000965D 3B06[1E99]          <2>     cmp ax, [hud_last_fps]
    56 00009661 751B                <2>     jne .changed
    57 00009663 A1[1B1F]            <2>     mov ax, [visible_balls]
    58 00009666 3B06[2099]          <2>     cmp ax, [hud_last_balls]
    59 0000966A 7512                <2>     jne .changed
    60 0000966C A1[3599]            <2>     mov ax, [hud_cpu_ms10]
    61 0000966F 3B06[2299]          <2>     cmp ax, [hud_last_cpu]
    62 00009673 7509                <2>     jne .changed
    63 00009675 A1[3799]            <2>     mov ax, [hud_wait_ms10]
    64 00009678 3B06[2499]          <2>     cmp ax, [hud_last_wait]
    65 0000967C 745C                <2>     je .done
    66                              <2> .changed:
    67 0000967E A1[3199]            <2>     mov ax, [hud_fps10]
    68 00009681 A3[1E99]            <2>     mov [hud_last_fps], ax
    69 00009684 A1[1B1F]            <2>     mov ax, [visible_balls]
    70 00009687 A3[2099]            <2>     mov [hud_last_balls], ax
    71 0000968A A1[3599]            <2>     mov ax, [hud_cpu_ms10]
    72 0000968D A3[2299]            <2>     mov [hud_last_cpu], ax
    73 00009690 A1[3799]            <2>     mov ax, [hud_wait_ms10]
    74 00009693 A3[2499]            <2>     mov [hud_last_wait], ax
    75 00009696 E87D01              <2>     call render_hud
    76 00009699 8B16[001F]          <2>     mov dx, [io_base]
    77 0000969D 83C20A              <2>     add dx, 0x0a
    78 000096A0 B86000              <2>     mov ax, 0x0060
    79 000096A3 EF                  <2>     out dx, ax
    80 000096A4 B86100              <2>     mov ax, 0x0061
    81 000096A7 EF                  <2>     out dx, ax
    82 000096A8 B06A                <2>     mov al, 0x6a
    83 000096AA EE                  <2>     out dx, al
    84 000096AB 42                  <2>     inc dx
    85 000096AC BE[099A]            <2>     mov si, hud_canvas
    86 000096AF BD0002              <2>     mov bp, 64 * 32 / 4
    87                              <2> .group:
    88 000096B2 B0AA                <2>     mov al, 0xaa
    89 000096B4 803C00              <2>     cmp byte [si], 0
    90 000096B7 7402                <2>     je .pixel1
    91 000096B9 3403                <2>     xor al, 0x03
    92                              <2> .pixel1:
    93 000096BB 807C0100            <2>     cmp byte [si+1], 0
    94 000096BF 7402                <2>     je .pixel2
    95 000096C1 340C                <2>     xor al, 0x0c
    96                              <2> .pixel2:
    97 000096C3 807C0200            <2>     cmp byte [si+2], 0
    98 000096C7 7402                <2>     je .pixel3
    99 000096C9 3430                <2>     xor al, 0x30
   100                              <2> .pixel3:
   101 000096CB 807C0300            <2>     cmp byte [si+3], 0
   102 000096CF 7402                <2>     je .write
   103 000096D1 34C0                <2>     xor al, 0xc0
   104                              <2> .write:
   105 000096D3 EE                  <2>     out dx, al
   106 000096D4 83C604              <2>     add si, 4
   107 000096D7 4D                  <2>     dec bp
   108 000096D8 75D8                <2>     jnz .group
   109                              <2> .done:
   110 000096DA 6661                <2>     popad
   111 000096DC C3                  <2>     ret
   112                              <2> 
   113                              <2> ; FPS is measured over at least 36 BIOS ticks (approximately two seconds).
   114                              <2> ; It includes CPU setup, XGA completion, and optional vertical retrace wait.
   115                              <2> update_fps:
   116 000096DD 6660                <2>     pushad
   117 000096DF 30E4                <2>     xor ah, ah
   118 000096E1 CD1A                <2>     int 0x1a
   119 000096E3 660FB7C1            <2>     movzx eax, cx
   120 000096E7 66C1E010            <2>     shl eax, 16
   121 000096EB 89D0                <2>     mov ax, dx
   122 000096ED 66A3[2B99]          <2>     mov [fps_now], eax
   123 000096F1 803E[2699]00        <2>     cmp byte [fps_started], 0
   124 000096F6 7515                <2>     jne .elapsed
   125 000096F8 66A3[2799]          <2>     mov [fps_start], eax
   126 000096FC C606[2699]01        <2>     mov byte [fps_started], 1
   127 00009701 66C706[3999]000000- <2>     mov dword [wait_pit_ticks], 0
   127 00009709 00                  <2>
   128 0000970A E9CD00              <2>     jmp .done
   129                              <2> .elapsed:
   130 0000970D FF06[2F99]          <2>     inc word [hud_frames]
   131 00009711 6689C3              <2>     mov ebx, eax
   132 00009714 662B1E[2799]        <2>     sub ebx, [fps_start]
   133 00009719 7307                <2>     jnc .delta_ready
   134 0000971B 6681C3B0001800      <2>     add ebx, 0x1800b0             ; midnight rollover
   135                              <2> .delta_ready:
   136 00009722 6683FB24            <2>     cmp ebx, 36
   137 00009726 0F82B000            <2>     jb .done
   138 0000972A 660FB706[2F99]      <2>     movzx eax, word [hud_frames]
   139 00009730 66B9B6000000        <2>     mov ecx, 182
   140 00009736 66F7E1              <2>     mul ecx
   141 00009739 6631D2              <2>     xor edx, edx
   142 0000973C 66F7F3              <2>     div ebx
   143 0000973F 663D0F270000        <2>     cmp eax, 9999
   144 00009745 7603                <2>     jbe .store
   145 00009747 B80F27              <2>     mov ax, 9999
   146                              <2> .store:
   147 0000974A A3[3199]            <2>     mov [hud_fps10], ax
   148                              <2>     ; Average frame duration uses BIOS ticks, while explicit waits use PIT ticks.
   149                              <2>     ; Values are tenths of a millisecond and saturate at 999.9 ms.
   150 0000974D 6689D8              <2>     mov eax, ebx
   151 00009750 66C1E010            <2>     shl eax, 16
   152 00009754 660FB70E[2F99]      <2>     movzx ecx, word [hud_frames]
   153 0000975A 6631D2              <2>     xor edx, edx
   154 0000975D 66F7F1              <2>     div ecx
   155 00009760 66BB10270000        <2>     mov ebx, 10000
   156 00009766 66F7E3              <2>     mul ebx
   157 00009769 66BBDE341200        <2>     mov ebx, 1193182
   158 0000976F 66F7F3              <2>     div ebx
   159 00009772 663D0F270000        <2>     cmp eax, 9999
   160 00009778 7606                <2>     jbe .total_ready
   161 0000977A 66B80F270000        <2>     mov eax, 9999
   162                              <2> .total_ready:
   163 00009780 A3[3399]            <2>     mov [hud_total_ms10], ax
   164 00009783 66A1[3999]          <2>     mov eax, [wait_pit_ticks]
   165 00009787 6631D2              <2>     xor edx, edx
   166 0000978A 66F7F1              <2>     div ecx
   167 0000978D 66BB10270000        <2>     mov ebx, 10000
   168 00009793 66F7E3              <2>     mul ebx
   169 00009796 66BBDE341200        <2>     mov ebx, 1193182
   170 0000979C 66F7F3              <2>     div ebx
   171 0000979F 663D0F270000        <2>     cmp eax, 9999
   172 000097A5 7606                <2>     jbe .wait_ready
   173 000097A7 66B80F270000        <2>     mov eax, 9999
   174                              <2> .wait_ready:
   175 000097AD 3B06[3399]          <2>     cmp ax, [hud_total_ms10]
   176 000097B1 7603                <2>     jbe .wait_bounded
   177 000097B3 A1[3399]            <2>     mov ax, [hud_total_ms10]
   178                              <2> .wait_bounded:
   179 000097B6 A3[3799]            <2>     mov [hud_wait_ms10], ax
   180 000097B9 8B16[3399]          <2>     mov dx, [hud_total_ms10]
   181 000097BD 29C2                <2>     sub dx, ax
   182 000097BF 8916[3599]          <2>     mov [hud_cpu_ms10], dx
   183 000097C3 66A1[2B99]          <2>     mov eax, [fps_now]
   184 000097C7 66A3[2799]          <2>     mov [fps_start], eax
   185 000097CB C706[2F99]0000      <2>     mov word [hud_frames], 0
   186 000097D1 66C706[3999]000000- <2>     mov dword [wait_pit_ticks], 0
   186 000097D9 00                  <2>
   187                              <2> .done:
   188 000097DA 6661                <2>     popad
   189 000097DC C3                  <2>     ret
   190                              <2> 
   191                              <2> reset_fps:
   192 000097DD C606[2699]00        <2>     mov byte [fps_started], 0
   193 000097E2 C706[2F99]0000      <2>     mov word [hud_frames], 0
   194 000097E8 C706[3199]0000      <2>     mov word [hud_fps10], 0
   195 000097EE C706[3599]0000      <2>     mov word [hud_cpu_ms10], 0
   196 000097F4 C706[3799]0000      <2>     mov word [hud_wait_ms10], 0
   197 000097FA 66C706[3999]000000- <2>     mov dword [wait_pit_ticks], 0
   197 00009802 00                  <2>
   198 00009803 C706[1E99]FFFF      <2>     mov word [hud_last_fps], 0xffff
   199 00009809 C706[2299]FFFF      <2>     mov word [hud_last_cpu], 0xffff
   200 0000980F C706[2499]FFFF      <2>     mov word [hud_last_wait], 0xffff
   201 00009815 C3                  <2>     ret
   202                              <2> 
   203                              <2> render_hud:
   204 00009816 6660                <2>     pushad
   205 00009818 06                  <2>     push es
   206 00009819 1E                  <2>     push ds
   207 0000981A 07                  <2>     pop es
   208 0000981B FC                  <2>     cld
   209 0000981C BF[099A]            <2>     mov di, hud_canvas
   210 0000981F B90004              <2>     mov cx, 64 * 32 / 2
   211 00009822 31C0                <2>     xor ax, ax
   212 00009824 F3AB                <2>     rep stosw
   213 00009826 07                  <2>     pop es
   214                              <2> 
   215 00009827 A1[3199]            <2>     mov ax, [hud_fps10]
   216 0000982A BE[4199]            <2>     mov si, hud_text_fps+4
   217 0000982D E89400              <2>     call format_tenths
   218 00009830 A1[3599]            <2>     mov ax, [hud_cpu_ms10]
   219 00009833 BE[5299]            <2>     mov si, hud_text_cpu+4
   220 00009836 E88B00              <2>     call format_tenths
   221 00009839 A1[3799]            <2>     mov ax, [hud_wait_ms10]
   222 0000983C BE[5C99]            <2>     mov si, hud_text_wait+5
   223 0000983F E88200              <2>     call format_tenths
   224                              <2> 
   225 00009842 A0[1D1F]            <2>     mov al, [hud_count_label]
   226 00009845 A2[4699]            <2>     mov [hud_text_balls], al
   227 00009848 803E[1E1F]04        <2>     cmp byte [effect], 4
   228 0000984D 7505                <2>     jne .count_label_ready
   229 0000984F C606[4699]02        <2>     mov byte [hud_text_balls], 2  ; S = speed level in the 3D orbit
   230                              <2> .count_label_ready:
   231 00009854 A1[1B1F]            <2>     mov ax, [visible_balls]
   232 00009857 BB0A00              <2>     mov bx, 10
   233 0000985A 31D2                <2>     xor dx, dx
   234 0000985C F7F3                <2>     div bx
   235 0000985E 80C204              <2>     add dl, 4
   236 00009861 8816[4B99]          <2>     mov [hud_text_balls+5], dl
   237 00009865 31D2                <2>     xor dx, dx
   238 00009867 F7F3                <2>     div bx
   239 00009869 80C204              <2>     add dl, 4
   240 0000986C 8816[4A99]          <2>     mov [hud_text_balls+4], dl
   241 00009870 31D2                <2>     xor dx, dx
   242 00009872 F7F3                <2>     div bx
   243 00009874 80C204              <2>     add dl, 4
   244 00009877 8816[4999]          <2>     mov [hud_text_balls+3], dl
   245 0000987B 0404                <2>     add al, 4
   246 0000987D A2[4899]            <2>     mov [hud_text_balls+2], al
   247 00009880 C606[4D99]0F        <2>     mov byte [hud_text_balls+7], 15
   248 00009885 803E[FF1E]00        <2>     cmp byte [vsync_enabled], 0
   249 0000988A 7405                <2>     je .sync_done
   250 0000988C C606[4D99]11        <2>     mov byte [hud_text_balls+7], 17
   251                              <2> .sync_done:
   252                              <2> 
   253 00009891 BE[3D99]            <2>     mov si, hud_text_fps
   254 00009894 BF[4A9A]            <2>     mov di, hud_canvas + 65
   255 00009897 BD0900              <2>     mov bp, 9
   256 0000989A E84D00              <2>     call draw_hud_text
   257 0000989D BE[4699]            <2>     mov si, hud_text_balls
   258 000098A0 BF[4A9C]            <2>     mov di, hud_canvas + 9 * 64 + 1
   259 000098A3 BD0800              <2>     mov bp, 8
   260 000098A6 E84100              <2>     call draw_hud_text
   261 000098A9 BE[4E99]            <2>     mov si, hud_text_cpu
   262 000098AC BF[4A9E]            <2>     mov di, hud_canvas + 17 * 64 + 1
   263 000098AF BD0900              <2>     mov bp, 9
   264 000098B2 E83500              <2>     call draw_hud_text
   265 000098B5 BE[5799]            <2>     mov si, hud_text_wait
   266 000098B8 BF[4AA0]            <2>     mov di, hud_canvas + 25 * 64 + 1
   267 000098BB BD0A00              <2>     mov bp, 10
   268 000098BE E82900              <2>     call draw_hud_text
   269 000098C1 6661                <2>     popad
   270 000098C3 C3                  <2>     ret
   271                              <2> 
   272                              <2> ; AX tenths, SI destination of three digits, a dot, and one decimal digit.
   273                              <2> format_tenths:
   274 000098C4 BB0A00              <2>     mov bx, 10
   275 000098C7 31D2                <2>     xor dx, dx
   276 000098C9 F7F3                <2>     div bx
   277 000098CB 80C204              <2>     add dl, 4
   278 000098CE 885404              <2>     mov [si+4], dl
   279 000098D1 31D2                <2>     xor dx, dx
   280 000098D3 F7F3                <2>     div bx
   281 000098D5 80C204              <2>     add dl, 4
   282 000098D8 885402              <2>     mov [si+2], dl
   283 000098DB 31D2                <2>     xor dx, dx
   284 000098DD F7F3                <2>     div bx
   285 000098DF 80C204              <2>     add dl, 4
   286 000098E2 885401              <2>     mov [si+1], dl
   287 000098E5 0404                <2>     add al, 4
   288 000098E7 8804                <2>     mov [si], al
   289 000098E9 C3                  <2>     ret
   290                              <2> 
   291                              <2> ; SI glyph indices, DI first canvas pixel, BP character count.
   292                              <2> draw_hud_text:
   293 000098EA 6660                <2>     pushad
   294                              <2> .char:
   295 000098EC 57                  <2>     push di
   296 000098ED 0FB604              <2>     movzx ax, byte [si]
   297 000098F0 6BC007              <2>     imul ax, 7
   298 000098F3 BB[6199]            <2>     mov bx, hud_glyphs
   299 000098F6 01C3                <2>     add bx, ax
   300 000098F8 BA0700              <2>     mov dx, 7
   301                              <2> .row:
   302 000098FB 8A07                <2>     mov al, [bx]
   303 000098FD B90500              <2>     mov cx, 5
   304                              <2> .pixel:
   305 00009900 A810                <2>     test al, 0x10
   306 00009902 7403                <2>     jz .skip
   307 00009904 C60501              <2>     mov byte [di], 1
   308                              <2> .skip:
   309 00009907 D0E0                <2>     shl al, 1
   310 00009909 47                  <2>     inc di
   311 0000990A E2F4                <2>     loop .pixel
   312 0000990C 83C73B              <2>     add di, 59
   313 0000990F 43                  <2>     inc bx
   314 00009910 4A                  <2>     dec dx
   315 00009911 75E8                <2>     jnz .row
   316 00009913 5F                  <2>     pop di
   317 00009914 83C706              <2>     add di, 6
   318 00009917 46                  <2>     inc si
   319 00009918 4D                  <2>     dec bp
   320 00009919 75D1                <2>     jnz .char
   321 0000991B 6661                <2>     popad
   322 0000991D C3                  <2>     ret
   323                              <2> 
   324 0000991E FFFF                <2> hud_last_fps dw 0xffff
   325 00009920 FFFF                <2> hud_last_balls dw 0xffff
   326 00009922 FFFF                <2> hud_last_cpu dw 0xffff
   327 00009924 FFFF                <2> hud_last_wait dw 0xffff
   328 00009926 00                  <2> fps_started db 0
   329 00009927 00000000            <2> fps_start dd 0
   330 0000992B 00000000            <2> fps_now dd 0
   331 0000992F 0000                <2> hud_frames dw 0
   332 00009931 0000                <2> hud_fps10 dw 0
   333 00009933 0000                <2> hud_total_ms10 dw 0
   334 00009935 0000                <2> hud_cpu_ms10 dw 0
   335 00009937 0000                <2> hud_wait_ms10 dw 0
   336 00009939 00000000            <2> wait_pit_ticks dd 0
   337 0000993D 000102030404040E04  <2> hud_text_fps db 0,1,2,3,4,4,4,14,4
   338 00009946 1003040404040F11    <2> hud_text_balls db 16,3,4,4,4,4,15,17
   339 0000994E 120113030404040E04  <2> hud_text_cpu db 18,1,19,3,4,4,4,14,4
   340 00009957 14151617030404040E- <2> hud_text_wait db 20,21,22,23,3,4,4,4,14,4
   340 00009960 04                  <2>
   341                              <2> hud_glyphs:
   342 00009961 1F10101E101010      <2>     db 0x1f,0x10,0x10,0x1e,0x10,0x10,0x10 ; F
   343 00009968 1E11111E101010      <2>     db 0x1e,0x11,0x11,0x1e,0x10,0x10,0x10 ; P
   344 0000996F 0F10100E01011E      <2>     db 0x0f,0x10,0x10,0x0e,0x01,0x01,0x1e ; S
   345 00009976 00040400040400      <2>     db 0x00,0x04,0x04,0x00,0x04,0x04,0x00 ; :
   346 0000997D 0E11131519110E      <2>     db 0x0e,0x11,0x13,0x15,0x19,0x11,0x0e ; 0
   347 00009984 040C040404040E      <2>     db 0x04,0x0c,0x04,0x04,0x04,0x04,0x0e ; 1
   348 0000998B 0E11010204081F      <2>     db 0x0e,0x11,0x01,0x02,0x04,0x08,0x1f ; 2
   349 00009992 1E01010E01011E      <2>     db 0x1e,0x01,0x01,0x0e,0x01,0x01,0x1e ; 3
   350 00009999 02060A121F0202      <2>     db 0x02,0x06,0x0a,0x12,0x1f,0x02,0x02 ; 4
   351 000099A0 1F10101E01011E      <2>     db 0x1f,0x10,0x10,0x1e,0x01,0x01,0x1e ; 5
   352 000099A7 0E10101E11110E      <2>     db 0x0e,0x10,0x10,0x1e,0x11,0x11,0x0e ; 6
   353 000099AE 1F010204080808      <2>     db 0x1f,0x01,0x02,0x04,0x08,0x08,0x08 ; 7
   354 000099B5 0E11110E11110E      <2>     db 0x0e,0x11,0x11,0x0e,0x11,0x11,0x0e ; 8
   355 000099BC 0E11110F01010E      <2>     db 0x0e,0x11,0x11,0x0f,0x01,0x01,0x0e ; 9
   356 000099C3 00000000000404      <2>     db 0x00,0x00,0x00,0x00,0x00,0x04,0x04 ; .
   357 000099CA 00<rep 7h>          <2>     times 7 db 0                        ; blank
   358 000099D1 1E11111E11111E      <2>     db 0x1e,0x11,0x11,0x1e,0x11,0x11,0x1e ; B
   359 000099D8 11111111110A04      <2>     db 0x11,0x11,0x11,0x11,0x11,0x0a,0x04 ; V
   360 000099DF 0E11101010110E      <2>     db 0x0e,0x11,0x10,0x10,0x10,0x11,0x0e ; C
   361 000099E6 1111111111110E      <2>     db 0x11,0x11,0x11,0x11,0x11,0x11,0x0e ; U
   362 000099ED 1111111515150A      <2>     db 0x11,0x11,0x11,0x15,0x15,0x15,0x0a ; W
   363 000099F4 0E11111F111111      <2>     db 0x0e,0x11,0x11,0x1f,0x11,0x11,0x11 ; A
   364 000099FB 0E04040404040E      <2>     db 0x0e,0x04,0x04,0x04,0x04,0x04,0x0e ; I
   365 00009A02 1F040404040404      <2>     db 0x1f,0x04,0x04,0x04,0x04,0x04,0x04 ; T
   366 00009A09 00<rep 800h>        <2> hud_canvas times 64 * 32 db 0
  2130 0000A209 00<rep 800h>        <1> mesh_mask_ram times MESH_MASK_W*MESH_MASK_H/8 db 0
  2131                              <1> %ifdef XDEMO
  2132                              <1> %include "xdemo_art.inc"
     1                              <2> xdemo_palette:
     2                              <2>     ; 0..15: base CGA colors
     3                              <2>     ; lane shades (dark to bright)
     4                              <2>     ; lane shades (dark to bright)
     5                              <2>     ; lane shades (dark to bright)
     6                              <2>     ; lane shades (dark to bright)
     7                              <2>     ; lane shades (dark to bright)
     8                              <2>     ; lane shades (dark to bright)
     9                              <2>     ; lane shades (dark to bright)
    10                              <2>     ; lane shades (dark to bright)
    11 0000AA09 00000000002A002A00- <2>     db 0,0,0,0,0,42,0,42,0,0,42,42
    11 0000AA12 002A2A              <2>
    12 0000AA15 2A00002A002A2A1500- <2>     db 42,0,0,42,0,42,42,21,0,42,42,42
    12 0000AA1E 2A2A2A              <2>
    13 0000AA21 15151515153F153F15- <2>     db 21,21,21,21,21,63,21,63,21,21,63,63
    13 0000AA2A 153F3F              <2>
    14 0000AA2D 3F15153F153F3F3F15- <2>     db 63,21,21,63,21,63,63,63,21,63,63,63
    14 0000AA36 3F3F3F              <2>
    15 0000AA39 150303230604310806- <2>     db 21,3,3,35,6,4,49,8,6,62,47,46
    15 0000AA42 3E2F2E              <2>
    16 0000AA45 151303231F04312B06- <2>     db 21,19,3,35,31,4,49,43,6,62,60,46
    16 0000AA4E 3E3C2E              <2>
    17 0000AA51 031305061F08082B0C- <2>     db 3,19,5,6,31,8,8,43,12,47,60,48
    17 0000AA5A 2F3C30              <2>
    18 0000AA5D 031114061C2008272D- <2>     db 3,17,20,6,28,32,8,39,45,47,58,61
    18 0000AA66 2F3A3D              <2>
    19 0000AA69 1305121F081E2B0C2A- <2>     db 19,5,18,31,8,30,43,12,42,60,48,60
    19 0000AA72 3C303C              <2>
    20 0000AA75 050815080E230C1331- <2>     db 5,8,21,8,14,35,12,19,49,48,51,62
    20 0000AA7E 30333E              <2>
    21 0000AA81 1111111C1C1C272727- <2>     db 17,17,17,28,28,28,39,39,39,58,58,58
    21 0000AA8A 3A3A3A              <2>
    22 0000AA8D 100A031A1006241608- <2>     db 16,10,3,26,16,6,36,22,8,57,52,47
    22 0000AA96 39342F              <2>
    23                              <2> xdemo_masks:
    24                              <2>     ; X level 0
    25 0000AA99 000000000000000000- <2>     db 0,0,0,0,0,0,0,0,0,0,0,0,0,0,0,0
    25 0000AAA2 00000000000000      <2>
    26 0000AAA9 000000000000000000- <2>     db 0,0,0,0,0,0,0,0,0,0,0,0,0,0,0,0
    26 0000AAB2 00000000000000      <2>
    27 0000AAB9 000000000000000000- <2>     db 0,0,0,0,0,0,0,0,0,0,0,0,0,0,0,0
    27 0000AAC2 00000000000000      <2>
    28 0000AAC9 000000000000000000- <2>     db 0,0,0,0,0,0,0,0,0,0,0,0,0,0,0,0
    28 0000AAD2 00000000000000      <2>
    29 0000AAD9 000000000000000000- <2>     db 0,0,0,0,0,0,0,0,0,0,0,0,0,0,0,0
    29 0000AAE2 00000000000000      <2>
    30 0000AAE9 0000000000F8070000- <2>     db 0,0,0,0,0,248,7,0,0,0,0,0,0,224,31,0
    30 0000AAF2 00000000E01F00      <2>
    31 0000AAF9 00FC0F000000000000- <2>     db 0,252,15,0,0,0,0,0,0,240,63,0,0,254,31,0
    31 0000AB02 F03F0000FE1F00      <2>
    32 0000AB09 0000000000F87F0000- <2>     db 0,0,0,0,0,248,127,0,0,255,63,0,0,0,0,0
    32 0000AB12 FF3F0000000000      <2>
    33 0000AB19 00FCFF0080FF7F0000- <2>     db 0,252,255,0,128,255,127,0,0,0,0,0,0,254,255,1
    33 0000AB22 00000000FEFF01      <2>
    34 0000AB29 80FF7F000000000000- <2>     db 128,255,127,0,0,0,0,0,0,254,255,1,128,255,127,0
    34 0000AB32 FEFF0180FF7F00      <2>
    35 0000AB39 0000000000FEFF0180- <2>     db 0,0,0,0,0,254,255,1,128,255,127,0,0,0,0,0
    35 0000AB42 FF7F0000000000      <2>
    36 0000AB49 00FEFF0180FF7F0000- <2>     db 0,254,255,1,128,255,127,0,0,0,0,0,0,254,255,1
    36 0000AB52 00000000FEFF01      <2>
    37 0000AB59 80FF7F000000000000- <2>     db 128,255,127,0,0,0,0,0,0,254,255,1,128,255,127,0
    37 0000AB62 FEFF0180FF7F00      <2>
    38 0000AB69 0000000000FEFF0180- <2>     db 0,0,0,0,0,254,255,1,128,255,127,0,0,0,0,0
    38 0000AB72 FF7F0000000000      <2>
    39 0000AB79 00FEFF0100FF3F0000- <2>     db 0,254,255,1,0,255,63,0,0,0,0,0,0,252,255,0
    39 0000AB82 00000000FCFF00      <2>
    40 0000AB89 00FF3F000000000000- <2>     db 0,255,63,0,0,0,0,0,0,252,255,0,128,255,127,0
    40 0000AB92 FCFF0080FF7F00      <2>
    41 0000AB99 0000000000FEFF0180- <2>     db 0,0,0,0,0,254,255,1,128,255,127,0,0,0,0,0
    41 0000ABA2 FF7F0000000000      <2>
    42 0000ABA9 00FEFF0180FF7F0000- <2>     db 0,254,255,1,128,255,127,0,0,0,0,0,0,254,255,1
    42 0000ABB2 00000000FEFF01      <2>
    43 0000ABB9 80FF7F000000000000- <2>     db 128,255,127,0,0,0,0,0,0,254,255,1,128,255,127,0
    43 0000ABC2 FEFF0180FF7F00      <2>
    44 0000ABC9 0000000000FEFF0180- <2>     db 0,0,0,0,0,254,255,1,128,255,127,0,0,0,0,0
    44 0000ABD2 FF7F0000000000      <2>
    45 0000ABD9 00FEFF0180FF7FF807- <2>     db 0,254,255,1,128,255,127,248,7,0,0,224,31,254,255,1
    45 0000ABE2 0000E01FFEFF01      <2>
    46 0000ABE9 80FF7FFC0F0000F03F- <2>     db 128,255,127,252,15,0,0,240,63,254,255,1,0,255,63,254
    46 0000ABF2 FEFF0100FF3FFE      <2>
    47 0000ABF9 1F0000F87FFCFF0000- <2>     db 31,0,0,248,127,252,255,0,0,254,31,255,63,0,0,252
    47 0000AC02 FE1FFF3F0000FC      <2>
    48 0000AC09 FFF87F0000FC8FFF7F- <2>     db 255,248,127,0,0,252,143,255,127,0,0,254,255,241,63,0
    48 0000AC12 0000FEFFF13F00      <2>
    49 0000AC19 00F887FF7F0000FEFF- <2>     db 0,248,135,255,127,0,0,254,255,225,31,0,0,0,128,255
    49 0000AC22 E11F00000080FF      <2>
    50 0000AC29 7F0000FEFF01000000- <2>     db 127,0,0,254,255,1,0,0,0,0,128,255,127,0,0,254
    50 0000AC32 0080FF7F0000FE      <2>
    51 0000AC39 FF010000000080FF7F- <2>     db 255,1,0,0,0,0,128,255,127,0,0,254,255,1,0,0
    51 0000AC42 0000FEFF010000      <2>
    52 0000AC49 000080FF7F0000FEFF- <2>     db 0,0,128,255,127,0,0,254,255,1,0,0,0,0,128,255
    52 0000AC52 010000000080FF      <2>
    53 0000AC59 7FF00FFEFF01000000- <2>     db 127,240,15,254,255,1,0,0,0,0,128,255,127,248,31,254
    53 0000AC62 0080FF7FF81FFE      <2>
    54 0000AC69 FF010000000000FF3F- <2>     db 255,1,0,0,0,0,0,255,63,252,63,252,255,0,0,0
    54 0000AC72 FC3FFCFF000000      <2>
    55 0000AC79 000000FE1FFE7FF87F- <2>     db 0,0,0,254,31,254,127,248,127,0,0,0,0,0,0,252
    55 0000AC82 000000000000FC      <2>
    56 0000AC89 0FFFFFF03F00000000- <2>     db 15,255,255,240,63,0,0,0,0,0,0,248,7,255,255,224
    56 0000AC92 0000F807FFFFE0      <2>
    57 0000AC99 1F0000000000000000- <2>     db 31,0,0,0,0,0,0,0,0,255,255,0,0,0,0,0
    57 0000ACA2 FFFF0000000000      <2>
    58 0000ACA9 0000000000FFFF0000- <2>     db 0,0,0,0,0,255,255,0,0,0,0,0,0,0,0,0
    58 0000ACB2 00000000000000      <2>
    59 0000ACB9 00FFFF000000000000- <2>     db 0,255,255,0,0,0,0,0,0,0,0,0,0,255,255,0
    59 0000ACC2 00000000FFFF00      <2>
    60 0000ACC9 00000000000000F807- <2>     db 0,0,0,0,0,0,0,248,7,255,255,224,31,0,0,0
    60 0000ACD2 FFFFE01F000000      <2>
    61 0000ACD9 000000FC0FFFFFF03F- <2>     db 0,0,0,252,15,255,255,240,63,0,0,0,0,0,0,254
    61 0000ACE2 000000000000FE      <2>
    62 0000ACE9 1FFE7FF87F00000000- <2>     db 31,254,127,248,127,0,0,0,0,0,0,255,63,252,63,252
    62 0000ACF2 0000FF3FFC3FFC      <2>
    63 0000ACF9 FF000000000080FF7F- <2>     db 255,0,0,0,0,0,128,255,127,248,31,254,255,1,0,0
    63 0000AD02 F81FFEFF010000      <2>
    64 0000AD09 000080FF7FF00FFEFF- <2>     db 0,0,128,255,127,240,15,254,255,1,0,0,0,0,128,255
    64 0000AD12 010000000080FF      <2>
    65 0000AD19 7F0000FEFF01000000- <2>     db 127,0,0,254,255,1,0,0,0,0,128,255,127,0,0,254
    65 0000AD22 0080FF7F0000FE      <2>
    66 0000AD29 FF010000000080FF7F- <2>     db 255,1,0,0,0,0,128,255,127,0,0,254,255,1,0,0
    66 0000AD32 0000FEFF010000      <2>
    67 0000AD39 000080FF7F0000FEFF- <2>     db 0,0,128,255,127,0,0,254,255,1,0,0,0,248,135,255
    67 0000AD42 01000000F887FF      <2>
    68 0000AD49 7F0000FEFFE11F0000- <2>     db 127,0,0,254,255,225,31,0,0,252,143,255,127,0,0,254
    68 0000AD52 FC8FFF7F0000FE      <2>
    69 0000AD59 FFF13F0000FE1FFF3F- <2>     db 255,241,63,0,0,254,31,255,63,0,0,252,255,248,127,0
    69 0000AD62 0000FCFFF87F00      <2>
    70 0000AD69 00FF3FFE1F0000F87F- <2>     db 0,255,63,254,31,0,0,248,127,252,255,0,128,255,127,252
    70 0000AD72 FCFF0080FF7FFC      <2>
    71 0000AD79 0F0000F03FFEFF0180- <2>     db 15,0,0,240,63,254,255,1,128,255,127,248,7,0,0,224
    71 0000AD82 FF7FF8070000E0      <2>
    72 0000AD89 1FFEFF0180FF7F0000- <2>     db 31,254,255,1,128,255,127,0,0,0,0,0,0,254,255,1
    72 0000AD92 00000000FEFF01      <2>
    73 0000AD99 80FF7F000000000000- <2>     db 128,255,127,0,0,0,0,0,0,254,255,1,128,255,127,0
    73 0000ADA2 FEFF0180FF7F00      <2>
    74 0000ADA9 0000000000FEFF0180- <2>     db 0,0,0,0,0,254,255,1,128,255,127,0,0,0,0,0
    74 0000ADB2 FF7F0000000000      <2>
    75 0000ADB9 00FEFF0180FF7F0000- <2>     db 0,254,255,1,128,255,127,0,0,0,0,0,0,254,255,1
    75 0000ADC2 00000000FEFF01      <2>
    76 0000ADC9 80FF7F000000000000- <2>     db 128,255,127,0,0,0,0,0,0,254,255,1,0,255,63,0
    76 0000ADD2 FEFF0100FF3F00      <2>
    77 0000ADD9 0000000000FCFF0000- <2>     db 0,0,0,0,0,252,255,0,0,255,63,0,0,0,0,0
    77 0000ADE2 FF3F0000000000      <2>
    78 0000ADE9 00FCFF0080FF7F0000- <2>     db 0,252,255,0,128,255,127,0,0,0,0,0,0,254,255,1
    78 0000ADF2 00000000FEFF01      <2>
    79 0000ADF9 80FF7F000000000000- <2>     db 128,255,127,0,0,0,0,0,0,254,255,1,128,255,127,0
    79 0000AE02 FEFF0180FF7F00      <2>
    80 0000AE09 0000000000FEFF0180- <2>     db 0,0,0,0,0,254,255,1,128,255,127,0,0,0,0,0
    80 0000AE12 FF7F0000000000      <2>
    81 0000AE19 00FEFF0180FF7F0000- <2>     db 0,254,255,1,128,255,127,0,0,0,0,0,0,254,255,1
    81 0000AE22 00000000FEFF01      <2>
    82 0000AE29 80FF7F000000000000- <2>     db 128,255,127,0,0,0,0,0,0,254,255,1,128,255,127,0
    82 0000AE32 FEFF0180FF7F00      <2>
    83 0000AE39 0000000000FEFF0180- <2>     db 0,0,0,0,0,254,255,1,128,255,127,0,0,0,0,0
    83 0000AE42 FF7F0000000000      <2>
    84 0000AE49 00FEFF0100FF3F0000- <2>     db 0,254,255,1,0,255,63,0,0,0,0,0,0,252,255,0
    84 0000AE52 00000000FCFF00      <2>
    85 0000AE59 00FE1F000000000000- <2>     db 0,254,31,0,0,0,0,0,0,248,127,0,0,252,15,0
    85 0000AE62 F87F0000FC0F00      <2>
    86 0000AE69 0000000000F03F0000- <2>     db 0,0,0,0,0,240,63,0,0,248,7,0,0,0,0,0
    86 0000AE72 F8070000000000      <2>
    87 0000AE79 00E01F000000000000- <2>     db 0,224,31,0,0,0,0,0,0,0,0,0,0,0,0,0
    87 0000AE82 00000000000000      <2>
    88 0000AE89 000000000000000000- <2>     db 0,0,0,0,0,0,0,0,0,0,0,0,0,0,0,0
    88 0000AE92 00000000000000      <2>
    89 0000AE99 000000000000000000- <2>     db 0,0,0,0,0,0,0,0,0,0,0,0,0,0,0,0
    89 0000AEA2 00000000000000      <2>
    90 0000AEA9 000000000000000000- <2>     db 0,0,0,0,0,0,0,0,0,0,0,0,0,0,0,0
    90 0000AEB2 00000000000000      <2>
    91 0000AEB9 000000000000000000- <2>     db 0,0,0,0,0,0,0,0,0,0,0,0,0,0,0,0
    91 0000AEC2 00000000000000      <2>
    92 0000AEC9 0000000000000000    <2>     db 0,0,0,0,0,0,0,0
    93                              <2>     ; X level 1
    94 0000AED1 000000000000000000- <2>     db 0,0,0,0,0,0,0,0,0,0,0,0,0,0,0,0
    94 0000AEDA 00000000000000      <2>
    95 0000AEE1 000000000000000000- <2>     db 0,0,0,0,0,0,0,0,0,0,0,0,0,0,0,0
    95 0000AEEA 00000000000000      <2>
    96 0000AEF1 000000000000000000- <2>     db 0,0,0,0,0,0,0,0,0,0,0,0,0,0,0,0
    96 0000AEFA 00000000000000      <2>
    97 0000AF01 000000000000000000- <2>     db 0,0,0,0,0,0,0,0,0,0,0,0,0,0,0,0
    97 0000AF0A 00000000000000      <2>
    98 0000AF11 000000000000000000- <2>     db 0,0,0,0,0,0,0,0,0,0,0,0,0,0,0,0
    98 0000AF1A 00000000000000      <2>
    99 0000AF21 0000000000F8070000- <2>     db 0,0,0,0,0,248,7,0,0,0,0,0,0,224,31,0
    99 0000AF2A 00000000E01F00      <2>
   100 0000AF31 00FC0F000000000000- <2>     db 0,252,15,0,0,0,0,0,0,240,63,0,0,254,31,0
   100 0000AF3A F03F0000FE1F00      <2>
   101 0000AF41 0000000000F87F0000- <2>     db 0,0,0,0,0,248,127,0,0,255,31,0,0,0,0,0
   101 0000AF4A FF1F0000000000      <2>
   102 0000AF51 00FC7F0080FF1F0000- <2>     db 0,252,127,0,128,255,31,0,0,0,0,0,0,254,127,0
   102 0000AF5A 00000000FE7F00      <2>
   103 0000AF61 80FF1F000000000000- <2>     db 128,255,31,0,0,0,0,0,0,254,127,0,128,255,15,0
   103 0000AF6A FE7F0080FF0F00      <2>
   104 0000AF71 0000000000FE3F0080- <2>     db 0,0,0,0,0,254,63,0,128,255,15,0,0,0,0,0
   104 0000AF7A FF0F0000000000      <2>
   105 0000AF81 00FE3F0080FF070000- <2>     db 0,254,63,0,128,255,7,0,0,0,0,0,0,254,31,0
   105 0000AF8A 00000000FE1F00      <2>
   106 0000AF91 80FF03000000000000- <2>     db 128,255,3,0,0,0,0,0,0,254,15,0,128,255,7,0
   106 0000AF9A FE0F0080FF0700      <2>
   107 0000AFA1 0000000000FE1F0000- <2>     db 0,0,0,0,0,254,31,0,0,255,15,0,0,0,0,0
   107 0000AFAA FF0F0000000000      <2>
   108 0000AFB1 00FC3F0000FE1F0000- <2>     db 0,252,63,0,0,254,31,0,0,0,0,0,0,248,127,0
   108 0000AFBA 00000000F87F00      <2>
   109 0000AFC1 00FF1F000000000000- <2>     db 0,255,31,0,0,0,0,0,0,252,127,0,128,255,31,0
   109 0000AFCA FC7F0080FF1F00      <2>
   110 0000AFD1 0000000000FE7F0080- <2>     db 0,0,0,0,0,254,127,0,128,255,31,0,0,0,0,0
   110 0000AFDA FF1F0000000000      <2>
   111 0000AFE1 00FE7F0080FF0F0000- <2>     db 0,254,127,0,128,255,15,0,0,0,0,0,0,254,63,0
   111 0000AFEA 00000000FE3F00      <2>
   112 0000AFF1 80FF0F000000000000- <2>     db 128,255,15,0,0,0,0,0,0,254,63,0,128,255,7,0
   112 0000AFFA FE3F0080FF0700      <2>
   113 0000B001 0000000000FE1F0080- <2>     db 0,0,0,0,0,254,31,0,128,255,3,0,0,0,0,0
   113 0000B00A FF030000000000      <2>
   114 0000B011 00FE0F0080FF01F807- <2>     db 0,254,15,0,128,255,1,248,7,0,0,224,31,254,7,0
   114 0000B01A 0000E01FFE0700      <2>
   115 0000B021 00FF00FC0F0000F03F- <2>     db 0,255,0,252,15,0,0,240,63,252,3,0,0,28,0,254
   115 0000B02A FC0300001C00FE      <2>
   116 0000B031 1F0000F87F70000000- <2>     db 31,0,0,248,127,112,0,0,0,0,0,255,31,0,0,252
   116 0000B03A 0000FF1F0000FC      <2>
   117 0000B041 7F000000000080FF1F- <2>     db 127,0,0,0,0,0,128,255,31,0,0,254,127,0,0,0
   117 0000B04A 0000FE7F000000      <2>
   118 0000B051 000080FF1F0000FE7F- <2>     db 0,0,128,255,31,0,0,254,127,0,0,0,0,0,128,255
   118 0000B05A 000000000080FF      <2>
   119 0000B061 0F0000FE3F00000000- <2>     db 15,0,0,254,63,0,0,0,0,0,128,255,15,0,0,254
   119 0000B06A 0080FF0F0000FE      <2>
   120 0000B071 3F000000000080FF07- <2>     db 63,0,0,0,0,0,128,255,7,0,0,254,31,0,0,0
   120 0000B07A 0000FE1F000000      <2>
   121 0000B081 000080FF030000FE0F- <2>     db 0,0,128,255,3,0,0,254,15,0,0,0,0,0,128,255
   121 0000B08A 000000000080FF      <2>
   122 0000B091 01F00FFE0700000000- <2>     db 1,240,15,254,7,0,0,0,0,0,0,255,0,248,31,252
   122 0000B09A 0000FF00F81FFC      <2>
   123 0000B0A1 030000000000001C00- <2>     db 3,0,0,0,0,0,0,28,0,252,63,112,0,0,0,0
   123 0000B0AA FC3F7000000000      <2>
   124 0000B0B1 0000000000FE3F0000- <2>     db 0,0,0,0,0,254,63,0,0,0,0,0,0,0,0,0
   124 0000B0BA 00000000000000      <2>
   125 0000B0C1 00FF3F000000000000- <2>     db 0,255,63,0,0,0,0,0,0,0,0,0,0,255,63,0
   125 0000B0CA 00000000FF3F00      <2>
   126 0000B0D1 000000000000000000- <2>     db 0,0,0,0,0,0,0,0,0,255,31,0,0,0,0,0
   126 0000B0DA FF1F0000000000      <2>
   127 0000B0E1 0000000000FF1F0000- <2>     db 0,0,0,0,0,255,31,0,0,0,0,0,0,0,0,0
   127 0000B0EA 00000000000000      <2>
   128 0000B0F1 00FF0F000000000000- <2>     db 0,255,15,0,0,0,0,0,0,0,0,0,0,255,7,0
   128 0000B0FA 00000000FF0700      <2>
   129 0000B101 00000000000000F807- <2>     db 0,0,0,0,0,0,0,248,7,255,3,224,31,0,0,0
   129 0000B10A FF03E01F000000      <2>
   130 0000B111 000000FC0FFE01F03F- <2>     db 0,0,0,252,15,254,1,240,63,0,0,0,0,0,0,254
   130 0000B11A 000000000000FE      <2>
   131 0000B121 1F3800F87F00000000- <2>     db 31,56,0,248,127,0,0,0,0,0,0,255,31,0,0,252
   131 0000B12A 0000FF1F0000FC      <2>
   132 0000B131 7F000000000080FF1F- <2>     db 127,0,0,0,0,0,128,255,31,0,0,254,127,0,0,0
   132 0000B13A 0000FE7F000000      <2>
   133 0000B141 000080FF1F0000FE7F- <2>     db 0,0,128,255,31,0,0,254,127,0,0,0,0,0,128,255
   133 0000B14A 000000000080FF      <2>
   134 0000B151 0F0000FE3F00000000- <2>     db 15,0,0,254,63,0,0,0,0,0,128,255,15,0,0,254
   134 0000B15A 0080FF0F0000FE      <2>
   135 0000B161 3F000000000080FF07- <2>     db 63,0,0,0,0,0,128,255,7,0,0,254,31,0,0,0
   135 0000B16A 0000FE1F000000      <2>
   136 0000B171 000080FF030000FE0F- <2>     db 0,0,128,255,3,0,0,254,15,0,0,0,0,248,135,255
   136 0000B17A 00000000F887FF      <2>
   137 0000B181 010000FE07E01F0000- <2>     db 1,0,0,254,7,224,31,0,0,252,15,255,0,0,0,252
   137 0000B18A FC0FFF000000FC      <2>
   138 0000B191 03F03F0000FE1F1C00- <2>     db 3,240,63,0,0,254,31,28,0,0,0,112,0,248,127,0
   138 0000B19A 00007000F87F00      <2>
   139 0000B1A1 00FF1F000000000000- <2>     db 0,255,31,0,0,0,0,0,0,252,127,0,128,255,31,0
   139 0000B1AA FC7F0080FF1F00      <2>
   140 0000B1B1 0000000000FE7F0080- <2>     db 0,0,0,0,0,254,127,0,128,255,31,0,0,0,0,0
   140 0000B1BA FF1F0000000000      <2>
   141 0000B1C1 00FE7F0080FF0F0000- <2>     db 0,254,127,0,128,255,15,0,0,0,0,0,0,254,63,0
   141 0000B1CA 00000000FE3F00      <2>
   142 0000B1D1 80FF0F000000000000- <2>     db 128,255,15,0,0,0,0,0,0,254,63,0,128,255,7,0
   142 0000B1DA FE3F0080FF0700      <2>
   143 0000B1E1 0000000000FE1F0080- <2>     db 0,0,0,0,0,254,31,0,128,255,3,0,0,0,0,0
   143 0000B1EA FF030000000000      <2>
   144 0000B1F1 00FE0F0080FF070000- <2>     db 0,254,15,0,128,255,7,0,0,0,0,0,0,254,31,0
   144 0000B1FA 00000000FE1F00      <2>
   145 0000B201 00FF0F000000000000- <2>     db 0,255,15,0,0,0,0,0,0,252,63,0,0,254,31,0
   145 0000B20A FC3F0000FE1F00      <2>
   146 0000B211 0000000000F87F0000- <2>     db 0,0,0,0,0,248,127,0,0,255,31,0,0,0,0,0
   146 0000B21A FF1F0000000000      <2>
   147 0000B221 00FC7F0080FF1F0000- <2>     db 0,252,127,0,128,255,31,0,0,0,0,0,0,254,127,0
   147 0000B22A 00000000FE7F00      <2>
   148 0000B231 80FF1F000000000000- <2>     db 128,255,31,0,0,0,0,0,0,254,127,0,128,255,15,0
   148 0000B23A FE7F0080FF0F00      <2>
   149 0000B241 0000000000FE3F0080- <2>     db 0,0,0,0,0,254,63,0,128,255,15,0,0,0,0,0
   149 0000B24A FF0F0000000000      <2>
   150 0000B251 00FE3F0080FF070000- <2>     db 0,254,63,0,128,255,7,0,0,0,0,0,0,254,31,0
   150 0000B25A 00000000FE1F00      <2>
   151 0000B261 80FF03000000000000- <2>     db 128,255,3,0,0,0,0,0,0,254,15,0,128,255,1,0
   151 0000B26A FE0F0080FF0100      <2>
   152 0000B271 0000000000FE070000- <2>     db 0,0,0,0,0,254,7,0,0,255,0,0,0,0,0,0
   152 0000B27A FF000000000000      <2>
   153 0000B281 00FC0300001C000000- <2>     db 0,252,3,0,0,28,0,0,0,0,0,0,0,112,0,0
   153 0000B28A 00000000700000      <2>
   154 0000B291 000000000000000000- <2>     db 0,0,0,0,0,0,0,0,0,0,0,0,0,0,0,0
   154 0000B29A 00000000000000      <2>
   155 0000B2A1 000000000000000000- <2>     db 0,0,0,0,0,0,0,0,0,0,0,0,0,0,0,0
   155 0000B2AA 00000000000000      <2>
   156 0000B2B1 000000000000000000- <2>     db 0,0,0,0,0,0,0,0,0,0,0,0,0,0,0,0
   156 0000B2BA 00000000000000      <2>
   157 0000B2C1 000000000000000000- <2>     db 0,0,0,0,0,0,0,0,0,0,0,0,0,0,0,0
   157 0000B2CA 00000000000000      <2>
   158 0000B2D1 000000000000000000- <2>     db 0,0,0,0,0,0,0,0,0,0,0,0,0,0,0,0
   158 0000B2DA 00000000000000      <2>
   159 0000B2E1 000000000000000000- <2>     db 0,0,0,0,0,0,0,0,0,0,0,0,0,0,0,0
   159 0000B2EA 00000000000000      <2>
   160 0000B2F1 000000000000000000- <2>     db 0,0,0,0,0,0,0,0,0,0,0,0,0,0,0,0
   160 0000B2FA 00000000000000      <2>
   161 0000B301 0000000000000000    <2>     db 0,0,0,0,0,0,0,0
   162                              <2>     ; X level 2
   163 0000B309 000000000000000000- <2>     db 0,0,0,0,0,0,0,0,0,0,0,0,0,0,0,0
   163 0000B312 00000000000000      <2>
   164 0000B319 000000000000000000- <2>     db 0,0,0,0,0,0,0,0,0,0,0,0,0,0,0,0
   164 0000B322 00000000000000      <2>
   165 0000B329 000000000000000000- <2>     db 0,0,0,0,0,0,0,0,0,0,0,0,0,0,0,0
   165 0000B332 00000000000000      <2>
   166 0000B339 000000000000000000- <2>     db 0,0,0,0,0,0,0,0,0,0,0,0,0,0,0,0
   166 0000B342 00000000000000      <2>
   167 0000B349 000000000000000000- <2>     db 0,0,0,0,0,0,0,0,0,0,0,0,0,0,0,0
   167 0000B352 00000000000000      <2>
   168 0000B359 0000000000F8030000- <2>     db 0,0,0,0,0,248,3,0,0,0,0,0,0,224,15,0
   168 0000B362 00000000E00F00      <2>
   169 0000B369 00FC07000000000000- <2>     db 0,252,7,0,0,0,0,0,0,240,31,0,0,254,7,0
   169 0000B372 F01F0000FE0700      <2>
   170 0000B379 0000000000F81F0000- <2>     db 0,0,0,0,0,248,31,0,0,255,7,0,0,0,0,0
   170 0000B382 FF070000000000      <2>
   171 0000B389 00FC1F0080FF070000- <2>     db 0,252,31,0,128,255,7,0,0,0,0,0,0,254,31,0
   171 0000B392 00000000FE1F00      <2>
   172 0000B399 80FF03000000000000- <2>     db 128,255,3,0,0,0,0,0,0,254,15,0,128,255,3,0
   172 0000B3A2 FE0F0080FF0300      <2>
   173 0000B3A9 0000000000FE0F0080- <2>     db 0,0,0,0,0,254,15,0,128,255,1,0,0,0,0,0
   173 0000B3B2 FF010000000000      <2>
   174 0000B3B9 00FE070080FF000000- <2>     db 0,254,7,0,128,255,0,0,0,0,0,0,0,254,3,0
   174 0000B3C2 00000000FE0300      <2>
   175 0000B3C9 007F00000000000000- <2>     db 0,127,0,0,0,0,0,0,0,252,1,0,0,252,3,0
   175 0000B3D2 FC010000FC0300      <2>
   176 0000B3D9 0000000000F00F0000- <2>     db 0,0,0,0,0,240,15,0,0,252,7,0,0,0,0,0
   176 0000B3E2 FC070000000000      <2>
   177 0000B3E9 00F01F0000FE070000- <2>     db 0,240,31,0,0,254,7,0,0,0,0,0,0,248,31,0
   177 0000B3F2 00000000F81F00      <2>
   178 0000B3F9 00FF07000000000000- <2>     db 0,255,7,0,0,0,0,0,0,252,31,0,128,255,7,0
   178 0000B402 FC1F0080FF0700      <2>
   179 0000B409 0000000000FE1F0080- <2>     db 0,0,0,0,0,254,31,0,128,255,3,0,0,0,0,0
   179 0000B412 FF030000000000      <2>
   180 0000B419 00FE0F0080FF030000- <2>     db 0,254,15,0,128,255,3,0,0,0,0,0,0,254,15,0
   180 0000B422 00000000FE0F00      <2>
   181 0000B429 80FF01000000000000- <2>     db 128,255,1,0,0,0,0,0,0,254,7,0,128,255,0,0
   181 0000B432 FE070080FF0000      <2>
   182 0000B439 0000000000FE030000- <2>     db 0,0,0,0,0,254,3,0,0,127,0,0,0,0,0,0
   182 0000B442 7F000000000000      <2>
   183 0000B449 00FC0100000400F803- <2>     db 0,252,1,0,0,4,0,248,3,0,0,224,15,16,0,0
   183 0000B452 0000E00F100000      <2>
   184 0000B459 000000FC070000F01F- <2>     db 0,0,0,252,7,0,0,240,31,0,0,0,0,0,0,254
   184 0000B462 000000000000FE      <2>
   185 0000B469 070000F81F00000000- <2>     db 7,0,0,248,31,0,0,0,0,0,0,255,7,0,0,252
   185 0000B472 0000FF070000FC      <2>
   186 0000B479 1F000000000080FF07- <2>     db 31,0,0,0,0,0,128,255,7,0,0,254,31,0,0,0
   186 0000B482 0000FE1F000000      <2>
   187 0000B489 000080FF030000FE0F- <2>     db 0,0,128,255,3,0,0,254,15,0,0,0,0,0,128,255
   187 0000B492 000000000080FF      <2>
   188 0000B499 030000FE0F00000000- <2>     db 3,0,0,254,15,0,0,0,0,0,128,255,1,0,0,254
   188 0000B4A2 0080FF010000FE      <2>
   189 0000B4A9 07000000000080FF00- <2>     db 7,0,0,0,0,0,128,255,0,0,0,254,3,0,0,0
   189 0000B4B2 0000FE03000000      <2>
   190 0000B4B9 0000007F000000FC01- <2>     db 0,0,0,127,0,0,0,252,1,0,0,0,0,0,0,4
   190 0000B4C2 00000000000004      <2>
   191 0000B4C9 00F007100000000000- <2>     db 0,240,7,16,0,0,0,0,0,0,0,0,0,248,15,0
   191 0000B4D2 00000000F80F00      <2>
   192 0000B4D9 000000000000000000- <2>     db 0,0,0,0,0,0,0,0,0,252,15,0,0,0,0,0
   192 0000B4E2 FC0F0000000000      <2>
   193 0000B4E9 0000000000FE0F0000- <2>     db 0,0,0,0,0,254,15,0,0,0,0,0,0,0,0,0
   193 0000B4F2 00000000000000      <2>
   194 0000B4F9 00FF0F000000000000- <2>     db 0,255,15,0,0,0,0,0,0,0,0,0,0,255,7,0
   194 0000B502 00000000FF0700      <2>
   195 0000B509 000000000000000000- <2>     db 0,0,0,0,0,0,0,0,0,255,7,0,0,0,0,0
   195 0000B512 FF070000000000      <2>
   196 0000B519 0000000000FF030000- <2>     db 0,0,0,0,0,255,3,0,0,0,0,0,0,0,0,0
   196 0000B522 00000000000000      <2>
   197 0000B529 00FF01000000000000- <2>     db 0,255,1,0,0,0,0,0,0,0,0,0,0,254,0,0
   197 0000B532 00000000FE0000      <2>
   198 0000B539 00000000000000F803- <2>     db 0,0,0,0,0,0,0,248,3,8,0,224,15,0,0,0
   198 0000B542 0800E00F000000      <2>
   199 0000B549 000000FC070000F01F- <2>     db 0,0,0,252,7,0,0,240,31,0,0,0,0,0,0,254
   199 0000B552 000000000000FE      <2>
   200 0000B559 070000F81F00000000- <2>     db 7,0,0,248,31,0,0,0,0,0,0,255,7,0,0,252
   200 0000B562 0000FF070000FC      <2>
   201 0000B569 1F000000000080FF07- <2>     db 31,0,0,0,0,0,128,255,7,0,0,254,31,0,0,0
   201 0000B572 0000FE1F000000      <2>
   202 0000B579 000080FF030000FE0F- <2>     db 0,0,128,255,3,0,0,254,15,0,0,0,0,0,128,255
   202 0000B582 000000000080FF      <2>
   203 0000B589 030000FE0F00000000- <2>     db 3,0,0,254,15,0,0,0,0,0,128,255,1,0,0,254
   203 0000B592 0080FF010000FE      <2>
   204 0000B599 07000000000080FF00- <2>     db 7,0,0,0,0,0,128,255,0,0,0,254,3,0,0,0
   204 0000B5A2 0000FE03000000      <2>
   205 0000B5A9 0000007F000000FC01- <2>     db 0,0,0,127,0,0,0,252,1,0,0,0,0,248,3,4
   205 0000B5B2 00000000F80304      <2>
   206 0000B5B9 0000001000E00F0000- <2>     db 0,0,0,16,0,224,15,0,0,252,7,0,0,0,0,0
   206 0000B5C2 FC070000000000      <2>
   207 0000B5C9 00F01F0000FE070000- <2>     db 0,240,31,0,0,254,7,0,0,0,0,0,0,248,31,0
   207 0000B5D2 00000000F81F00      <2>
   208 0000B5D9 00FF07000000000000- <2>     db 0,255,7,0,0,0,0,0,0,252,31,0,128,255,7,0
   208 0000B5E2 FC1F0080FF0700      <2>
   209 0000B5E9 0000000000FE1F0080- <2>     db 0,0,0,0,0,254,31,0,128,255,3,0,0,0,0,0
   209 0000B5F2 FF030000000000      <2>
   210 0000B5F9 00FE0F0080FF030000- <2>     db 0,254,15,0,128,255,3,0,0,0,0,0,0,254,15,0
   210 0000B602 00000000FE0F00      <2>
   211 0000B609 80FF01000000000000- <2>     db 128,255,1,0,0,0,0,0,0,254,7,0,128,255,0,0
   211 0000B612 FE070080FF0000      <2>
   212 0000B619 0000000000FE030000- <2>     db 0,0,0,0,0,254,3,0,0,127,0,0,0,0,0,0
   212 0000B622 7F000000000000      <2>
   213 0000B629 00FC010000FC030000- <2>     db 0,252,1,0,0,252,3,0,0,0,0,0,0,240,15,0
   213 0000B632 00000000F00F00      <2>
   214 0000B639 00FC07000000000000- <2>     db 0,252,7,0,0,0,0,0,0,240,31,0,0,254,7,0
   214 0000B642 F01F0000FE0700      <2>
   215 0000B649 0000000000F81F0000- <2>     db 0,0,0,0,0,248,31,0,0,255,7,0,0,0,0,0
   215 0000B652 FF070000000000      <2>
   216 0000B659 00FC1F0080FF070000- <2>     db 0,252,31,0,128,255,7,0,0,0,0,0,0,254,31,0
   216 0000B662 00000000FE1F00      <2>
   217 0000B669 80FF03000000000000- <2>     db 128,255,3,0,0,0,0,0,0,254,15,0,128,255,3,0
   217 0000B672 FE0F0080FF0300      <2>
   218 0000B679 0000000000FE0F0080- <2>     db 0,0,0,0,0,254,15,0,128,255,1,0,0,0,0,0
   218 0000B682 FF010000000000      <2>
   219 0000B689 00FE070080FF000000- <2>     db 0,254,7,0,128,255,0,0,0,0,0,0,0,254,3,0
   219 0000B692 00000000FE0300      <2>
   220 0000B699 007F00000000000000- <2>     db 0,127,0,0,0,0,0,0,0,252,1,0,0,4,0,0
   220 0000B6A2 FC010000040000      <2>
   221 0000B6A9 000000000010000000- <2>     db 0,0,0,0,0,16,0,0,0,0,0,0,0,0,0,0
   221 0000B6B2 00000000000000      <2>
   222 0000B6B9 000000000000000000- <2>     db 0,0,0,0,0,0,0,0,0,0,0,0,0,0,0,0
   222 0000B6C2 00000000000000      <2>
   223 0000B6C9 000000000000000000- <2>     db 0,0,0,0,0,0,0,0,0,0,0,0,0,0,0,0
   223 0000B6D2 00000000000000      <2>
   224 0000B6D9 000000000000000000- <2>     db 0,0,0,0,0,0,0,0,0,0,0,0,0,0,0,0
   224 0000B6E2 00000000000000      <2>
   225 0000B6E9 000000000000000000- <2>     db 0,0,0,0,0,0,0,0,0,0,0,0,0,0,0,0
   225 0000B6F2 00000000000000      <2>
   226 0000B6F9 000000000000000000- <2>     db 0,0,0,0,0,0,0,0,0,0,0,0,0,0,0,0
   226 0000B702 00000000000000      <2>
   227 0000B709 000000000000000000- <2>     db 0,0,0,0,0,0,0,0,0,0,0,0,0,0,0,0
   227 0000B712 00000000000000      <2>
   228 0000B719 000000000000000000- <2>     db 0,0,0,0,0,0,0,0,0,0,0,0,0,0,0,0
   228 0000B722 00000000000000      <2>
   229 0000B729 000000000000000000- <2>     db 0,0,0,0,0,0,0,0,0,0,0,0,0,0,0,0
   229 0000B732 00000000000000      <2>
   230 0000B739 0000000000000000    <2>     db 0,0,0,0,0,0,0,0
   231                              <2>     ; X level 3
   232 0000B741 000000000000000000- <2>     db 0,0,0,0,0,0,0,0,0,0,0,0,0,0,0,0
   232 0000B74A 00000000000000      <2>
   233 0000B751 000000000000000000- <2>     db 0,0,0,0,0,0,0,0,0,0,0,0,0,0,0,0
   233 0000B75A 00000000000000      <2>
   234 0000B761 000000000000000000- <2>     db 0,0,0,0,0,0,0,0,0,0,0,0,0,0,0,0
   234 0000B76A 00000000000000      <2>
   235 0000B771 000000000000000000- <2>     db 0,0,0,0,0,0,0,0,0,0,0,0,0,0,0,0
   235 0000B77A 00000000000000      <2>
   236 0000B781 000000000000000000- <2>     db 0,0,0,0,0,0,0,0,0,0,0,0,0,0,0,0
   236 0000B78A 00000000000000      <2>
   237 0000B791 0000000000F8000000- <2>     db 0,0,0,0,0,248,0,0,0,0,0,0,0,224,3,0
   237 0000B79A 00000000E00300      <2>
   238 0000B7A1 00FC00000000000000- <2>     db 0,252,0,0,0,0,0,0,0,240,3,0,0,254,1,0
   238 0000B7AA F0030000FE0100      <2>
   239 0000B7B1 0000000000F8070000- <2>     db 0,0,0,0,0,248,7,0,0,255,1,0,0,0,0,0
   239 0000B7BA FF010000000000      <2>
   240 0000B7C1 00FC070000FF000000- <2>     db 0,252,7,0,0,255,0,0,0,0,0,0,0,252,3,0
   240 0000B7CA 00000000FC0300      <2>
   241 0000B7D1 00FF00000000000000- <2>     db 0,255,0,0,0,0,0,0,0,252,3,0,0,127,0,0
   241 0000B7DA FC0300007F0000      <2>
   242 0000B7E1 0000000000FC010000- <2>     db 0,0,0,0,0,252,1,0,0,30,0,0,0,0,0,0
   242 0000B7EA 1E000000000000      <2>
   243 0000B7F1 007800000000000000- <2>     db 0,120,0,0,0,0,0,0,0,0,0,0,0,0,0,0
   243 0000B7FA 00000000000000      <2>
   244 0000B801 000000000000000000- <2>     db 0,0,0,0,0,0,0,0,0,0,0,0,0,248,0,0
   244 0000B80A 00000000F80000      <2>
   245 0000B811 0000000000E0030000- <2>     db 0,0,0,0,0,224,3,0,0,252,0,0,0,0,0,0
   245 0000B81A FC000000000000      <2>
   246 0000B821 00F0030000FE010000- <2>     db 0,240,3,0,0,254,1,0,0,0,0,0,0,248,7,0
   246 0000B82A 00000000F80700      <2>
   247 0000B831 00FF01000000000000- <2>     db 0,255,1,0,0,0,0,0,0,252,7,0,0,255,0,0
   247 0000B83A FC070000FF0000      <2>
   248 0000B841 0000000000FC030000- <2>     db 0,0,0,0,0,252,3,0,0,255,0,0,0,0,0,0
   248 0000B84A FF000000000000      <2>
   249 0000B851 00FC0300007F000000- <2>     db 0,252,3,0,0,127,0,0,0,0,0,0,0,252,1,0
   249 0000B85A 00000000FC0100      <2>
   250 0000B861 001E00000000000000- <2>     db 0,30,0,0,0,0,0,0,0,120,0,0,0,0,0,0
   250 0000B86A 78000000000000      <2>
   251 0000B871 000000000000000000- <2>     db 0,0,0,0,0,0,0,0,0,0,0,0,0,0,0,0
   251 0000B87A 00000000000000      <2>
   252 0000B881 00000000000000F800- <2>     db 0,0,0,0,0,0,0,248,0,0,0,224,3,0,0,0
   252 0000B88A 0000E003000000      <2>
   253 0000B891 000000FC000000F003- <2>     db 0,0,0,252,0,0,0,240,3,0,0,0,0,0,0,254
   253 0000B89A 000000000000FE      <2>
   254 0000B8A1 010000F80700000000- <2>     db 1,0,0,248,7,0,0,0,0,0,0,255,1,0,0,252
   254 0000B8AA 0000FF010000FC      <2>
   255 0000B8B1 07000000000000FF00- <2>     db 7,0,0,0,0,0,0,255,0,0,0,252,3,0,0,0
   255 0000B8BA 0000FC03000000      <2>
   256 0000B8C1 000000FF000000FC03- <2>     db 0,0,0,255,0,0,0,252,3,0,0,0,0,0,0,127
   256 0000B8CA 0000000000007F      <2>
   257 0000B8D1 000000FC0100000000- <2>     db 0,0,0,252,1,0,0,0,0,0,0,30,0,0,0,120
   257 0000B8DA 00001E00000078      <2>
   258 0000B8E1 000000000000000000- <2>     db 0,0,0,0,0,0,0,0,0,0,0,0,0,0,0,0
   258 0000B8EA 00000000000000      <2>
   259 0000B8F1 000000000000000000- <2>     db 0,0,0,0,0,0,0,0,0,0,0,0,0,0,0,0
   259 0000B8FA 00000000000000      <2>
   260 0000B901 00F001000000000000- <2>     db 0,240,1,0,0,0,0,0,0,0,0,0,0,248,1,0
   260 0000B90A 00000000F80100      <2>
   261 0000B911 000000000000000000- <2>     db 0,0,0,0,0,0,0,0,0,252,3,0,0,0,0,0
   261 0000B91A FC030000000000      <2>
   262 0000B921 0000000000FE030000- <2>     db 0,0,0,0,0,254,3,0,0,0,0,0,0,0,0,0
   262 0000B92A 00000000000000      <2>
   263 0000B931 00FE01000000000000- <2>     db 0,254,1,0,0,0,0,0,0,0,0,0,0,254,1,0
   263 0000B93A 00000000FE0100      <2>
   264 0000B941 000000000000000000- <2>     db 0,0,0,0,0,0,0,0,0,254,0,0,0,0,0,0
   264 0000B94A FE000000000000      <2>
   265 0000B951 00000000003C000000- <2>     db 0,0,0,0,0,60,0,0,0,0,0,0,0,0,0,0
   265 0000B95A 00000000000000      <2>
   266 0000B961 000000000000000000- <2>     db 0,0,0,0,0,0,0,0,0,0,0,0,0,0,0,0
   266 0000B96A 00000000000000      <2>
   267 0000B971 00000000000000F800- <2>     db 0,0,0,0,0,0,0,248,0,0,0,224,3,0,0,0
   267 0000B97A 0000E003000000      <2>
   268 0000B981 000000FC000000F003- <2>     db 0,0,0,252,0,0,0,240,3,0,0,0,0,0,0,254
   268 0000B98A 000000000000FE      <2>
   269 0000B991 010000F80700000000- <2>     db 1,0,0,248,7,0,0,0,0,0,0,255,1,0,0,252
   269 0000B99A 0000FF010000FC      <2>
   270 0000B9A1 07000000000000FF00- <2>     db 7,0,0,0,0,0,0,255,0,0,0,252,3,0,0,0
   270 0000B9AA 0000FC03000000      <2>
   271 0000B9B1 000000FF000000FC03- <2>     db 0,0,0,255,0,0,0,252,3,0,0,0,0,0,0,127
   271 0000B9BA 0000000000007F      <2>
   272 0000B9C1 000000FC0100000000- <2>     db 0,0,0,252,1,0,0,0,0,0,0,30,0,0,0,120
   272 0000B9CA 00001E00000078      <2>
   273 0000B9D1 000000000000000000- <2>     db 0,0,0,0,0,0,0,0,0,0,0,0,0,0,0,0
   273 0000B9DA 00000000000000      <2>
   274 0000B9E1 000000000000000000- <2>     db 0,0,0,0,0,0,0,0,0,0,0,0,0,248,0,0
   274 0000B9EA 00000000F80000      <2>
   275 0000B9F1 0000000000E0030000- <2>     db 0,0,0,0,0,224,3,0,0,252,0,0,0,0,0,0
   275 0000B9FA FC000000000000      <2>
   276 0000BA01 00F0030000FE010000- <2>     db 0,240,3,0,0,254,1,0,0,0,0,0,0,248,7,0
   276 0000BA0A 00000000F80700      <2>
   277 0000BA11 00FF01000000000000- <2>     db 0,255,1,0,0,0,0,0,0,252,7,0,0,255,0,0
   277 0000BA1A FC070000FF0000      <2>
   278 0000BA21 0000000000FC030000- <2>     db 0,0,0,0,0,252,3,0,0,255,0,0,0,0,0,0
   278 0000BA2A FF000000000000      <2>
   279 0000BA31 00FC0300007F000000- <2>     db 0,252,3,0,0,127,0,0,0,0,0,0,0,252,1,0
   279 0000BA3A 00000000FC0100      <2>
   280 0000BA41 001E00000000000000- <2>     db 0,30,0,0,0,0,0,0,0,120,0,0,0,0,0,0
   280 0000BA4A 78000000000000      <2>
   281 0000BA51 000000000000000000- <2>     db 0,0,0,0,0,0,0,0,0,0,0,0,0,0,0,0
   281 0000BA5A 00000000000000      <2>
   282 0000BA61 0000000000F8000000- <2>     db 0,0,0,0,0,248,0,0,0,0,0,0,0,224,3,0
   282 0000BA6A 00000000E00300      <2>
   283 0000BA71 00FC00000000000000- <2>     db 0,252,0,0,0,0,0,0,0,240,3,0,0,254,1,0
   283 0000BA7A F0030000FE0100      <2>
   284 0000BA81 0000000000F8070000- <2>     db 0,0,0,0,0,248,7,0,0,255,1,0,0,0,0,0
   284 0000BA8A FF010000000000      <2>
   285 0000BA91 00FC070000FF000000- <2>     db 0,252,7,0,0,255,0,0,0,0,0,0,0,252,3,0
   285 0000BA9A 00000000FC0300      <2>
   286 0000BAA1 00FF00000000000000- <2>     db 0,255,0,0,0,0,0,0,0,252,3,0,0,127,0,0
   286 0000BAAA FC0300007F0000      <2>
   287 0000BAB1 0000000000FC010000- <2>     db 0,0,0,0,0,252,1,0,0,30,0,0,0,0,0,0
   287 0000BABA 1E000000000000      <2>
   288 0000BAC1 007800000000000000- <2>     db 0,120,0,0,0,0,0,0,0,0,0,0,0,0,0,0
   288 0000BACA 00000000000000      <2>
   289 0000BAD1 000000000000000000- <2>     db 0,0,0,0,0,0,0,0,0,0,0,0,0,0,0,0
   289 0000BADA 00000000000000      <2>
   290 0000BAE1 000000000000000000- <2>     db 0,0,0,0,0,0,0,0,0,0,0,0,0,0,0,0
   290 0000BAEA 00000000000000      <2>
   291 0000BAF1 000000000000000000- <2>     db 0,0,0,0,0,0,0,0,0,0,0,0,0,0,0,0
   291 0000BAFA 00000000000000      <2>
   292 0000BB01 000000000000000000- <2>     db 0,0,0,0,0,0,0,0,0,0,0,0,0,0,0,0
   292 0000BB0A 00000000000000      <2>
   293 0000BB11 000000000000000000- <2>     db 0,0,0,0,0,0,0,0,0,0,0,0,0,0,0,0
   293 0000BB1A 00000000000000      <2>
   294 0000BB21 000000000000000000- <2>     db 0,0,0,0,0,0,0,0,0,0,0,0,0,0,0,0
   294 0000BB2A 00000000000000      <2>
   295 0000BB31 000000000000000000- <2>     db 0,0,0,0,0,0,0,0,0,0,0,0,0,0,0,0
   295 0000BB3A 00000000000000      <2>
   296 0000BB41 000000000000000000- <2>     db 0,0,0,0,0,0,0,0,0,0,0,0,0,0,0,0
   296 0000BB4A 00000000000000      <2>
   297 0000BB51 000000000000000000- <2>     db 0,0,0,0,0,0,0,0,0,0,0,0,0,0,0,0
   297 0000BB5A 00000000000000      <2>
   298 0000BB61 000000000000000000- <2>     db 0,0,0,0,0,0,0,0,0,0,0,0,0,0,0,0
   298 0000BB6A 00000000000000      <2>
   299 0000BB71 0000000000000000    <2>     db 0,0,0,0,0,0,0,0
   300                              <2>     ; G level 0
   301 0000BB79 000000000000000000- <2>     db 0,0,0,0,0,0,0,0,0,0,0,0,0,0,0,0
   301 0000BB82 00000000000000      <2>
   302 0000BB89 000000000000000000- <2>     db 0,0,0,0,0,0,0,0,0,0,0,0,0,0,0,0
   302 0000BB92 00000000000000      <2>
   303 0000BB99 000000000000000000- <2>     db 0,0,0,0,0,0,0,0,0,0,0,0,0,0,0,0
   303 0000BBA2 00000000000000      <2>
   304 0000BBA9 000000000000000000- <2>     db 0,0,0,0,0,0,0,0,0,0,0,0,0,0,0,0
   304 0000BBB2 00000000000000      <2>
   305 0000BBB9 000000000000000000- <2>     db 0,0,0,0,0,0,0,0,0,0,0,0,0,0,0,0
   305 0000BBC2 00000000000000      <2>
   306 0000BBC9 00000000000000F807- <2>     db 0,0,0,0,0,0,0,248,7,240,15,224,31,224,31,0
   306 0000BBD2 F00FE01FE01F00      <2>
   307 0000BBD9 000000FC0FF81FF03F- <2>     db 0,0,0,252,15,248,31,240,63,240,63,0,0,0,0,254
   307 0000BBE2 F03F00000000FE      <2>
   308 0000BBE9 1FFC3FF87FF87F0000- <2>     db 31,252,63,248,127,248,127,0,0,0,0,255,63,254,127,252
   308 0000BBF2 0000FF3FFE7FFC      <2>
   309 0000BBF9 FFFCFF00000080FF7F- <2>     db 255,252,255,0,0,0,128,255,127,255,255,254,255,255,255,1
   309 0000BC02 FFFFFEFFFFFF01      <2>
   310 0000BC09 000080FF7FFFFFFEFF- <2>     db 0,0,128,255,127,255,255,254,255,255,255,1,0,0,128,255
   310 0000BC12 FFFF01000080FF      <2>
   311 0000BC19 7FFFFFFEFFFFFF0100- <2>     db 127,255,255,254,255,255,255,1,0,0,128,255,127,255,255,254
   311 0000BC22 0080FF7FFFFFFE      <2>
   312 0000BC29 FFFFFF01000080FF7F- <2>     db 255,255,255,1,0,0,128,255,127,255,255,254,255,255,255,1
   312 0000BC32 FFFFFEFFFFFF01      <2>
   313 0000BC39 000080FF7FFFFFFEFF- <2>     db 0,0,128,255,127,255,255,254,255,255,255,1,0,248,135,255
   313 0000BC42 FFFF0100F887FF      <2>
   314 0000BC49 7FFFFFFEFFFFFF0100- <2>     db 127,255,255,254,255,255,255,1,0,252,143,255,127,255,255,254
   314 0000BC52 FC8FFF7FFFFFFE      <2>
   315 0000BC59 FFFFFF0100FE1FFF3F- <2>     db 255,255,255,1,0,254,31,255,63,254,127,252,255,252,255,0
   315 0000BC62 FE7FFCFFFCFF00      <2>
   316 0000BC69 00FF3FFE1FFC3FF87F- <2>     db 0,255,63,254,31,252,63,248,127,248,127,0,128,255,127,252
   316 0000BC72 F87F0080FF7FFC      <2>
   317 0000BC79 0FF81FF03FF03F0080- <2>     db 15,248,31,240,63,240,63,0,128,255,127,248,7,240,15,224
   317 0000BC82 FF7FF807F00FE0      <2>
   318 0000BC89 1FE01F0080FF7F0000- <2>     db 31,224,31,0,128,255,127,0,0,0,0,0,0,0,0,0
   318 0000BC92 00000000000000      <2>
   319 0000BC99 80FF7F000000000000- <2>     db 128,255,127,0,0,0,0,0,0,0,0,0,128,255,127,0
   319 0000BCA2 00000080FF7F00      <2>
   320 0000BCA9 000000000000000080- <2>     db 0,0,0,0,0,0,0,0,128,255,127,0,0,0,0,0
   320 0000BCB2 FF7F0000000000      <2>
   321 0000BCB9 0000000080FF7F0000- <2>     db 0,0,0,0,128,255,127,0,0,0,0,0,0,0,0,0
   321 0000BCC2 00000000000000      <2>
   322 0000BCC9 80FF7F000000000000- <2>     db 128,255,127,0,0,0,0,0,0,0,0,0,0,255,63,0
   322 0000BCD2 00000000FF3F00      <2>
   323 0000BCD9 000000000000000000- <2>     db 0,0,0,0,0,0,0,0,0,255,63,0,0,0,0,0
   323 0000BCE2 FF3F0000000000      <2>
   324 0000BCE9 0000000080FF7F0000- <2>     db 0,0,0,0,128,255,127,0,0,0,0,0,0,0,0,0
   324 0000BCF2 00000000000000      <2>
   325 0000BCF9 80FF7F000000000000- <2>     db 128,255,127,0,0,0,0,0,0,0,0,0,128,255,127,0
   325 0000BD02 00000080FF7F00      <2>
   326 0000BD09 000000000000000080- <2>     db 0,0,0,0,0,0,0,0,128,255,127,0,0,0,0,0
   326 0000BD12 FF7F0000000000      <2>
   327 0000BD19 0000000080FF7F0000- <2>     db 0,0,0,0,128,255,127,0,0,0,0,0,0,0,0,0
   327 0000BD22 00000000000000      <2>
   328 0000BD29 80FF7F000000000000- <2>     db 128,255,127,0,0,0,0,0,0,0,0,0,128,255,127,0
   328 0000BD32 00000080FF7F00      <2>
   329 0000BD39 000000E01FE01F0080- <2>     db 0,0,0,224,31,224,31,0,128,255,127,0,0,0,0,240
   329 0000BD42 FF7F00000000F0      <2>
   330 0000BD49 3FF03F0000FF3F0000- <2>     db 63,240,63,0,0,255,63,0,0,0,0,248,127,248,127,0
   330 0000BD52 0000F87FF87F00      <2>
   331 0000BD59 00FF3F00000000FCFF- <2>     db 0,255,63,0,0,0,0,252,255,252,255,0,128,255,127,0
   331 0000BD62 FCFF0080FF7F00      <2>
   332 0000BD69 000000FEFFFFFF0180- <2>     db 0,0,0,254,255,255,255,1,128,255,127,0,0,0,0,254
   332 0000BD72 FF7F00000000FE      <2>
   333 0000BD79 FFFFFF0180FF7F0000- <2>     db 255,255,255,1,128,255,127,0,0,0,0,254,255,255,255,1
   333 0000BD82 0000FEFFFFFF01      <2>
   334 0000BD89 80FF7F00000000FEFF- <2>     db 128,255,127,0,0,0,0,254,255,255,255,1,128,255,127,0
   334 0000BD92 FFFF0180FF7F00      <2>
   335 0000BD99 000000FEFFFFFF0180- <2>     db 0,0,0,254,255,255,255,1,128,255,127,0,0,0,0,254
   335 0000BDA2 FF7F00000000FE      <2>
   336 0000BDA9 FFFFFF0180FF7F0000- <2>     db 255,255,255,1,128,255,127,0,0,0,0,254,255,255,255,1
   336 0000BDB2 0000FEFFFFFF01      <2>
   337 0000BDB9 80FF7F00000000FEFF- <2>     db 128,255,127,0,0,0,0,254,255,255,255,1,0,255,63,0
   337 0000BDC2 FFFF0100FF3F00      <2>
   338 0000BDC9 000000FCFFFCFF0000- <2>     db 0,0,0,252,255,252,255,0,0,255,63,0,0,0,0,248
   338 0000BDD2 FF3F00000000F8      <2>
   339 0000BDD9 7FFCFF0080FF7F0000- <2>     db 127,252,255,0,128,255,127,0,0,0,0,240,63,254,255,1
   339 0000BDE2 0000F03FFEFF01      <2>
   340 0000BDE9 80FF7F00000000E01F- <2>     db 128,255,127,0,0,0,0,224,31,254,255,1,128,255,127,0
   340 0000BDF2 FEFF0180FF7F00      <2>
   341 0000BDF9 0000000000FEFF0180- <2>     db 0,0,0,0,0,254,255,1,128,255,127,0,0,0,0,0
   341 0000BE02 FF7F0000000000      <2>
   342 0000BE09 00FEFF0180FF7F0000- <2>     db 0,254,255,1,128,255,127,0,0,0,0,0,0,254,255,1
   342 0000BE12 00000000FEFF01      <2>
   343 0000BE19 80FF7F000000000000- <2>     db 128,255,127,0,0,0,0,0,0,254,255,1,128,255,127,0
   343 0000BE22 FEFF0180FF7F00      <2>
   344 0000BE29 0000000000FEFF0180- <2>     db 0,0,0,0,0,254,255,1,128,255,127,0,0,0,0,0
   344 0000BE32 FF7F0000000000      <2>
   345 0000BE39 00FEFF0100FF3F0000- <2>     db 0,254,255,1,0,255,63,0,0,0,0,0,0,252,255,0
   345 0000BE42 00000000FCFF00      <2>
   346 0000BE49 00FF3F000000000000- <2>     db 0,255,63,0,0,0,0,0,0,252,255,0,128,255,127,0
   346 0000BE52 FCFF0080FF7F00      <2>
   347 0000BE59 0000000000FEFF0180- <2>     db 0,0,0,0,0,254,255,1,128,255,127,0,0,0,0,0
   347 0000BE62 FF7F0000000000      <2>
   348 0000BE69 00FEFF0180FF7F0000- <2>     db 0,254,255,1,128,255,127,0,0,0,0,0,0,254,255,1
   348 0000BE72 00000000FEFF01      <2>
   349 0000BE79 80FF7F000000000000- <2>     db 128,255,127,0,0,0,0,0,0,254,255,1,128,255,127,0
   349 0000BE82 FEFF0180FF7F00      <2>
   350 0000BE89 0000000000FEFF0180- <2>     db 0,0,0,0,0,254,255,1,128,255,127,0,0,0,0,0
   350 0000BE92 FF7F0000000000      <2>
   351 0000BE99 00FEFF0180FF7FF807- <2>     db 0,254,255,1,128,255,127,248,7,240,15,224,31,254,255,1
   351 0000BEA2 F00FE01FFEFF01      <2>
   352 0000BEA9 80FF7FFC0FF81FF03F- <2>     db 128,255,127,252,15,248,31,240,63,254,255,1,0,255,63,254
   352 0000BEB2 FEFF0100FF3FFE      <2>
   353 0000BEB9 1FFC3FF87FFCFF0000- <2>     db 31,252,63,248,127,252,255,0,0,254,31,255,63,254,127,252
   353 0000BEC2 FE1FFF3FFE7FFC      <2>
   354 0000BEC9 FFFCFF0000FC8FFF7F- <2>     db 255,252,255,0,0,252,143,255,127,255,255,254,255,255,255,1
   354 0000BED2 FFFFFEFFFFFF01      <2>
   355 0000BED9 00F887FF7FFFFFFEFF- <2>     db 0,248,135,255,127,255,255,254,255,255,255,1,0,0,128,255
   355 0000BEE2 FFFF01000080FF      <2>
   356 0000BEE9 7FFFFFFEFFFFFF0100- <2>     db 127,255,255,254,255,255,255,1,0,0,128,255,127,255,255,254
   356 0000BEF2 0080FF7FFFFFFE      <2>
   357 0000BEF9 FFFFFF01000080FF7F- <2>     db 255,255,255,1,0,0,128,255,127,255,255,254,255,255,255,1
   357 0000BF02 FFFFFEFFFFFF01      <2>
   358 0000BF09 000080FF7FFFFFFEFF- <2>     db 0,0,128,255,127,255,255,254,255,255,255,1,0,0,128,255
   358 0000BF12 FFFF01000080FF      <2>
   359 0000BF19 7FFFFFFEFFFFFF0100- <2>     db 127,255,255,254,255,255,255,1,0,0,128,255,127,255,255,254
   359 0000BF22 0080FF7FFFFFFE      <2>
   360 0000BF29 FFFFFF01000000FF3F- <2>     db 255,255,255,1,0,0,0,255,63,254,127,252,255,252,255,0
   360 0000BF32 FE7FFCFFFCFF00      <2>
   361 0000BF39 000000FE1FFC3FF87F- <2>     db 0,0,0,254,31,252,63,248,127,248,127,0,0,0,0,252
   361 0000BF42 F87F00000000FC      <2>
   362 0000BF49 0FF81FF03FF03F0000- <2>     db 15,248,31,240,63,240,63,0,0,0,0,248,7,240,15,224
   362 0000BF52 0000F807F00FE0      <2>
   363 0000BF59 1FE01F000000000000- <2>     db 31,224,31,0,0,0,0,0,0,0,0,0,0,0,0,0
   363 0000BF62 00000000000000      <2>
   364 0000BF69 000000000000000000- <2>     db 0,0,0,0,0,0,0,0,0,0,0,0,0,0,0,0
   364 0000BF72 00000000000000      <2>
   365 0000BF79 000000000000000000- <2>     db 0,0,0,0,0,0,0,0,0,0,0,0,0,0,0,0
   365 0000BF82 00000000000000      <2>
   366 0000BF89 000000000000000000- <2>     db 0,0,0,0,0,0,0,0,0,0,0,0,0,0,0,0
   366 0000BF92 00000000000000      <2>
   367 0000BF99 000000000000000000- <2>     db 0,0,0,0,0,0,0,0,0,0,0,0,0,0,0,0
   367 0000BFA2 00000000000000      <2>
   368 0000BFA9 0000000000000000    <2>     db 0,0,0,0,0,0,0,0
   369                              <2>     ; G level 1
   370 0000BFB1 000000000000000000- <2>     db 0,0,0,0,0,0,0,0,0,0,0,0,0,0,0,0
   370 0000BFBA 00000000000000      <2>
   371 0000BFC1 000000000000000000- <2>     db 0,0,0,0,0,0,0,0,0,0,0,0,0,0,0,0
   371 0000BFCA 00000000000000      <2>
   372 0000BFD1 000000000000000000- <2>     db 0,0,0,0,0,0,0,0,0,0,0,0,0,0,0,0
   372 0000BFDA 00000000000000      <2>
   373 0000BFE1 000000000000000000- <2>     db 0,0,0,0,0,0,0,0,0,0,0,0,0,0,0,0
   373 0000BFEA 00000000000000      <2>
   374 0000BFF1 000000000000000000- <2>     db 0,0,0,0,0,0,0,0,0,0,0,0,0,0,0,0
   374 0000BFFA 00000000000000      <2>
   375 0000C001 00000000000000F807- <2>     db 0,0,0,0,0,0,0,248,7,240,15,224,31,224,31,0
   375 0000C00A F00FE01FE01F00      <2>
   376 0000C011 000000FC0FF81FF03F- <2>     db 0,0,0,252,15,248,31,240,63,240,63,0,0,0,0,254
   376 0000C01A F03F00000000FE      <2>
   377 0000C021 1FFC3FF87FF87F0000- <2>     db 31,252,63,248,127,248,127,0,0,0,0,255,31,254,63,252
   377 0000C02A 0000FF1FFE3FFC      <2>
   378 0000C031 7FFC7F00000080FF1F- <2>     db 127,252,127,0,0,0,128,255,31,255,63,254,127,254,127,0
   378 0000C03A FF3FFE7FFE7F00      <2>
   379 0000C041 000080FF1FFF3FFE7F- <2>     db 0,0,128,255,31,255,63,254,127,254,127,0,0,0,128,255
   379 0000C04A FE7F00000080FF      <2>
   380 0000C051 0FFF1FFE3FFE3F0000- <2>     db 15,255,31,254,63,254,63,0,0,0,128,255,15,255,31,254
   380 0000C05A 0080FF0FFF1FFE      <2>
   381 0000C061 3FFE3F00000080FF07- <2>     db 63,254,63,0,0,0,128,255,7,255,15,254,31,254,31,0
   381 0000C06A FF0FFE1FFE1F00      <2>
   382 0000C071 000080FF03FF07FE0F- <2>     db 0,0,128,255,3,255,7,254,15,254,15,0,0,248,135,255
   382 0000C07A FE0F0000F887FF      <2>
   383 0000C081 01FF03FE07FE070000- <2>     db 1,255,3,254,7,254,7,0,0,252,15,255,0,254,1,252
   383 0000C08A FC0FFF00FE01FC      <2>
   384 0000C091 03FC030000FE1F1C00- <2>     db 3,252,3,0,0,254,31,28,0,56,0,112,0,112,0,0
   384 0000C09A 38007000700000      <2>
   385 0000C0A1 00FF1F000000000000- <2>     db 0,255,31,0,0,0,0,0,0,0,0,0,128,255,31,0
   385 0000C0AA 00000080FF1F00      <2>
   386 0000C0B1 000000000000000080- <2>     db 0,0,0,0,0,0,0,0,128,255,31,0,0,0,0,0
   386 0000C0BA FF1F0000000000      <2>
   387 0000C0C1 0000000080FF0F0000- <2>     db 0,0,0,0,128,255,15,0,0,0,0,0,0,0,0,0
   387 0000C0CA 00000000000000      <2>
   388 0000C0D1 80FF0F000000000000- <2>     db 128,255,15,0,0,0,0,0,0,0,0,0,128,255,7,0
   388 0000C0DA 00000080FF0700      <2>
   389 0000C0E1 000000000000000080- <2>     db 0,0,0,0,0,0,0,0,128,255,3,0,0,0,0,0
   389 0000C0EA FF030000000000      <2>
   390 0000C0F1 0000000080FF070000- <2>     db 0,0,0,0,128,255,7,0,0,0,0,0,0,0,0,0
   390 0000C0FA 00000000000000      <2>
   391 0000C101 00FF0F000000000000- <2>     db 0,255,15,0,0,0,0,0,0,0,0,0,0,254,31,0
   391 0000C10A 00000000FE1F00      <2>
   392 0000C111 000000000000000000- <2>     db 0,0,0,0,0,0,0,0,0,255,31,0,0,0,0,0
   392 0000C11A FF1F0000000000      <2>
   393 0000C121 0000000080FF1F0000- <2>     db 0,0,0,0,128,255,31,0,0,0,0,0,0,0,0,0
   393 0000C12A 00000000000000      <2>
   394 0000C131 80FF1F000000000000- <2>     db 128,255,31,0,0,0,0,0,0,0,0,0,128,255,15,0
   394 0000C13A 00000080FF0F00      <2>
   395 0000C141 000000000000000080- <2>     db 0,0,0,0,0,0,0,0,128,255,15,0,0,0,0,0
   395 0000C14A FF0F0000000000      <2>
   396 0000C151 0000000080FF070000- <2>     db 0,0,0,0,128,255,7,0,0,0,0,0,0,0,0,0
   396 0000C15A 00000000000000      <2>
   397 0000C161 80FF03000000000000- <2>     db 128,255,3,0,0,0,0,0,0,0,0,0,128,255,7,0
   397 0000C16A 00000080FF0700      <2>
   398 0000C171 000000E01FE01F0000- <2>     db 0,0,0,224,31,224,31,0,0,255,15,0,0,0,0,240
   398 0000C17A FF0F00000000F0      <2>
   399 0000C181 3FF03F0000FE1F0000- <2>     db 63,240,63,0,0,254,31,0,0,0,0,248,127,248,127,0
   399 0000C18A 0000F87FF87F00      <2>
   400 0000C191 00FF1F00000000FC7F- <2>     db 0,255,31,0,0,0,0,252,127,252,127,0,128,255,31,0
   400 0000C19A FC7F0080FF1F00      <2>
   401 0000C1A1 000000FE7FFE7F0080- <2>     db 0,0,0,254,127,254,127,0,128,255,31,0,0,0,0,254
   401 0000C1AA FF1F00000000FE      <2>
   402 0000C1B1 7FFE7F0080FF0F0000- <2>     db 127,254,127,0,128,255,15,0,0,0,0,254,63,254,63,0
   402 0000C1BA 0000FE3FFE3F00      <2>
   403 0000C1C1 80FF0F00000000FE3F- <2>     db 128,255,15,0,0,0,0,254,63,254,63,0,128,255,7,0
   403 0000C1CA FE3F0080FF0700      <2>
   404 0000C1D1 000000FE1FFE1F0080- <2>     db 0,0,0,254,31,254,31,0,128,255,3,0,0,0,0,254
   404 0000C1DA FF0300000000FE      <2>
   405 0000C1E1 0FFE0F0080FF070000- <2>     db 15,254,15,0,128,255,7,0,0,0,0,254,7,254,31,0
   405 0000C1EA 0000FE07FE1F00      <2>
   406 0000C1F1 00FF0F00000000FC03- <2>     db 0,255,15,0,0,0,0,252,3,252,63,0,0,254,31,0
   406 0000C1FA FC3F0000FE1F00      <2>
   407 0000C201 0000007000F87F0000- <2>     db 0,0,0,112,0,248,127,0,0,255,31,0,0,0,0,0
   407 0000C20A FF1F0000000000      <2>
   408 0000C211 00FC7F0080FF1F0000- <2>     db 0,252,127,0,128,255,31,0,0,0,0,0,0,254,127,0
   408 0000C21A 00000000FE7F00      <2>
   409 0000C221 80FF1F000000000000- <2>     db 128,255,31,0,0,0,0,0,0,254,127,0,128,255,15,0
   409 0000C22A FE7F0080FF0F00      <2>
   410 0000C231 0000000000FE3F0080- <2>     db 0,0,0,0,0,254,63,0,128,255,15,0,0,0,0,0
   410 0000C23A FF0F0000000000      <2>
   411 0000C241 00FE3F0080FF070000- <2>     db 0,254,63,0,128,255,7,0,0,0,0,0,0,254,31,0
   411 0000C24A 00000000FE1F00      <2>
   412 0000C251 80FF03000000000000- <2>     db 128,255,3,0,0,0,0,0,0,254,15,0,128,255,7,0
   412 0000C25A FE0F0080FF0700      <2>
   413 0000C261 0000000000FE1F0000- <2>     db 0,0,0,0,0,254,31,0,0,255,15,0,0,0,0,0
   413 0000C26A FF0F0000000000      <2>
   414 0000C271 00FC3F0000FE1F0000- <2>     db 0,252,63,0,0,254,31,0,0,0,0,0,0,248,127,0
   414 0000C27A 00000000F87F00      <2>
   415 0000C281 00FF1F000000000000- <2>     db 0,255,31,0,0,0,0,0,0,252,127,0,128,255,31,0
   415 0000C28A FC7F0080FF1F00      <2>
   416 0000C291 0000000000FE7F0080- <2>     db 0,0,0,0,0,254,127,0,128,255,31,0,0,0,0,0
   416 0000C29A FF1F0000000000      <2>
   417 0000C2A1 00FE7F0080FF0F0000- <2>     db 0,254,127,0,128,255,15,0,0,0,0,0,0,254,63,0
   417 0000C2AA 00000000FE3F00      <2>
   418 0000C2B1 80FF0F000000000000- <2>     db 128,255,15,0,0,0,0,0,0,254,63,0,128,255,7,0
   418 0000C2BA FE3F0080FF0700      <2>
   419 0000C2C1 0000000000FE1F0080- <2>     db 0,0,0,0,0,254,31,0,128,255,3,0,0,0,0,0
   419 0000C2CA FF030000000000      <2>
   420 0000C2D1 00FE0F0080FF01F807- <2>     db 0,254,15,0,128,255,1,248,7,240,15,224,31,254,31,0
   420 0000C2DA F00FE01FFE1F00      <2>
   421 0000C2E1 00FF00FC0FF81FF03F- <2>     db 0,255,0,252,15,248,31,240,63,252,63,0,0,28,0,254
   421 0000C2EA FC3F00001C00FE      <2>
   422 0000C2F1 1FFC3FF87FF87F0000- <2>     db 31,252,63,248,127,248,127,0,0,0,0,255,31,254,63,252
   422 0000C2FA 0000FF1FFE3FFC      <2>
   423 0000C301 7FFC7F00000080FF1F- <2>     db 127,252,127,0,0,0,128,255,31,255,63,254,127,254,127,0
   423 0000C30A FF3FFE7FFE7F00      <2>
   424 0000C311 000080FF1FFF3FFE7F- <2>     db 0,0,128,255,31,255,63,254,127,254,127,0,0,0,128,255
   424 0000C31A FE7F00000080FF      <2>
   425 0000C321 0FFF1FFE3FFE3F0000- <2>     db 15,255,31,254,63,254,63,0,0,0,128,255,15,255,31,254
   425 0000C32A 0080FF0FFF1FFE      <2>
   426 0000C331 3FFE3F00000080FF07- <2>     db 63,254,63,0,0,0,128,255,7,255,15,254,31,254,31,0
   426 0000C33A FF0FFE1FFE1F00      <2>
   427 0000C341 000080FF03FF07FE0F- <2>     db 0,0,128,255,3,255,7,254,15,254,15,0,0,0,128,255
   427 0000C34A FE0F00000080FF      <2>
   428 0000C351 01FF03FE07FE070000- <2>     db 1,255,3,254,7,254,7,0,0,0,0,255,0,254,1,252
   428 0000C35A 0000FF00FE01FC      <2>
   429 0000C361 03FC03000000001C00- <2>     db 3,252,3,0,0,0,0,28,0,56,0,112,0,112,0,0
   429 0000C36A 38007000700000      <2>
   430 0000C371 000000000000000000- <2>     db 0,0,0,0,0,0,0,0,0,0,0,0,0,0,0,0
   430 0000C37A 00000000000000      <2>
   431 0000C381 000000000000000000- <2>     db 0,0,0,0,0,0,0,0,0,0,0,0,0,0,0,0
   431 0000C38A 00000000000000      <2>
   432 0000C391 000000000000000000- <2>     db 0,0,0,0,0,0,0,0,0,0,0,0,0,0,0,0
   432 0000C39A 00000000000000      <2>
   433 0000C3A1 000000000000000000- <2>     db 0,0,0,0,0,0,0,0,0,0,0,0,0,0,0,0
   433 0000C3AA 00000000000000      <2>
   434 0000C3B1 000000000000000000- <2>     db 0,0,0,0,0,0,0,0,0,0,0,0,0,0,0,0
   434 0000C3BA 00000000000000      <2>
   435 0000C3C1 000000000000000000- <2>     db 0,0,0,0,0,0,0,0,0,0,0,0,0,0,0,0
   435 0000C3CA 00000000000000      <2>
   436 0000C3D1 000000000000000000- <2>     db 0,0,0,0,0,0,0,0,0,0,0,0,0,0,0,0
   436 0000C3DA 00000000000000      <2>
   437 0000C3E1 0000000000000000    <2>     db 0,0,0,0,0,0,0,0
   438                              <2>     ; G level 2
   439 0000C3E9 000000000000000000- <2>     db 0,0,0,0,0,0,0,0,0,0,0,0,0,0,0,0
   439 0000C3F2 00000000000000      <2>
   440 0000C3F9 000000000000000000- <2>     db 0,0,0,0,0,0,0,0,0,0,0,0,0,0,0,0
   440 0000C402 00000000000000      <2>
   441 0000C409 000000000000000000- <2>     db 0,0,0,0,0,0,0,0,0,0,0,0,0,0,0,0
   441 0000C412 00000000000000      <2>
   442 0000C419 000000000000000000- <2>     db 0,0,0,0,0,0,0,0,0,0,0,0,0,0,0,0
   442 0000C422 00000000000000      <2>
   443 0000C429 000000000000000000- <2>     db 0,0,0,0,0,0,0,0,0,0,0,0,0,0,0,0
   443 0000C432 00000000000000      <2>
   444 0000C439 00000000000000F803- <2>     db 0,0,0,0,0,0,0,248,3,240,7,224,15,224,15,0
   444 0000C442 F007E00FE00F00      <2>
   445 0000C449 000000FC07F80FF01F- <2>     db 0,0,0,252,7,248,15,240,31,240,31,0,0,0,0,254
   445 0000C452 F01F00000000FE      <2>
   446 0000C459 07FC0FF81FF81F0000- <2>     db 7,252,15,248,31,248,31,0,0,0,0,255,7,254,15,252
   446 0000C462 0000FF07FE0FFC      <2>
   447 0000C469 1FFC1F00000080FF07- <2>     db 31,252,31,0,0,0,128,255,7,255,15,254,31,254,31,0
   447 0000C472 FF0FFE1FFE1F00      <2>
   448 0000C479 000080FF03FF07FE0F- <2>     db 0,0,128,255,3,255,7,254,15,254,15,0,0,0,128,255
   448 0000C482 FE0F00000080FF      <2>
   449 0000C489 03FF07FE0FFE0F0000- <2>     db 3,255,7,254,15,254,15,0,0,0,128,255,1,255,3,254
   449 0000C492 0080FF01FF03FE      <2>
   450 0000C499 07FE0700000080FF00- <2>     db 7,254,7,0,0,0,128,255,0,255,1,254,3,254,3,0
   450 0000C4A2 FF01FE03FE0300      <2>
   451 0000C4A9 0000007F00FE00FC01- <2>     db 0,0,0,127,0,254,0,252,1,252,1,0,0,248,3,4
   451 0000C4B2 FC010000F80304      <2>
   452 0000C4B9 000800100010000000- <2>     db 0,8,0,16,0,16,0,0,0,252,7,0,0,0,0,0
   452 0000C4C2 FC070000000000      <2>
   453 0000C4C9 0000000000FE070000- <2>     db 0,0,0,0,0,254,7,0,0,0,0,0,0,0,0,0
   453 0000C4D2 00000000000000      <2>
   454 0000C4D9 00FF07000000000000- <2>     db 0,255,7,0,0,0,0,0,0,0,0,0,128,255,7,0
   454 0000C4E2 00000080FF0700      <2>
   455 0000C4E9 000000000000000080- <2>     db 0,0,0,0,0,0,0,0,128,255,3,0,0,0,0,0
   455 0000C4F2 FF030000000000      <2>
   456 0000C4F9 0000000080FF030000- <2>     db 0,0,0,0,128,255,3,0,0,0,0,0,0,0,0,0
   456 0000C502 00000000000000      <2>
   457 0000C509 80FF01000000000000- <2>     db 128,255,1,0,0,0,0,0,0,0,0,0,128,255,0,0
   457 0000C512 00000080FF0000      <2>
   458 0000C519 000000000000000000- <2>     db 0,0,0,0,0,0,0,0,0,127,0,0,0,0,0,0
   458 0000C522 7F000000000000      <2>
   459 0000C529 0000000000FC030000- <2>     db 0,0,0,0,0,252,3,0,0,0,0,0,0,0,0,0
   459 0000C532 00000000000000      <2>
   460 0000C539 00FC07000000000000- <2>     db 0,252,7,0,0,0,0,0,0,0,0,0,0,254,7,0
   460 0000C542 00000000FE0700      <2>
   461 0000C549 000000000000000000- <2>     db 0,0,0,0,0,0,0,0,0,255,7,0,0,0,0,0
   461 0000C552 FF070000000000      <2>
   462 0000C559 0000000080FF070000- <2>     db 0,0,0,0,128,255,7,0,0,0,0,0,0,0,0,0
   462 0000C562 00000000000000      <2>
   463 0000C569 80FF03000000000000- <2>     db 128,255,3,0,0,0,0,0,0,0,0,0,128,255,3,0
   463 0000C572 00000080FF0300      <2>
   464 0000C579 000000000000000080- <2>     db 0,0,0,0,0,0,0,0,128,255,1,0,0,0,0,0
   464 0000C582 FF010000000000      <2>
   465 0000C589 0000000080FF000000- <2>     db 0,0,0,0,128,255,0,0,0,0,0,0,0,0,0,0
   465 0000C592 00000000000000      <2>
   466 0000C599 007F00000000000000- <2>     db 0,127,0,0,0,0,0,0,0,0,0,0,0,252,3,0
   466 0000C5A2 00000000FC0300      <2>
   467 0000C5A9 000000E00FE00F0000- <2>     db 0,0,0,224,15,224,15,0,0,252,7,0,0,0,0,240
   467 0000C5B2 FC0700000000F0      <2>
   468 0000C5B9 1FF01F0000FE070000- <2>     db 31,240,31,0,0,254,7,0,0,0,0,248,31,248,31,0
   468 0000C5C2 0000F81FF81F00      <2>
   469 0000C5C9 00FF0700000000FC1F- <2>     db 0,255,7,0,0,0,0,252,31,252,31,0,128,255,7,0
   469 0000C5D2 FC1F0080FF0700      <2>
   470 0000C5D9 000000FE1FFE1F0080- <2>     db 0,0,0,254,31,254,31,0,128,255,3,0,0,0,0,254
   470 0000C5E2 FF0300000000FE      <2>
   471 0000C5E9 0FFE0F0080FF030000- <2>     db 15,254,15,0,128,255,3,0,0,0,0,254,15,254,15,0
   471 0000C5F2 0000FE0FFE0F00      <2>
   472 0000C5F9 80FF0100000000FE07- <2>     db 128,255,1,0,0,0,0,254,7,254,7,0,128,255,0,0
   472 0000C602 FE070080FF0000      <2>
   473 0000C609 000000FE03FE030000- <2>     db 0,0,0,254,3,254,3,0,0,127,0,0,0,0,0,252
   473 0000C612 7F0000000000FC      <2>
   474 0000C619 01FC010000FC030000- <2>     db 1,252,1,0,0,252,3,0,0,0,0,16,0,240,15,0
   474 0000C622 00001000F00F00      <2>
   475 0000C629 00FC07000000000000- <2>     db 0,252,7,0,0,0,0,0,0,240,31,0,0,254,7,0
   475 0000C632 F01F0000FE0700      <2>
   476 0000C639 0000000000F81F0000- <2>     db 0,0,0,0,0,248,31,0,0,255,7,0,0,0,0,0
   476 0000C642 FF070000000000      <2>
   477 0000C649 00FC1F0080FF070000- <2>     db 0,252,31,0,128,255,7,0,0,0,0,0,0,254,31,0
   477 0000C652 00000000FE1F00      <2>
   478 0000C659 80FF03000000000000- <2>     db 128,255,3,0,0,0,0,0,0,254,15,0,128,255,3,0
   478 0000C662 FE0F0080FF0300      <2>
   479 0000C669 0000000000FE0F0080- <2>     db 0,0,0,0,0,254,15,0,128,255,1,0,0,0,0,0
   479 0000C672 FF010000000000      <2>
   480 0000C679 00FE070080FF000000- <2>     db 0,254,7,0,128,255,0,0,0,0,0,0,0,254,3,0
   480 0000C682 00000000FE0300      <2>
   481 0000C689 007F00000000000000- <2>     db 0,127,0,0,0,0,0,0,0,252,1,0,0,252,3,0
   481 0000C692 FC010000FC0300      <2>
   482 0000C699 0000000000F00F0000- <2>     db 0,0,0,0,0,240,15,0,0,252,7,0,0,0,0,0
   482 0000C6A2 FC070000000000      <2>
   483 0000C6A9 00F01F0000FE070000- <2>     db 0,240,31,0,0,254,7,0,0,0,0,0,0,248,31,0
   483 0000C6B2 00000000F81F00      <2>
   484 0000C6B9 00FF07000000000000- <2>     db 0,255,7,0,0,0,0,0,0,252,31,0,128,255,7,0
   484 0000C6C2 FC1F0080FF0700      <2>
   485 0000C6C9 0000000000FE1F0080- <2>     db 0,0,0,0,0,254,31,0,128,255,3,0,0,0,0,0
   485 0000C6D2 FF030000000000      <2>
   486 0000C6D9 00FE0F0080FF030000- <2>     db 0,254,15,0,128,255,3,0,0,0,0,0,0,254,15,0
   486 0000C6E2 00000000FE0F00      <2>
   487 0000C6E9 80FF01000000000000- <2>     db 128,255,1,0,0,0,0,0,0,254,7,0,128,255,0,0
   487 0000C6F2 FE070080FF0000      <2>
   488 0000C6F9 0000000000FE030000- <2>     db 0,0,0,0,0,254,3,0,0,127,0,0,0,0,0,0
   488 0000C702 7F000000000000      <2>
   489 0000C709 00FC0100000400F803- <2>     db 0,252,1,0,0,4,0,248,3,240,7,224,15,240,15,0
   489 0000C712 F007E00FF00F00      <2>
   490 0000C719 000000FC07F80FF01F- <2>     db 0,0,0,252,7,248,15,240,31,240,31,0,0,0,0,254
   490 0000C722 F01F00000000FE      <2>
   491 0000C729 07FC0FF81FF81F0000- <2>     db 7,252,15,248,31,248,31,0,0,0,0,255,7,254,15,252
   491 0000C732 0000FF07FE0FFC      <2>
   492 0000C739 1FFC1F00000080FF07- <2>     db 31,252,31,0,0,0,128,255,7,255,15,254,31,254,31,0
   492 0000C742 FF0FFE1FFE1F00      <2>
   493 0000C749 000080FF03FF07FE0F- <2>     db 0,0,128,255,3,255,7,254,15,254,15,0,0,0,128,255
   493 0000C752 FE0F00000080FF      <2>
   494 0000C759 03FF07FE0FFE0F0000- <2>     db 3,255,7,254,15,254,15,0,0,0,128,255,1,255,3,254
   494 0000C762 0080FF01FF03FE      <2>
   495 0000C769 07FE0700000080FF00- <2>     db 7,254,7,0,0,0,128,255,0,255,1,254,3,254,3,0
   495 0000C772 FF01FE03FE0300      <2>
   496 0000C779 0000007F00FE00FC01- <2>     db 0,0,0,127,0,254,0,252,1,252,1,0,0,0,0,4
   496 0000C782 FC010000000004      <2>
   497 0000C789 000800100010000000- <2>     db 0,8,0,16,0,16,0,0,0,0,0,0,0,0,0,0
   497 0000C792 00000000000000      <2>
   498 0000C799 000000000000000000- <2>     db 0,0,0,0,0,0,0,0,0,0,0,0,0,0,0,0
   498 0000C7A2 00000000000000      <2>
   499 0000C7A9 000000000000000000- <2>     db 0,0,0,0,0,0,0,0,0,0,0,0,0,0,0,0
   499 0000C7B2 00000000000000      <2>
   500 0000C7B9 000000000000000000- <2>     db 0,0,0,0,0,0,0,0,0,0,0,0,0,0,0,0
   500 0000C7C2 00000000000000      <2>
   501 0000C7C9 000000000000000000- <2>     db 0,0,0,0,0,0,0,0,0,0,0,0,0,0,0,0
   501 0000C7D2 00000000000000      <2>
   502 0000C7D9 000000000000000000- <2>     db 0,0,0,0,0,0,0,0,0,0,0,0,0,0,0,0
   502 0000C7E2 00000000000000      <2>
   503 0000C7E9 000000000000000000- <2>     db 0,0,0,0,0,0,0,0,0,0,0,0,0,0,0,0
   503 0000C7F2 00000000000000      <2>
   504 0000C7F9 000000000000000000- <2>     db 0,0,0,0,0,0,0,0,0,0,0,0,0,0,0,0
   504 0000C802 00000000000000      <2>
   505 0000C809 000000000000000000- <2>     db 0,0,0,0,0,0,0,0,0,0,0,0,0,0,0,0
   505 0000C812 00000000000000      <2>
   506 0000C819 0000000000000000    <2>     db 0,0,0,0,0,0,0,0
   507                              <2>     ; G level 3
   508 0000C821 000000000000000000- <2>     db 0,0,0,0,0,0,0,0,0,0,0,0,0,0,0,0
   508 0000C82A 00000000000000      <2>
   509 0000C831 000000000000000000- <2>     db 0,0,0,0,0,0,0,0,0,0,0,0,0,0,0,0
   509 0000C83A 00000000000000      <2>
   510 0000C841 000000000000000000- <2>     db 0,0,0,0,0,0,0,0,0,0,0,0,0,0,0,0
   510 0000C84A 00000000000000      <2>
   511 0000C851 000000000000000000- <2>     db 0,0,0,0,0,0,0,0,0,0,0,0,0,0,0,0
   511 0000C85A 00000000000000      <2>
   512 0000C861 000000000000000000- <2>     db 0,0,0,0,0,0,0,0,0,0,0,0,0,0,0,0
   512 0000C86A 00000000000000      <2>
   513 0000C871 00000000000000F800- <2>     db 0,0,0,0,0,0,0,248,0,240,1,224,3,224,3,0
   513 0000C87A F001E003E00300      <2>
   514 0000C881 000000FC00F801F003- <2>     db 0,0,0,252,0,248,1,240,3,240,3,0,0,0,0,254
   514 0000C88A F00300000000FE      <2>
   515 0000C891 01FC03F807F8070000- <2>     db 1,252,3,248,7,248,7,0,0,0,0,255,1,254,3,252
   515 0000C89A 0000FF01FE03FC      <2>
   516 0000C8A1 07FC0700000000FF00- <2>     db 7,252,7,0,0,0,0,255,0,254,1,252,3,252,3,0
   516 0000C8AA FE01FC03FC0300      <2>
   517 0000C8B1 000000FF00FE01FC03- <2>     db 0,0,0,255,0,254,1,252,3,252,3,0,0,0,0,127
   517 0000C8BA FC03000000007F      <2>
   518 0000C8C1 00FE00FC01FC010000- <2>     db 0,254,0,252,1,252,1,0,0,0,0,30,0,60,0,120
   518 0000C8CA 00001E003C0078      <2>
   519 0000C8D1 007800000000000000- <2>     db 0,120,0,0,0,0,0,0,0,0,0,0,0,0,0,0
   519 0000C8DA 00000000000000      <2>
   520 0000C8E1 000000000000000000- <2>     db 0,0,0,0,0,0,0,0,0,0,0,0,0,248,0,0
   520 0000C8EA 00000000F80000      <2>
   521 0000C8F1 000000000000000000- <2>     db 0,0,0,0,0,0,0,0,0,252,0,0,0,0,0,0
   521 0000C8FA FC000000000000      <2>
   522 0000C901 0000000000FE010000- <2>     db 0,0,0,0,0,254,1,0,0,0,0,0,0,0,0,0
   522 0000C90A 00000000000000      <2>
   523 0000C911 00FF01000000000000- <2>     db 0,255,1,0,0,0,0,0,0,0,0,0,0,255,0,0
   523 0000C91A 00000000FF0000      <2>
   524 0000C921 000000000000000000- <2>     db 0,0,0,0,0,0,0,0,0,255,0,0,0,0,0,0
   524 0000C92A FF000000000000      <2>
   525 0000C931 00000000007F000000- <2>     db 0,0,0,0,0,127,0,0,0,0,0,0,0,0,0,0
   525 0000C93A 00000000000000      <2>
   526 0000C941 001E00000000000000- <2>     db 0,30,0,0,0,0,0,0,0,0,0,0,0,0,0,0
   526 0000C94A 00000000000000      <2>
   527 0000C951 000000000000000000- <2>     db 0,0,0,0,0,0,0,0,0,0,0,0,0,0,0,0
   527 0000C95A 00000000000000      <2>
   528 0000C961 0000000000F8000000- <2>     db 0,0,0,0,0,248,0,0,0,0,0,0,0,0,0,0
   528 0000C96A 00000000000000      <2>
   529 0000C971 00FC00000000000000- <2>     db 0,252,0,0,0,0,0,0,0,0,0,0,0,254,1,0
   529 0000C97A 00000000FE0100      <2>
   530 0000C981 000000000000000000- <2>     db 0,0,0,0,0,0,0,0,0,255,1,0,0,0,0,0
   530 0000C98A FF010000000000      <2>
   531 0000C991 0000000000FF000000- <2>     db 0,0,0,0,0,255,0,0,0,0,0,0,0,0,0,0
   531 0000C99A 00000000000000      <2>
   532 0000C9A1 00FF00000000000000- <2>     db 0,255,0,0,0,0,0,0,0,0,0,0,0,127,0,0
   532 0000C9AA 000000007F0000      <2>
   533 0000C9B1 000000000000000000- <2>     db 0,0,0,0,0,0,0,0,0,30,0,0,0,0,0,0
   533 0000C9BA 1E000000000000      <2>
   534 0000C9C1 000000000000000000- <2>     db 0,0,0,0,0,0,0,0,0,0,0,0,0,0,0,0
   534 0000C9CA 00000000000000      <2>
   535 0000C9D1 000000000000000000- <2>     db 0,0,0,0,0,0,0,0,0,0,0,0,0,248,0,0
   535 0000C9DA 00000000F80000      <2>
   536 0000C9E1 000000E003E0030000- <2>     db 0,0,0,224,3,224,3,0,0,252,0,0,0,0,0,240
   536 0000C9EA FC0000000000F0      <2>
   537 0000C9F1 03F0030000FE010000- <2>     db 3,240,3,0,0,254,1,0,0,0,0,248,7,248,7,0
   537 0000C9FA 0000F807F80700      <2>
   538 0000CA01 00FF0100000000FC07- <2>     db 0,255,1,0,0,0,0,252,7,252,7,0,0,255,0,0
   538 0000CA0A FC070000FF0000      <2>
   539 0000CA11 000000FC03FC030000- <2>     db 0,0,0,252,3,252,3,0,0,255,0,0,0,0,0,252
   539 0000CA1A FF0000000000FC      <2>
   540 0000CA21 03FC0300007F000000- <2>     db 3,252,3,0,0,127,0,0,0,0,0,252,1,252,1,0
   540 0000CA2A 0000FC01FC0100      <2>
   541 0000CA31 001E00000000007800- <2>     db 0,30,0,0,0,0,0,120,0,120,0,0,0,0,0,0
   541 0000CA3A 78000000000000      <2>
   542 0000CA41 000000000000000000- <2>     db 0,0,0,0,0,0,0,0,0,0,0,0,0,0,0,0
   542 0000CA4A 00000000000000      <2>
   543 0000CA51 0000000000F8000000- <2>     db 0,0,0,0,0,248,0,0,0,0,0,0,0,224,3,0
   543 0000CA5A 00000000E00300      <2>
   544 0000CA61 00FC00000000000000- <2>     db 0,252,0,0,0,0,0,0,0,240,3,0,0,254,1,0
   544 0000CA6A F0030000FE0100      <2>
   545 0000CA71 0000000000F8070000- <2>     db 0,0,0,0,0,248,7,0,0,255,1,0,0,0,0,0
   545 0000CA7A FF010000000000      <2>
   546 0000CA81 00FC070000FF000000- <2>     db 0,252,7,0,0,255,0,0,0,0,0,0,0,252,3,0
   546 0000CA8A 00000000FC0300      <2>
   547 0000CA91 00FF00000000000000- <2>     db 0,255,0,0,0,0,0,0,0,252,3,0,0,127,0,0
   547 0000CA9A FC0300007F0000      <2>
   548 0000CAA1 0000000000FC010000- <2>     db 0,0,0,0,0,252,1,0,0,30,0,0,0,0,0,0
   548 0000CAAA 1E000000000000      <2>
   549 0000CAB1 007800000000000000- <2>     db 0,120,0,0,0,0,0,0,0,0,0,0,0,0,0,0
   549 0000CABA 00000000000000      <2>
   550 0000CAC1 000000000000000000- <2>     db 0,0,0,0,0,0,0,0,0,0,0,0,0,248,0,0
   550 0000CACA 00000000F80000      <2>
   551 0000CAD1 0000000000E0030000- <2>     db 0,0,0,0,0,224,3,0,0,252,0,0,0,0,0,0
   551 0000CADA FC000000000000      <2>
   552 0000CAE1 00F0030000FE010000- <2>     db 0,240,3,0,0,254,1,0,0,0,0,0,0,248,7,0
   552 0000CAEA 00000000F80700      <2>
   553 0000CAF1 00FF01000000000000- <2>     db 0,255,1,0,0,0,0,0,0,252,7,0,0,255,0,0
   553 0000CAFA FC070000FF0000      <2>
   554 0000CB01 0000000000FC030000- <2>     db 0,0,0,0,0,252,3,0,0,255,0,0,0,0,0,0
   554 0000CB0A FF000000000000      <2>
   555 0000CB11 00FC0300007F000000- <2>     db 0,252,3,0,0,127,0,0,0,0,0,0,0,252,1,0
   555 0000CB1A 00000000FC0100      <2>
   556 0000CB21 001E00000000000000- <2>     db 0,30,0,0,0,0,0,0,0,120,0,0,0,0,0,0
   556 0000CB2A 78000000000000      <2>
   557 0000CB31 000000000000000000- <2>     db 0,0,0,0,0,0,0,0,0,0,0,0,0,0,0,0
   557 0000CB3A 00000000000000      <2>
   558 0000CB41 00000000000000F800- <2>     db 0,0,0,0,0,0,0,248,0,240,1,224,3,224,3,0
   558 0000CB4A F001E003E00300      <2>
   559 0000CB51 000000FC00F801F003- <2>     db 0,0,0,252,0,248,1,240,3,240,3,0,0,0,0,254
   559 0000CB5A F00300000000FE      <2>
   560 0000CB61 01FC03F807F8070000- <2>     db 1,252,3,248,7,248,7,0,0,0,0,255,1,254,3,252
   560 0000CB6A 0000FF01FE03FC      <2>
   561 0000CB71 07FC0700000000FF00- <2>     db 7,252,7,0,0,0,0,255,0,254,1,252,3,252,3,0
   561 0000CB7A FE01FC03FC0300      <2>
   562 0000CB81 000000FF00FE01FC03- <2>     db 0,0,0,255,0,254,1,252,3,252,3,0,0,0,0,127
   562 0000CB8A FC03000000007F      <2>
   563 0000CB91 00FE00FC01FC010000- <2>     db 0,254,0,252,1,252,1,0,0,0,0,30,0,60,0,120
   563 0000CB9A 00001E003C0078      <2>
   564 0000CBA1 007800000000000000- <2>     db 0,120,0,0,0,0,0,0,0,0,0,0,0,0,0,0
   564 0000CBAA 00000000000000      <2>
   565 0000CBB1 000000000000000000- <2>     db 0,0,0,0,0,0,0,0,0,0,0,0,0,0,0,0
   565 0000CBBA 00000000000000      <2>
   566 0000CBC1 000000000000000000- <2>     db 0,0,0,0,0,0,0,0,0,0,0,0,0,0,0,0
   566 0000CBCA 00000000000000      <2>
   567 0000CBD1 000000000000000000- <2>     db 0,0,0,0,0,0,0,0,0,0,0,0,0,0,0,0
   567 0000CBDA 00000000000000      <2>
   568 0000CBE1 000000000000000000- <2>     db 0,0,0,0,0,0,0,0,0,0,0,0,0,0,0,0
   568 0000CBEA 00000000000000      <2>
   569 0000CBF1 000000000000000000- <2>     db 0,0,0,0,0,0,0,0,0,0,0,0,0,0,0,0
   569 0000CBFA 00000000000000      <2>
   570 0000CC01 000000000000000000- <2>     db 0,0,0,0,0,0,0,0,0,0,0,0,0,0,0,0
   570 0000CC0A 00000000000000      <2>
   571 0000CC11 000000000000000000- <2>     db 0,0,0,0,0,0,0,0,0,0,0,0,0,0,0,0
   571 0000CC1A 00000000000000      <2>
   572 0000CC21 000000000000000000- <2>     db 0,0,0,0,0,0,0,0,0,0,0,0,0,0,0,0
   572 0000CC2A 00000000000000      <2>
   573 0000CC31 000000000000000000- <2>     db 0,0,0,0,0,0,0,0,0,0,0,0,0,0,0,0
   573 0000CC3A 00000000000000      <2>
   574 0000CC41 000000000000000000- <2>     db 0,0,0,0,0,0,0,0,0,0,0,0,0,0,0,0
   574 0000CC4A 00000000000000      <2>
   575 0000CC51 0000000000000000    <2>     db 0,0,0,0,0,0,0,0
   576                              <2>     ; A level 0
   577 0000CC59 000000000000000000- <2>     db 0,0,0,0,0,0,0,0,0,0,0,0,0,0,0,0
   577 0000CC62 00000000000000      <2>
   578 0000CC69 000000000000000000- <2>     db 0,0,0,0,0,0,0,0,0,0,0,0,0,0,0,0
   578 0000CC72 00000000000000      <2>
   579 0000CC79 000000000000000000- <2>     db 0,0,0,0,0,0,0,0,0,0,0,0,0,0,0,0
   579 0000CC82 00000000000000      <2>
   580 0000CC89 000000000000000000- <2>     db 0,0,0,0,0,0,0,0,0,0,0,0,0,0,0,0
   580 0000CC92 00000000000000      <2>
   581 0000CC99 000000000000000000- <2>     db 0,0,0,0,0,0,0,0,0,0,0,0,0,0,0,0
   581 0000CCA2 00000000000000      <2>
   582 0000CCA9 00000000000000F807- <2>     db 0,0,0,0,0,0,0,248,7,240,15,224,31,0,0,0
   582 0000CCB2 F00FE01F000000      <2>
   583 0000CCB9 000000FC0FF81FF03F- <2>     db 0,0,0,252,15,248,31,240,63,0,0,0,0,0,0,254
   583 0000CCC2 000000000000FE      <2>
   584 0000CCC9 1FFC3FF87F00000000- <2>     db 31,252,63,248,127,0,0,0,0,0,0,255,63,254,127,252
   584 0000CCD2 0000FF3FFE7FFC      <2>
   585 0000CCD9 FF000000000080FF7F- <2>     db 255,0,0,0,0,0,128,255,127,255,255,254,255,1,0,0
   585 0000CCE2 FFFFFEFF010000      <2>
   586 0000CCE9 000080FF7FFFFFFEFF- <2>     db 0,0,128,255,127,255,255,254,255,1,0,0,0,0,128,255
   586 0000CCF2 010000000080FF      <2>
   587 0000CCF9 7FFFFFFEFF01000000- <2>     db 127,255,255,254,255,1,0,0,0,0,128,255,127,255,255,254
   587 0000CD02 0080FF7FFFFFFE      <2>
   588 0000CD09 FF010000000080FF7F- <2>     db 255,1,0,0,0,0,128,255,127,255,255,254,255,1,0,0
   588 0000CD12 FFFFFEFF010000      <2>
   589 0000CD19 000080FF7FFFFFFEFF- <2>     db 0,0,128,255,127,255,255,254,255,1,0,0,0,248,135,255
   589 0000CD22 01000000F887FF      <2>
   590 0000CD29 7FFFFFFEFFE11F0000- <2>     db 127,255,255,254,255,225,31,0,0,252,143,255,127,255,255,254
   590 0000CD32 FC8FFF7FFFFFFE      <2>
   591 0000CD39 FFF13F0000FE1FFF3F- <2>     db 255,241,63,0,0,254,31,255,63,254,127,252,255,248,127,0
   591 0000CD42 FE7FFCFFF87F00      <2>
   592 0000CD49 00FF3FFE1FFC3FF87F- <2>     db 0,255,63,254,31,252,63,248,127,252,255,0,128,255,127,252
   592 0000CD52 FCFF0080FF7FFC      <2>
   593 0000CD59 0FF81FF03FFEFF0180- <2>     db 15,248,31,240,63,254,255,1,128,255,127,248,7,240,15,224
   593 0000CD62 FF7FF807F00FE0      <2>
   594 0000CD69 1FFEFF0180FF7F0000- <2>     db 31,254,255,1,128,255,127,0,0,0,0,0,0,254,255,1
   594 0000CD72 00000000FEFF01      <2>
   595 0000CD79 80FF7F000000000000- <2>     db 128,255,127,0,0,0,0,0,0,254,255,1,128,255,127,0
   595 0000CD82 FEFF0180FF7F00      <2>
   596 0000CD89 0000000000FEFF0180- <2>     db 0,0,0,0,0,254,255,1,128,255,127,0,0,0,0,0
   596 0000CD92 FF7F0000000000      <2>
   597 0000CD99 00FEFF0180FF7F0000- <2>     db 0,254,255,1,128,255,127,0,0,0,0,0,0,254,255,1
   597 0000CDA2 00000000FEFF01      <2>
   598 0000CDA9 80FF7F000000000000- <2>     db 128,255,127,0,0,0,0,0,0,254,255,1,0,255,63,0
   598 0000CDB2 FEFF0100FF3F00      <2>
   599 0000CDB9 0000000000FCFF0000- <2>     db 0,0,0,0,0,252,255,0,0,255,63,0,0,0,0,0
   599 0000CDC2 FF3F0000000000      <2>
   600 0000CDC9 00FCFF0080FF7F0000- <2>     db 0,252,255,0,128,255,127,0,0,0,0,0,0,254,255,1
   600 0000CDD2 00000000FEFF01      <2>
   601 0000CDD9 80FF7F000000000000- <2>     db 128,255,127,0,0,0,0,0,0,254,255,1,128,255,127,0
   601 0000CDE2 FEFF0180FF7F00      <2>
   602 0000CDE9 0000000000FEFF0180- <2>     db 0,0,0,0,0,254,255,1,128,255,127,0,0,0,0,0
   602 0000CDF2 FF7F0000000000      <2>
   603 0000CDF9 00FEFF0180FF7F0000- <2>     db 0,254,255,1,128,255,127,0,0,0,0,0,0,254,255,1
   603 0000CE02 00000000FEFF01      <2>
   604 0000CE09 80FF7F000000000000- <2>     db 128,255,127,0,0,0,0,0,0,254,255,1,128,255,127,248
   604 0000CE12 FEFF0180FF7FF8      <2>
   605 0000CE19 07F00FE01FFEFF0180- <2>     db 7,240,15,224,31,254,255,1,128,255,127,252,15,248,31,240
   605 0000CE22 FF7FFC0FF81FF0      <2>
   606 0000CE29 3FFEFF0100FF3FFE1F- <2>     db 63,254,255,1,0,255,63,254,31,252,63,248,127,252,255,0
   606 0000CE32 FC3FF87FFCFF00      <2>
   607 0000CE39 00FF3FFF3FFE7FFCFF- <2>     db 0,255,63,255,63,254,127,252,255,252,255,0,128,255,255,255
   607 0000CE42 FCFF0080FFFFFF      <2>
   608 0000CE49 7FFFFFFEFFFFFF0180- <2>     db 127,255,255,254,255,255,255,1,128,255,255,255,127,255,255,254
   608 0000CE52 FFFFFF7FFFFFFE      <2>
   609 0000CE59 FFFFFF0180FFFFFF7F- <2>     db 255,255,255,1,128,255,255,255,127,255,255,254,255,255,255,1
   609 0000CE62 FFFFFEFFFFFF01      <2>
   610 0000CE69 80FFFFFF7FFFFFFEFF- <2>     db 128,255,255,255,127,255,255,254,255,255,255,1,128,255,255,255
   610 0000CE72 FFFF0180FFFFFF      <2>
   611 0000CE79 7FFFFFFEFFFFFF0180- <2>     db 127,255,255,254,255,255,255,1,128,255,255,255,127,255,255,254
   611 0000CE82 FFFFFF7FFFFFFE      <2>
   612 0000CE89 FFFFFF0180FFFFFF7F- <2>     db 255,255,255,1,128,255,255,255,127,255,255,254,255,255,255,1
   612 0000CE92 FFFFFEFFFFFF01      <2>
   613 0000CE99 80FFFFFF7FFFFFFEFF- <2>     db 128,255,255,255,127,255,255,254,255,255,255,1,0,255,63,255
   613 0000CEA2 FFFF0100FF3FFF      <2>
   614 0000CEA9 3FFE7FFCFFFCFF0000- <2>     db 63,254,127,252,255,252,255,0,0,255,63,254,31,252,63,248
   614 0000CEB2 FF3FFE1FFC3FF8      <2>
   615 0000CEB9 7FFCFF0080FF7FFC0F- <2>     db 127,252,255,0,128,255,127,252,15,248,31,240,63,254,255,1
   615 0000CEC2 F81FF03FFEFF01      <2>
   616 0000CEC9 80FF7FF807F00FE01F- <2>     db 128,255,127,248,7,240,15,224,31,254,255,1,128,255,127,0
   616 0000CED2 FEFF0180FF7F00      <2>
   617 0000CED9 0000000000FEFF0180- <2>     db 0,0,0,0,0,254,255,1,128,255,127,0,0,0,0,0
   617 0000CEE2 FF7F0000000000      <2>
   618 0000CEE9 00FEFF0180FF7F0000- <2>     db 0,254,255,1,128,255,127,0,0,0,0,0,0,254,255,1
   618 0000CEF2 00000000FEFF01      <2>
   619 0000CEF9 80FF7F000000000000- <2>     db 128,255,127,0,0,0,0,0,0,254,255,1,128,255,127,0
   619 0000CF02 FEFF0180FF7F00      <2>
   620 0000CF09 0000000000FEFF0180- <2>     db 0,0,0,0,0,254,255,1,128,255,127,0,0,0,0,0
   620 0000CF12 FF7F0000000000      <2>
   621 0000CF19 00FEFF0100FF3F0000- <2>     db 0,254,255,1,0,255,63,0,0,0,0,0,0,252,255,0
   621 0000CF22 00000000FCFF00      <2>
   622 0000CF29 00FF3F000000000000- <2>     db 0,255,63,0,0,0,0,0,0,252,255,0,128,255,127,0
   622 0000CF32 FCFF0080FF7F00      <2>
   623 0000CF39 0000000000FEFF0180- <2>     db 0,0,0,0,0,254,255,1,128,255,127,0,0,0,0,0
   623 0000CF42 FF7F0000000000      <2>
   624 0000CF49 00FEFF0180FF7F0000- <2>     db 0,254,255,1,128,255,127,0,0,0,0,0,0,254,255,1
   624 0000CF52 00000000FEFF01      <2>
   625 0000CF59 80FF7F000000000000- <2>     db 128,255,127,0,0,0,0,0,0,254,255,1,128,255,127,0
   625 0000CF62 FEFF0180FF7F00      <2>
   626 0000CF69 0000000000FEFF0180- <2>     db 0,0,0,0,0,254,255,1,128,255,127,0,0,0,0,0
   626 0000CF72 FF7F0000000000      <2>
   627 0000CF79 00FEFF0180FF7F0000- <2>     db 0,254,255,1,128,255,127,0,0,0,0,0,0,254,255,1
   627 0000CF82 00000000FEFF01      <2>
   628 0000CF89 80FF7F000000000000- <2>     db 128,255,127,0,0,0,0,0,0,254,255,1,0,255,63,0
   628 0000CF92 FEFF0100FF3F00      <2>
   629 0000CF99 0000000000FCFF0000- <2>     db 0,0,0,0,0,252,255,0,0,255,63,0,0,0,0,0
   629 0000CFA2 FF3F0000000000      <2>
   630 0000CFA9 00FCFF0080FF7F0000- <2>     db 0,252,255,0,128,255,127,0,0,0,0,0,0,254,255,1
   630 0000CFB2 00000000FEFF01      <2>
   631 0000CFB9 80FF7F000000000000- <2>     db 128,255,127,0,0,0,0,0,0,254,255,1,128,255,127,0
   631 0000CFC2 FEFF0180FF7F00      <2>
   632 0000CFC9 0000000000FEFF0180- <2>     db 0,0,0,0,0,254,255,1,128,255,127,0,0,0,0,0
   632 0000CFD2 FF7F0000000000      <2>
   633 0000CFD9 00FEFF0180FF7F0000- <2>     db 0,254,255,1,128,255,127,0,0,0,0,0,0,254,255,1
   633 0000CFE2 00000000FEFF01      <2>
   634 0000CFE9 80FF7F000000000000- <2>     db 128,255,127,0,0,0,0,0,0,254,255,1,128,255,127,0
   634 0000CFF2 FEFF0180FF7F00      <2>
   635 0000CFF9 0000000000FEFF0180- <2>     db 0,0,0,0,0,254,255,1,128,255,127,0,0,0,0,0
   635 0000D002 FF7F0000000000      <2>
   636 0000D009 00FEFF0100FF3F0000- <2>     db 0,254,255,1,0,255,63,0,0,0,0,0,0,252,255,0
   636 0000D012 00000000FCFF00      <2>
   637 0000D019 00FE1F000000000000- <2>     db 0,254,31,0,0,0,0,0,0,248,127,0,0,252,15,0
   637 0000D022 F87F0000FC0F00      <2>
   638 0000D029 0000000000F03F0000- <2>     db 0,0,0,0,0,240,63,0,0,248,7,0,0,0,0,0
   638 0000D032 F8070000000000      <2>
   639 0000D039 00E01F000000000000- <2>     db 0,224,31,0,0,0,0,0,0,0,0,0,0,0,0,0
   639 0000D042 00000000000000      <2>
   640 0000D049 000000000000000000- <2>     db 0,0,0,0,0,0,0,0,0,0,0,0,0,0,0,0
   640 0000D052 00000000000000      <2>
   641 0000D059 000000000000000000- <2>     db 0,0,0,0,0,0,0,0,0,0,0,0,0,0,0,0
   641 0000D062 00000000000000      <2>
   642 0000D069 000000000000000000- <2>     db 0,0,0,0,0,0,0,0,0,0,0,0,0,0,0,0
   642 0000D072 00000000000000      <2>
   643 0000D079 000000000000000000- <2>     db 0,0,0,0,0,0,0,0,0,0,0,0,0,0,0,0
   643 0000D082 00000000000000      <2>
   644 0000D089 0000000000000000    <2>     db 0,0,0,0,0,0,0,0
   645                              <2>     ; A level 1
   646 0000D091 000000000000000000- <2>     db 0,0,0,0,0,0,0,0,0,0,0,0,0,0,0,0
   646 0000D09A 00000000000000      <2>
   647 0000D0A1 000000000000000000- <2>     db 0,0,0,0,0,0,0,0,0,0,0,0,0,0,0,0
   647 0000D0AA 00000000000000      <2>
   648 0000D0B1 000000000000000000- <2>     db 0,0,0,0,0,0,0,0,0,0,0,0,0,0,0,0
   648 0000D0BA 00000000000000      <2>
   649 0000D0C1 000000000000000000- <2>     db 0,0,0,0,0,0,0,0,0,0,0,0,0,0,0,0
   649 0000D0CA 00000000000000      <2>
   650 0000D0D1 000000000000000000- <2>     db 0,0,0,0,0,0,0,0,0,0,0,0,0,0,0,0
   650 0000D0DA 00000000000000      <2>
   651 0000D0E1 00000000000000F807- <2>     db 0,0,0,0,0,0,0,248,7,240,15,224,31,0,0,0
   651 0000D0EA F00FE01F000000      <2>
   652 0000D0F1 000000FC0FF81FF03F- <2>     db 0,0,0,252,15,248,31,240,63,0,0,0,0,0,0,254
   652 0000D0FA 000000000000FE      <2>
   653 0000D101 1FFC3FF87F00000000- <2>     db 31,252,63,248,127,0,0,0,0,0,0,255,31,254,63,252
   653 0000D10A 0000FF1FFE3FFC      <2>
   654 0000D111 7F000000000080FF1F- <2>     db 127,0,0,0,0,0,128,255,31,255,63,254,127,0,0,0
   654 0000D11A FF3FFE7F000000      <2>
   655 0000D121 000080FF1FFF3FFE7F- <2>     db 0,0,128,255,31,255,63,254,127,0,0,0,0,0,128,255
   655 0000D12A 000000000080FF      <2>
   656 0000D131 0FFF1FFE3F00000000- <2>     db 15,255,31,254,63,0,0,0,0,0,128,255,15,255,31,254
   656 0000D13A 0080FF0FFF1FFE      <2>
   657 0000D141 3F000000000080FF07- <2>     db 63,0,0,0,0,0,128,255,7,255,15,254,31,0,0,0
   657 0000D14A FF0FFE1F000000      <2>
   658 0000D151 000080FF03FF07FE0F- <2>     db 0,0,128,255,3,255,7,254,15,0,0,0,0,248,135,255
   658 0000D15A 00000000F887FF      <2>
   659 0000D161 01FF03FE07E01F0000- <2>     db 1,255,3,254,7,224,31,0,0,252,15,255,0,254,1,252
   659 0000D16A FC0FFF00FE01FC      <2>
   660 0000D171 03F03F0000FE1F1C00- <2>     db 3,240,63,0,0,254,31,28,0,56,0,112,0,248,127,0
   660 0000D17A 38007000F87F00      <2>
   661 0000D181 00FF1F000000000000- <2>     db 0,255,31,0,0,0,0,0,0,252,127,0,128,255,31,0
   661 0000D18A FC7F0080FF1F00      <2>
   662 0000D191 0000000000FE7F0080- <2>     db 0,0,0,0,0,254,127,0,128,255,31,0,0,0,0,0
   662 0000D19A FF1F0000000000      <2>
   663 0000D1A1 00FE7F0080FF0F0000- <2>     db 0,254,127,0,128,255,15,0,0,0,0,0,0,254,63,0
   663 0000D1AA 00000000FE3F00      <2>
   664 0000D1B1 80FF0F000000000000- <2>     db 128,255,15,0,0,0,0,0,0,254,63,0,128,255,7,0
   664 0000D1BA FE3F0080FF0700      <2>
   665 0000D1C1 0000000000FE1F0080- <2>     db 0,0,0,0,0,254,31,0,128,255,3,0,0,0,0,0
   665 0000D1CA FF030000000000      <2>
   666 0000D1D1 00FE0F0080FF070000- <2>     db 0,254,15,0,128,255,7,0,0,0,0,0,0,254,31,0
   666 0000D1DA 00000000FE1F00      <2>
   667 0000D1E1 00FF0F000000000000- <2>     db 0,255,15,0,0,0,0,0,0,252,63,0,0,254,31,0
   667 0000D1EA FC3F0000FE1F00      <2>
   668 0000D1F1 0000000000F87F0000- <2>     db 0,0,0,0,0,248,127,0,0,255,31,0,0,0,0,0
   668 0000D1FA FF1F0000000000      <2>
   669 0000D201 00FC7F0080FF1F0000- <2>     db 0,252,127,0,128,255,31,0,0,0,0,0,0,254,127,0
   669 0000D20A 00000000FE7F00      <2>
   670 0000D211 80FF1F000000000000- <2>     db 128,255,31,0,0,0,0,0,0,254,127,0,128,255,15,0
   670 0000D21A FE7F0080FF0F00      <2>
   671 0000D221 0000000000FE3F0080- <2>     db 0,0,0,0,0,254,63,0,128,255,15,0,0,0,0,0
   671 0000D22A FF0F0000000000      <2>
   672 0000D231 00FE3F0080FF070000- <2>     db 0,254,63,0,128,255,7,0,0,0,0,0,0,254,31,0
   672 0000D23A 00000000FE1F00      <2>
   673 0000D241 80FF03000000000000- <2>     db 128,255,3,0,0,0,0,0,0,254,15,0,128,255,7,248
   673 0000D24A FE0F0080FF07F8      <2>
   674 0000D251 07F00FE01FFE1F0000- <2>     db 7,240,15,224,31,254,31,0,0,255,15,252,15,248,31,240
   674 0000D25A FF0FFC0FF81FF0      <2>
   675 0000D261 3FFC3F0000FE1FFE1F- <2>     db 63,252,63,0,0,254,31,254,31,252,63,248,127,248,127,0
   675 0000D26A FC3FF87FF87F00      <2>
   676 0000D271 00FF1FFF1FFE3FFC7F- <2>     db 0,255,31,255,31,254,63,252,127,252,127,0,128,255,159,255
   676 0000D27A FC7F0080FF9FFF      <2>
   677 0000D281 1FFF3FFE7FFE7F0080- <2>     db 31,255,63,254,127,254,127,0,128,255,159,255,31,255,63,254
   677 0000D28A FF9FFF1FFF3FFE      <2>
   678 0000D291 7FFE7F0080FF8FFF0F- <2>     db 127,254,127,0,128,255,143,255,15,255,31,254,63,254,63,0
   678 0000D29A FF1FFE3FFE3F00      <2>
   679 0000D2A1 80FF8FFF0FFF1FFE3F- <2>     db 128,255,143,255,15,255,31,254,63,254,63,0,128,255,135,255
   679 0000D2AA FE3F0080FF87FF      <2>
   680 0000D2B1 07FF0FFE1FFE1F0080- <2>     db 7,255,15,254,31,254,31,0,128,255,131,255,3,255,7,254
   680 0000D2BA FF83FF03FF07FE      <2>
   681 0000D2C1 0FFE0F0080FF87FF01- <2>     db 15,254,15,0,128,255,135,255,1,255,3,254,7,254,31,0
   681 0000D2CA FF03FE07FE1F00      <2>
   682 0000D2D1 00FF0FFF00FE01FC03- <2>     db 0,255,15,255,0,254,1,252,3,252,63,0,0,254,31,28
   682 0000D2DA FC3F0000FE1F1C      <2>
   683 0000D2E1 0038007000F87F0000- <2>     db 0,56,0,112,0,248,127,0,0,255,31,0,0,0,0,0
   683 0000D2EA FF1F0000000000      <2>
   684 0000D2F1 00FC7F0080FF1F0000- <2>     db 0,252,127,0,128,255,31,0,0,0,0,0,0,254,127,0
   684 0000D2FA 00000000FE7F00      <2>
   685 0000D301 80FF1F000000000000- <2>     db 128,255,31,0,0,0,0,0,0,254,127,0,128,255,15,0
   685 0000D30A FE7F0080FF0F00      <2>
   686 0000D311 0000000000FE3F0080- <2>     db 0,0,0,0,0,254,63,0,128,255,15,0,0,0,0,0
   686 0000D31A FF0F0000000000      <2>
   687 0000D321 00FE3F0080FF070000- <2>     db 0,254,63,0,128,255,7,0,0,0,0,0,0,254,31,0
   687 0000D32A 00000000FE1F00      <2>
   688 0000D331 80FF03000000000000- <2>     db 128,255,3,0,0,0,0,0,0,254,15,0,128,255,7,0
   688 0000D33A FE0F0080FF0700      <2>
   689 0000D341 0000000000FE1F0000- <2>     db 0,0,0,0,0,254,31,0,0,255,15,0,0,0,0,0
   689 0000D34A FF0F0000000000      <2>
   690 0000D351 00FC3F0000FE1F0000- <2>     db 0,252,63,0,0,254,31,0,0,0,0,0,0,248,127,0
   690 0000D35A 00000000F87F00      <2>
   691 0000D361 00FF1F000000000000- <2>     db 0,255,31,0,0,0,0,0,0,252,127,0,128,255,31,0
   691 0000D36A FC7F0080FF1F00      <2>
   692 0000D371 0000000000FE7F0080- <2>     db 0,0,0,0,0,254,127,0,128,255,31,0,0,0,0,0
   692 0000D37A FF1F0000000000      <2>
   693 0000D381 00FE7F0080FF0F0000- <2>     db 0,254,127,0,128,255,15,0,0,0,0,0,0,254,63,0
   693 0000D38A 00000000FE3F00      <2>
   694 0000D391 80FF0F000000000000- <2>     db 128,255,15,0,0,0,0,0,0,254,63,0,128,255,7,0
   694 0000D39A FE3F0080FF0700      <2>
   695 0000D3A1 0000000000FE1F0080- <2>     db 0,0,0,0,0,254,31,0,128,255,3,0,0,0,0,0
   695 0000D3AA FF030000000000      <2>
   696 0000D3B1 00FE0F0080FF070000- <2>     db 0,254,15,0,128,255,7,0,0,0,0,0,0,254,31,0
   696 0000D3BA 00000000FE1F00      <2>
   697 0000D3C1 00FF0F000000000000- <2>     db 0,255,15,0,0,0,0,0,0,252,63,0,0,254,31,0
   697 0000D3CA FC3F0000FE1F00      <2>
   698 0000D3D1 0000000000F87F0000- <2>     db 0,0,0,0,0,248,127,0,0,255,31,0,0,0,0,0
   698 0000D3DA FF1F0000000000      <2>
   699 0000D3E1 00FC7F0080FF1F0000- <2>     db 0,252,127,0,128,255,31,0,0,0,0,0,0,254,127,0
   699 0000D3EA 00000000FE7F00      <2>
   700 0000D3F1 80FF1F000000000000- <2>     db 128,255,31,0,0,0,0,0,0,254,127,0,128,255,15,0
   700 0000D3FA FE7F0080FF0F00      <2>
   701 0000D401 0000000000FE3F0080- <2>     db 0,0,0,0,0,254,63,0,128,255,15,0,0,0,0,0
   701 0000D40A FF0F0000000000      <2>
   702 0000D411 00FE3F0080FF070000- <2>     db 0,254,63,0,128,255,7,0,0,0,0,0,0,254,31,0
   702 0000D41A 00000000FE1F00      <2>
   703 0000D421 80FF03000000000000- <2>     db 128,255,3,0,0,0,0,0,0,254,15,0,128,255,1,0
   703 0000D42A FE0F0080FF0100      <2>
   704 0000D431 0000000000FE070000- <2>     db 0,0,0,0,0,254,7,0,0,255,0,0,0,0,0,0
   704 0000D43A FF000000000000      <2>
   705 0000D441 00FC0300001C000000- <2>     db 0,252,3,0,0,28,0,0,0,0,0,0,0,112,0,0
   705 0000D44A 00000000700000      <2>
   706 0000D451 000000000000000000- <2>     db 0,0,0,0,0,0,0,0,0,0,0,0,0,0,0,0
   706 0000D45A 00000000000000      <2>
   707 0000D461 000000000000000000- <2>     db 0,0,0,0,0,0,0,0,0,0,0,0,0,0,0,0
   707 0000D46A 00000000000000      <2>
   708 0000D471 000000000000000000- <2>     db 0,0,0,0,0,0,0,0,0,0,0,0,0,0,0,0
   708 0000D47A 00000000000000      <2>
   709 0000D481 000000000000000000- <2>     db 0,0,0,0,0,0,0,0,0,0,0,0,0,0,0,0
   709 0000D48A 00000000000000      <2>
   710 0000D491 000000000000000000- <2>     db 0,0,0,0,0,0,0,0,0,0,0,0,0,0,0,0
   710 0000D49A 00000000000000      <2>
   711 0000D4A1 000000000000000000- <2>     db 0,0,0,0,0,0,0,0,0,0,0,0,0,0,0,0
   711 0000D4AA 00000000000000      <2>
   712 0000D4B1 000000000000000000- <2>     db 0,0,0,0,0,0,0,0,0,0,0,0,0,0,0,0
   712 0000D4BA 00000000000000      <2>
   713 0000D4C1 0000000000000000    <2>     db 0,0,0,0,0,0,0,0
   714                              <2>     ; A level 2
   715 0000D4C9 000000000000000000- <2>     db 0,0,0,0,0,0,0,0,0,0,0,0,0,0,0,0
   715 0000D4D2 00000000000000      <2>
   716 0000D4D9 000000000000000000- <2>     db 0,0,0,0,0,0,0,0,0,0,0,0,0,0,0,0
   716 0000D4E2 00000000000000      <2>
   717 0000D4E9 000000000000000000- <2>     db 0,0,0,0,0,0,0,0,0,0,0,0,0,0,0,0
   717 0000D4F2 00000000000000      <2>
   718 0000D4F9 000000000000000000- <2>     db 0,0,0,0,0,0,0,0,0,0,0,0,0,0,0,0
   718 0000D502 00000000000000      <2>
   719 0000D509 000000000000000000- <2>     db 0,0,0,0,0,0,0,0,0,0,0,0,0,0,0,0
   719 0000D512 00000000000000      <2>
   720 0000D519 00000000000000F803- <2>     db 0,0,0,0,0,0,0,248,3,240,7,224,15,0,0,0
   720 0000D522 F007E00F000000      <2>
   721 0000D529 000000FC07F80FF01F- <2>     db 0,0,0,252,7,248,15,240,31,0,0,0,0,0,0,254
   721 0000D532 000000000000FE      <2>
   722 0000D539 07FC0FF81F00000000- <2>     db 7,252,15,248,31,0,0,0,0,0,0,255,7,254,15,252
   722 0000D542 0000FF07FE0FFC      <2>
   723 0000D549 1F000000000080FF07- <2>     db 31,0,0,0,0,0,128,255,7,255,15,254,31,0,0,0
   723 0000D552 FF0FFE1F000000      <2>
   724 0000D559 000080FF03FF07FE0F- <2>     db 0,0,128,255,3,255,7,254,15,0,0,0,0,0,128,255
   724 0000D562 000000000080FF      <2>
   725 0000D569 03FF07FE0F00000000- <2>     db 3,255,7,254,15,0,0,0,0,0,128,255,1,255,3,254
   725 0000D572 0080FF01FF03FE      <2>
   726 0000D579 07000000000080FF00- <2>     db 7,0,0,0,0,0,128,255,0,255,1,254,3,0,0,0
   726 0000D582 FF01FE03000000      <2>
   727 0000D589 0000007F00FE00FC01- <2>     db 0,0,0,127,0,254,0,252,1,0,0,0,0,248,3,4
   727 0000D592 00000000F80304      <2>
   728 0000D599 0008001000E00F0000- <2>     db 0,8,0,16,0,224,15,0,0,252,7,0,0,0,0,0
   728 0000D5A2 FC070000000000      <2>
   729 0000D5A9 00F01F0000FE070000- <2>     db 0,240,31,0,0,254,7,0,0,0,0,0,0,248,31,0
   729 0000D5B2 00000000F81F00      <2>
   730 0000D5B9 00FF07000000000000- <2>     db 0,255,7,0,0,0,0,0,0,252,31,0,128,255,7,0
   730 0000D5C2 FC1F0080FF0700      <2>
   731 0000D5C9 0000000000FE1F0080- <2>     db 0,0,0,0,0,254,31,0,128,255,3,0,0,0,0,0
   731 0000D5D2 FF030000000000      <2>
   732 0000D5D9 00FE0F0080FF030000- <2>     db 0,254,15,0,128,255,3,0,0,0,0,0,0,254,15,0
   732 0000D5E2 00000000FE0F00      <2>
   733 0000D5E9 80FF01000000000000- <2>     db 128,255,1,0,0,0,0,0,0,254,7,0,128,255,0,0
   733 0000D5F2 FE070080FF0000      <2>
   734 0000D5F9 0000000000FE030000- <2>     db 0,0,0,0,0,254,3,0,0,127,0,0,0,0,0,0
   734 0000D602 7F000000000000      <2>
   735 0000D609 00FC010000FC030000- <2>     db 0,252,1,0,0,252,3,0,0,0,0,0,0,240,15,0
   735 0000D612 00000000F00F00      <2>
   736 0000D619 00FC07000000000000- <2>     db 0,252,7,0,0,0,0,0,0,240,31,0,0,254,7,0
   736 0000D622 F01F0000FE0700      <2>
   737 0000D629 0000000000F81F0000- <2>     db 0,0,0,0,0,248,31,0,0,255,7,0,0,0,0,0
   737 0000D632 FF070000000000      <2>
   738 0000D639 00FC1F0080FF070000- <2>     db 0,252,31,0,128,255,7,0,0,0,0,0,0,254,31,0
   738 0000D642 00000000FE1F00      <2>
   739 0000D649 80FF03000000000000- <2>     db 128,255,3,0,0,0,0,0,0,254,15,0,128,255,3,0
   739 0000D652 FE0F0080FF0300      <2>
   740 0000D659 0000000000FE0F0080- <2>     db 0,0,0,0,0,254,15,0,128,255,1,0,0,0,0,0
   740 0000D662 FF010000000000      <2>
   741 0000D669 00FE070080FF000000- <2>     db 0,254,7,0,128,255,0,0,0,0,0,0,0,254,3,0
   741 0000D672 00000000FE0300      <2>
   742 0000D679 007F00000000000000- <2>     db 0,127,0,0,0,0,0,0,0,252,1,0,0,252,3,248
   742 0000D682 FC010000FC03F8      <2>
   743 0000D689 03F007E00FF00F0000- <2>     db 3,240,7,224,15,240,15,0,0,252,7,252,7,248,15,240
   743 0000D692 FC07FC07F80FF0      <2>
   744 0000D699 1FF01F0000FE07FE07- <2>     db 31,240,31,0,0,254,7,254,7,252,15,248,31,248,31,0
   744 0000D6A2 FC0FF81FF81F00      <2>
   745 0000D6A9 00FF07FF07FE0FFC1F- <2>     db 0,255,7,255,7,254,15,252,31,252,31,0,128,255,135,255
   745 0000D6B2 FC1F0080FF87FF      <2>
   746 0000D6B9 07FF0FFE1FFE1F0080- <2>     db 7,255,15,254,31,254,31,0,128,255,131,255,3,255,7,254
   746 0000D6C2 FF83FF03FF07FE      <2>
   747 0000D6C9 0FFE0F0080FF83FF03- <2>     db 15,254,15,0,128,255,131,255,3,255,7,254,15,254,15,0
   747 0000D6D2 FF07FE0FFE0F00      <2>
   748 0000D6D9 80FF81FF01FF03FE07- <2>     db 128,255,129,255,1,255,3,254,7,254,7,0,128,255,128,255
   748 0000D6E2 FE070080FF80FF      <2>
   749 0000D6E9 00FF01FE03FE030000- <2>     db 0,255,1,254,3,254,3,0,0,127,0,127,0,254,0,252
   749 0000D6F2 7F007F00FE00FC      <2>
   750 0000D6F9 01FC010000FC030400- <2>     db 1,252,1,0,0,252,3,4,0,8,0,16,0,240,15,0
   750 0000D702 08001000F00F00      <2>
   751 0000D709 00FC07000000000000- <2>     db 0,252,7,0,0,0,0,0,0,240,31,0,0,254,7,0
   751 0000D712 F01F0000FE0700      <2>
   752 0000D719 0000000000F81F0000- <2>     db 0,0,0,0,0,248,31,0,0,255,7,0,0,0,0,0
   752 0000D722 FF070000000000      <2>
   753 0000D729 00FC1F0080FF070000- <2>     db 0,252,31,0,128,255,7,0,0,0,0,0,0,254,31,0
   753 0000D732 00000000FE1F00      <2>
   754 0000D739 80FF03000000000000- <2>     db 128,255,3,0,0,0,0,0,0,254,15,0,128,255,3,0
   754 0000D742 FE0F0080FF0300      <2>
   755 0000D749 0000000000FE0F0080- <2>     db 0,0,0,0,0,254,15,0,128,255,1,0,0,0,0,0
   755 0000D752 FF010000000000      <2>
   756 0000D759 00FE070080FF000000- <2>     db 0,254,7,0,128,255,0,0,0,0,0,0,0,254,3,0
   756 0000D762 00000000FE0300      <2>
   757 0000D769 007F00000000000000- <2>     db 0,127,0,0,0,0,0,0,0,252,1,0,0,252,3,0
   757 0000D772 FC010000FC0300      <2>
   758 0000D779 0000000000F00F0000- <2>     db 0,0,0,0,0,240,15,0,0,252,7,0,0,0,0,0
   758 0000D782 FC070000000000      <2>
   759 0000D789 00F01F0000FE070000- <2>     db 0,240,31,0,0,254,7,0,0,0,0,0,0,248,31,0
   759 0000D792 00000000F81F00      <2>
   760 0000D799 00FF07000000000000- <2>     db 0,255,7,0,0,0,0,0,0,252,31,0,128,255,7,0
   760 0000D7A2 FC1F0080FF0700      <2>
   761 0000D7A9 0000000000FE1F0080- <2>     db 0,0,0,0,0,254,31,0,128,255,3,0,0,0,0,0
   761 0000D7B2 FF030000000000      <2>
   762 0000D7B9 00FE0F0080FF030000- <2>     db 0,254,15,0,128,255,3,0,0,0,0,0,0,254,15,0
   762 0000D7C2 00000000FE0F00      <2>
   763 0000D7C9 80FF01000000000000- <2>     db 128,255,1,0,0,0,0,0,0,254,7,0,128,255,0,0
   763 0000D7D2 FE070080FF0000      <2>
   764 0000D7D9 0000000000FE030000- <2>     db 0,0,0,0,0,254,3,0,0,127,0,0,0,0,0,0
   764 0000D7E2 7F000000000000      <2>
   765 0000D7E9 00FC010000FC030000- <2>     db 0,252,1,0,0,252,3,0,0,0,0,0,0,240,15,0
   765 0000D7F2 00000000F00F00      <2>
   766 0000D7F9 00FC07000000000000- <2>     db 0,252,7,0,0,0,0,0,0,240,31,0,0,254,7,0
   766 0000D802 F01F0000FE0700      <2>
   767 0000D809 0000000000F81F0000- <2>     db 0,0,0,0,0,248,31,0,0,255,7,0,0,0,0,0
   767 0000D812 FF070000000000      <2>
   768 0000D819 00FC1F0080FF070000- <2>     db 0,252,31,0,128,255,7,0,0,0,0,0,0,254,31,0
   768 0000D822 00000000FE1F00      <2>
   769 0000D829 80FF03000000000000- <2>     db 128,255,3,0,0,0,0,0,0,254,15,0,128,255,3,0
   769 0000D832 FE0F0080FF0300      <2>
   770 0000D839 0000000000FE0F0080- <2>     db 0,0,0,0,0,254,15,0,128,255,1,0,0,0,0,0
   770 0000D842 FF010000000000      <2>
   771 0000D849 00FE070080FF000000- <2>     db 0,254,7,0,128,255,0,0,0,0,0,0,0,254,3,0
   771 0000D852 00000000FE0300      <2>
   772 0000D859 007F00000000000000- <2>     db 0,127,0,0,0,0,0,0,0,252,1,0,0,4,0,0
   772 0000D862 FC010000040000      <2>
   773 0000D869 000000000010000000- <2>     db 0,0,0,0,0,16,0,0,0,0,0,0,0,0,0,0
   773 0000D872 00000000000000      <2>
   774 0000D879 000000000000000000- <2>     db 0,0,0,0,0,0,0,0,0,0,0,0,0,0,0,0
   774 0000D882 00000000000000      <2>
   775 0000D889 000000000000000000- <2>     db 0,0,0,0,0,0,0,0,0,0,0,0,0,0,0,0
   775 0000D892 00000000000000      <2>
   776 0000D899 000000000000000000- <2>     db 0,0,0,0,0,0,0,0,0,0,0,0,0,0,0,0
   776 0000D8A2 00000000000000      <2>
   777 0000D8A9 000000000000000000- <2>     db 0,0,0,0,0,0,0,0,0,0,0,0,0,0,0,0
   777 0000D8B2 00000000000000      <2>
   778 0000D8B9 000000000000000000- <2>     db 0,0,0,0,0,0,0,0,0,0,0,0,0,0,0,0
   778 0000D8C2 00000000000000      <2>
   779 0000D8C9 000000000000000000- <2>     db 0,0,0,0,0,0,0,0,0,0,0,0,0,0,0,0
   779 0000D8D2 00000000000000      <2>
   780 0000D8D9 000000000000000000- <2>     db 0,0,0,0,0,0,0,0,0,0,0,0,0,0,0,0
   780 0000D8E2 00000000000000      <2>
   781 0000D8E9 000000000000000000- <2>     db 0,0,0,0,0,0,0,0,0,0,0,0,0,0,0,0
   781 0000D8F2 00000000000000      <2>
   782 0000D8F9 0000000000000000    <2>     db 0,0,0,0,0,0,0,0
   783                              <2>     ; A level 3
   784 0000D901 000000000000000000- <2>     db 0,0,0,0,0,0,0,0,0,0,0,0,0,0,0,0
   784 0000D90A 00000000000000      <2>
   785 0000D911 000000000000000000- <2>     db 0,0,0,0,0,0,0,0,0,0,0,0,0,0,0,0
   785 0000D91A 00000000000000      <2>
   786 0000D921 000000000000000000- <2>     db 0,0,0,0,0,0,0,0,0,0,0,0,0,0,0,0
   786 0000D92A 00000000000000      <2>
   787 0000D931 000000000000000000- <2>     db 0,0,0,0,0,0,0,0,0,0,0,0,0,0,0,0
   787 0000D93A 00000000000000      <2>
   788 0000D941 000000000000000000- <2>     db 0,0,0,0,0,0,0,0,0,0,0,0,0,0,0,0
   788 0000D94A 00000000000000      <2>
   789 0000D951 00000000000000F800- <2>     db 0,0,0,0,0,0,0,248,0,240,1,224,3,0,0,0
   789 0000D95A F001E003000000      <2>
   790 0000D961 000000FC00F801F003- <2>     db 0,0,0,252,0,248,1,240,3,0,0,0,0,0,0,254
   790 0000D96A 000000000000FE      <2>
   791 0000D971 01FC03F80700000000- <2>     db 1,252,3,248,7,0,0,0,0,0,0,255,1,254,3,252
   791 0000D97A 0000FF01FE03FC      <2>
   792 0000D981 07000000000000FF00- <2>     db 7,0,0,0,0,0,0,255,0,254,1,252,3,0,0,0
   792 0000D98A FE01FC03000000      <2>
   793 0000D991 000000FF00FE01FC03- <2>     db 0,0,0,255,0,254,1,252,3,0,0,0,0,0,0,127
   793 0000D99A 0000000000007F      <2>
   794 0000D9A1 00FE00FC0100000000- <2>     db 0,254,0,252,1,0,0,0,0,0,0,30,0,60,0,120
   794 0000D9AA 00001E003C0078      <2>
   795 0000D9B1 000000000000000000- <2>     db 0,0,0,0,0,0,0,0,0,0,0,0,0,0,0,0
   795 0000D9BA 00000000000000      <2>
   796 0000D9C1 000000000000000000- <2>     db 0,0,0,0,0,0,0,0,0,0,0,0,0,248,0,0
   796 0000D9CA 00000000F80000      <2>
   797 0000D9D1 0000000000E0030000- <2>     db 0,0,0,0,0,224,3,0,0,252,0,0,0,0,0,0
   797 0000D9DA FC000000000000      <2>
   798 0000D9E1 00F0030000FE010000- <2>     db 0,240,3,0,0,254,1,0,0,0,0,0,0,248,7,0
   798 0000D9EA 00000000F80700      <2>
   799 0000D9F1 00FF01000000000000- <2>     db 0,255,1,0,0,0,0,0,0,252,7,0,0,255,0,0
   799 0000D9FA FC070000FF0000      <2>
   800 0000DA01 0000000000FC030000- <2>     db 0,0,0,0,0,252,3,0,0,255,0,0,0,0,0,0
   800 0000DA0A FF000000000000      <2>
   801 0000DA11 00FC0300007F000000- <2>     db 0,252,3,0,0,127,0,0,0,0,0,0,0,252,1,0
   801 0000DA1A 00000000FC0100      <2>
   802 0000DA21 001E00000000000000- <2>     db 0,30,0,0,0,0,0,0,0,120,0,0,0,0,0,0
   802 0000DA2A 78000000000000      <2>
   803 0000DA31 000000000000000000- <2>     db 0,0,0,0,0,0,0,0,0,0,0,0,0,0,0,0
   803 0000DA3A 00000000000000      <2>
   804 0000DA41 0000000000F8000000- <2>     db 0,0,0,0,0,248,0,0,0,0,0,0,0,224,3,0
   804 0000DA4A 00000000E00300      <2>
   805 0000DA51 00FC00000000000000- <2>     db 0,252,0,0,0,0,0,0,0,240,3,0,0,254,1,0
   805 0000DA5A F0030000FE0100      <2>
   806 0000DA61 0000000000F8070000- <2>     db 0,0,0,0,0,248,7,0,0,255,1,0,0,0,0,0
   806 0000DA6A FF010000000000      <2>
   807 0000DA71 00FC070000FF000000- <2>     db 0,252,7,0,0,255,0,0,0,0,0,0,0,252,3,0
   807 0000DA7A 00000000FC0300      <2>
   808 0000DA81 00FF00000000000000- <2>     db 0,255,0,0,0,0,0,0,0,252,3,0,0,127,0,0
   808 0000DA8A FC0300007F0000      <2>
   809 0000DA91 0000000000FC010000- <2>     db 0,0,0,0,0,252,1,0,0,30,0,0,0,0,0,0
   809 0000DA9A 1E000000000000      <2>
   810 0000DAA1 007800000000000000- <2>     db 0,120,0,0,0,0,0,0,0,0,0,0,0,0,0,0
   810 0000DAAA 00000000000000      <2>
   811 0000DAB1 000000000000000000- <2>     db 0,0,0,0,0,0,0,0,0,0,0,0,0,248,0,248
   811 0000DABA 00000000F800F8      <2>
   812 0000DAC1 00F001E003E0030000- <2>     db 0,240,1,224,3,224,3,0,0,252,0,252,0,248,1,240
   812 0000DACA FC00FC00F801F0      <2>
   813 0000DAD1 03F0030000FE01FE01- <2>     db 3,240,3,0,0,254,1,254,1,252,3,248,7,248,7,0
   813 0000DADA FC03F807F80700      <2>
   814 0000DAE1 00FF01FF01FE03FC07- <2>     db 0,255,1,255,1,254,3,252,7,252,7,0,0,255,0,255
   814 0000DAEA FC070000FF00FF      <2>
   815 0000DAF1 00FE01FC03FC030000- <2>     db 0,254,1,252,3,252,3,0,0,255,0,255,0,254,1,252
   815 0000DAFA FF00FF00FE01FC      <2>
   816 0000DB01 03FC0300007F007F00- <2>     db 3,252,3,0,0,127,0,127,0,254,0,252,1,252,1,0
   816 0000DB0A FE00FC01FC0100      <2>
   817 0000DB11 001E001E003C007800- <2>     db 0,30,0,30,0,60,0,120,0,120,0,0,0,0,0,0
   817 0000DB1A 78000000000000      <2>
   818 0000DB21 000000000000000000- <2>     db 0,0,0,0,0,0,0,0,0,0,0,0,0,0,0,0
   818 0000DB2A 00000000000000      <2>
   819 0000DB31 0000000000F8000000- <2>     db 0,0,0,0,0,248,0,0,0,0,0,0,0,224,3,0
   819 0000DB3A 00000000E00300      <2>
   820 0000DB41 00FC00000000000000- <2>     db 0,252,0,0,0,0,0,0,0,240,3,0,0,254,1,0
   820 0000DB4A F0030000FE0100      <2>
   821 0000DB51 0000000000F8070000- <2>     db 0,0,0,0,0,248,7,0,0,255,1,0,0,0,0,0
   821 0000DB5A FF010000000000      <2>
   822 0000DB61 00FC070000FF000000- <2>     db 0,252,7,0,0,255,0,0,0,0,0,0,0,252,3,0
   822 0000DB6A 00000000FC0300      <2>
   823 0000DB71 00FF00000000000000- <2>     db 0,255,0,0,0,0,0,0,0,252,3,0,0,127,0,0
   823 0000DB7A FC0300007F0000      <2>
   824 0000DB81 0000000000FC010000- <2>     db 0,0,0,0,0,252,1,0,0,30,0,0,0,0,0,0
   824 0000DB8A 1E000000000000      <2>
   825 0000DB91 007800000000000000- <2>     db 0,120,0,0,0,0,0,0,0,0,0,0,0,0,0,0
   825 0000DB9A 00000000000000      <2>
   826 0000DBA1 000000000000000000- <2>     db 0,0,0,0,0,0,0,0,0,0,0,0,0,248,0,0
   826 0000DBAA 00000000F80000      <2>
   827 0000DBB1 0000000000E0030000- <2>     db 0,0,0,0,0,224,3,0,0,252,0,0,0,0,0,0
   827 0000DBBA FC000000000000      <2>
   828 0000DBC1 00F0030000FE010000- <2>     db 0,240,3,0,0,254,1,0,0,0,0,0,0,248,7,0
   828 0000DBCA 00000000F80700      <2>
   829 0000DBD1 00FF01000000000000- <2>     db 0,255,1,0,0,0,0,0,0,252,7,0,0,255,0,0
   829 0000DBDA FC070000FF0000      <2>
   830 0000DBE1 0000000000FC030000- <2>     db 0,0,0,0,0,252,3,0,0,255,0,0,0,0,0,0
   830 0000DBEA FF000000000000      <2>
   831 0000DBF1 00FC0300007F000000- <2>     db 0,252,3,0,0,127,0,0,0,0,0,0,0,252,1,0
   831 0000DBFA 00000000FC0100      <2>
   832 0000DC01 001E00000000000000- <2>     db 0,30,0,0,0,0,0,0,0,120,0,0,0,0,0,0
   832 0000DC0A 78000000000000      <2>
   833 0000DC11 000000000000000000- <2>     db 0,0,0,0,0,0,0,0,0,0,0,0,0,0,0,0
   833 0000DC1A 00000000000000      <2>
   834 0000DC21 0000000000F8000000- <2>     db 0,0,0,0,0,248,0,0,0,0,0,0,0,224,3,0
   834 0000DC2A 00000000E00300      <2>
   835 0000DC31 00FC00000000000000- <2>     db 0,252,0,0,0,0,0,0,0,240,3,0,0,254,1,0
   835 0000DC3A F0030000FE0100      <2>
   836 0000DC41 0000000000F8070000- <2>     db 0,0,0,0,0,248,7,0,0,255,1,0,0,0,0,0
   836 0000DC4A FF010000000000      <2>
   837 0000DC51 00FC070000FF000000- <2>     db 0,252,7,0,0,255,0,0,0,0,0,0,0,252,3,0
   837 0000DC5A 00000000FC0300      <2>
   838 0000DC61 00FF00000000000000- <2>     db 0,255,0,0,0,0,0,0,0,252,3,0,0,127,0,0
   838 0000DC6A FC0300007F0000      <2>
   839 0000DC71 0000000000FC010000- <2>     db 0,0,0,0,0,252,1,0,0,30,0,0,0,0,0,0
   839 0000DC7A 1E000000000000      <2>
   840 0000DC81 007800000000000000- <2>     db 0,120,0,0,0,0,0,0,0,0,0,0,0,0,0,0
   840 0000DC8A 00000000000000      <2>
   841 0000DC91 000000000000000000- <2>     db 0,0,0,0,0,0,0,0,0,0,0,0,0,0,0,0
   841 0000DC9A 00000000000000      <2>
   842 0000DCA1 000000000000000000- <2>     db 0,0,0,0,0,0,0,0,0,0,0,0,0,0,0,0
   842 0000DCAA 00000000000000      <2>
   843 0000DCB1 000000000000000000- <2>     db 0,0,0,0,0,0,0,0,0,0,0,0,0,0,0,0
   843 0000DCBA 00000000000000      <2>
   844 0000DCC1 000000000000000000- <2>     db 0,0,0,0,0,0,0,0,0,0,0,0,0,0,0,0
   844 0000DCCA 00000000000000      <2>
   845 0000DCD1 000000000000000000- <2>     db 0,0,0,0,0,0,0,0,0,0,0,0,0,0,0,0
   845 0000DCDA 00000000000000      <2>
   846 0000DCE1 000000000000000000- <2>     db 0,0,0,0,0,0,0,0,0,0,0,0,0,0,0,0
   846 0000DCEA 00000000000000      <2>
   847 0000DCF1 000000000000000000- <2>     db 0,0,0,0,0,0,0,0,0,0,0,0,0,0,0,0
   847 0000DCFA 00000000000000      <2>
   848 0000DD01 000000000000000000- <2>     db 0,0,0,0,0,0,0,0,0,0,0,0,0,0,0,0
   848 0000DD0A 00000000000000      <2>
   849 0000DD11 000000000000000000- <2>     db 0,0,0,0,0,0,0,0,0,0,0,0,0,0,0,0
   849 0000DD1A 00000000000000      <2>
   850 0000DD21 000000000000000000- <2>     db 0,0,0,0,0,0,0,0,0,0,0,0,0,0,0,0
   850 0000DD2A 00000000000000      <2>
   851 0000DD31 0000000000000000    <2>     db 0,0,0,0,0,0,0,0
   852                              <2> xdemo_scroll_segments:
   853 0000DD39 00000F000000        <2>     dw 0,15,0
   854 0000DD3F 000003000400        <2>     dw 0,3,4
   855 0000DD45 100013000400        <2>     dw 16,19,4
   856 0000DD4B 000003000800        <2>     dw 0,3,8
   857 0000DD51 100013000800        <2>     dw 16,19,8
   858 0000DD57 00000F000C00        <2>     dw 0,15,12
   859 0000DD5D 000003001000        <2>     dw 0,3,16
   860 0000DD63 08000B001000        <2>     dw 8,11,16
   861 0000DD69 000003001400        <2>     dw 0,3,20
   862 0000DD6F 0C000F001400        <2>     dw 12,15,20
   863 0000DD75 000003001800        <2>     dw 0,3,24
   864 0000DD7B 100013001800        <2>     dw 16,19,24
   865 0000DD81 18002B000000        <2>     dw 24,43,0
   866 0000DD87 18001B000400        <2>     dw 24,27,4
   867 0000DD8D 18001B000800        <2>     dw 24,27,8
   868 0000DD93 180027000C00        <2>     dw 24,39,12
   869 0000DD99 18001B001000        <2>     dw 24,27,16
   870 0000DD9F 18001B001400        <2>     dw 24,27,20
   871 0000DDA5 18002B001800        <2>     dw 24,43,24
   872 0000DDAB 300043000000        <2>     dw 48,67,0
   873 0000DDB1 38003B000400        <2>     dw 56,59,4
   874 0000DDB7 38003B000800        <2>     dw 56,59,8
   875 0000DDBD 38003B000C00        <2>     dw 56,59,12
   876 0000DDC3 38003B001000        <2>     dw 56,59,16
   877 0000DDC9 38003B001400        <2>     dw 56,59,20
   878 0000DDCF 38003B001800        <2>     dw 56,59,24
   879 0000DDD5 480057000000        <2>     dw 72,87,0
   880 0000DDDB 48004B000400        <2>     dw 72,75,4
   881 0000DDE1 58005B000400        <2>     dw 88,91,4
   882 0000DDE7 48004B000800        <2>     dw 72,75,8
   883 0000DDED 58005B000800        <2>     dw 88,91,8
   884 0000DDF3 480057000C00        <2>     dw 72,87,12
   885 0000DDF9 48004B001000        <2>     dw 72,75,16
   886 0000DDFF 500053001000        <2>     dw 80,83,16
   887 0000DE05 48004B001400        <2>     dw 72,75,20
   888 0000DE0B 540057001400        <2>     dw 84,87,20
   889 0000DE11 48004B001800        <2>     dw 72,75,24
   890 0000DE17 58005B001800        <2>     dw 88,91,24
   891 0000DE1D 64006F000000        <2>     dw 100,111,0
   892 0000DE23 600063000400        <2>     dw 96,99,4
   893 0000DE29 700073000400        <2>     dw 112,115,4
   894 0000DE2F 600063000800        <2>     dw 96,99,8
   895 0000DE35 700073000800        <2>     dw 112,115,8
   896 0000DE3B 600063000C00        <2>     dw 96,99,12
   897 0000DE41 700073000C00        <2>     dw 112,115,12
   898 0000DE47 600063001000        <2>     dw 96,99,16
   899 0000DE4D 700073001000        <2>     dw 112,115,16
   900 0000DE53 600063001400        <2>     dw 96,99,20
   901 0000DE59 700073001400        <2>     dw 112,115,20
   902 0000DE5F 64006F001800        <2>     dw 100,111,24
   903 0000DE65 9000A3000000        <2>     dw 144,163,0
   904 0000DE6B 900093000400        <2>     dw 144,147,4
   905 0000DE71 900093000800        <2>     dw 144,147,8
   906 0000DE77 90009F000C00        <2>     dw 144,159,12
   907 0000DE7D 900093001000        <2>     dw 144,147,16
   908 0000DE83 900093001400        <2>     dw 144,147,20
   909 0000DE89 9000A3001800        <2>     dw 144,163,24
   910 0000DE8F A800B7000000        <2>     dw 168,183,0
   911 0000DE95 A800AB000400        <2>     dw 168,171,4
   912 0000DE9B B800BB000400        <2>     dw 184,187,4
   913 0000DEA1 A800AB000800        <2>     dw 168,171,8
   914 0000DEA7 B800BB000800        <2>     dw 184,187,8
   915 0000DEAD A800B7000C00        <2>     dw 168,183,12
   916 0000DEB3 A800AB001000        <2>     dw 168,171,16
   917 0000DEB9 B000B3001000        <2>     dw 176,179,16
   918 0000DEBF A800AB001400        <2>     dw 168,171,20
   919 0000DEC5 B400B7001400        <2>     dw 180,183,20
   920 0000DECB A800AB001800        <2>     dw 168,171,24
   921 0000DED1 B800BB001800        <2>     dw 184,187,24
   922 0000DED7 C000D3000000        <2>     dw 192,211,0
   923 0000DEDD C800CB000400        <2>     dw 200,203,4
   924 0000DEE3 C800CB000800        <2>     dw 200,203,8
   925 0000DEE9 C800CB000C00        <2>     dw 200,203,12
   926 0000DEEF C800CB001000        <2>     dw 200,203,16
   927 0000DEF5 C800CB001400        <2>     dw 200,203,20
   928 0000DEFB C000D3001800        <2>     dw 192,211,24
   929 0000DF01 D800DB000000        <2>     dw 216,219,0
   930 0000DF07 E800EB000000        <2>     dw 232,235,0
   931 0000DF0D D800DB000400        <2>     dw 216,219,4
   932 0000DF13 E400E7000400        <2>     dw 228,231,4
   933 0000DF19 D800DB000800        <2>     dw 216,219,8
   934 0000DF1F E000E3000800        <2>     dw 224,227,8
   935 0000DF25 D800DF000C00        <2>     dw 216,223,12
   936 0000DF2B D800DB001000        <2>     dw 216,219,16
   937 0000DF31 E000E3001000        <2>     dw 224,227,16
   938 0000DF37 D800DB001400        <2>     dw 216,219,20
   939 0000DF3D E400E7001400        <2>     dw 228,231,20
   940 0000DF43 D800DB001800        <2>     dw 216,219,24
   941 0000DF49 E800EB001800        <2>     dw 232,235,24
   942 0000DF4F 0C0117010000        <2>     dw 268,279,0
   943 0000DF55 08010B010400        <2>     dw 264,267,4
   944 0000DF5B 18011B010400        <2>     dw 280,283,4
   945 0000DF61 18011B010800        <2>     dw 280,283,8
   946 0000DF67 140117010C00        <2>     dw 276,279,12
   947 0000DF6D 100113011000        <2>     dw 272,275,16
   948 0000DF73 0C010F011400        <2>     dw 268,271,20
   949 0000DF79 08011B011800        <2>     dw 264,283,24
   950 0000DF7F 24012F010000        <2>     dw 292,303,0
   951 0000DF85 200123010400        <2>     dw 288,291,4
   952 0000DF8B 300133010400        <2>     dw 304,307,4
   953 0000DF91 200123010800        <2>     dw 288,291,8
   954 0000DF97 2C0133010800        <2>     dw 300,307,8
   955 0000DF9D 200123010C00        <2>     dw 288,291,12
   956 0000DFA3 28012B010C00        <2>     dw 296,299,12
   957 0000DFA9 300133010C00        <2>     dw 304,307,12
   958 0000DFAF 200127011000        <2>     dw 288,295,16
   959 0000DFB5 300133011000        <2>     dw 304,307,16
   960 0000DFBB 200123011400        <2>     dw 288,291,20
   961 0000DFC1 300133011400        <2>     dw 304,307,20
   962 0000DFC7 24012F011800        <2>     dw 292,303,24
   963 0000DFCD 3C0147010000        <2>     dw 316,327,0
   964 0000DFD3 38013B010400        <2>     dw 312,315,4
   965 0000DFD9 48014B010400        <2>     dw 328,331,4
   966 0000DFDF 48014B010800        <2>     dw 328,331,8
   967 0000DFE5 440147010C00        <2>     dw 324,327,12
   968 0000DFEB 400143011000        <2>     dw 320,323,16
   969 0000DFF1 3C013F011400        <2>     dw 316,319,20
   970 0000DFF7 38014B011800        <2>     dw 312,331,24
   971 0000DFFD 58015F010000        <2>     dw 344,351,0
   972 0000E003 540157010400        <2>     dw 340,343,4
   973 0000E009 500153010800        <2>     dw 336,339,8
   974 0000E00F 50015F010C00        <2>     dw 336,351,12
   975 0000E015 500153011000        <2>     dw 336,339,16
   976 0000E01B 600163011000        <2>     dw 352,355,16
   977 0000E021 500153011400        <2>     dw 336,339,20
   978 0000E027 600163011400        <2>     dw 352,355,20
   979 0000E02D 54015F011800        <2>     dw 340,351,24
  2133                              <1> %endif
