     1                                  ; XDEMO2: waving XGA BOBs, warp-speed stars, spinning solid and scroller.
     2                                  %define XDEMO 1
     3                                  %define XDEMO2 1
     4                                  %include "xga_vector.asm"
     1                              <1> ; XGA vector demo: cube, octahedron, polygon stress, torus, Boing Ball, crystal.
     2                              <1> ; By Dag Erik Hagesæter / Retro Erik using Codex in VS Code
     3                              <1> ; Build: nasm -f bin xga_vector.asm -o bin/v2/XVECTOR.COM
     4                              <1> cpu 386
     5                              <1> bits 16
     6                              <1> org 0x100
     7                              <1> 
     8                              <1> SCREEN_W equ 640
     9                              <1> SCREEN_H equ 480
    10                              <1> SCREEN_BYTES equ SCREEN_W * SCREEN_H
    11                              <1> BACK_BASE equ SCREEN_BYTES
    12                              <1> MASK_BASE equ 2 * SCREEN_BYTES
    13                              <1> GRID_BASE equ MASK_BASE + SCREEN_BYTES / 8 ; 1-bit boundary map ends here
    14                              <1> %ifdef XDEMO2
    15                              <1> MESH_MASK_W equ 320
    16                              <1> MESH_MASK_H equ 320
    17                              <1> %else
    18                              <1> MESH_MASK_W equ 128
    19                              <1> MESH_MASK_H equ 128
    20                              <1> %endif
    21                              <1> LINE_OP equ 0x05118000       ; IBM XGA guide example: line draw, all pixels
    22                              <1> AREA_BOUNDARY_LINE_OP equ 0x05138030 ; area boundary, mask scissoring disabled
    23                              <1> AREA_FILL_OP equ 0x0A313000 ; map C to A, octant 0: left-to-right fill
    24                              <1> MASKED_SOLID_OP equ 0x08113000 ; fixed color through 1-bit pattern map C
    25                              <1> SOLID_A equ 0x08118000
    26                              <1> OCTA_FACES equ 8
    27                              <1> STRESS_MAX equ 512
    28                              <1> STRESS_W equ 30
    29                              <1> STRESS_H equ 22
    30                              <1> TORUS_VERTS equ 128
    31                              <1> TORUS_QUADS equ 128
    32                              <1> BOING_QUADS equ 112
    33                              <1> CRYSTAL_VERTS equ 120
    34                              <1> CRYSTAL_FACETS equ 100
    35                              <1> 
    36                              <1> %ifdef XDEMO
    37                              <1> %include "xdemo_scene.inc"
     1                              <2> ; Title glyph geometry; make_xdemo_art.py duplicates these literals.
     2                              <2> XDEMO_GLYPH_W equ 96
     3                              <2> XDEMO_GLYPH_H equ 90
     4                              <2> XDEMO_GLYPH_LEVELS equ 4
     5                              <2> XDEMO_MASK_LEVEL_STRIDE equ (XDEMO_GLYPH_W/8)*XDEMO_GLYPH_H
     6                              <2> XDEMO_TITLE_LETTERS equ 3
     7                              <2> XDEMO_TITLE_PITCH equ 112
     8                              <2> XDEMO_TITLE_X equ (640-XDEMO_TITLE_LETTERS*XDEMO_TITLE_PITCH)/2
     9                              <2> XDEMO_TITLE_BASE_Y equ 30
    10                              <2> XDEMO_SHADE_BASE equ 16 ; palette index of lane 0's darkest shade
    11                              <2> 
    12                              <2> ; Bottom scroller: dx0/dx1/dy line segments generated by make_xdemo_art.py
    13                              <2> ; from the same dot-font row patterns, at a much smaller cell size.
    14                              <2> %ifdef XDEMO2
    15                              <2> XDEMO_SCROLL_SEGMENT_COUNT equ (xdemo_scroll_segments_end-xdemo_scroll_segments)/6
    16                              <2> XDEMO_SCROLL_TEXT_WIDTH equ 408
    17                              <2> %else
    18                              <2> XDEMO_SCROLL_SEGMENT_COUNT equ 127
    19                              <2> XDEMO_SCROLL_TEXT_WIDTH equ 360
    20                              <2> %endif
    21                              <2> XDEMO_SCROLL_BASE_Y equ 450
    22                              <2> XDEMO_SCROLL_SPEED equ 3
    23                              <2> XDEMO_SCROLL_COLOR equ 11
    24                              <2> 
    25                              <2> ; Bouncing/swaying octahedron "dance": a sine envelope hops it up from a
    26                              <2> ; floor baseline while a quarter-phase-shifted sine sways it left/right.
    27                              <2> XDEMO_DANCE_BASE_Y equ 310
    28                              <2> XDEMO_DANCE_BASE_X equ 320
    29                              <2> XDEMO_DANCE_BOUNCE_AMP equ 90
    30                              <2> XDEMO_DANCE_SWAY_AMP equ 60
    31                              <2> XDEMO_DANCE_SPEED equ 6
    32                              <2> 
    33                              <2> ; Second rotation axis (tumble) and a Z-plane zoom, both sine-driven and
    34                              <2> ; independent of the Y-axis spin, so the shape never repeats the same way.
    35                              <2> XDEMO_TUMBLE_SPEED equ 2
    36                              <2> XDEMO_ZOOM_SPEED equ 2
    37                              <2> XDEMO_ZOOM_CENTER equ 128 ; 1.0x in the same 7-bit fixed point as sine_table
    38                              <2> XDEMO_ZOOM_AMP equ 64
    39                              <2> 
    40                              <2> %ifdef XDEMO2
    41                              <2> XDEMO2_STAR_COUNT equ 40
    42                              <2> %endif
    43                              <2> 
    44                              <2> start:
    45 00000000 0E                  <2>     push cs
    46 00000001 1F                  <2>     pop ds
    47                              <2> %ifdef XDEMO2
    48 00000002 BC[BBE4]            <2>     mov sp, xdemo2_stack_top
    49 00000005 8CC8                <2>     mov ax, cs
    50 00000007 8EC0                <2>     mov es, ax
    51 00000009 BB5C0E              <2>     mov bx, (xdemo2_stack_top-start+0x100+15)/16
    52 0000000C B44A                <2>     mov ah, 0x4a
    53 0000000E CD21                <2>     int 0x21
    54 00000010 0F822401            <2>     jc .no_mask_ram
    55 00000014 BB2003              <2>     mov bx, MESH_MASK_W*MESH_MASK_H/128
    56 00000017 B448                <2>     mov ah, 0x48
    57 00000019 CD21                <2>     int 0x21
    58 0000001B 0F821901            <2>     jc .no_mask_ram
    59 0000001F A3[FA07]            <2>     mov [xdemo2_mask_seg], ax
    60                              <2> %endif
    61 00000022 B40F                <2>     mov ah, 0x0f
    62 00000024 CD10                <2>     int 0x10
    63 00000026 A2[9325]            <2>     mov [old_mode], al
    64 00000029 BA[9007]            <2>     mov dx, xdemo_message
    65 0000002C E8A708              <2>     call puts
    66 0000002F E8F099              <2>     call detect_xga
    67 00000032 0F82FD00            <2>     jc .no_xga
    68 00000036 66833E[8B25]00      <2>     cmp dword [aperture], 0
    69 0000003C 0F84EE00            <2>     je .no_aperture
    70 00000040 E8DD9A              <2>     call set_xga_mode
    71 00000043 C606[9425]01        <2>     mov byte [mode_active], 1
    72 00000048 E8FF9A              <2>     call probe_vram
    73 0000004B 0F82D700            <2>     jc .no_vram
    74 0000004F E88908              <2>     call set_palette
    75 00000052 E8B408              <2>     call setup_maps
    76 00000055 E86D0A              <2>     call enter_back_buffer
    77 00000058 E8269C              <2>     call setup_sprite_hud
    78 0000005B C706[A225]0800      <2>     mov word [visible_balls], OCTA_FACES
    79 00000061 C606[A425]01        <2>     mov byte [hud_count_label], 1 ; P = octahedron face count
    80 00000066 C606[8625]01        <2>     mov byte [vsync_enabled], 1
    81 0000006B C706[E407]4001      <2>     mov word [xdemo_octa_cx], XDEMO_DANCE_BASE_X
    82 00000071 C706[E607]3601      <2>     mov word [xdemo_octa_cy], XDEMO_DANCE_BASE_Y
    83 00000077 C706[DA07]8002      <2>     mov word [xdemo_scroll_x], 640
    84                              <2> %ifdef XDEMO2
    85 0000007D E8DE00              <2>     call xdemo2_init_stars
    86                              <2> %endif
    87                              <2> .frame:
    88 00000080 E8E00B              <2>     call clear_back_buffer
    89 00000083 0F829700            <2>     jc .timeout
    90 00000087 E87903              <2>     call xdemo_update_dance
    91 0000008A E8B60F              <2>     call draw_solid
    92 0000008D 0F828D00            <2>     jc .timeout
    93                              <2> %ifdef XDEMO2
    94 00000091 E8F400              <2>     call xdemo2_stars
    95 00000094 0F828600            <2>     jc .timeout
    96                              <2> %endif
    97 00000098 803E[E007]00        <2>     cmp byte [xdemo_title_enabled], 0
    98 0000009D 7405                <2>     je .skip_title
    99 0000009F E8FA04              <2>     call xdemo_title
   100 000000A2 727A                <2>     jc .timeout
   101                              <2> .skip_title:
   102 000000A4 803E[E107]00        <2>     cmp byte [xdemo_scroll_enabled], 0
   103 000000A9 7405                <2>     je .skip_scroll
   104 000000AB E8F505              <2>     call xdemo_scroll
   105 000000AE 726E                <2>     jc .timeout
   106                              <2> .skip_scroll:
   107 000000B0 E8F49A              <2>     call wait_cp
   108 000000B3 7269                <2>     jc .timeout
   109 000000B5 803E[8625]00        <2>     cmp byte [vsync_enabled], 0
   110 000000BA 7403                <2>     je .present
   111 000000BC E8680B              <2>     call wait_vsync
   112                              <2> .present:
   113 000000BF E8D70A              <2>     call present_back_frame
   114 000000C2 725A                <2>     jc .timeout
   115 000000C4 E89D9C              <2>     call update_fps
   116 000000C7 E8159C              <2>     call update_sprite_hud
   117 000000CA B401                <2>     mov ah, 1
   118 000000CC CD16                <2>     int 0x16
   119 000000CE 743B                <2>     jz .advance
   120 000000D0 30E4                <2>     xor ah, ah
   121 000000D2 CD16                <2>     int 0x16
   122 000000D4 3C1B                <2>     cmp al, 27
   123 000000D6 743E                <2>     je .quit
   124 000000D8 3C76                <2>     cmp al, 'v'
   125 000000DA 7412                <2>     je .toggle
   126 000000DC 3C56                <2>     cmp al, 'V'
   127 000000DE 740E                <2>     je .toggle
   128                              <2> %ifdef XDEMO2
   129 000000E0 3C31                <2>     cmp al, '1'
   130 000000E2 7414                <2>     je .toggle_stars
   131                              <2> %endif
   132 000000E4 3C32                <2>     cmp al, '2'
   133 000000E6 7417                <2>     je .toggle_title
   134 000000E8 3C33                <2>     cmp al, '3'
   135 000000EA 741A                <2>     je .toggle_scroll
   136 000000EC EB1D                <2>     jmp .advance
   137                              <2> .toggle:
   138 000000EE 8036[8625]01        <2>     xor byte [vsync_enabled], 1
   139 000000F3 E86E9D              <2>     call reset_fps
   140 000000F6 EB13                <2>     jmp .advance
   141                              <2> %ifdef XDEMO2
   142                              <2> .toggle_stars:
   143 000000F8 8036[2508]01        <2>     xor byte [xdemo2_stars_enabled], 1
   144 000000FD EB0C                <2>     jmp .advance
   145                              <2> %endif
   146                              <2> .toggle_title:
   147 000000FF 8036[E007]01        <2>     xor byte [xdemo_title_enabled], 1
   148 00000104 EB05                <2>     jmp .advance
   149                              <2> .toggle_scroll:
   150 00000106 8036[E107]01        <2>     xor byte [xdemo_scroll_enabled], 1
   151                              <2> .advance:
   152 0000010B FF06[A91B]          <2>     inc word [rotation]
   153 0000010F FE06[7B07]          <2>     inc byte [xdemo_phase]
   154 00000113 E96AFF              <2>     jmp .frame
   155                              <2> .quit:
   156 00000116 E8119B              <2>     call restore_mode
   157 00000119 B8004C              <2>     mov ax, 0x4c00
   158 0000011C CD21                <2>     int 0x21
   159                              <2> .timeout:
   160 0000011E E8099B              <2>     call restore_mode
   161 00000121 BA[6599]            <2>     mov dx, msg_cp_timeout
   162 00000124 EB15                <2>     jmp .error
   163                              <2> .no_vram:
   164 00000126 E8019B              <2>     call restore_mode
   165 00000129 BA[3B99]            <2>     mov dx, msg_no_vram
   166 0000012C EB0D                <2>     jmp .error
   167                              <2> .no_aperture:
   168 0000012E BA[1A99]            <2>     mov dx, msg_no_aperture
   169 00000131 EB08                <2>     jmp .error
   170                              <2> .no_xga:
   171 00000133 BA[FA98]            <2>     mov dx, msg_no_xga
   172                              <2> %ifdef XDEMO2
   173 00000136 EB03                <2>     jmp .error
   174                              <2> .no_mask_ram:
   175 00000138 BA[FC07]            <2>     mov dx, xdemo2_msg_no_mask_ram
   176                              <2> %endif
   177                              <2> .error:
   178 0000013B E89807              <2>     call puts
   179 0000013E B8014C              <2>     mov ax, 0x4c01
   180 00000141 CD21                <2>     int 0x21
   181                              <2> 
   182                              <2> ; Simple LCG, kept for anything else that wants a cheap random source.
   183                              <2> xdemo_rand_x:
   184 00000143 A1[7C07]            <2>     mov ax, [xdemo_seed]
   185 00000146 BB5562              <2>     mov bx, 25173
   186 00000149 F7E3                <2>     mul bx
   187 0000014B 051936              <2>     add ax, 13849
   188 0000014E A3[7C07]            <2>     mov [xdemo_seed], ax
   189 00000151 31D2                <2>     xor dx, dx
   190 00000153 BB5802              <2>     mov bx, 600
   191 00000156 F7F3                <2>     div bx
   192 00000158 89D0                <2>     mov ax, dx
   193 0000015A 2D2C01              <2>     sub ax, 300
   194 0000015D C3                  <2>     ret
   195                              <2> 
   196                              <2> %ifdef XDEMO2
   197                              <2> xdemo2_init_stars:
   198 0000015E 31F6                <2>     xor si, si
   199                              <2> .next:
   200 00000160 E80A00              <2>     call xdemo2_respawn_star
   201 00000163 83C604              <2>     add si, 4
   202 00000166 81FEA000            <2>     cmp si, XDEMO2_STAR_COUNT*4
   203 0000016A 72F4                <2>     jb .next
   204 0000016C C3                  <2>     ret
   205                              <2> 
   206                              <2> xdemo2_respawn_star:
   207 0000016D E8D3FF              <2>     call xdemo_rand_x
   208 00000170 C1F802              <2>     sar ax, 2
   209 00000173 054001              <2>     add ax, 320
   210 00000176 8984[2608]          <2>     mov [xdemo2_star_xy+si], ax
   211 0000017A E8C6FF              <2>     call xdemo_rand_x
   212 0000017D C1F802              <2>     sar ax, 2
   213 00000180 05F000              <2>     add ax, 240
   214 00000183 8984[2808]          <2>     mov [xdemo2_star_xy+si+2], ax
   215 00000187 C3                  <2>     ret
   216                              <2> 
   217                              <2> xdemo2_stars:
   218 00000188 803E[2508]00        <2>     cmp byte [xdemo2_stars_enabled], 0
   219 0000018D 0F841401            <2>     je .off
   220 00000191 A1[9026]            <2>     mov ax, [octa_screen_x]
   221 00000194 A3[C608]            <2>     mov [xdemo2_star_left], ax
   222 00000197 A3[C808]            <2>     mov [xdemo2_star_right], ax
   223 0000019A A1[9C26]            <2>     mov ax, [octa_screen_y]
   224 0000019D A3[CA08]            <2>     mov [xdemo2_star_top], ax
   225 000001A0 A3[CC08]            <2>     mov [xdemo2_star_bottom], ax
   226 000001A3 BE0200              <2>     mov si, 2
   227                              <2> .bound:
   228 000001A6 8B84[9026]          <2>     mov ax, [octa_screen_x+si]
   229 000001AA 3B06[C608]          <2>     cmp ax, [xdemo2_star_left]
   230 000001AE 7D03                <2>     jge .left_ready
   231 000001B0 A3[C608]            <2>     mov [xdemo2_star_left], ax
   232                              <2> .left_ready:
   233 000001B3 3B06[C808]          <2>     cmp ax, [xdemo2_star_right]
   234 000001B7 7E03                <2>     jle .right_ready
   235 000001B9 A3[C808]            <2>     mov [xdemo2_star_right], ax
   236                              <2> .right_ready:
   237 000001BC 8B84[9C26]          <2>     mov ax, [octa_screen_y+si]
   238 000001C0 3B06[CA08]          <2>     cmp ax, [xdemo2_star_top]
   239 000001C4 7D03                <2>     jge .top_ready
   240 000001C6 A3[CA08]            <2>     mov [xdemo2_star_top], ax
   241                              <2> .top_ready:
   242 000001C9 3B06[CC08]          <2>     cmp ax, [xdemo2_star_bottom]
   243 000001CD 7E03                <2>     jle .bottom_ready
   244 000001CF A3[CC08]            <2>     mov [xdemo2_star_bottom], ax
   245                              <2> .bottom_ready:
   246 000001D2 83C602              <2>     add si, 2
   247 000001D5 83FE0C              <2>     cmp si, 12
   248 000001D8 72CC                <2>     jb .bound
   249 000001DA 832E[C608]04        <2>     sub word [xdemo2_star_left], 4
   250 000001DF 8306[C808]04        <2>     add word [xdemo2_star_right], 4
   251 000001E4 832E[CA08]04        <2>     sub word [xdemo2_star_top], 4
   252 000001E9 8306[CC08]04        <2>     add word [xdemo2_star_bottom], 4
   253 000001EE C606[9F25]00        <2>     mov byte [line_flags], 0
   254 000001F3 31F6                <2>     xor si, si
   255                              <2> .star:
   256 000001F5 89F0                <2>     mov ax, si
   257 000001F7 83E00C              <2>     and ax, 12
   258 000001FA C1E802              <2>     shr ax, 2
   259 000001FD C606[A025]0F        <2>     mov byte [line_color], 15
   260 00000202 83F800              <2>     cmp ax, 0
   261 00000205 7505                <2>     jne .move_x
   262 00000207 C606[A025]07        <2>     mov byte [line_color], 7
   263                              <2> .move_x:
   264 0000020C 8B9C[2608]          <2>     mov bx, [xdemo2_star_xy+si]
   265 00000210 89D8                <2>     mov ax, bx
   266 00000212 2D4001              <2>     sub ax, 320
   267 00000215 C1F804              <2>     sar ax, 4
   268 00000218 750B                <2>     jnz .x_ready
   269 0000021A B80100              <2>     mov ax, 1
   270 0000021D 81FB4001            <2>     cmp bx, 320
   271 00000221 7302                <2>     jae .x_ready
   272 00000223 F7D8                <2>     neg ax
   273                              <2> .x_ready:
   274 00000225 01C3                <2>     add bx, ax
   275 00000227 81FB8002            <2>     cmp bx, 640
   276 0000022B 7368                <2>     jae .respawn
   277 0000022D 8B8C[2808]          <2>     mov cx, [xdemo2_star_xy+si+2]
   278 00000231 89C8                <2>     mov ax, cx
   279 00000233 2DF000              <2>     sub ax, 240
   280 00000236 C1F804              <2>     sar ax, 4
   281 00000239 750B                <2>     jnz .y_ready
   282 0000023B B80100              <2>     mov ax, 1
   283 0000023E 81F9F000            <2>     cmp cx, 240
   284 00000242 7302                <2>     jae .y_ready
   285 00000244 F7D8                <2>     neg ax
   286                              <2> .y_ready:
   287 00000246 01C1                <2>     add cx, ax
   288 00000248 81F9E001            <2>     cmp cx, 480
   289 0000024C 7347                <2>     jae .respawn
   290 0000024E 8B84[2608]          <2>     mov ax, [xdemo2_star_xy+si]
   291 00000252 8B94[2808]          <2>     mov dx, [xdemo2_star_xy+si+2]
   292 00000256 899C[2608]          <2>     mov [xdemo2_star_xy+si], bx
   293 0000025A 898C[2808]          <2>     mov [xdemo2_star_xy+si+2], cx
   294 0000025E 3B06[C608]          <2>     cmp ax, [xdemo2_star_left]
   295 00000262 7306                <2>     jae .check_right
   296 00000264 3B1E[C608]          <2>     cmp bx, [xdemo2_star_left]
   297 00000268 7224                <2>     jb .draw
   298                              <2> .check_right:
   299 0000026A 3B06[C808]          <2>     cmp ax, [xdemo2_star_right]
   300 0000026E 7606                <2>     jbe .check_top
   301 00000270 3B1E[C808]          <2>     cmp bx, [xdemo2_star_right]
   302 00000274 7718                <2>     ja .draw
   303                              <2> .check_top:
   304 00000276 3B16[CA08]          <2>     cmp dx, [xdemo2_star_top]
   305 0000027A 7306                <2>     jae .check_bottom
   306 0000027C 3B0E[CA08]          <2>     cmp cx, [xdemo2_star_top]
   307 00000280 720C                <2>     jb .draw
   308                              <2> .check_bottom:
   309 00000282 3B16[CC08]          <2>     cmp dx, [xdemo2_star_bottom]
   310 00000286 7610                <2>     jbe .next
   311 00000288 3B0E[CC08]          <2>     cmp cx, [xdemo2_star_bottom]
   312 0000028C 760A                <2>     jbe .next
   313                              <2> .draw:
   314 0000028E E8840A              <2>     call draw_line
   315 00000291 7211                <2>     jc .done
   316 00000293 EB03                <2>     jmp .next
   317                              <2> .respawn:
   318 00000295 E8D5FE              <2>     call xdemo2_respawn_star
   319                              <2> .next:
   320 00000298 83C604              <2>     add si, 4
   321 0000029B 81FEA000            <2>     cmp si, XDEMO2_STAR_COUNT*4
   322 0000029F 0F8252FF            <2>     jb .star
   323 000002A3 F8                  <2>     clc
   324                              <2> .done:
   325 000002A4 C3                  <2>     ret
   326                              <2> .off:
   327 000002A5 F8                  <2>     clc
   328 000002A6 C3                  <2>     ret
   329                              <2> 
   330                              <2> xdemo2_face_too_small:
   331 000002A7 0FB69C[7026]        <2>     movzx bx, byte [octa_faces+si]
   332 000002AC D1E3                <2>     shl bx, 1
   333 000002AE 8B87[9026]          <2>     mov ax, [octa_screen_x+bx]
   334 000002B2 A3[CE08]            <2>     mov [xdemo2_face_x0], ax
   335 000002B5 8B87[9C26]          <2>     mov ax, [octa_screen_y+bx]
   336 000002B9 A3[D008]            <2>     mov [xdemo2_face_y0], ax
   337 000002BC 0FB69C[7126]        <2>     movzx bx, byte [octa_faces+si+1]
   338 000002C1 D1E3                <2>     shl bx, 1
   339 000002C3 8B87[9026]          <2>     mov ax, [octa_screen_x+bx]
   340 000002C7 2B06[CE08]          <2>     sub ax, [xdemo2_face_x0]
   341 000002CB A3[D208]            <2>     mov [xdemo2_face_dx1], ax
   342 000002CE 8B87[9C26]          <2>     mov ax, [octa_screen_y+bx]
   343 000002D2 2B06[D008]          <2>     sub ax, [xdemo2_face_y0]
   344 000002D6 A3[D408]            <2>     mov [xdemo2_face_dy1], ax
   345 000002D9 0FB69C[7226]        <2>     movzx bx, byte [octa_faces+si+2]
   346 000002DE D1E3                <2>     shl bx, 1
   347 000002E0 660FBF06[D208]      <2>     movsx eax, word [xdemo2_face_dx1]
   348 000002E6 660FBF97[9C26]      <2>     movsx edx, word [octa_screen_y+bx]
   349 000002EC 660FBF0E[D008]      <2>     movsx ecx, word [xdemo2_face_y0]
   350 000002F2 6629CA              <2>     sub edx, ecx
   351 000002F5 660FAFC2            <2>     imul eax, edx
   352 000002F9 660FBF16[D408]      <2>     movsx edx, word [xdemo2_face_dy1]
   353 000002FF 660FBF8F[9026]      <2>     movsx ecx, word [octa_screen_x+bx]
   354 00000305 660FBF1E[CE08]      <2>     movsx ebx, word [xdemo2_face_x0]
   355 0000030B 6629D9              <2>     sub ecx, ebx
   356 0000030E 660FAFD1            <2>     imul edx, ecx
   357 00000312 6629D0              <2>     sub eax, edx
   358 00000315 6683F820            <2>     cmp eax, 32
   359 00000319 7D02                <2>     jge .visible
   360 0000031B F9                  <2>     stc
   361 0000031C C3                  <2>     ret
   362                              <2> .visible:
   363 0000031D F8                  <2>     clc
   364 0000031E C3                  <2>     ret
   365                              <2> 
   366                              <2> xdemo2_fill_masked_face:
   367 0000031F 31ED                <2>     xor bp, bp
   368                              <2> .vertex:
   369 00000321 89F3                <2>     mov bx, si
   370 00000323 01EB                <2>     add bx, bp
   371 00000325 0FB69F[7026]        <2>     movzx bx, byte [octa_faces+bx]
   372 0000032A D1E3                <2>     shl bx, 1
   373 0000032C 89EF                <2>     mov di, bp
   374 0000032E C1E702              <2>     shl di, 2
   375 00000331 8B87[9026]          <2>     mov ax, [octa_screen_x+bx]
   376 00000335 8985[181C]          <2>     mov [tri_x0+di], ax
   377 00000339 8B87[9C26]          <2>     mov ax, [octa_screen_y+bx]
   378 0000033D 8985[1A1C]          <2>     mov [tri_y0+di], ax
   379 00000341 45                  <2>     inc bp
   380 00000342 83FD03              <2>     cmp bp, 3
   381 00000345 72DA                <2>     jb .vertex
   382 00000347 A1[181C]            <2>     mov ax, [tri_x0]
   383 0000034A A3[241C]            <2>     mov [tri_x3], ax
   384 0000034D A3[3C1C]            <2>     mov [tri_min_x], ax
   385 00000350 A3[3E1C]            <2>     mov [tri_max_x], ax
   386 00000353 A1[1A1C]            <2>     mov ax, [tri_y0]
   387 00000356 A3[261C]            <2>     mov [tri_y3], ax
   388 00000359 A3[401C]            <2>     mov [tri_min_y], ax
   389 0000035C A3[421C]            <2>     mov [tri_max_y], ax
   390 0000035F BD0400              <2>     mov bp, 4
   391                              <2> .bounds:
   392 00000362 8B86[181C]          <2>     mov ax, [tri_x0+bp]
   393 00000366 3B06[3C1C]          <2>     cmp ax, [tri_min_x]
   394 0000036A 7D03                <2>     jge .min_x_ready
   395 0000036C A3[3C1C]            <2>     mov [tri_min_x], ax
   396                              <2> .min_x_ready:
   397 0000036F 3B06[3E1C]          <2>     cmp ax, [tri_max_x]
   398 00000373 7E03                <2>     jle .max_x_ready
   399 00000375 A3[3E1C]            <2>     mov [tri_max_x], ax
   400                              <2> .max_x_ready:
   401 00000378 8B86[1A1C]          <2>     mov ax, [tri_y0+bp]
   402 0000037C 3B06[401C]          <2>     cmp ax, [tri_min_y]
   403 00000380 7D03                <2>     jge .min_y_ready
   404 00000382 A3[401C]            <2>     mov [tri_min_y], ax
   405                              <2> .min_y_ready:
   406 00000385 3B06[421C]          <2>     cmp ax, [tri_max_y]
   407 00000389 7E03                <2>     jle .max_y_ready
   408 0000038B A3[421C]            <2>     mov [tri_max_y], ax
   409                              <2> .max_y_ready:
   410 0000038E 83C504              <2>     add bp, 4
   411 00000391 83FD0C              <2>     cmp bp, 12
   412 00000394 72CC                <2>     jb .bounds
   413 00000396 A1[3E1C]            <2>     mov ax, [tri_max_x]
   414 00000399 2B06[3C1C]          <2>     sub ax, [tri_min_x]
   415 0000039D 3D3F01              <2>     cmp ax, MESH_MASK_W-1
   416 000003A0 7728                <2>     ja .skip
   417 000003A2 A3[441C]            <2>     mov [tri_width], ax
   418 000003A5 A1[421C]            <2>     mov ax, [tri_max_y]
   419 000003A8 2B06[401C]          <2>     sub ax, [tri_min_y]
   420 000003AC 3D3F01              <2>     cmp ax, MESH_MASK_H-1
   421 000003AF 7719                <2>     ja .skip
   422 000003B1 A3[461C]            <2>     mov [tri_height], ax
   423 000003B4 0FB684[7326]        <2>     movzx ax, byte [octa_faces+si+3]
   424 000003B9 A2[A125]            <2>     mov [fill_color], al
   425 000003BC E80D00              <2>     call xdemo2_select_mask_map
   426 000003BF 7208                <2>     jc .done
   427 000003C1 E88D14              <2>     call raster_quad_mask
   428 000003C4 7203                <2>     jc .done
   429 000003C6 E81C15              <2>     call fill_masked_quad
   430                              <2> .done:
   431 000003C9 C3                  <2>     ret
   432                              <2> .skip:
   433 000003CA F8                  <2>     clc
   434 000003CB C3                  <2>     ret
   435                              <2> 
   436                              <2> xdemo2_select_mask_map:
   437 000003CC E8D897              <2>     call wait_cp
   438 000003CF 7231                <2>     jc .done
   439 000003D1 26C606120003        <2>     mov byte [es:0x12], 3
   440 000003D7 A1[FA07]            <2>     mov ax, [xdemo2_mask_seg]
   441 000003DA 660FB7C0            <2>     movzx eax, ax
   442 000003DE 66C1E004            <2>     shl eax, 4
   443 000003E2 2666A31400          <2>     mov [es:0x14], eax
   444 000003E7 26C70618003F01      <2>     mov word [es:0x18], MESH_MASK_W-1
   445 000003EE 26C7061A003F01      <2>     mov word [es:0x1a], MESH_MASK_H-1
   446 000003F5 26C6061C0000        <2>     mov byte [es:0x1c], 0
   447 000003FB 26C606120001        <2>     mov byte [es:0x12], 1
   448 00000401 F8                  <2>     clc
   449                              <2> .done:
   450 00000402 C3                  <2>     ret
   451                              <2> 
   452                              <2> %endif
   453                              <2> 
   454                              <2> ; Updates the octahedron's on-screen center once per frame: an
   455                              <2> ; always-positive sine envelope makes it hop up from a floor baseline,
   456                              <2> ; while a quarter-phase-shifted sine sways it left and right.
   457                              <2> xdemo_update_dance:
   458 00000403 A1[E207]            <2>     mov ax, [xdemo_dance_phase]
   459 00000406 83C006              <2>     add ax, XDEMO_DANCE_SPEED
   460 00000409 25FF00              <2>     and ax, 255
   461 0000040C A3[E207]            <2>     mov [xdemo_dance_phase], ax
   462 0000040F 89C3                <2>     mov bx, ax
   463 00000411 0FBE87[5197]        <2>     movsx ax, byte [sine_table+bx]
   464 00000416 09C0                <2>     or ax, ax
   465 00000418 7902                <2>     jns .bounce_ready
   466 0000041A F7D8                <2>     neg ax
   467                              <2> .bounce_ready:
   468 0000041C 6BC05A              <2>     imul ax, XDEMO_DANCE_BOUNCE_AMP
   469 0000041F C1F807              <2>     sar ax, 7
   470 00000422 B93601              <2>     mov cx, XDEMO_DANCE_BASE_Y
   471 00000425 29C1                <2>     sub cx, ax
   472 00000427 890E[E607]          <2>     mov [xdemo_octa_cy], cx
   473 0000042B 8B1E[E207]          <2>     mov bx, [xdemo_dance_phase]
   474 0000042F 83C340              <2>     add bx, 64
   475 00000432 81E3FF00            <2>     and bx, 255
   476 00000436 0FBE87[5197]        <2>     movsx ax, byte [sine_table+bx]
   477 0000043B 6BC03C              <2>     imul ax, XDEMO_DANCE_SWAY_AMP
   478 0000043E C1F807              <2>     sar ax, 7
   479 00000441 054001              <2>     add ax, XDEMO_DANCE_BASE_X
   480 00000444 A3[E407]            <2>     mov [xdemo_octa_cx], ax
   481 00000447 C3                  <2>     ret
   482                              <2> 
   483                              <2> ; Replaces the shared rotate_octa for xdemo only (draw_solid calls this
   484                              <2> ; instead under %ifdef XDEMO): composes the usual Y-axis spin with a
   485                              <2> ; second, independently-phased X-axis tumble, then scales the whole
   486                              <2> ; shape by a sine-driven Z-plane zoom before placing it at the current
   487                              <2> ; dance center. Writes the same octa_screen_x/y and octa_rot_z arrays
   488                              <2> ; rotate_octa does, so build_depth/sort_faces/draw_solid need no changes.
   489                              <2> xdemo_rotate_octa:
   490 00000448 A1[A91B]            <2>     mov ax, [rotation]
   491 0000044B 25FF00              <2>     and ax, 255
   492 0000044E 89C3                <2>     mov bx, ax
   493 00000450 0FBE87[5197]        <2>     movsx ax, byte [sine_table+bx]
   494 00000455 A3[CD26]            <2>     mov [rot_sin], ax
   495 00000458 83C340              <2>     add bx, 64
   496 0000045B 81E3FF00            <2>     and bx, 255
   497 0000045F 0FBE87[5197]        <2>     movsx ax, byte [sine_table+bx]
   498 00000464 A3[CF26]            <2>     mov [rot_cos], ax
   499 00000467 A1[E807]            <2>     mov ax, [xdemo_tumble_phase]
   500 0000046A 83C002              <2>     add ax, XDEMO_TUMBLE_SPEED
   501 0000046D 25FF00              <2>     and ax, 255
   502 00000470 A3[E807]            <2>     mov [xdemo_tumble_phase], ax
   503 00000473 89C3                <2>     mov bx, ax
   504 00000475 0FBE87[5197]        <2>     movsx ax, byte [sine_table+bx]
   505 0000047A A3[EA07]            <2>     mov [xdemo_tumble_sin], ax
   506 0000047D 83C340              <2>     add bx, 64
   507 00000480 81E3FF00            <2>     and bx, 255
   508 00000484 0FBE87[5197]        <2>     movsx ax, byte [sine_table+bx]
   509 00000489 A3[EC07]            <2>     mov [xdemo_tumble_cos], ax
   510 0000048C A1[EE07]            <2>     mov ax, [xdemo_zoom_phase]
   511 0000048F 83C002              <2>     add ax, XDEMO_ZOOM_SPEED
   512 00000492 25FF00              <2>     and ax, 255
   513 00000495 A3[EE07]            <2>     mov [xdemo_zoom_phase], ax
   514 00000498 89C3                <2>     mov bx, ax
   515 0000049A 0FBE87[5197]        <2>     movsx ax, byte [sine_table+bx]
   516 0000049F 6BC040              <2>     imul ax, XDEMO_ZOOM_AMP
   517 000004A2 C1F807              <2>     sar ax, 7
   518 000004A5 058000              <2>     add ax, XDEMO_ZOOM_CENTER
   519 000004A8 A3[F007]            <2>     mov [xdemo_zoom_scale], ax
   520 000004AB 31F6                <2>     xor si, si
   521                              <2> .vert:
   522 000004AD 89F3                <2>     mov bx, si
   523 000004AF 01DB                <2>     add bx, bx
   524 000004B1 01F3                <2>     add bx, si
   525 000004B3 01DB                <2>     add bx, bx
   526 000004B5 89F7                <2>     mov di, si
   527 000004B7 01FF                <2>     add di, di
   528 000004B9 8B87[4C26]          <2>     mov ax, [octa_verts+bx]
   529 000004BD A3[D126]            <2>     mov [tmp_x], ax
   530 000004C0 8B87[4E26]          <2>     mov ax, [octa_verts+bx+2]
   531 000004C4 A3[D326]            <2>     mov [tmp_y], ax
   532 000004C7 8B87[5026]          <2>     mov ax, [octa_verts+bx+4]
   533 000004CB A3[D526]            <2>     mov [tmp_z], ax
   534                              <2>     ; Y-axis spin of (x,z); y untouched
   535 000004CE A1[D126]            <2>     mov ax, [tmp_x]
   536 000004D1 F72E[CF26]          <2>     imul word [rot_cos]
   537 000004D5 C1F807              <2>     sar ax, 7
   538 000004D8 A3[D926]            <2>     mov [tmp1], ax
   539 000004DB A1[D526]            <2>     mov ax, [tmp_z]
   540 000004DE F72E[CD26]          <2>     imul word [rot_sin]
   541 000004E2 C1F807              <2>     sar ax, 7
   542 000004E5 A3[DB26]            <2>     mov [tmp2], ax
   543 000004E8 A1[D926]            <2>     mov ax, [tmp1]
   544 000004EB 2B06[DB26]          <2>     sub ax, [tmp2]
   545 000004EF A3[F207]            <2>     mov [xdemo_x1], ax
   546 000004F2 A1[D126]            <2>     mov ax, [tmp_x]
   547 000004F5 F72E[CD26]          <2>     imul word [rot_sin]
   548 000004F9 C1F807              <2>     sar ax, 7
   549 000004FC A3[D926]            <2>     mov [tmp1], ax
   550 000004FF A1[D526]            <2>     mov ax, [tmp_z]
   551 00000502 F72E[CF26]          <2>     imul word [rot_cos]
   552 00000506 C1F807              <2>     sar ax, 7
   553 00000509 A3[DB26]            <2>     mov [tmp2], ax
   554 0000050C A1[D926]            <2>     mov ax, [tmp1]
   555 0000050F 0306[DB26]          <2>     add ax, [tmp2]
   556 00000513 A3[F407]            <2>     mov [xdemo_z1], ax
   557                              <2>     ; X-axis tumble of (y,z1); x1 untouched
   558 00000516 A1[D326]            <2>     mov ax, [tmp_y]
   559 00000519 F72E[EC07]          <2>     imul word [xdemo_tumble_cos]
   560 0000051D C1F807              <2>     sar ax, 7
   561 00000520 A3[D926]            <2>     mov [tmp1], ax
   562 00000523 A1[F407]            <2>     mov ax, [xdemo_z1]
   563 00000526 F72E[EA07]          <2>     imul word [xdemo_tumble_sin]
   564 0000052A C1F807              <2>     sar ax, 7
   565 0000052D A3[DB26]            <2>     mov [tmp2], ax
   566 00000530 A1[D926]            <2>     mov ax, [tmp1]
   567 00000533 2B06[DB26]          <2>     sub ax, [tmp2]
   568 00000537 A3[F607]            <2>     mov [xdemo_y2], ax
   569 0000053A A1[D326]            <2>     mov ax, [tmp_y]
   570 0000053D F72E[EA07]          <2>     imul word [xdemo_tumble_sin]
   571 00000541 C1F807              <2>     sar ax, 7
   572 00000544 A3[D926]            <2>     mov [tmp1], ax
   573 00000547 A1[F407]            <2>     mov ax, [xdemo_z1]
   574 0000054A F72E[EC07]          <2>     imul word [xdemo_tumble_cos]
   575 0000054E C1F807              <2>     sar ax, 7
   576 00000551 A3[DB26]            <2>     mov [tmp2], ax
   577 00000554 A1[D926]            <2>     mov ax, [tmp1]
   578 00000557 0306[DB26]          <2>     add ax, [tmp2]
   579 0000055B A3[F807]            <2>     mov [xdemo_z2], ax
   580                              <2>     ; Zoom-scale and place at the current dance center
   581 0000055E A1[F207]            <2>     mov ax, [xdemo_x1]
   582 00000561 F72E[F007]          <2>     imul word [xdemo_zoom_scale]
   583 00000565 C1F807              <2>     sar ax, 7
   584 00000568 0306[E407]          <2>     add ax, [xdemo_octa_cx]
   585 0000056C 8985[9026]          <2>     mov [octa_screen_x+di], ax
   586 00000570 A1[F607]            <2>     mov ax, [xdemo_y2]
   587 00000573 F72E[F007]          <2>     imul word [xdemo_zoom_scale]
   588 00000577 C1F807              <2>     sar ax, 7
   589 0000057A 89C3                <2>     mov bx, ax
   590 0000057C A1[E607]            <2>     mov ax, [xdemo_octa_cy]
   591 0000057F 29D8                <2>     sub ax, bx
   592 00000581 8985[9C26]          <2>     mov [octa_screen_y+di], ax
   593 00000585 A1[F807]            <2>     mov ax, [xdemo_z2]
   594 00000588 F72E[F007]          <2>     imul word [xdemo_zoom_scale]
   595 0000058C C1F807              <2>     sar ax, 7
   596 0000058F 8985[A826]          <2>     mov [octa_rot_z+di], ax
   597 00000593 46                  <2>     inc si
   598 00000594 83FE06              <2>     cmp si, 6
   599 00000597 0F8212FF            <2>     jb .vert
   600 0000059B C3                  <2>     ret
   601                              <2> 
   602                              <2> ; Each letter is a set of shaded circle-dot BOBs: four cumulative 1-bit
   603                              <2> ; masks per letter (darkest rim first, smallest highlight spot last) are
   604                              <2> ; each flat-filled with a brighter palette shade, layering a cheap sphere
   605                              <2> ; gradient the same way xga_balls shades its ball sprites.
   606                              <2> ; The mask source address is tracked in xdemo_mask_addr: the XGA's map
   607                              <2> ; registers are write-only here, so reading [es:0x14] back after a BitBlt
   608                              <2> ; does not return the address that was written and must not be relied on.
   609                              <2> ; Likewise the destination X/Y (es:0x78/0x7a) and pattern origin
   610                              <2> ; (es:0x74/0x76) auto-advance after a BitBlt completes, so all four must
   611                              <2> ; be rewritten before every single blit - reusing a value set for an
   612                              <2> ; earlier level drew each level one glyph lower, and a stale pattern
   613                              <2> ; origin left over for the next frame broke the octahedron's area fill.
   614                              <2> xdemo_title:
   615 0000059C E80896              <2>     call wait_cp
   616 0000059F 0F82FF00            <2>     jc .done
   617 000005A3 8CC8                <2>     mov ax, cs
   618 000005A5 660FB7C0            <2>     movzx eax, ax
   619 000005A9 66C1E004            <2>     shl eax, 4
   620 000005AD 6605[20A90000]      <2>     add eax, xdemo_masks
   621 000005B3 66A3[7E07]          <2>     mov [xdemo_mask_addr], eax
   622 000005B7 26C606120003        <2>     mov byte [es:0x12], 3
   623 000005BD 2666A31400          <2>     mov [es:0x14], eax
   624 000005C2 26C70618005F00      <2>     mov word [es:0x18], XDEMO_GLYPH_W-1
   625 000005C9 26C7061A005900      <2>     mov word [es:0x1a], XDEMO_GLYPH_H-1
   626 000005D0 26C6061C0000        <2>     mov byte [es:0x1c], 0
   627 000005D6 26C606120001        <2>     mov byte [es:0x12], 1
   628 000005DC 26C70660005F00      <2>     mov word [es:0x60], XDEMO_GLYPH_W-1
   629 000005E3 26C70662005900      <2>     mov word [es:0x62], XDEMO_GLYPH_H-1
   630 000005EA 26C606480003        <2>     mov byte [es:0x48], 3
   631 000005F0 26C606490005        <2>     mov byte [es:0x49], 5
   632 000005F6 31F6                <2>     xor si, si
   633                              <2> .letter:
   634 000005F8 89F0                <2>     mov ax, si
   635 000005FA 6BC070              <2>     imul ax, XDEMO_TITLE_PITCH
   636 000005FD 059800              <2>     add ax, XDEMO_TITLE_X
   637 00000600 A3[8607]            <2>     mov [xdemo_letter_x], ax
   638 00000603 89F3                <2>     mov bx, si
   639 00000605 C1E303              <2>     shl bx, 3
   640 00000608 A0[7B07]            <2>     mov al, [xdemo_phase]
   641 0000060B 0206[7B07]          <2>     add al, [xdemo_phase]
   642 0000060F 0284[8A07]          <2>     add al, [xdemo_wave_offset+si]
   643 00000613 0FB6D8              <2>     movzx bx, al
   644 00000616 8A87[5197]          <2>     mov al, [sine_table+bx]
   645 0000061A 98                  <2>     cbw
   646 0000061B C1F803              <2>     sar ax, 3
   647 0000061E 83C01E              <2>     add ax, XDEMO_TITLE_BASE_Y
   648 00000621 A3[8807]            <2>     mov [xdemo_letter_y], ax
   649 00000624 660FB684[8D07]      <2>     movzx eax, byte [xdemo_colors+si]
   650 0000062A 66C1E002            <2>     shl eax, 2
   651 0000062E 6683C010            <2>     add eax, XDEMO_SHADE_BASE
   652 00000632 66A3[8207]          <2>     mov [xdemo_level_color], eax
   653 00000636 6631C9              <2>     xor ecx, ecx
   654                              <2> .level:
   655 00000639 26C606120003        <2>     mov byte [es:0x12], 3
   656 0000063F 66A1[7E07]          <2>     mov eax, [xdemo_mask_addr]
   657 00000643 2666A31400          <2>     mov [es:0x14], eax
   658 00000648 26C606120001        <2>     mov byte [es:0x12], 1
   659 0000064E 26C70674000000      <2>     mov word [es:0x74], 0
   660 00000655 26C70676000000      <2>     mov word [es:0x76], 0
   661 0000065C A1[8607]            <2>     mov ax, [xdemo_letter_x]
   662 0000065F 26A37800            <2>     mov [es:0x78], ax
   663 00000663 A1[8807]            <2>     mov ax, [xdemo_letter_y]
   664 00000666 26A37A00            <2>     mov [es:0x7a], ax
   665 0000066A 66A1[8207]          <2>     mov eax, [xdemo_level_color]
   666 0000066E 6601C8              <2>     add eax, ecx
   667 00000671 2666A35800          <2>     mov [es:0x58], eax
   668 00000676 2666C7067C00003011- <2>     mov dword [es:0x7c], MASKED_SOLID_OP
   668 0000067F 08                  <2>
   669 00000680 E82495              <2>     call wait_cp
   670 00000683 721D                <2>     jc .done
   671 00000685 66A1[7E07]          <2>     mov eax, [xdemo_mask_addr]
   672 00000689 660538040000        <2>     add eax, XDEMO_MASK_LEVEL_STRIDE
   673 0000068F 66A3[7E07]          <2>     mov [xdemo_mask_addr], eax
   674 00000693 41                  <2>     inc cx
   675 00000694 83F904              <2>     cmp cx, XDEMO_GLYPH_LEVELS
   676 00000697 72A0                <2>     jb .level
   677 00000699 46                  <2>     inc si
   678 0000069A 83FE03              <2>     cmp si, XDEMO_TITLE_LETTERS
   679 0000069D 0F8257FF            <2>     jb .letter
   680 000006A1 F8                  <2>     clc
   681                              <2> .done:
   682 000006A2 C3                  <2>     ret
   683                              <2> 
   684                              <2> ; XDEMO2 clips a one-bit text mask into a single XGA copy per frame.
   685                              <2> ; XDEMO retains the original horizontal-line segments for its scroller.
   686                              <2> xdemo_scroll:
   687                              <2> %ifdef XDEMO2
   688 000006A3 A1[DA07]            <2>     mov ax, [xdemo_scroll_x]
   689 000006A6 3D8002              <2>     cmp ax, 640
   690 000006A9 0F8DB900            <2>     jge .advance
   691 000006AD 89C3                <2>     mov bx, ax
   692 000006AF 31D2                <2>     xor dx, dx
   693 000006B1 09C0                <2>     or ax, ax
   694 000006B3 7906                <2>     jns .clip_right
   695 000006B5 F7D8                <2>     neg ax
   696 000006B7 89C2                <2>     mov dx, ax
   697 000006B9 31DB                <2>     xor bx, bx
   698                              <2> .clip_right:
   699 000006BB B99801              <2>     mov cx, XDEMO_SCROLL_TEXT_WIDTH
   700 000006BE 29D1                <2>     sub cx, dx
   701 000006C0 B88002              <2>     mov ax, 640
   702 000006C3 29D8                <2>     sub ax, bx
   703 000006C5 39C1                <2>     cmp cx, ax
   704 000006C7 7602                <2>     jbe .width_ready
   705 000006C9 89C1                <2>     mov cx, ax
   706                              <2> .width_ready:
   707 000006CB 83F902              <2>     cmp cx, 2
   708 000006CE 0F829400            <2>     jb .advance
   709 000006D2 49                  <2>     dec cx
   710 000006D3 E8D194              <2>     call wait_cp
   711 000006D6 0F82A000            <2>     jc .done
   712 000006DA 8CC8                <2>     mov ax, cs
   713 000006DC 660FB7C0            <2>     movzx eax, ax
   714 000006E0 66C1E004            <2>     shl eax, 4
   715 000006E4 6605[C0DB0000]      <2>     add eax, xdemo2_scroll_mask
   716 000006EA 26C606120003        <2>     mov byte [es:0x12], 3
   717 000006F0 2666A31400          <2>     mov [es:0x14], eax
   718 000006F5 26C70618009701      <2>     mov word [es:0x18], XDEMO_SCROLL_TEXT_WIDTH-1
   719 000006FC 26C7061A001800      <2>     mov word [es:0x1a], 6*4
   720 00000703 26C6061C0000        <2>     mov byte [es:0x1c], 0
   721 00000709 26C606120001        <2>     mov byte [es:0x12], 1
   722 0000070F 26C606480003        <2>     mov byte [es:0x48], 3
   723 00000715 26C606490005        <2>     mov byte [es:0x49], 5
   724 0000071B 2666C70658000B0000- <2>     mov dword [es:0x58], XDEMO_SCROLL_COLOR
   724 00000724 00                  <2>
   725 00000725 26890E6000          <2>     mov [es:0x60], cx
   726 0000072A 26C70662001800      <2>     mov word [es:0x62], 6*4
   727 00000731 26C70670000000      <2>     mov word [es:0x70], 0
   728 00000738 26C70672000000      <2>     mov word [es:0x72], 0
   729 0000073F 2689167400          <2>     mov [es:0x74], dx
   730 00000744 26C70676000000      <2>     mov word [es:0x76], 0
   731 0000074B 26891E7800          <2>     mov [es:0x78], bx
   732 00000750 26C7067A00C201      <2>     mov word [es:0x7a], XDEMO_SCROLL_BASE_Y
   733 00000757 2666C7067C00003011- <2>     mov dword [es:0x7c], MASKED_SOLID_OP
   733 00000760 08                  <2>
   734 00000761 E84394              <2>     call wait_cp
   735 00000764 7214                <2>     jc .done
   736                              <2> .advance:
   737 00000766 832E[DA07]03        <2>     sub word [xdemo_scroll_x], XDEMO_SCROLL_SPEED
   738 0000076B 813E[DA07]68FE      <2>     cmp word [xdemo_scroll_x], -XDEMO_SCROLL_TEXT_WIDTH
   739 00000771 7F06                <2>     jg .ready
   740 00000773 C706[DA07]8002      <2>     mov word [xdemo_scroll_x], 640
   741                              <2> .ready:
   742 00000779 F8                  <2>     clc
   743                              <2> .done:
   744 0000077A C3                  <2>     ret
   745                              <2> %else
   746                              <2>     mov byte [line_flags], 0
   747                              <2>     mov byte [line_color], XDEMO_SCROLL_COLOR
   748                              <2>     xor di, di
   749                              <2> .segment:
   750                              <2>     mov ax, [xdemo_scroll_segments+di]
   751                              <2>     add ax, [xdemo_scroll_x]
   752                              <2>     mov [xdemo_scroll_p0x], ax
   753                              <2>     mov ax, [xdemo_scroll_segments+di+2]
   754                              <2>     add ax, [xdemo_scroll_x]
   755                              <2>     mov [xdemo_scroll_p1x], ax
   756                              <2>     cmp word [xdemo_scroll_p0x], 640
   757                              <2>     jae .skip
   758                              <2>     cmp word [xdemo_scroll_p1x], 640
   759                              <2>     jae .skip
   760                              <2>     mov ax, [xdemo_scroll_p0x]
   761                              <2>     mov dx, [xdemo_scroll_segments+di+4]
   762                              <2>     add dx, XDEMO_SCROLL_BASE_Y
   763                              <2>     mov bx, [xdemo_scroll_p1x]
   764                              <2>     mov cx, dx
   765                              <2>     call draw_line
   766                              <2>     jc .done
   767                              <2> .skip:
   768                              <2>     add di, 6
   769                              <2>     cmp di, XDEMO_SCROLL_SEGMENT_COUNT*6
   770                              <2>     jb .segment
   771                              <2>     sub word [xdemo_scroll_x], XDEMO_SCROLL_SPEED
   772                              <2>     cmp word [xdemo_scroll_x], -XDEMO_SCROLL_TEXT_WIDTH
   773                              <2>     jg .done
   774                              <2>     mov word [xdemo_scroll_x], 640
   775                              <2> .done:
   776                              <2>     clc
   777                              <2>     ret
   778                              <2> %endif
   779                              <2> 
   780 0000077B 00                  <2> xdemo_phase db 0
   781 0000077C 0000                <2> xdemo_seed dw 0
   782 0000077E 00000000            <2> xdemo_mask_addr dd 0
   783 00000782 00000000            <2> xdemo_level_color dd 0
   784 00000786 0000                <2> xdemo_letter_x dw 0
   785 00000788 0000                <2> xdemo_letter_y dw 0
   786 0000078A 001E3C              <2> xdemo_wave_offset db 0,30,60
   787                              <2> ; Lane index (0..7) into the shaded palette ramps for each title letter.
   788 0000078D 000105              <2> xdemo_colors db 0,1,5
   789                              <2> %ifdef XDEMO2
   790 00000790 5844454D4F323A2058- <2> xdemo_message db 'XDEMO2: XGA coprocessor. Esc exits; V sync, 1 stars, 2 title, 3 scroll.',13,10,'$'
   790 00000799 474120636F70726F63- <2>
   790 000007A2 6573736F722E204573- <2>
   790 000007AB 632065786974733B20- <2>
   790 000007B4 562073796E632C2031- <2>
   790 000007BD 2073746172732C2032- <2>
   790 000007C6 207469746C652C2033- <2>
   790 000007CF 207363726F6C6C2E0D- <2>
   790 000007D8 0A24                <2>
   791                              <2> %else
   792                              <2> xdemo_message db 'XDEMO: XGA coprocessor. Esc exits; V sync, 2 title, 3 scroll toggle.',13,10,'$'
   793                              <2> %endif
   794 000007DA 0000                <2> xdemo_scroll_x dw 0
   795 000007DC 0000                <2> xdemo_scroll_p0x dw 0
   796 000007DE 0000                <2> xdemo_scroll_p1x dw 0
   797 000007E0 01                  <2> xdemo_title_enabled db 1
   798 000007E1 01                  <2> xdemo_scroll_enabled db 1
   799 000007E2 0000                <2> xdemo_dance_phase dw 0
   800 000007E4 0000                <2> xdemo_octa_cx dw 0
   801 000007E6 0000                <2> xdemo_octa_cy dw 0
   802 000007E8 0000                <2> xdemo_tumble_phase dw 0
   803 000007EA 0000                <2> xdemo_tumble_sin dw 0
   804 000007EC 0000                <2> xdemo_tumble_cos dw 0
   805 000007EE 0000                <2> xdemo_zoom_phase dw 0
   806 000007F0 0000                <2> xdemo_zoom_scale dw 0
   807 000007F2 0000                <2> xdemo_x1 dw 0
   808 000007F4 0000                <2> xdemo_z1 dw 0
   809 000007F6 0000                <2> xdemo_y2 dw 0
   810 000007F8 0000                <2> xdemo_z2 dw 0
   811                              <2> %ifdef XDEMO2
   812 000007FA 0000                <2> xdemo2_mask_seg dw 0
   813 000007FC 5844454D4F32206E65- <2> xdemo2_msg_no_mask_ram db 'XDEMO2 needs 13 KB of free DOS memory.',13,10,'$'
   813 00000805 656473203133204B42- <2>
   813 0000080E 206F66206672656520- <2>
   813 00000817 444F53206D656D6F72- <2>
   813 00000820 792E0D0A24          <2>
   814 00000825 01                  <2> xdemo2_stars_enabled db 1
   815 00000826 0000<rep 50h>       <2> xdemo2_star_xy times XDEMO2_STAR_COUNT*2 dw 0
   816 000008C6 0000                <2> xdemo2_star_left dw 0
   817 000008C8 0000                <2> xdemo2_star_right dw 0
   818 000008CA 0000                <2> xdemo2_star_top dw 0
   819 000008CC 0000                <2> xdemo2_star_bottom dw 0
   820 000008CE 0000                <2> xdemo2_face_x0 dw 0
   821 000008D0 0000                <2> xdemo2_face_y0 dw 0
   822 000008D2 0000                <2> xdemo2_face_dx1 dw 0
   823 000008D4 0000                <2> xdemo2_face_dy1 dw 0
   824                              <2> %endif
    38                              <1> %else
    39                              <1> start:
    40                              <1>     push cs
    41                              <1>     pop ds
    42                              <1>     mov ah, 0x0f
    43                              <1>     int 0x10
    44                              <1>     mov [old_mode], al
    45                              <1>     mov dx, msg_start
    46                              <1>     call puts
    47                              <1>     call detect_xga
    48                              <1>     jc .no_xga
    49                              <1>     cmp dword [aperture], 0
    50                              <1>     je .no_aperture
    51                              <1>     call set_xga_mode
    52                              <1>     mov byte [mode_active], 1
    53                              <1>     call probe_vram
    54                              <1>     jc .no_vram
    55                              <1>     call set_palette
    56                              <1>     call setup_maps
    57                              <1>     call enter_back_buffer
    58                              <1>     call prerender_room_grid
    59                              <1>     jc .cp_timeout
    60                              <1>     mov byte [vsync_enabled], 1
    61                              <1>     call setup_sprite_hud
    62                              <1> .frame:
    63                              <1>     cmp byte [demo_mode], 4
    64                              <1>     jne .clear_frame
    65                              <1>     call restore_room_grid
    66                              <1>     jmp .frame_ready
    67                              <1> .clear_frame:
    68                              <1>     call clear_back_buffer
    69                              <1> .frame_ready:
    70                              <1>     jc .cp_timeout
    71                              <1>     cmp byte [demo_mode], 0
    72                              <1>     jne .other_demo
    73                              <1>     call draw_cube
    74                              <1>     jmp .draw_done
    75                              <1> .other_demo:
    76                              <1>     cmp byte [demo_mode], 1
    77                              <1>     je .solid
    78                              <1>     cmp byte [demo_mode], 2
    79                              <1>     je .polygon_stress
    80                              <1>     cmp byte [demo_mode], 4
    81                              <1>     je .boing
    82                              <1>     cmp byte [demo_mode], 5
    83                              <1>     je .crystal
    84                              <1>     call draw_torus
    85                              <1>     jmp .draw_done
    86                              <1> .crystal:
    87                              <1>     call draw_crystal
    88                              <1>     jmp .draw_done
    89                              <1> .boing:
    90                              <1>     call draw_boing
    91                              <1>     jmp .draw_done
    92                              <1> .polygon_stress:
    93                              <1>     call draw_polygon_stress
    94                              <1>     jmp .draw_done
    95                              <1> .solid:
    96                              <1>     call draw_solid
    97                              <1>     jmp .draw_done
    98                              <1> .draw_done:
    99                              <1>     jc .cp_timeout
   100                              <1>     call wait_cp
   101                              <1>     jc .cp_timeout
   102                              <1>     cmp byte [vsync_enabled], 0
   103                              <1>     je .no_sync
   104                              <1>     call wait_vsync
   105                              <1> .no_sync:
   106                              <1>     call present_back_frame
   107                              <1>     jc .cp_timeout
   108                              <1>     mov byte [hud_text_balls+6], 15 ; no mesh fill marker
   109                              <1>     cmp byte [demo_mode], 1
   110                              <1>     je .hud_solid
   111                              <1>     cmp byte [demo_mode], 2
   112                              <1>     je .hud_stress
   113                              <1>     cmp byte [demo_mode], 3
   114                              <1>     je .hud_torus
   115                              <1>     cmp byte [demo_mode], 4
   116                              <1>     je .hud_torus
   117                              <1>     cmp byte [demo_mode], 5
   118                              <1>     je .hud_torus
   119                              <1>     mov word [visible_balls], 12
   120                              <1>     mov byte [hud_count_label], 16 ; B = vector command count
   121                              <1>     jmp .hud_ready
   122                              <1> .hud_solid:
   123                              <1>     mov word [visible_balls], OCTA_FACES
   124                              <1>     mov byte [hud_count_label], 1 ; P = face count
   125                              <1>     jmp .hud_ready
   126                              <1> .hud_stress:
   127                              <1>     mov ax, [stress_count]
   128                              <1>     mov [visible_balls], ax
   129                              <1>     mov byte [hud_count_label], 1 ; P = filled polygon count
   130                              <1>     jmp .hud_ready
   131                              <1> .hud_torus:
   132                              <1>     mov ax, [mesh_drawn]
   133                              <1>     mov [visible_balls], ax
   134                              <1>     mov byte [hud_count_label], 1 ; P = visible mesh facets filled
   135                              <1>     cmp byte [mesh_area_mode], 0
   136                              <1>     je .hud_ready
   137                              <1>     mov byte [hud_text_balls+6], 21 ; A = hybrid XGA Area Fill
   138                              <1> .hud_ready:
   139                              <1>     call update_fps
   140                              <1>     call update_sprite_hud
   141                              <1>     mov ah, 1
   142                              <1>     int 0x16
   143                              <1>     jz .animate
   144                              <1>     xor ah, ah
   145                              <1>     int 0x16
   146                              <1>     cmp al, 27
   147                              <1>     je .quit
   148                              <1>     cmp al, '1'
   149                              <1>     jb .key_space
   150                              <1>     cmp al, '6'
   151                              <1>     ja .key_space
   152                              <1>     sub al, '1'
   153                              <1>     mov [demo_mode], al
   154                              <1>     jmp .mode_changed
   155                              <1> .key_space:
   156                              <1>     cmp al, ' '
   157                              <1>     jne .key_v
   158                              <1>     inc byte [demo_mode]
   159                              <1>     cmp byte [demo_mode], 6
   160                              <1>     jb .mode_changed
   161                              <1>     mov byte [demo_mode], 0
   162                              <1> .mode_changed:
   163                              <1>     mov byte [speaker_frames], 0
   164                              <1>     call stop_speaker
   165                              <1>     call init_mesh_order
   166                              <1>     call set_mask_map_for_mode
   167                              <1>     jc .cp_timeout
   168                              <1>     call reset_frame_page
   169                              <1>     jc .cp_timeout
   170                              <1>     call reset_fps
   171                              <1>     jmp .animate
   172                              <1> .key_v:
   173                              <1>     cmp al, 'v'
   174                              <1>     je .toggle_sync
   175                              <1>     cmp al, 'V'
   176                              <1>     je .toggle_sync
   177                              <1>     cmp al, 'm'
   178                              <1>     je .toggle_mesh_renderer
   179                              <1>     cmp al, 'M'
   180                              <1>     je .toggle_mesh_renderer
   181                              <1>     cmp al, '+'
   182                              <1>     je .increase_count
   183                              <1>     cmp al, '='
   184                              <1>     je .increase_count
   185                              <1>     cmp al, '-'
   186                              <1>     je .decrease_count
   187                              <1>     jmp .animate
   188                              <1> .increase_count:
   189                              <1>     cmp byte [demo_mode], 2
   190                              <1>     jne .animate
   191                              <1>     cmp word [stress_count], STRESS_MAX
   192                              <1>     jae .animate
   193                              <1>     shl word [stress_count], 1
   194                              <1>     call reset_fps
   195                              <1>     jmp .animate
   196                              <1> .decrease_count:
   197                              <1>     cmp byte [demo_mode], 2
   198                              <1>     jne .animate
   199                              <1>     cmp word [stress_count], 8
   200                              <1>     jbe .animate
   201                              <1>     shr word [stress_count], 1
   202                              <1>     call reset_fps
   203                              <1>     jmp .animate
   204                              <1> .toggle_sync:
   205                              <1>     xor byte [vsync_enabled], 1
   206                              <1>     call reset_fps
   207                              <1> .toggle_done:
   208                              <1>     jmp .animate
   209                              <1> .toggle_mesh_renderer:
   210                              <1>     cmp byte [demo_mode], 3
   211                              <1>     jb .animate
   212                              <1>     xor byte [mesh_area_mode], 1
   213                              <1>     call set_mask_map_for_mode
   214                              <1>     jc .cp_timeout
   215                              <1>     call reset_fps
   216                              <1>     jmp .toggle_done
   217                              <1> .animate:
   218                              <1>     inc word [rotation]
   219                              <1>     cmp byte [demo_mode], 4
   220                              <1>     jne .frame
   221                              <1>     inc word [boing_frame]
   222                              <1>     call update_boing_motion
   223                              <1>     jmp .frame
   224                              <1> .quit:
   225                              <1>     call stop_speaker
   226                              <1>     call restore_mode
   227                              <1>     mov ax, 0x4c00
   228                              <1>     int 0x21
   229                              <1> .cp_timeout:
   230                              <1>     call stop_speaker
   231                              <1>     call restore_mode
   232                              <1>     mov dx, msg_cp_timeout
   233                              <1>     jmp .error
   234                              <1> .no_vram:
   235                              <1>     call stop_speaker
   236                              <1>     call restore_mode
   237                              <1>     mov dx, msg_no_vram
   238                              <1>     jmp .error
   239                              <1> .no_aperture:
   240                              <1>     mov dx, msg_no_aperture
   241                              <1>     jmp .error
   242                              <1> .no_xga:
   243                              <1>     mov dx, msg_no_xga
   244                              <1> .error:
   245                              <1>     call puts
   246                              <1>     mov ax, 0x4c01
   247                              <1>     int 0x21
   248                              <1> %endif
   249                              <1> 
   250                              <1> puts:
   251 000008D6 B409                <1>     mov ah, 9
   252 000008D8 CD21                <1>     int 0x21
   253 000008DA C3                  <1>     ret
   254                              <1> 
   255                              <1> set_palette:
   256 000008DB 8B16[8725]          <1>     mov dx, [io_base]
   257 000008DF 83C20A              <1>     add dx, 0x0a
   258 000008E2 B86400              <1>     mov ax, 0x0064
   259 000008E5 EF                  <1>     out dx, ax
   260 000008E6 B86600              <1>     mov ax, 0x0066
   261 000008E9 EF                  <1>     out dx, ax
   262 000008EA B86000              <1>     mov ax, 0x0060
   263 000008ED EF                  <1>     out dx, ax
   264 000008EE B86100              <1>     mov ax, 0x0061
   265 000008F1 EF                  <1>     out dx, ax
   266 000008F2 B065                <1>     mov al, 0x65
   267 000008F4 EE                  <1>     out dx, al
   268 000008F5 42                  <1>     inc dx
   269                              <1> %ifdef XDEMO
   270 000008F6 BE[90A8]            <1>     mov si, xdemo_palette
   271 000008F9 B99000              <1>     mov cx, 144 ; 16 base CGA colors + 8 lanes x 4 shades
   272                              <1> %else
   273                              <1>     mov si, vector_palette
   274                              <1>     mov cx, 60
   275                              <1> %endif
   276                              <1> .color:
   277 000008FC AC                  <1>     lodsb
   278                              <1> %ifndef XDEMO
   279                              <1>     shl al, 2
   280                              <1> %endif
   281                              <1> %ifdef XDEMO2
   282 000008FD C0E002              <1>     shl al, 2
   283                              <1> %endif
   284 00000900 EE                  <1>     out dx, al
   285 00000901 E2F9                <1>     loop .color
   286 00000903 4A                  <1>     dec dx
   287 00000904 B864FF              <1>     mov ax, 0xff64
   288 00000907 EF                  <1>     out dx, ax
   289 00000908 C3                  <1>     ret
   290                              <1> 
   291                              <1> setup_maps:
   292 00000909 A1[8925]            <1>     mov ax, [cp_seg]
   293 0000090C 8EC0                <1>     mov es, ax
   294 0000090E 26C606110000        <1>     mov byte [es:0x11], 0
   295 00000914 26C606120001        <1>     mov byte [es:0x12], 1
   296 0000091A 66A1[8F25]          <1>     mov eax, [cp_aperture]
   297 0000091E 2666A31400          <1>     mov [es:0x14], eax
   298 00000923 26C70618007F02      <1>     mov word [es:0x18], SCREEN_W-1
   299 0000092A 26C7061A00DF01      <1>     mov word [es:0x1a], SCREEN_H-1
   300 00000931 26C6061C0003        <1>     mov byte [es:0x1c], 3
   301 00000937 26C606480003        <1>     mov byte [es:0x48], 3
   302 0000093D 26C606490005        <1>     mov byte [es:0x49], 5
   303 00000943 26C6064A0004        <1>     mov byte [es:0x4a], 4
   304 00000949 2666C7065000FF0000- <1>     mov dword [es:0x50], 0xff
   304 00000952 00                  <1>
   305 00000953 2666C7065400FF0000- <1>     mov dword [es:0x54], 0xff
   305 0000095C 00                  <1>
   306 0000095D 2666C7065C00000000- <1>     mov dword [es:0x5c], 0
   306 00000966 00                  <1>
   307 00000967 26C606120000        <1>     mov byte [es:0x12], 0
   308 0000096D 66A1[8F25]          <1>     mov eax, [cp_aperture]
   309 00000971 660500600900        <1>     add eax, MASK_BASE
   310 00000977 2666A31400          <1>     mov [es:0x14], eax
   311 0000097C 26C70618007F02      <1>     mov word [es:0x18], SCREEN_W-1
   312 00000983 26C7061A00DF01      <1>     mov word [es:0x1a], SCREEN_H-1
   313 0000098A 26C6061C0000        <1>     mov byte [es:0x1c], 0
   314 00000990 26C7066C000000      <1>     mov word [es:0x6c], 0
   315 00000997 26C7066E000000      <1>     mov word [es:0x6e], 0
   316 0000099E 26C606120001        <1>     mov byte [es:0x12], 1
   317 000009A4 26C606120003        <1>     mov byte [es:0x12], 3
   318 000009AA 66A1[8F25]          <1>     mov eax, [cp_aperture]
   319 000009AE 660500600900        <1>     add eax, MASK_BASE
   320 000009B4 2666A31400          <1>     mov [es:0x14], eax
   321 000009B9 26C70618007F02      <1>     mov word [es:0x18], SCREEN_W-1
   322 000009C0 26C7061A00DF01      <1>     mov word [es:0x1a], SCREEN_H-1
   323 000009C7 26C6061C0000        <1>     mov byte [es:0x1c], 0
   324 000009CD 26C606120001        <1>     mov byte [es:0x12], 1
   325 000009D3 C3                  <1>     ret
   326                              <1> 
   327                              <1> ; Map C points to VRAM for Area Fill and to the conventional-RAM mask for
   328                              <1> ; the proven fallback. Keep its active source so consecutive quads avoid
   329                              <1> ; redundant map setup.
   330                              <1> set_mask_map_for_mode:
   331 000009D4 803E[8525]03        <1>     cmp byte [demo_mode], 3
   332 000009D9 7209                <1>     jb select_mesh_vram_map
   333 000009DB 803E[561C]00        <1>     cmp byte [mesh_area_mode], 0
   334 000009E0 7502                <1>     jne select_mesh_vram_map
   335 000009E2 EB42                <1>     jmp select_mesh_ram_map
   336                              <1> 
   337                              <1> select_mesh_vram_map:
   338 000009E4 803E[571C]00        <1>     cmp byte [mesh_map_ram], 0
   339 000009E9 7439                <1>     je .ready
   340 000009EB E8B991              <1>     call wait_cp
   341 000009EE 7235                <1>     jc .done
   342 000009F0 26C606120003        <1>     mov byte [es:0x12], 3
   343 000009F6 66A1[8F25]          <1>     mov eax, [cp_aperture]
   344 000009FA 660500600900        <1>     add eax, MASK_BASE
   345 00000A00 2666A31400          <1>     mov [es:0x14], eax
   346 00000A05 26C70618007F02      <1>     mov word [es:0x18], SCREEN_W-1
   347 00000A0C 26C7061A00DF01      <1>     mov word [es:0x1a], SCREEN_H-1
   348 00000A13 26C6061C0000        <1>     mov byte [es:0x1c], 0
   349 00000A19 26C606120001        <1>     mov byte [es:0x12], 1
   350 00000A1F C606[571C]00        <1>     mov byte [mesh_map_ram], 0
   351                              <1> .ready:
   352 00000A24 F8                  <1>     clc
   353                              <1> .done:
   354 00000A25 C3                  <1>     ret
   355                              <1> 
   356                              <1> select_mesh_ram_map:
   357 00000A26 803E[571C]01        <1>     cmp byte [mesh_map_ram], 1
   358 00000A2B 743F                <1>     je .ready
   359 00000A2D E87791              <1>     call wait_cp
   360 00000A30 723B                <1>     jc .done
   361 00000A32 26C606120003        <1>     mov byte [es:0x12], 3
   362 00000A38 8CC8                <1>     mov ax, cs
   363 00000A3A 660FB7C0            <1>     movzx eax, ax
   364 00000A3E 66C1E004            <1>     shl eax, 4
   365 00000A42 6605[90A80000]      <1>     add eax, mesh_mask_ram
   366 00000A48 2666A31400          <1>     mov [es:0x14], eax
   367 00000A4D 26C70618003F01      <1>     mov word [es:0x18], MESH_MASK_W-1
   368 00000A54 26C7061A003F01      <1>     mov word [es:0x1a], MESH_MASK_H-1
   369 00000A5B 26C6061C0000        <1>     mov byte [es:0x1c], 0
   370 00000A61 26C606120001        <1>     mov byte [es:0x12], 1
   371 00000A67 C606[571C]01        <1>     mov byte [mesh_map_ram], 1
   372                              <1> .ready:
   373 00000A6C F8                  <1>     clc
   374                              <1> .done:
   375 00000A6D C3                  <1>     ret
   376                              <1> 
   377                              <1> ; Return to the fixed hidden page whenever the demo changes.
   378                              <1> reset_frame_page:
   379 00000A6E E83691              <1>     call wait_cp
   380 00000A71 7225                <1>     jc .done
   381 00000A73 6631C0              <1>     xor eax, eax
   382 00000A76 E82000              <1>     call set_view_start
   383 00000A79 66C706[5B1C]00B004- <1>     mov dword [draw_page_base], BACK_BASE
   383 00000A81 00                  <1>
   384 00000A82 26C606120001        <1>     mov byte [es:0x12], 1
   385 00000A88 66A1[8F25]          <1>     mov eax, [cp_aperture]
   386 00000A8C 660500B00400        <1>     add eax, BACK_BASE
   387 00000A92 2666A31400          <1>     mov [es:0x14], eax
   388 00000A97 F8                  <1>     clc
   389                              <1> .done:
   390 00000A98 C3                  <1>     ret
   391                              <1> 
   392                              <1> ; XGA display start is expressed in four-byte units. Register 42h latches
   393                              <1> ; the new address, allowing a completed hidden page to become visible.
   394                              <1> set_view_start:
   395 00000A99 6653                <1>     push ebx
   396 00000A9B 52                  <1>     push dx
   397 00000A9C 66C1E802            <1>     shr eax, 2
   398 00000AA0 6689C3              <1>     mov ebx, eax
   399 00000AA3 8B16[8725]          <1>     mov dx, [io_base]
   400 00000AA7 83C20A              <1>     add dx, 0x0a
   401 00000AAA 88DC                <1>     mov ah, bl
   402 00000AAC B040                <1>     mov al, 0x40
   403 00000AAE EF                  <1>     out dx, ax
   404 00000AAF 66C1EB08            <1>     shr ebx, 8
   405 00000AB3 88DC                <1>     mov ah, bl
   406 00000AB5 B041                <1>     mov al, 0x41
   407 00000AB7 EF                  <1>     out dx, ax
   408 00000AB8 66C1EB08            <1>     shr ebx, 8
   409 00000ABC 88DC                <1>     mov ah, bl
   410 00000ABE B042                <1>     mov al, 0x42
   411 00000AC0 EF                  <1>     out dx, ax
   412 00000AC1 5A                  <1>     pop dx
   413 00000AC2 665B                <1>     pop ebx
   414 00000AC4 C3                  <1>     ret
   415                              <1> 
   416                              <1> enter_back_buffer:
   417 00000AC5 E8DF90              <1>     call wait_cp
   418 00000AC8 7215                <1>     jc .done
   419 00000ACA 26C606120001        <1>     mov byte [es:0x12], 1
   420 00000AD0 66A1[8F25]          <1>     mov eax, [cp_aperture]
   421 00000AD4 660500B00400        <1>     add eax, BACK_BASE
   422 00000ADA 2666A31400          <1>     mov [es:0x14], eax
   423                              <1> .done:
   424 00000ADF C3                  <1>     ret
   425                              <1> 
   426                              <1> ; Store the static Boing room in spare 8-bit VRAM (652800..959999).
   427                              <1> ; This replaces about 50 line commands with one XGA BitBlt per frame.
   428                              <1> prerender_room_grid:
   429 00000AE0 E8C490              <1>     call wait_cp
   430 00000AE3 7239                <1>     jc .done
   431 00000AE5 26C606120001        <1>     mov byte [es:0x12], 1
   432 00000AEB 66A1[8F25]          <1>     mov eax, [cp_aperture]
   433 00000AEF 660500F60900        <1>     add eax, GRID_BASE
   434 00000AF5 2666A31400          <1>     mov [es:0x14], eax
   435 00000AFA E86601              <1>     call clear_back_buffer
   436 00000AFD 7208                <1>     jc .restore
   437 00000AFF E86208              <1>     call draw_room_grid
   438 00000B02 7203                <1>     jc .restore
   439 00000B04 E8A090              <1>     call wait_cp
   440                              <1> .restore:
   441 00000B07 9C                  <1>     pushf
   442 00000B08 26C606120001        <1>     mov byte [es:0x12], 1
   443 00000B0E 66A1[8F25]          <1>     mov eax, [cp_aperture]
   444 00000B12 660500B00400        <1>     add eax, BACK_BASE
   445 00000B18 2666A31400          <1>     mov [es:0x14], eax
   446 00000B1D 9D                  <1>     popf
   447                              <1> .done:
   448 00000B1E C3                  <1>     ret
   449                              <1> 
   450                              <1> restore_room_grid:
   451 00000B1F E88590              <1>     call wait_cp
   452 00000B22 7274                <1>     jc .done
   453 00000B24 26C606120002        <1>     mov byte [es:0x12], 2
   454 00000B2A 66A1[8F25]          <1>     mov eax, [cp_aperture]
   455 00000B2E 660500F60900        <1>     add eax, GRID_BASE
   456 00000B34 2666A31400          <1>     mov [es:0x14], eax
   457 00000B39 26C70618007F02      <1>     mov word [es:0x18], SCREEN_W-1
   458 00000B40 26C7061A00DF01      <1>     mov word [es:0x1a], SCREEN_H-1
   459 00000B47 26C6061C0003        <1>     mov byte [es:0x1c], 3
   460 00000B4D 26C70670000000      <1>     mov word [es:0x70], 0
   461 00000B54 26C70672000000      <1>     mov word [es:0x72], 0
   462 00000B5B 26C606120001        <1>     mov byte [es:0x12], 1
   463 00000B61 66A1[8F25]          <1>     mov eax, [cp_aperture]
   464 00000B65 660306[5B1C]        <1>     add eax, [draw_page_base]
   465 00000B6A 2666A31400          <1>     mov [es:0x14], eax
   466 00000B6F 26C70678000000      <1>     mov word [es:0x78], 0
   467 00000B76 26C7067A000000      <1>     mov word [es:0x7a], 0
   468 00000B7D 26C70660007F02      <1>     mov word [es:0x60], SCREEN_W-1
   469 00000B84 26C7066200DF01      <1>     mov word [es:0x62], SCREEN_H-1
   470 00000B8B 2666C7067C00008021- <1>     mov dword [es:0x7c], 0xA8218000
   470 00000B94 A8                  <1>
   471 00000B95 E80F90              <1>     call wait_cp
   472                              <1> .done:
   473 00000B98 C3                  <1>     ret
   474                              <1> 
   475                              <1> present_back_frame:
   476 00000B99 E80B90              <1>     call wait_cp
   477 00000B9C 0F828600            <1>     jc .done
   478 00000BA0 26C606120002        <1>     mov byte [es:0x12], 2
   479 00000BA6 66A1[8F25]          <1>     mov eax, [cp_aperture]
   480 00000BAA 660500B00400        <1>     add eax, BACK_BASE
   481 00000BB0 2666A31400          <1>     mov [es:0x14], eax
   482 00000BB5 26C70618007F02      <1>     mov word [es:0x18], SCREEN_W-1
   483 00000BBC 26C7061A00DF01      <1>     mov word [es:0x1a], SCREEN_H-1
   484 00000BC3 26C6061C0003        <1>     mov byte [es:0x1c], 3
   485 00000BC9 26C70670000000      <1>     mov word [es:0x70], 0
   486 00000BD0 26C70672000000      <1>     mov word [es:0x72], 0
   487 00000BD7 26C606120001        <1>     mov byte [es:0x12], 1
   488 00000BDD 66A1[8F25]          <1>     mov eax, [cp_aperture]
   489 00000BE1 2666A31400          <1>     mov [es:0x14], eax
   490 00000BE6 26C70678000000      <1>     mov word [es:0x78], 0
   491 00000BED 26C7067A000000      <1>     mov word [es:0x7a], 0
   492 00000BF4 26C70660007F02      <1>     mov word [es:0x60], SCREEN_W-1
   493 00000BFB 26C7066200DF01      <1>     mov word [es:0x62], SCREEN_H-1
   494 00000C02 2666C7067C00008021- <1>     mov dword [es:0x7c], 0xA8218000
   494 00000C0B A8                  <1>
   495 00000C0C E8988F              <1>     call wait_cp
   496 00000C0F 7215                <1>     jc .done
   497 00000C11 26C606120001        <1>     mov byte [es:0x12], 1
   498 00000C17 66A1[8F25]          <1>     mov eax, [cp_aperture]
   499 00000C1B 660500B00400        <1>     add eax, BACK_BASE
   500 00000C21 2666A31400          <1>     mov [es:0x14], eax
   501                              <1> .done:
   502 00000C26 C3                  <1>     ret
   503                              <1> 
   504                              <1> wait_vsync:
   505 00000C27 50                  <1>     push ax
   506 00000C28 53                  <1>     push bx
   507 00000C29 51                  <1>     push cx
   508 00000C2A 52                  <1>     push dx
   509 00000C2B E8E78F              <1>     call read_pit
   510 00000C2E A3[9C25]            <1>     mov [vsync_wait_start], ax
   511 00000C31 BADA03              <1>     mov dx, 0x3da
   512 00000C34 B9FFFF              <1>     mov cx, 0xffff
   513                              <1> .leave:
   514 00000C37 EC                  <1>     in al, dx
   515 00000C38 A808                <1>     test al, 8
   516 00000C3A 7404                <1>     jz .rise_start
   517 00000C3C E2F9                <1>     loop .leave
   518 00000C3E EB0A                <1>     jmp .done
   519                              <1> .rise_start:
   520 00000C40 B9FFFF              <1>     mov cx, 0xffff
   521                              <1> .rise:
   522 00000C43 EC                  <1>     in al, dx
   523 00000C44 A808                <1>     test al, 8
   524 00000C46 7502                <1>     jnz .done
   525 00000C48 E2F9                <1>     loop .rise
   526                              <1> .done:
   527 00000C4A E8C88F              <1>     call read_pit
   528 00000C4D 8B1E[9C25]          <1>     mov bx, [vsync_wait_start]
   529 00000C51 29C3                <1>     sub bx, ax
   530 00000C53 D1EB                <1>     shr bx, 1
   531 00000C55 660FB7DB            <1>     movzx ebx, bx
   532 00000C59 66011E[C09F]        <1>     add [wait_pit_ticks], ebx
   533 00000C5E 5A                  <1>     pop dx
   534 00000C5F 59                  <1>     pop cx
   535 00000C60 5B                  <1>     pop bx
   536 00000C61 58                  <1>     pop ax
   537 00000C62 C3                  <1>     ret
   538                              <1> 
   539                              <1> clear_back_buffer:
   540 00000C63 E8418F              <1>     call wait_cp
   541 00000C66 7233                <1>     jc .done
   542 00000C68 2666C7065800000000- <1>     mov dword [es:0x58], 0
   542 00000C71 00                  <1>
   543 00000C72 26C70660007F02      <1>     mov word [es:0x60], SCREEN_W-1
   544 00000C79 26C7066200DF01      <1>     mov word [es:0x62], SCREEN_H-1
   545 00000C80 26C70678000000      <1>     mov word [es:0x78], 0
   546 00000C87 26C7067A000000      <1>     mov word [es:0x7a], 0
   547 00000C8E 2666C7067C00008011- <1>     mov dword [es:0x7c], SOLID_A
   547 00000C97 08                  <1>
   548 00000C98 E80C8F              <1>     call wait_cp
   549                              <1> .done:
   550 00000C9B C3                  <1>     ret
   551                              <1> 
   552                              <1> clear_boundary_map:
   553 00000C9C E8088F              <1>     call wait_cp
   554 00000C9F 7273                <1>     jc .done
   555 00000CA1 26C606120003        <1>     mov byte [es:0x12], 3
   556 00000CA7 66A1[8F25]          <1>     mov eax, [cp_aperture]
   557 00000CAB 660500600900        <1>     add eax, MASK_BASE
   558 00000CB1 2666A31400          <1>     mov [es:0x14], eax
   559 00000CB6 26C70618007F02      <1>     mov word [es:0x18], SCREEN_W-1
   560 00000CBD 26C7061A00DF01      <1>     mov word [es:0x1a], SCREEN_H-1
   561 00000CC4 26C6061C0000        <1>     mov byte [es:0x1c], 0
   562 00000CCA 2666C7065800000000- <1>     mov dword [es:0x58], 0
   562 00000CD3 00                  <1>
   563 00000CD4 26C70660007F02      <1>     mov word [es:0x60], SCREEN_W-1
   564 00000CDB 26C7066200DF01      <1>     mov word [es:0x62], SCREEN_H-1
   565 00000CE2 26C70678000000      <1>     mov word [es:0x78], 0
   566 00000CE9 26C7067A000000      <1>     mov word [es:0x7a], 0
   567 00000CF0 2666C7067C00008013- <1>     mov dword [es:0x7c], 0x08138000
   567 00000CF9 08                  <1>
   568 00000CFA E8AA8E              <1>     call wait_cp
   569 00000CFD 7215                <1>     jc .done
   570 00000CFF 26C606120001        <1>     mov byte [es:0x12], 1
   571 00000D05 66A1[8F25]          <1>     mov eax, [cp_aperture]
   572 00000D09 660500B00400        <1>     add eax, BACK_BASE
   573 00000D0F 2666A31400          <1>     mov [es:0x14], eax
   574                              <1> .done:
   575 00000D14 C3                  <1>     ret
   576                              <1> 
   577                              <1> ; Convert two endpoints to XGA's normalized Bresenham line parameters.
   578                              <1> draw_line:
   579 00000D15 50                  <1>     push ax
   580 00000D16 52                  <1>     push dx
   581 00000D17 53                  <1>     push bx
   582 00000D18 51                  <1>     push cx
   583 00000D19 56                  <1>     push si
   584 00000D1A 57                  <1>     push di
   585 00000D1B 55                  <1>     push bp
   586 00000D1C 89C6                <1>     mov si, ax
   587 00000D1E 89D7                <1>     mov di, dx
   588 00000D20 89DD                <1>     mov bp, bx
   589 00000D22 C606[9E25]00        <1>     mov byte [line_octant], 0
   590 00000D27 29C3                <1>     sub bx, ax
   591 00000D29 7907                <1>     jns .x_positive
   592 00000D2B F7DB                <1>     neg bx
   593 00000D2D 800E[9E25]04        <1>     or byte [line_octant], 4
   594                              <1> .x_positive:
   595 00000D32 29D1                <1>     sub cx, dx
   596 00000D34 7907                <1>     jns .y_positive
   597 00000D36 F7D9                <1>     neg cx
   598 00000D38 800E[9E25]02        <1>     or byte [line_octant], 2
   599                              <1> .y_positive:
   600 00000D3D 39CB                <1>     cmp bx, cx
   601 00000D3F 7307                <1>     jae .x_major
   602 00000D41 87D9                <1>     xchg bx, cx
   603 00000D43 800E[9E25]01        <1>     or byte [line_octant], 1
   604                              <1> .x_major:
   605 00000D48 89DD                <1>     mov bp, bx
   606 00000D4A 660FB606[A025]      <1>     movzx eax, byte [line_color]
   607 00000D50 2666A35800          <1>     mov [es:0x58], eax
   608 00000D55 31C0                <1>     xor ax, ax
   609 00000D57 01C8                <1>     add ax, cx
   610 00000D59 01C8                <1>     add ax, cx
   611 00000D5B 29D8                <1>     sub ax, bx
   612 00000D5D 26A32000            <1>     mov [es:0x20], ax
   613 00000D61 89C8                <1>     mov ax, cx
   614 00000D63 01C8                <1>     add ax, cx
   615 00000D65 26A32400            <1>     mov [es:0x24], ax
   616 00000D69 89C8                <1>     mov ax, cx
   617 00000D6B 29D8                <1>     sub ax, bx
   618 00000D6D 01C8                <1>     add ax, cx
   619 00000D6F 29D8                <1>     sub ax, bx
   620 00000D71 26A32800            <1>     mov [es:0x28], ax
   621 00000D75 26892E6000          <1>     mov [es:0x60], bp
   622 00000D7A 26C70662000000      <1>     mov word [es:0x62], 0
   623 00000D81 2689367800          <1>     mov [es:0x78], si
   624 00000D86 26893E7A00          <1>     mov [es:0x7a], di
   625 00000D8B 66B800801105        <1>     mov eax, LINE_OP
   626 00000D91 803E[9F25]00        <1>     cmp byte [line_flags], 0
   627 00000D96 7406                <1>     je .normal_line
   628 00000D98 66B830801305        <1>     mov eax, AREA_BOUNDARY_LINE_OP
   629                              <1> .normal_line:
   630 00000D9E 6683E0F8            <1>     and eax, 0xfffffff8
   631 00000DA2 660FB61E[9E25]      <1>     movzx ebx, byte [line_octant]
   632 00000DA8 6609D8              <1>     or eax, ebx
   633 00000DAB 660FB61E[9F25]      <1>     movzx ebx, byte [line_flags]
   634 00000DB1 6609D8              <1>     or eax, ebx
   635 00000DB4 2666A37C00          <1>     mov [es:0x7c], eax
   636 00000DB9 E8EB8D              <1>     call wait_cp
   637                              <1> .done:
   638 00000DBC 5D                  <1>     pop bp
   639 00000DBD 5F                  <1>     pop di
   640 00000DBE 5E                  <1>     pop si
   641 00000DBF 59                  <1>     pop cx
   642 00000DC0 5B                  <1>     pop bx
   643 00000DC1 5A                  <1>     pop dx
   644 00000DC2 58                  <1>     pop ax
   645 00000DC3 C3                  <1>     ret
   646                              <1> 
   647                              <1> ; Rotate all eight cube vertices around Y and X before drawing 12 edges.
   648                              <1> ; Each angle uses the full 256-entry sine cycle, with no sawtooth reset.
   649                              <1> draw_cube:
   650 00000DC4 A1[A91B]            <1>     mov ax, [rotation]
   651 00000DC7 25FF00              <1>     and ax, 255
   652 00000DCA 89C3                <1>     mov bx, ax
   653 00000DCC 0FBE87[5197]        <1>     movsx ax, byte [sine_table+bx]
   654 00000DD1 A3[7D25]            <1>     mov [cube_sin_y], ax
   655 00000DD4 83C340              <1>     add bx, 64
   656 00000DD7 81E3FF00            <1>     and bx, 255
   657 00000DDB 0FBE87[5197]        <1>     movsx ax, byte [sine_table+bx]
   658 00000DE0 A3[7F25]            <1>     mov [cube_cos_y], ax
   659 00000DE3 A1[A91B]            <1>     mov ax, [rotation]
   660 00000DE6 D1E8                <1>     shr ax, 1
   661 00000DE8 83C020              <1>     add ax, 32
   662 00000DEB 25FF00              <1>     and ax, 255
   663 00000DEE 89C3                <1>     mov bx, ax
   664 00000DF0 0FBE87[5197]        <1>     movsx ax, byte [sine_table+bx]
   665 00000DF5 A3[8125]            <1>     mov [cube_sin_x], ax
   666 00000DF8 83C340              <1>     add bx, 64
   667 00000DFB 81E3FF00            <1>     and bx, 255
   668 00000DFF 0FBE87[5197]        <1>     movsx ax, byte [sine_table+bx]
   669 00000E04 A3[8325]            <1>     mov [cube_cos_x], ax
   670 00000E07 31F6                <1>     xor si, si
   671                              <1> .vertex:
   672 00000E09 89F3                <1>     mov bx, si
   673 00000E0B D1E3                <1>     shl bx, 1
   674 00000E0D 89DF                <1>     mov di, bx
   675 00000E0F D1E3                <1>     shl bx, 1
   676 00000E11 01FB                <1>     add bx, di                  ; six bytes per 3D vertex
   677 00000E13 D1E7                <1>     shl di, 1                  ; four bytes per projected vertex
   678 00000E15 8B87[E425]          <1>     mov ax, [cube_points+bx]
   679 00000E19 A3[D126]            <1>     mov [tmp_x], ax
   680 00000E1C 8B87[E625]          <1>     mov ax, [cube_points+bx+2]
   681 00000E20 A3[D326]            <1>     mov [tmp_y], ax
   682 00000E23 8B87[E825]          <1>     mov ax, [cube_points+bx+4]
   683 00000E27 A3[D526]            <1>     mov [tmp_z], ax
   684 00000E2A A1[D126]            <1>     mov ax, [tmp_x]
   685 00000E2D F72E[7F25]          <1>     imul word [cube_cos_y]
   686 00000E31 C1F807              <1>     sar ax, 7
   687 00000E34 A3[D926]            <1>     mov [tmp1], ax
   688 00000E37 A1[D526]            <1>     mov ax, [tmp_z]
   689 00000E3A F72E[7D25]          <1>     imul word [cube_sin_y]
   690 00000E3E C1F807              <1>     sar ax, 7
   691 00000E41 2906[D926]          <1>     sub [tmp1], ax
   692 00000E45 A1[D926]            <1>     mov ax, [tmp1]
   693 00000E48 054001              <1>     add ax, 320
   694 00000E4B 8985[1426]          <1>     mov [projected_points+di], ax
   695 00000E4F A1[D126]            <1>     mov ax, [tmp_x]
   696 00000E52 F72E[7D25]          <1>     imul word [cube_sin_y]
   697 00000E56 C1F807              <1>     sar ax, 7
   698 00000E59 A3[DB26]            <1>     mov [tmp2], ax
   699 00000E5C A1[D526]            <1>     mov ax, [tmp_z]
   700 00000E5F F72E[7F25]          <1>     imul word [cube_cos_y]
   701 00000E63 C1F807              <1>     sar ax, 7
   702 00000E66 0306[DB26]          <1>     add ax, [tmp2]
   703 00000E6A A3[D726]            <1>     mov [tmp_zrot], ax
   704 00000E6D A1[D326]            <1>     mov ax, [tmp_y]
   705 00000E70 F72E[8325]          <1>     imul word [cube_cos_x]
   706 00000E74 C1F807              <1>     sar ax, 7
   707 00000E77 A3[DB26]            <1>     mov [tmp2], ax
   708 00000E7A A1[D726]            <1>     mov ax, [tmp_zrot]
   709 00000E7D F72E[8125]          <1>     imul word [cube_sin_x]
   710 00000E81 C1F807              <1>     sar ax, 7
   711 00000E84 2906[DB26]          <1>     sub [tmp2], ax
   712 00000E88 A1[DB26]            <1>     mov ax, [tmp2]
   713 00000E8B 05F000              <1>     add ax, 240
   714 00000E8E 8985[1626]          <1>     mov [projected_points+di+2], ax
   715 00000E92 46                  <1>     inc si
   716 00000E93 83FE08              <1>     cmp si, 8
   717 00000E96 0F826FFF            <1>     jb .vertex
   718 00000E9A 31F6                <1>     xor si, si
   719                              <1> .edge:
   720 00000E9C 0FB69C[3426]        <1>     movzx bx, byte [cube_edges+si]
   721 00000EA1 C1E302              <1>     shl bx, 2
   722 00000EA4 8B87[1426]          <1>     mov ax, [projected_points+bx]
   723 00000EA8 8B97[1626]          <1>     mov dx, [projected_points+bx+2]
   724 00000EAC 0FB69C[3526]        <1>     movzx bx, byte [cube_edges+si+1]
   725 00000EB1 C1E302              <1>     shl bx, 2
   726 00000EB4 8B8F[1626]          <1>     mov cx, [projected_points+bx+2]
   727 00000EB8 8B9F[1426]          <1>     mov bx, [projected_points+bx]
   728 00000EBC E856FE              <1>     call draw_line
   729 00000EBF 7208                <1>     jc .done
   730 00000EC1 83C602              <1>     add si, 2
   731 00000EC4 83FE18              <1>     cmp si, cube_edges_end-cube_edges
   732 00000EC7 72D3                <1>     jb .edge
   733                              <1> .done:
   734 00000EC9 C3                  <1>     ret
   735                              <1> 
   736                              <1> finish_area:
   737 00000ECA 7260                <1>     jc .done
   738 00000ECC C606[9F25]00        <1>     mov byte [line_flags], 0
   739 00000ED1 E8D38C              <1>     call wait_cp
   740 00000ED4 7256                <1>     jc .done
   741 00000ED6 26C606480003        <1>     mov byte [es:0x48], 3   ; source mix for the color fill
   742 00000EDC 660FB606[A125]      <1>     movzx eax, byte [fill_color]
   743 00000EE2 2666A35800          <1>     mov [es:0x58], eax
   744 00000EE7 26C70660007F02      <1>     mov word [es:0x60], SCREEN_W-1
   745 00000EEE 26C7066200DF01      <1>     mov word [es:0x62], SCREEN_H-1
   746 00000EF5 26C70670000000      <1>     mov word [es:0x70], 0       ; force a known source/pattern read origin;
   747 00000EFC 26C70672000000      <1>     mov word [es:0x72], 0       ; a prior BitBlt/fill can leave these
   748 00000F03 26C70674000000      <1>     mov word [es:0x74], 0       ; auto-incremented, misaligning this fill's
   749 00000F0A 26C70676000000      <1>     mov word [es:0x76], 0       ; read of the boundary map
   750 00000F11 26C70678000000      <1>     mov word [es:0x78], 0
   751 00000F18 26C7067A000000      <1>     mov word [es:0x7a], 0
   752 00000F1F 2666C7067C00003031- <1>     mov dword [es:0x7c], AREA_FILL_OP
   752 00000F28 0A                  <1>
   753 00000F29 E87B8C              <1>     call wait_cp
   754                              <1> .done:
   755 00000F2C C3                  <1>     ret
   756                              <1> 
   757                              <1> ; Single Y-axis rotation, then orthographic screen projection; keeps
   758                              <1> ; rotated Z per vertex for the painter's-algorithm face sort that follows.
   759                              <1> rotate_octa:
   760 00000F2D A1[A91B]            <1>     mov ax, [rotation]
   761 00000F30 25FF00              <1>     and ax, 255
   762 00000F33 89C3                <1>     mov bx, ax
   763 00000F35 0FBE87[5197]        <1>     movsx ax, byte [sine_table+bx]
   764 00000F3A A3[CD26]            <1>     mov [rot_sin], ax
   765 00000F3D 83C340              <1>     add bx, 64
   766 00000F40 81E3FF00            <1>     and bx, 255
   767 00000F44 0FBE87[5197]        <1>     movsx ax, byte [sine_table+bx]
   768 00000F49 A3[CF26]            <1>     mov [rot_cos], ax
   769 00000F4C 31F6                <1>     xor si, si
   770                              <1> .vert:
   771 00000F4E 89F3                <1>     mov bx, si
   772 00000F50 01DB                <1>     add bx, bx
   773 00000F52 01F3                <1>     add bx, si
   774 00000F54 01DB                <1>     add bx, bx
   775 00000F56 89F7                <1>     mov di, si
   776 00000F58 01FF                <1>     add di, di
   777 00000F5A 8B87[4C26]          <1>     mov ax, [octa_verts+bx]
   778 00000F5E A3[D126]            <1>     mov [tmp_x], ax
   779 00000F61 8B87[5026]          <1>     mov ax, [octa_verts+bx+4]
   780 00000F65 A3[D526]            <1>     mov [tmp_z], ax
   781 00000F68 A1[D126]            <1>     mov ax, [tmp_x]
   782 00000F6B F72E[CF26]          <1>     imul word [rot_cos]
   783 00000F6F C1F807              <1>     sar ax, 7
   784 00000F72 A3[D926]            <1>     mov [tmp1], ax
   785 00000F75 A1[D526]            <1>     mov ax, [tmp_z]
   786 00000F78 F72E[CD26]          <1>     imul word [rot_sin]
   787 00000F7C C1F807              <1>     sar ax, 7
   788 00000F7F A3[DB26]            <1>     mov [tmp2], ax
   789 00000F82 A1[D926]            <1>     mov ax, [tmp1]
   790 00000F85 2B06[DB26]          <1>     sub ax, [tmp2]
   791                              <1> %ifdef XDEMO
   792 00000F89 0306[E407]          <1>     add ax, [xdemo_octa_cx]
   793                              <1> %else
   794                              <1>     add ax, 320
   795                              <1> %endif
   796 00000F8D 8985[9026]          <1>     mov [octa_screen_x+di], ax
   797 00000F91 A1[D126]            <1>     mov ax, [tmp_x]
   798 00000F94 F72E[CD26]          <1>     imul word [rot_sin]
   799 00000F98 C1F807              <1>     sar ax, 7
   800 00000F9B A3[D926]            <1>     mov [tmp1], ax
   801 00000F9E A1[D526]            <1>     mov ax, [tmp_z]
   802 00000FA1 F72E[CF26]          <1>     imul word [rot_cos]
   803 00000FA5 C1F807              <1>     sar ax, 7
   804 00000FA8 A3[DB26]            <1>     mov [tmp2], ax
   805 00000FAB A1[D926]            <1>     mov ax, [tmp1]
   806 00000FAE 0306[DB26]          <1>     add ax, [tmp2]
   807 00000FB2 8985[A826]          <1>     mov [octa_rot_z+di], ax
   808 00000FB6 8B87[4E26]          <1>     mov ax, [octa_verts+bx+2]
   809                              <1> %ifdef XDEMO
   810 00000FBA 8B0E[E607]          <1>     mov cx, [xdemo_octa_cy]
   811                              <1> %else
   812                              <1>     mov cx, 240
   813                              <1> %endif
   814 00000FBE 29C1                <1>     sub cx, ax
   815 00000FC0 898D[9C26]          <1>     mov [octa_screen_y+di], cx ; equatorial vertices share one scan line
   816 00000FC4 46                  <1>     inc si
   817 00000FC5 83FE06              <1>     cmp si, 6
   818 00000FC8 7284                <1>     jb .vert
   819 00000FCA C3                  <1>     ret
   820                              <1> 
   821                              <1> ; Per-face depth is the sum of its three rotated vertex Z values.
   822                              <1> build_depth:
   823 00000FCB 31DB                <1>     xor bx, bx
   824                              <1> .face:
   825 00000FCD 89DE                <1>     mov si, bx
   826 00000FCF C1E602              <1>     shl si, 2
   827 00000FD2 0FB6BC[7026]        <1>     movzx di, byte [octa_faces+si]
   828 00000FD7 01FF                <1>     add di, di
   829 00000FD9 8B85[A826]          <1>     mov ax, [octa_rot_z+di]
   830 00000FDD 0FB6BC[7126]        <1>     movzx di, byte [octa_faces+si+1]
   831 00000FE2 01FF                <1>     add di, di
   832 00000FE4 0385[A826]          <1>     add ax, [octa_rot_z+di]
   833 00000FE8 0FB6BC[7226]        <1>     movzx di, byte [octa_faces+si+2]
   834 00000FED 01FF                <1>     add di, di
   835 00000FEF 0385[A826]          <1>     add ax, [octa_rot_z+di]
   836 00000FF3 89DF                <1>     mov di, bx
   837 00000FF5 01FF                <1>     add di, di
   838 00000FF7 8985[B426]          <1>     mov [octa_depth+di], ax
   839 00000FFB 43                  <1>     inc bx
   840 00000FFC 83FB08              <1>     cmp bx, OCTA_FACES
   841 00000FFF 72CC                <1>     jb .face
   842 00001001 C3                  <1>     ret
   843                              <1> 
   844                              <1> ; Bubble sort octa_order back-to-front by depth; no z-buffer in the XGA,
   845                              <1> ; so faces must be drawn farthest first for correct opaque overdraw.
   846                              <1> sort_faces:
   847 00001002 B90700              <1>     mov cx, OCTA_FACES - 1
   848                              <1> .pass:
   849 00001005 51                  <1>     push cx
   850 00001006 31DB                <1>     xor bx, bx
   851                              <1> .compare:
   852 00001008 89DE                <1>     mov si, bx
   853 0000100A 46                  <1>     inc si
   854 0000100B 0FB687[C426]        <1>     movzx ax, byte [octa_order+bx]
   855 00001010 01C0                <1>     add ax, ax
   856 00001012 89C7                <1>     mov di, ax
   857 00001014 8B85[B426]          <1>     mov ax, [octa_depth+di]
   858 00001018 0FB694[C426]        <1>     movzx dx, byte [octa_order+si]
   859 0000101D 01D2                <1>     add dx, dx
   860 0000101F 89D7                <1>     mov di, dx
   861 00001021 8B95[B426]          <1>     mov dx, [octa_depth+di]
   862 00001025 39D0                <1>     cmp ax, dx
   863 00001027 7D10                <1>     jge .no_swap
   864 00001029 8A87[C426]          <1>     mov al, [octa_order+bx]
   865 0000102D 8AA4[C426]          <1>     mov ah, [octa_order+si]
   866 00001031 88A7[C426]          <1>     mov [octa_order+bx], ah
   867 00001035 8884[C426]          <1>     mov [octa_order+si], al
   868                              <1> .no_swap:
   869 00001039 43                  <1>     inc bx
   870 0000103A 83FB07              <1>     cmp bx, OCTA_FACES-1
   871 0000103D 72C9                <1>     jb .compare
   872 0000103F 59                  <1>     pop cx
   873 00001040 E2C3                <1>     loop .pass
   874 00001042 C3                  <1>     ret
   875                              <1> 
   876                              <1> ; Rotate, depth-sort, then draw each triangular face: boundary edges into
   877                              <1> ; the 1-bit map, one Area Fill per face, farthest face first.
   878                              <1> draw_solid:
   879                              <1> %ifdef XDEMO
   880 00001043 E802F4              <1>     call xdemo_rotate_octa
   881                              <1> %else
   882                              <1>     call rotate_octa
   883                              <1> %endif
   884 00001046 E882FF              <1>     call build_depth
   885 00001049 E8B6FF              <1>     call sort_faces
   886 0000104C C606[CC26]00        <1>     mov byte [solid_pos], 0
   887                              <1> .face:
   888 00001051 0FB61E[CC26]        <1>     movzx bx, byte [solid_pos]
   889 00001056 0FB6B7[C426]        <1>     movzx si, byte [octa_order+bx]
   890 0000105B C1E602              <1>     shl si, 2
   891                              <1> %ifdef XDEMO2
   892 0000105E E846F2              <1>     call xdemo2_face_too_small
   893 00001061 7209                <1>     jc .next_face
   894                              <1> %else
   895                              <1>     ; Each face has two equatorial vertices. Skip an edge-on projection
   896                              <1>     ; rather than asking Area Fill to scan a zero- or one-pixel-wide wedge.
   897                              <1>     movzx bx, byte [octa_faces+si]
   898                              <1>     cmp bx, 2
   899                              <1>     jb .equator_ready
   900                              <1>     movzx bx, byte [octa_faces+si+1]
   901                              <1> .equator_ready:
   902                              <1>     add bx, bx
   903                              <1>     mov ax, [octa_screen_x+bx]
   904                              <1>     movzx bx, byte [octa_faces+si+2]
   905                              <1>     add bx, bx
   906                              <1>     sub ax, [octa_screen_x+bx]
   907                              <1>     cmp ax, 1
   908                              <1>     je .next_face
   909                              <1>     cmp ax, -1
   910                              <1>     je .next_face
   911                              <1>     or ax, ax
   912                              <1>     jz .next_face
   913                              <1> %endif
   914                              <1> %ifdef XDEMO2
   915 00001063 E8B9F2              <1>     call xdemo2_fill_masked_face
   916 00001066 7210                <1>     jc .done
   917 00001068 EB02                <1>     jmp .next_face
   918                              <1> %else
   919                              <1>     call clear_boundary_map
   920                              <1>     jc .done
   921                              <1>     mov byte [es:0x48], 6
   922                              <1>     mov byte [line_flags], 0x30
   923                              <1>     movzx bx, byte [octa_faces+si]
   924                              <1>     add bx, bx
   925                              <1>     mov ax, [octa_screen_x+bx]
   926                              <1>     mov dx, [octa_screen_y+bx]
   927                              <1>     movzx bx, byte [octa_faces+si+1]
   928                              <1>     add bx, bx
   929                              <1>     mov cx, [octa_screen_y+bx]
   930                              <1>     mov bx, [octa_screen_x+bx]
   931                              <1>     call draw_line
   932                              <1>     jc .done
   933                              <1>     movzx bx, byte [octa_faces+si+1]
   934                              <1>     add bx, bx
   935                              <1>     mov ax, [octa_screen_x+bx]
   936                              <1>     mov dx, [octa_screen_y+bx]
   937                              <1>     movzx bx, byte [octa_faces+si+2]
   938                              <1>     add bx, bx
   939                              <1>     mov cx, [octa_screen_y+bx]
   940                              <1>     mov bx, [octa_screen_x+bx]
   941                              <1>     call draw_line
   942                              <1>     jc .done
   943                              <1>     movzx bx, byte [octa_faces+si+2]
   944                              <1>     add bx, bx
   945                              <1>     mov ax, [octa_screen_x+bx]
   946                              <1>     mov dx, [octa_screen_y+bx]
   947                              <1>     movzx bx, byte [octa_faces+si]
   948                              <1>     add bx, bx
   949                              <1>     mov cx, [octa_screen_y+bx]
   950                              <1>     mov bx, [octa_screen_x+bx]
   951                              <1>     call draw_line
   952                              <1>     jc .done
   953                              <1>     movzx ax, byte [octa_faces+si+3]
   954                              <1>     mov [fill_color], al
   955                              <1>     call finish_area
   956                              <1> %endif
   957 0000106A 720C                <1>     jc .done
   958                              <1> .next_face:
   959 0000106C FE06[CC26]          <1>     inc byte [solid_pos]
   960 00001070 803E[CC26]08        <1>     cmp byte [solid_pos], OCTA_FACES
   961 00001075 72DA                <1>     jb .face
   962 00001077 F8                  <1>     clc
   963                              <1> .done:
   964 00001078 C3                  <1>     ret
   965                              <1> 
   966                              <1> ; Fill two moving triangles per cell in a permuted 16x16 grid. The CPU
   967                              <1> ; selects vertices and color; XGA clears map C and fills map A.
   968                              <1> draw_polygon_stress:
   969 00001079 C706[AD1B]0000      <1>     mov word [stress_index], 0
   970                              <1> .polygon:
   971 0000107F E8A400              <1>     call position_stress_polygon
   972 00001082 E83A01              <1>     call clear_stress_boundary
   973 00001085 0F829C00            <1>     jc .done
   974 00001089 26C606480006        <1>     mov byte [es:0x48], 6
   975 0000108F C606[9F25]30        <1>     mov byte [line_flags], 0x30
   976 00001094 F606[AD1B]01        <1>     test byte [stress_index], 1
   977 00001099 753C                <1>     jnz .second
   978 0000109B A1[B51B]            <1>     mov ax, [stress_xmid]
   979 0000109E 8B16[B71B]          <1>     mov dx, [stress_y0]
   980 000010A2 8B1E[B31B]          <1>     mov bx, [stress_x1]
   981 000010A6 8B0E[BB1B]          <1>     mov cx, [stress_ymid]
   982 000010AA E868FC              <1>     call draw_line
   983 000010AD 7276                <1>     jc .done
   984 000010AF A1[B31B]            <1>     mov ax, [stress_x1]
   985 000010B2 8B16[BB1B]          <1>     mov dx, [stress_ymid]
   986 000010B6 8B1E[B11B]          <1>     mov bx, [stress_x0]
   987 000010BA 89D1                <1>     mov cx, dx
   988 000010BC E856FC              <1>     call draw_line
   989 000010BF 7264                <1>     jc .done
   990 000010C1 A1[B11B]            <1>     mov ax, [stress_x0]
   991 000010C4 8B16[BB1B]          <1>     mov dx, [stress_ymid]
   992 000010C8 8B1E[B51B]          <1>     mov bx, [stress_xmid]
   993 000010CC 8B0E[B71B]          <1>     mov cx, [stress_y0]
   994 000010D0 E842FC              <1>     call draw_line
   995 000010D3 7250                <1>     jc .done
   996 000010D5 EB3A                <1>     jmp .fill
   997                              <1> .second:
   998 000010D7 A1[B11B]            <1>     mov ax, [stress_x0]
   999 000010DA 8B16[BB1B]          <1>     mov dx, [stress_ymid]
  1000 000010DE 8B1E[B31B]          <1>     mov bx, [stress_x1]
  1001 000010E2 89D1                <1>     mov cx, dx
  1002 000010E4 E82EFC              <1>     call draw_line
  1003 000010E7 723C                <1>     jc .done
  1004 000010E9 A1[B31B]            <1>     mov ax, [stress_x1]
  1005 000010EC 8B16[BB1B]          <1>     mov dx, [stress_ymid]
  1006 000010F0 8B1E[B51B]          <1>     mov bx, [stress_xmid]
  1007 000010F4 8B0E[B91B]          <1>     mov cx, [stress_y1]
  1008 000010F8 E81AFC              <1>     call draw_line
  1009 000010FB 7228                <1>     jc .done
  1010 000010FD A1[B51B]            <1>     mov ax, [stress_xmid]
  1011 00001100 8B16[B91B]          <1>     mov dx, [stress_y1]
  1012 00001104 8B1E[B11B]          <1>     mov bx, [stress_x0]
  1013 00001108 8B0E[BB1B]          <1>     mov cx, [stress_ymid]
  1014 0000110C E806FC              <1>     call draw_line
  1015 0000110F 7214                <1>     jc .done
  1016                              <1> .fill:
  1017 00001111 E8F200              <1>     call fill_stress_polygon
  1018 00001114 720F                <1>     jc .done
  1019 00001116 FF06[AD1B]          <1>     inc word [stress_index]
  1020 0000111A A1[AD1B]            <1>     mov ax, [stress_index]
  1021 0000111D 3B06[AB1B]          <1>     cmp ax, [stress_count]
  1022 00001121 0F825AFF            <1>     jb .polygon
  1023                              <1> .done:
  1024 00001125 C3                  <1>     ret
  1025                              <1> 
  1026                              <1> position_stress_polygon:
  1027 00001126 A1[AD1B]            <1>     mov ax, [stress_index]
  1028 00001129 D1E8                <1>     shr ax, 1
  1029 0000112B BB4900              <1>     mov bx, 73                  ; odd multiplier visits all 256 cells
  1030 0000112E F7E3                <1>     mul bx
  1031 00001130 25FF00              <1>     and ax, 255
  1032 00001133 A3[AF1B]            <1>     mov [stress_cell], ax
  1033 00001136 89C3                <1>     mov bx, ax
  1034 00001138 83E30F              <1>     and bx, 15
  1035 0000113B C1E305              <1>     shl bx, 5
  1036 0000113E 83C340              <1>     add bx, 64
  1037 00001141 891E[B11B]          <1>     mov [stress_x0], bx
  1038 00001145 83C31D              <1>     add bx, STRESS_W-1
  1039 00001148 891E[B31B]          <1>     mov [stress_x1], bx
  1040 0000114C C1E804              <1>     shr ax, 4
  1041 0000114F 89C3                <1>     mov bx, ax
  1042 00001151 C1E303              <1>     shl bx, 3
  1043 00001154 C1E004              <1>     shl ax, 4
  1044 00001157 01D8                <1>     add ax, bx                  ; row * 24
  1045 00001159 83C040              <1>     add ax, 64
  1046 0000115C A3[B71B]            <1>     mov [stress_y0], ax
  1047 0000115F 83C015              <1>     add ax, STRESS_H-1
  1048 00001162 A3[B91B]            <1>     mov [stress_y1], ax
  1049 00001165 8B1E[AF1B]          <1>     mov bx, [stress_cell]
  1050 00001169 89D8                <1>     mov ax, bx
  1051 0000116B C1E304              <1>     shl bx, 4
  1052 0000116E 01C3                <1>     add bx, ax                  ; cell * 17 gives each diamond a phase
  1053 00001170 A1[A91B]            <1>     mov ax, [rotation]
  1054 00001173 D1E0                <1>     shl ax, 1
  1055 00001175 01C3                <1>     add bx, ax
  1056 00001177 81E3FF00            <1>     and bx, 255
  1057 0000117B 0FBE87[5197]        <1>     movsx ax, byte [sine_table+bx]
  1058 00001180 C1F804              <1>     sar ax, 4                   ; horizontal movement: -8 to +7 pixels
  1059 00001183 0106[B11B]          <1>     add [stress_x0], ax
  1060 00001187 0106[B31B]          <1>     add [stress_x1], ax
  1061 0000118B 83C340              <1>     add bx, 64
  1062 0000118E 81E3FF00            <1>     and bx, 255
  1063 00001192 0FBE87[5197]        <1>     movsx ax, byte [sine_table+bx]
  1064 00001197 C1F804              <1>     sar ax, 4                   ; vertical movement: -8 to +7 pixels
  1065 0000119A 0106[B71B]          <1>     add [stress_y0], ax
  1066 0000119E 0106[B91B]          <1>     add [stress_y1], ax
  1067 000011A2 A1[B11B]            <1>     mov ax, [stress_x0]
  1068 000011A5 83C00F              <1>     add ax, STRESS_W/2
  1069 000011A8 A3[B51B]            <1>     mov [stress_xmid], ax
  1070 000011AB A1[B71B]            <1>     mov ax, [stress_y0]
  1071 000011AE 83C00B              <1>     add ax, STRESS_H/2
  1072 000011B1 A3[BB1B]            <1>     mov [stress_ymid], ax
  1073 000011B4 A1[AD1B]            <1>     mov ax, [stress_index]
  1074 000011B7 2407                <1>     and al, 7
  1075 000011B9 0402                <1>     add al, 2                   ; palette entries 2 through 9
  1076 000011BB A2[A125]            <1>     mov [fill_color], al
  1077 000011BE C3                  <1>     ret
  1078                              <1> 
  1079                              <1> clear_stress_boundary:
  1080 000011BF E8E589              <1>     call wait_cp
  1081 000011C2 7241                <1>     jc .done
  1082 000011C4 26C606120003        <1>     mov byte [es:0x12], 3      ; 1-bit map C
  1083 000011CA 2666C7065800000000- <1>     mov dword [es:0x58], 0
  1083 000011D3 00                  <1>
  1084 000011D4 26C70660001D00      <1>     mov word [es:0x60], STRESS_W-1
  1085 000011DB 26C70662001500      <1>     mov word [es:0x62], STRESS_H-1
  1086 000011E2 A1[B11B]            <1>     mov ax, [stress_x0]
  1087 000011E5 26A37800            <1>     mov [es:0x78], ax
  1088 000011E9 A1[B71B]            <1>     mov ax, [stress_y0]
  1089 000011EC 26A37A00            <1>     mov [es:0x7a], ax
  1090 000011F0 2666C7067C00008013- <1>     mov dword [es:0x7c], 0x08138000
  1090 000011F9 08                  <1>
  1091 000011FA E8AA89              <1>     call wait_cp
  1092 000011FD 7206                <1>     jc .done
  1093 000011FF 26C606120001        <1>     mov byte [es:0x12], 1      ; restore hidden 8-bit map A
  1094                              <1> .done:
  1095 00001205 C3                  <1>     ret
  1096                              <1> 
  1097                              <1> fill_stress_polygon:
  1098 00001206 C606[9F25]00        <1>     mov byte [line_flags], 0
  1099 0000120B E89989              <1>     call wait_cp
  1100 0000120E 724A                <1>     jc .done
  1101 00001210 26C606480003        <1>     mov byte [es:0x48], 3
  1102 00001216 660FB606[A125]      <1>     movzx eax, byte [fill_color]
  1103 0000121C 2666A35800          <1>     mov [es:0x58], eax
  1104 00001221 26C70660001D00      <1>     mov word [es:0x60], STRESS_W-1
  1105 00001228 26C70662001500      <1>     mov word [es:0x62], STRESS_H-1
  1106 0000122F A1[B11B]            <1>     mov ax, [stress_x0]
  1107 00001232 26A37000            <1>     mov [es:0x70], ax
  1108 00001236 26A37400            <1>     mov [es:0x74], ax           ; pattern and destination start together
  1109 0000123A 26A37800            <1>     mov [es:0x78], ax
  1110 0000123E A1[B71B]            <1>     mov ax, [stress_y0]
  1111 00001241 26A37200            <1>     mov [es:0x72], ax
  1112 00001245 26A37600            <1>     mov [es:0x76], ax
  1113 00001249 26A37A00            <1>     mov [es:0x7a], ax
  1114 0000124D 2666C7067C00003031- <1>     mov dword [es:0x7c], AREA_FILL_OP
  1114 00001256 0A                  <1>
  1115 00001257 E84D89              <1>     call wait_cp
  1116                              <1> .done:
  1117 0000125A C3                  <1>     ret
  1118                              <1> 
  1119                              <1> ; Rebuild the shared sort order whenever the active mesh changes.
  1120                              <1> init_mesh_order:
  1121 0000125B 31DB                <1>     xor bx, bx
  1122                              <1> .next:
  1123 0000125D 889F[5D2C]          <1>     mov [torus_order+bx], bl
  1124 00001261 43                  <1>     inc bx
  1125 00001262 81FB8000            <1>     cmp bx, TORUS_QUADS
  1126 00001266 72F5                <1>     jb .next
  1127 00001268 C3                  <1>     ret
  1128                              <1> 
  1129                              <1> ; Painter's order for a closed mesh: far quads first.
  1130                              <1> draw_torus:
  1131 00001269 C706[C01B][DD26]    <1>     mov word [mesh_vertices], torus_vertices
  1132 0000126F C706[C21B][DD29]    <1>     mov word [mesh_quads], torus_quads
  1133 00001275 C706[591C][D136]    <1>     mov word [mesh_area_table], torus_area_unsafe
  1134 0000127B C706[C41B]8000      <1>     mov word [mesh_quad_count], TORUS_QUADS
  1135 00001281 C706[C61B]8000      <1>     mov word [mesh_vertex_count], TORUS_VERTS
  1136 00001287 C706[CA1B]4001      <1>     mov word [mesh_center_x], 320
  1137 0000128D C706[CC1B]F000      <1>     mov word [mesh_center_y], 240
  1138 00001293 E92802              <1>     jmp draw_mesh
  1139                              <1> 
  1140                              <1> ; Convex crystal: backface culling makes painter sorting unnecessary.
  1141                              <1> draw_crystal:
  1142 00001296 C706[C01B][0D32]    <1>     mov word [mesh_vertices], crystal_vertices
  1143 0000129C C706[C21B][DD34]    <1>     mov word [mesh_quads], crystal_quads
  1144 000012A2 C706[591C][D176]    <1>     mov word [mesh_area_table], crystal_area_unsafe
  1145 000012A8 C706[C41B]6400      <1>     mov word [mesh_quad_count], CRYSTAL_FACETS
  1146 000012AE C706[C61B]7800      <1>     mov word [mesh_vertex_count], CRYSTAL_VERTS
  1147 000012B4 C706[CA1B]4001      <1>     mov word [mesh_center_x], 320
  1148 000012BA C706[CC1B]F000      <1>     mov word [mesh_center_y], 240
  1149 000012C0 E9FB01              <1>     jmp draw_mesh
  1150                              <1> 
  1151                              <1> ; XGA-native Boing Ball: draw the room as hardware lines and the spinning
  1152                              <1> ; checker sphere as depth-sorted, XGA-filled polygon faces.
  1153                              <1> draw_boing:
  1154 000012C3 E83000              <1>     call draw_shadow
  1155 000012C6 722D                <1>     jc .done
  1156 000012C8 C706[C01B][DD2C]    <1>     mov word [mesh_vertices], boing_vertices
  1157 000012CE C706[C21B][DD2F]    <1>     mov word [mesh_quads], boing_quads
  1158 000012D4 C706[591C][D156]    <1>     mov word [mesh_area_table], boing_area_unsafe
  1159 000012DA C706[C41B]7000      <1>     mov word [mesh_quad_count], BOING_QUADS
  1160 000012E0 C706[C61B]8000      <1>     mov word [mesh_vertex_count], TORUS_VERTS
  1161 000012E6 A1[CE1B]            <1>     mov ax, [boing_x]
  1162 000012E9 A3[CA1B]            <1>     mov [mesh_center_x], ax
  1163 000012EC A1[D01B]            <1>     mov ax, [boing_y]
  1164 000012EF A3[CC1B]            <1>     mov [mesh_center_y], ax
  1165 000012F2 E8C901              <1>     call draw_mesh
  1166                              <1> .done:
  1167 000012F5 C3                  <1>     ret
  1168                              <1> 
  1169                              <1> ; Nine gray XGA lines form a flattened floor shadow. It shrinks at the apex.
  1170                              <1> draw_shadow:
  1171 000012F6 B82C01              <1>     mov ax, 300
  1172 000012F9 2B06[D01B]          <1>     sub ax, [boing_y]
  1173 000012FD C1E802              <1>     shr ax, 2
  1174 00001300 A3[F31B]            <1>     mov [shadow_shrink], ax
  1175 00001303 26C606480003        <1>     mov byte [es:0x48], 3
  1176 00001309 C606[9F25]00        <1>     mov byte [line_flags], 0
  1177 0000130E C606[A025]09        <1>     mov byte [line_color], 9
  1178 00001313 C706[EF1B]0000      <1>     mov word [shadow_row], 0
  1179                              <1> .row:
  1180 00001319 8B36[EF1B]          <1>     mov si, [shadow_row]
  1181 0000131D D1E6                <1>     shl si, 1
  1182 0000131F 8B84[F51B]          <1>     mov ax, [shadow_widths+si]
  1183 00001323 2B06[F31B]          <1>     sub ax, [shadow_shrink]
  1184 00001327 83F806              <1>     cmp ax, 6
  1185 0000132A 7303                <1>     jae .width_ok
  1186 0000132C B80600              <1>     mov ax, 6
  1187                              <1> .width_ok:
  1188 0000132F A3[F11B]            <1>     mov [shadow_half], ax
  1189 00001332 8B1E[CE1B]          <1>     mov bx, [boing_x]
  1190 00001336 83C30A              <1>     add bx, 10
  1191 00001339 89D8                <1>     mov ax, bx
  1192 0000133B 2B06[F11B]          <1>     sub ax, [shadow_half]
  1193 0000133F 031E[F11B]          <1>     add bx, [shadow_half]
  1194 00001343 8B16[EF1B]          <1>     mov dx, [shadow_row]
  1195 00001347 81C26601            <1>     add dx, 358
  1196 0000134B 89D1                <1>     mov cx, dx
  1197 0000134D E8C5F9              <1>     call draw_line
  1198 00001350 720C                <1>     jc .done
  1199 00001352 FF06[EF1B]          <1>     inc word [shadow_row]
  1200 00001356 833E[EF1B]09        <1>     cmp word [shadow_row], 9
  1201 0000135B 72BC                <1>     jb .row
  1202 0000135D F8                  <1>     clc
  1203                              <1> .done:
  1204 0000135E C606[A025]01        <1>     mov byte [line_color], 1
  1205 00001363 C3                  <1>     ret
  1206                              <1> 
  1207                              <1> draw_room_grid:
  1208 00001364 26C606480003        <1>     mov byte [es:0x48], 3
  1209 0000136A C606[9F25]00        <1>     mov byte [line_flags], 0
  1210 0000136F C606[A025]06        <1>     mov byte [line_color], 6
  1211 00001374 C706[D91B]0000      <1>     mov word [grid_index], 0
  1212                              <1> .wall_vertical:
  1213 0000137A A1[D91B]            <1>     mov ax, [grid_index]
  1214 0000137D BB1A00              <1>     mov bx, 26
  1215 00001380 F7E3                <1>     mul bx
  1216 00001382 83C07C              <1>     add ax, 124
  1217 00001385 89C3                <1>     mov bx, ax
  1218 00001387 BA0000              <1>     mov dx, 0
  1219 0000138A B94A01              <1>     mov cx, 330
  1220 0000138D E885F9              <1>     call draw_line
  1221 00001390 0F828F00            <1>     jc .done
  1222 00001394 FF06[D91B]          <1>     inc word [grid_index]
  1223 00001398 833E[D91B]10        <1>     cmp word [grid_index], 16
  1224 0000139D 72DB                <1>     jb .wall_vertical
  1225 0000139F C706[D91B]0000      <1>     mov word [grid_index], 0
  1226                              <1> .wall_horizontal:
  1227 000013A5 A1[D91B]            <1>     mov ax, [grid_index]
  1228 000013A8 BB1600              <1>     mov bx, 22
  1229 000013AB F7E3                <1>     mul bx
  1230 000013AD 89C2                <1>     mov dx, ax
  1231 000013AF 89C1                <1>     mov cx, ax
  1232 000013B1 B87C00              <1>     mov ax, 124
  1233 000013B4 BB0202              <1>     mov bx, 514
  1234 000013B7 E85BF9              <1>     call draw_line
  1235 000013BA 7267                <1>     jc .done
  1236 000013BC FF06[D91B]          <1>     inc word [grid_index]
  1237 000013C0 833E[D91B]10        <1>     cmp word [grid_index], 16
  1238 000013C5 72DE                <1>     jb .wall_horizontal
  1239 000013C7 C706[D91B]0000      <1>     mov word [grid_index], 0
  1240                              <1> .floor_vertical:
  1241 000013CD A1[D91B]            <1>     mov ax, [grid_index]
  1242 000013D0 BB1A00              <1>     mov bx, 26
  1243 000013D3 F7E3                <1>     mul bx
  1244 000013D5 83C07C              <1>     add ax, 124
  1245 000013D8 A3[DB1B]            <1>     mov [grid_top_x], ax
  1246 000013DB A1[D91B]            <1>     mov ax, [grid_index]
  1247 000013DE BB2800              <1>     mov bx, 40
  1248 000013E1 F7E3                <1>     mul bx
  1249 000013E3 83C010              <1>     add ax, 16
  1250 000013E6 89C3                <1>     mov bx, ax
  1251 000013E8 A1[DB1B]            <1>     mov ax, [grid_top_x]
  1252 000013EB BA4A01              <1>     mov dx, 330
  1253 000013EE B97C01              <1>     mov cx, 380
  1254 000013F1 E821F9              <1>     call draw_line
  1255 000013F4 722D                <1>     jc .done
  1256 000013F6 FF06[D91B]          <1>     inc word [grid_index]
  1257 000013FA 833E[D91B]10        <1>     cmp word [grid_index], 16
  1258 000013FF 72CC                <1>     jb .floor_vertical
  1259 00001401 BE[DD1B]            <1>     mov si, floor_rows
  1260 00001404 C706[D91B]0300      <1>     mov word [grid_index], 3
  1261                              <1> .floor_horizontal:
  1262 0000140A 8B04                <1>     mov ax, [si]
  1263 0000140C 8B5402              <1>     mov dx, [si+2]
  1264 0000140F 8B5C04              <1>     mov bx, [si+4]
  1265 00001412 89D1                <1>     mov cx, dx
  1266 00001414 E8FEF8              <1>     call draw_line
  1267 00001417 720A                <1>     jc .done
  1268 00001419 83C606              <1>     add si, 6
  1269 0000141C FF0E[D91B]          <1>     dec word [grid_index]
  1270 00001420 75E8                <1>     jnz .floor_horizontal
  1271 00001422 F8                  <1>     clc
  1272                              <1> .done:
  1273 00001423 C606[A025]01        <1>     mov byte [line_color], 1
  1274 00001428 C3                  <1>     ret
  1275                              <1> 
  1276                              <1> update_boing_motion:
  1277 00001429 8B1E[D41B]          <1>     mov bx, [boing_frame]
  1278 0000142D 83E33F              <1>     and bx, 63
  1279 00001430 83FB00              <1>     cmp bx, 0
  1280 00001433 7503                <1>     jne .no_impact
  1281 00001435 E85E00              <1>     call start_boing_sound
  1282                              <1> .no_impact:
  1283 00001438 D1E3                <1>     shl bx, 1
  1284 0000143A 8B87[D196]          <1>     mov ax, [boing_bounce+bx]
  1285 0000143E BB6E00              <1>     mov bx, 110
  1286 00001441 F7E3                <1>     mul bx
  1287 00001443 C1E808              <1>     shr ax, 8
  1288 00001446 BB2C01              <1>     mov bx, 300
  1289 00001449 29C3                <1>     sub bx, ax
  1290 0000144B 891E[D01B]          <1>     mov [boing_y], bx
  1291 0000144F A1[CE1B]            <1>     mov ax, [boing_x]
  1292 00001452 0306[D21B]          <1>     add ax, [boing_dx]
  1293 00001456 A3[CE1B]            <1>     mov [boing_x], ax
  1294 00001459 83F864              <1>     cmp ax, 100
  1295 0000145C 7F09                <1>     jg .right
  1296 0000145E C706[D21B]0500      <1>     mov word [boing_dx], 5
  1297 00001464 E82F00              <1>     call start_boing_sound
  1298                              <1> .right:
  1299 00001467 3D1C02              <1>     cmp ax, 540
  1300 0000146A 7C09                <1>     jl .sound
  1301 0000146C C706[D21B]FBFF      <1>     mov word [boing_dx], -5
  1302 00001472 E82100              <1>     call start_boing_sound
  1303                              <1> .sound:
  1304 00001475 803E[D61B]00        <1>     cmp byte [speaker_frames], 0
  1305 0000147A 7419                <1>     je .done
  1306 0000147C FE0E[D61B]          <1>     dec byte [speaker_frames]
  1307 00001480 7504                <1>     jnz .pitch
  1308 00001482 E83200              <1>     call stop_speaker
  1309 00001485 C3                  <1>     ret
  1310                              <1> .pitch:
  1311 00001486 A1[D71B]            <1>     mov ax, [speaker_divisor]
  1312 00001489 05DC00              <1>     add ax, 220
  1313 0000148C A3[D71B]            <1>     mov [speaker_divisor], ax
  1314 0000148F E642                <1>     out 0x42, al
  1315 00001491 88E0                <1>     mov al, ah
  1316 00001493 E642                <1>     out 0x42, al
  1317                              <1> .done:
  1318 00001495 C3                  <1>     ret
  1319                              <1> 
  1320                              <1> start_boing_sound:
  1321 00001496 50                  <1>     push ax
  1322 00001497 C606[D61B]04        <1>     mov byte [speaker_frames], 4
  1323 0000149C C706[D71B]0807      <1>     mov word [speaker_divisor], 1800
  1324 000014A2 B0B6                <1>     mov al, 0xb6
  1325 000014A4 E643                <1>     out 0x43, al
  1326 000014A6 B80807              <1>     mov ax, 1800
  1327 000014A9 E642                <1>     out 0x42, al
  1328 000014AB 88E0                <1>     mov al, ah
  1329 000014AD E642                <1>     out 0x42, al
  1330 000014AF E461                <1>     in al, 0x61
  1331 000014B1 0C03                <1>     or al, 3
  1332 000014B3 E661                <1>     out 0x61, al
  1333 000014B5 58                  <1>     pop ax
  1334 000014B6 C3                  <1>     ret
  1335                              <1> 
  1336                              <1> stop_speaker:
  1337 000014B7 E461                <1>     in al, 0x61
  1338 000014B9 24FC                <1>     and al, 0xfc
  1339 000014BB E661                <1>     out 0x61, al
  1340 000014BD C3                  <1>     ret
  1341                              <1> 
  1342                              <1> draw_mesh:
  1343 000014BE C606[A025]01        <1>     mov byte [line_color], 1
  1344 000014C3 E84805              <1>     call project_torus
  1345 000014C6 803E[8525]04        <1>     cmp byte [demo_mode], 4
  1346 000014CB 740D                <1>     je .order_ready             ; convex sphere needs only backface culling
  1347 000014CD 803E[8525]05        <1>     cmp byte [demo_mode], 5
  1348 000014D2 7406                <1>     je .order_ready             ; convex crystal also needs no sort
  1349 000014D4 E83F06              <1>     call build_torus_depth
  1350 000014D7 E88006              <1>     call sort_torus_quads
  1351                              <1> .order_ready:
  1352 000014DA C606[BD1B]00        <1>     mov byte [torus_pos], 0
  1353 000014DF C706[BE1B]0000      <1>     mov word [mesh_drawn], 0
  1354                              <1> .quad:
  1355 000014E5 0FB61E[BD1B]        <1>     movzx bx, byte [torus_pos]
  1356 000014EA 0FB687[5D2C]        <1>     movzx ax, byte [torus_order+bx]
  1357 000014EF A2[581C]            <1>     mov [mesh_quad_index], al
  1358 000014F2 89C3                <1>     mov bx, ax
  1359 000014F4 C1E302              <1>     shl bx, 2
  1360 000014F7 01C3                <1>     add bx, ax
  1361 000014F9 031E[C21B]          <1>     add bx, [mesh_quads]
  1362 000014FD 891E[071C]          <1>     mov [torus_quad_offset], bx
  1363 00001501 8A4704              <1>     mov al, [bx+4]
  1364 00001504 A2[A125]            <1>     mov [fill_color], al
  1365 00001507 8A07                <1>     mov al, [bx]
  1366 00001509 A2[141C]            <1>     mov [tri_a], al
  1367 0000150C 8A4701              <1>     mov al, [bx+1]
  1368 0000150F A2[151C]            <1>     mov [tri_b], al
  1369 00001512 8A4702              <1>     mov al, [bx+2]
  1370 00001515 A2[161C]            <1>     mov [tri_c], al
  1371 00001518 8A4703              <1>     mov al, [bx+3]
  1372 0000151B A2[171C]            <1>     mov [tri_d], al
  1373 0000151E E81000              <1>     call render_mesh_quad
  1374 00001521 720D                <1>     jc .done
  1375 00001523 FE06[BD1B]          <1>     inc byte [torus_pos]
  1376 00001527 A0[BD1B]            <1>     mov al, [torus_pos]
  1377 0000152A 3A06[C41B]          <1>     cmp al, byte [mesh_quad_count]
  1378 0000152E 72B5                <1>     jb .quad
  1379                              <1> .done:
  1380 00001530 C3                  <1>     ret
  1381                              <1> 
  1382                              <1> ; Backface cull one projected checker or torus quad. A precomputed bit
  1383                              <1> ; selects XGA Area Fill or the proven CPU-mask/XGA BitBlt fallback.
  1384                              <1> render_mesh_quad:
  1385 00001531 0FB636[141C]        <1>     movzx si, byte [tri_a]
  1386 00001536 D1E6                <1>     shl si, 1
  1387 00001538 8B84[7D21]          <1>     mov ax, [torus_screen_x+si]
  1388 0000153C A3[181C]            <1>     mov [tri_x0], ax
  1389 0000153F 8B84[7D22]          <1>     mov ax, [torus_screen_y+si]
  1390 00001543 A3[1A1C]            <1>     mov [tri_y0], ax
  1391 00001546 0FB636[151C]        <1>     movzx si, byte [tri_b]
  1392 0000154B D1E6                <1>     shl si, 1
  1393 0000154D 8B84[7D21]          <1>     mov ax, [torus_screen_x+si]
  1394 00001551 A3[1C1C]            <1>     mov [tri_x1], ax
  1395 00001554 8B84[7D22]          <1>     mov ax, [torus_screen_y+si]
  1396 00001558 A3[1E1C]            <1>     mov [tri_y1], ax
  1397 0000155B 0FB636[161C]        <1>     movzx si, byte [tri_c]
  1398 00001560 D1E6                <1>     shl si, 1
  1399 00001562 8B84[7D21]          <1>     mov ax, [torus_screen_x+si]
  1400 00001566 A3[201C]            <1>     mov [tri_x2], ax
  1401 00001569 8B84[7D22]          <1>     mov ax, [torus_screen_y+si]
  1402 0000156D A3[221C]            <1>     mov [tri_y2], ax
  1403 00001570 0FB636[171C]        <1>     movzx si, byte [tri_d]
  1404 00001575 D1E6                <1>     shl si, 1
  1405 00001577 8B84[7D21]          <1>     mov ax, [torus_screen_x+si]
  1406 0000157B A3[241C]            <1>     mov [tri_x3], ax
  1407 0000157E 8B84[7D22]          <1>     mov ax, [torus_screen_y+si]
  1408 00001582 A3[261C]            <1>     mov [tri_y3], ax
  1409 00001585 A1[1C1C]            <1>     mov ax, [tri_x1]
  1410 00001588 2B06[181C]          <1>     sub ax, [tri_x0]
  1411 0000158C A3[2C1C]            <1>     mov [tri_dx1], ax
  1412 0000158F A1[1E1C]            <1>     mov ax, [tri_y1]
  1413 00001592 2B06[1A1C]          <1>     sub ax, [tri_y0]
  1414 00001596 A3[2E1C]            <1>     mov [tri_dy1], ax
  1415 00001599 A1[201C]            <1>     mov ax, [tri_x2]
  1416 0000159C 2B06[181C]          <1>     sub ax, [tri_x0]
  1417 000015A0 A3[301C]            <1>     mov [tri_dx2], ax
  1418 000015A3 A1[221C]            <1>     mov ax, [tri_y2]
  1419 000015A6 2B06[1A1C]          <1>     sub ax, [tri_y0]
  1420 000015AA A3[321C]            <1>     mov [tri_dy2], ax
  1421 000015AD A1[241C]            <1>     mov ax, [tri_x3]
  1422 000015B0 2B06[181C]          <1>     sub ax, [tri_x0]
  1423 000015B4 A3[341C]            <1>     mov [tri_dx3], ax
  1424 000015B7 A1[261C]            <1>     mov ax, [tri_y3]
  1425 000015BA 2B06[1A1C]          <1>     sub ax, [tri_y0]
  1426 000015BE A3[361C]            <1>     mov [tri_dy3], ax
  1427 000015C1 A1[2C1C]            <1>     mov ax, [tri_dx1]
  1428 000015C4 F72E[321C]          <1>     imul word [tri_dy2]
  1429 000015C8 A3[381C]            <1>     mov [tri_cross], ax
  1430 000015CB A1[2E1C]            <1>     mov ax, [tri_dy1]
  1431 000015CE F72E[301C]          <1>     imul word [tri_dx2]
  1432 000015D2 2906[381C]          <1>     sub [tri_cross], ax
  1433 000015D6 A1[301C]            <1>     mov ax, [tri_dx2]
  1434 000015D9 F72E[361C]          <1>     imul word [tri_dy3]
  1435 000015DD A3[3A1C]            <1>     mov [quad_cross2], ax
  1436 000015E0 A1[321C]            <1>     mov ax, [tri_dy2]
  1437 000015E3 F72E[341C]          <1>     imul word [tri_dx3]
  1438 000015E7 2906[3A1C]          <1>     sub [quad_cross2], ax
  1439 000015EB A1[381C]            <1>     mov ax, [tri_cross]
  1440 000015EE 3306[3A1C]          <1>     xor ax, [quad_cross2]
  1441 000015F2 0F885701            <1>     js .skip                     ; twisted projected quad near the silhouette
  1442 000015F6 A1[3A1C]            <1>     mov ax, [quad_cross2]
  1443 000015F9 0106[381C]          <1>     add [tri_cross], ax
  1444 000015FD 833E[381C]04        <1>     cmp word [tri_cross], 4     ; a,b,c,d winding faces toward +Z
  1445 00001602 0F8E4701            <1>     jle .skip
  1446 00001606 A1[181C]            <1>     mov ax, [tri_x0]
  1447 00001609 A3[3C1C]            <1>     mov [tri_min_x], ax
  1448 0000160C A3[3E1C]            <1>     mov [tri_max_x], ax
  1449 0000160F A1[1A1C]            <1>     mov ax, [tri_y0]
  1450 00001612 A3[401C]            <1>     mov [tri_min_y], ax
  1451 00001615 A3[421C]            <1>     mov [tri_max_y], ax
  1452 00001618 A1[1C1C]            <1>     mov ax, [tri_x1]
  1453 0000161B 3B06[3C1C]          <1>     cmp ax, [tri_min_x]
  1454 0000161F 7D03                <1>     jge .x1_min_done
  1455 00001621 A3[3C1C]            <1>     mov [tri_min_x], ax
  1456                              <1> .x1_min_done:
  1457 00001624 3B06[3E1C]          <1>     cmp ax, [tri_max_x]
  1458 00001628 7E03                <1>     jle .x1_max_done
  1459 0000162A A3[3E1C]            <1>     mov [tri_max_x], ax
  1460                              <1> .x1_max_done:
  1461 0000162D A1[201C]            <1>     mov ax, [tri_x2]
  1462 00001630 3B06[3C1C]          <1>     cmp ax, [tri_min_x]
  1463 00001634 7D03                <1>     jge .x2_min_done
  1464 00001636 A3[3C1C]            <1>     mov [tri_min_x], ax
  1465                              <1> .x2_min_done:
  1466 00001639 3B06[3E1C]          <1>     cmp ax, [tri_max_x]
  1467 0000163D 7E03                <1>     jle .x2_max_done
  1468 0000163F A3[3E1C]            <1>     mov [tri_max_x], ax
  1469                              <1> .x2_max_done:
  1470 00001642 A1[241C]            <1>     mov ax, [tri_x3]
  1471 00001645 3B06[3C1C]          <1>     cmp ax, [tri_min_x]
  1472 00001649 7D03                <1>     jge .x3_min_done
  1473 0000164B A3[3C1C]            <1>     mov [tri_min_x], ax
  1474                              <1> .x3_min_done:
  1475 0000164E 3B06[3E1C]          <1>     cmp ax, [tri_max_x]
  1476 00001652 7E03                <1>     jle .x3_max_done
  1477 00001654 A3[3E1C]            <1>     mov [tri_max_x], ax
  1478                              <1> .x3_max_done:
  1479 00001657 A1[1E1C]            <1>     mov ax, [tri_y1]
  1480 0000165A 3B06[401C]          <1>     cmp ax, [tri_min_y]
  1481 0000165E 7D03                <1>     jge .y1_min_done
  1482 00001660 A3[401C]            <1>     mov [tri_min_y], ax
  1483                              <1> .y1_min_done:
  1484 00001663 3B06[421C]          <1>     cmp ax, [tri_max_y]
  1485 00001667 7E03                <1>     jle .y1_max_done
  1486 00001669 A3[421C]            <1>     mov [tri_max_y], ax
  1487                              <1> .y1_max_done:
  1488 0000166C A1[221C]            <1>     mov ax, [tri_y2]
  1489 0000166F 3B06[401C]          <1>     cmp ax, [tri_min_y]
  1490 00001673 7D03                <1>     jge .y2_min_done
  1491 00001675 A3[401C]            <1>     mov [tri_min_y], ax
  1492                              <1> .y2_min_done:
  1493 00001678 3B06[421C]          <1>     cmp ax, [tri_max_y]
  1494 0000167C 7E03                <1>     jle .y2_max_done
  1495 0000167E A3[421C]            <1>     mov [tri_max_y], ax
  1496                              <1> .y2_max_done:
  1497 00001681 A1[261C]            <1>     mov ax, [tri_y3]
  1498 00001684 3B06[401C]          <1>     cmp ax, [tri_min_y]
  1499 00001688 7D03                <1>     jge .y3_min_done
  1500 0000168A A3[401C]            <1>     mov [tri_min_y], ax
  1501                              <1> .y3_min_done:
  1502 0000168D 3B06[421C]          <1>     cmp ax, [tri_max_y]
  1503 00001691 7E03                <1>     jle .y3_max_done
  1504 00001693 A3[421C]            <1>     mov [tri_max_y], ax
  1505                              <1> .y3_max_done:
  1506 00001696 A1[3E1C]            <1>     mov ax, [tri_max_x]
  1507 00001699 2B06[3C1C]          <1>     sub ax, [tri_min_x]
  1508 0000169D 83F801              <1>     cmp ax, 1
  1509 000016A0 0F86A900            <1>     jbe .skip
  1510 000016A4 3D3F01              <1>     cmp ax, MESH_MASK_W-1
  1511 000016A7 0F87A200            <1>     ja .skip
  1512 000016AB A3[441C]            <1>     mov [tri_width], ax
  1513 000016AE A1[421C]            <1>     mov ax, [tri_max_y]
  1514 000016B1 2B06[401C]          <1>     sub ax, [tri_min_y]
  1515 000016B5 83F801              <1>     cmp ax, 1
  1516 000016B8 0F869100            <1>     jbe .skip
  1517 000016BC 3D3F01              <1>     cmp ax, MESH_MASK_H-1
  1518 000016BF 0F878A00            <1>     ja .skip
  1519 000016C3 A3[461C]            <1>     mov [tri_height], ax
  1520 000016C6 803E[8525]04        <1>     cmp byte [demo_mode], 4
  1521 000016CB 7530                <1>     jne .shade_done
  1522 000016CD A1[1A1C]            <1>     mov ax, [tri_y0]
  1523 000016D0 0306[1E1C]          <1>     add ax, [tri_y1]
  1524 000016D4 0306[221C]          <1>     add ax, [tri_y2]
  1525 000016D8 0306[261C]          <1>     add ax, [tri_y3]
  1526 000016DC C1E802              <1>     shr ax, 2
  1527 000016DF 8B1E[D01B]          <1>     mov bx, [boing_y]
  1528 000016E3 83C314              <1>     add bx, 20
  1529 000016E6 39D8                <1>     cmp ax, bx
  1530 000016E8 7E13                <1>     jle .shade_done
  1531 000016EA 803E[A125]07        <1>     cmp byte [fill_color], 7
  1532 000016EF 7507                <1>     jne .shade_white
  1533 000016F1 C606[A125]0A        <1>     mov byte [fill_color], 10 ; shaded magenta
  1534 000016F6 EB05                <1>     jmp .shade_done
  1535                              <1> .shade_white:
  1536 000016F8 C606[A125]0B        <1>     mov byte [fill_color], 11 ; shaded white
  1537                              <1> .shade_done:
  1538 000016FD 803E[561C]00        <1>     cmp byte [mesh_area_mode], 0
  1539 00001702 7428                <1>     je .mask_fill
  1540 00001704 8B1E[A91B]          <1>     mov bx, [rotation]
  1541 00001708 81E3FF01            <1>     and bx, 511
  1542 0000170C C1E304              <1>     shl bx, 4
  1543 0000170F 0FB606[581C]        <1>     movzx ax, byte [mesh_quad_index]
  1544 00001714 C1E803              <1>     shr ax, 3
  1545 00001717 01C3                <1>     add bx, ax
  1546 00001719 8B36[591C]          <1>     mov si, [mesh_area_table]
  1547 0000171D 8A00                <1>     mov al, [si+bx]
  1548 0000171F 8A0E[581C]          <1>     mov cl, [mesh_quad_index]
  1549 00001723 80E107              <1>     and cl, 7
  1550 00001726 D2E8                <1>     shr al, cl
  1551 00001728 A801                <1>     test al, 1
  1552 0000172A 7411                <1>     jz .area_fill
  1553                              <1> .mask_fill:
  1554 0000172C E8F7F2              <1>     call select_mesh_ram_map
  1555 0000172F 721D                <1>     jc .done
  1556 00001731 E81D01              <1>     call raster_quad_mask
  1557 00001734 7218                <1>     jc .done
  1558 00001736 E8AC01              <1>     call fill_masked_quad
  1559 00001739 7213                <1>     jc .done
  1560 0000173B EB0A                <1>     jmp .filled
  1561                              <1> .area_fill:
  1562 0000173D E8A4F2              <1>     call select_mesh_vram_map
  1563 00001740 720C                <1>     jc .done
  1564 00001742 E8EF01              <1>     call fill_quad_area
  1565 00001745 7207                <1>     jc .done
  1566                              <1> .filled:
  1567 00001747 FF06[BE1B]          <1>     inc word [mesh_drawn]
  1568 0000174B F8                  <1>     clc
  1569 0000174C C3                  <1>     ret
  1570                              <1> .skip:
  1571 0000174D F8                  <1>     clc
  1572                              <1> .done:
  1573 0000174E C3                  <1>     ret
  1574                              <1> 
  1575                              <1> ; Clear the small local mask box in conventional RAM. Only the bytes XGA
  1576                              <1> ; will sample are reset; the full 128x128 map never needs clearing.
  1577                              <1> clear_mask_box:
  1578 0000174F 50                  <1>     push ax
  1579 00001750 53                  <1>     push bx
  1580 00001751 51                  <1>     push cx
  1581 00001752 57                  <1>     push di
  1582 00001753 06                  <1>     push es
  1583                              <1> %ifdef XDEMO2
  1584 00001754 A1[FA07]            <1>     mov ax, [xdemo2_mask_seg]
  1585 00001757 8EC0                <1>     mov es, ax
  1586                              <1> %else
  1587                              <1>     push ds
  1588                              <1>     pop es
  1589                              <1> %endif
  1590 00001759 A1[441C]            <1>     mov ax, [tri_width]
  1591 0000175C C1E803              <1>     shr ax, 3
  1592 0000175F 40                  <1>     inc ax
  1593 00001760 A3[541C]            <1>     mov [mask_clear_bytes], ax
  1594 00001763 8B1E[461C]          <1>     mov bx, [tri_height]
  1595 00001767 43                  <1>     inc bx
  1596                              <1> %ifdef XDEMO2
  1597 00001768 31FF                <1>     xor di, di
  1598                              <1> %else
  1599                              <1>     mov di, mesh_mask_ram
  1600                              <1> %endif
  1601 0000176A FC                  <1>     cld
  1602                              <1> .row:
  1603 0000176B 8B0E[541C]          <1>     mov cx, [mask_clear_bytes]
  1604 0000176F 57                  <1>     push di
  1605 00001770 31C0                <1>     xor ax, ax
  1606 00001772 F3AA                <1>     rep stosb
  1607 00001774 5F                  <1>     pop di
  1608 00001775 83C728              <1>     add di, MESH_MASK_W/8
  1609 00001778 4B                  <1>     dec bx
  1610 00001779 75F0                <1>     jnz .row
  1611 0000177B 07                  <1>     pop es
  1612 0000177C 5F                  <1>     pop di
  1613 0000177D 59                  <1>     pop cx
  1614 0000177E 5B                  <1>     pop bx
  1615 0000177F 58                  <1>     pop ax
  1616 00001780 F8                  <1>     clc
  1617 00001781 C3                  <1>     ret
  1618                              <1> 
  1619                              <1> ; Build two X intersections per row in system RAM. Each edge slope uses
  1620                              <1> ; signed 16.16 division once; each scanline then uses addition.
  1621                              <1> prepare_mask_spans:
  1622 00001782 A1[181C]            <1>     mov ax, [tri_x0]
  1623 00001785 A3[281C]            <1>     mov [tri_x4], ax
  1624 00001788 A1[1A1C]            <1>     mov ax, [tri_y0]
  1625 0000178B A3[2A1C]            <1>     mov [tri_y4], ax
  1626 0000178E 8B0E[461C]          <1>     mov cx, [tri_height]
  1627 00001792 31DB                <1>     xor bx, bx
  1628                              <1> .init:
  1629 00001794 C787[6D1C]4001      <1>     mov word [mask_scan_left+bx], MESH_MASK_W
  1630 0000179A C787[ED1E]0000      <1>     mov word [mask_scan_right+bx], 0
  1631 000017A0 83C302              <1>     add bx, 2
  1632 000017A3 E2EF                <1>     loop .init
  1633 000017A5 BE[181C]            <1>     mov si, tri_x0
  1634 000017A8 BD0400              <1>     mov bp, 4
  1635                              <1> .edge:
  1636 000017AB 8B04                <1>     mov ax, [si]              ; x0
  1637 000017AD 8B5402              <1>     mov dx, [si+2]            ; y0
  1638 000017B0 8B5C04              <1>     mov bx, [si+4]            ; x1
  1639 000017B3 8B4C06              <1>     mov cx, [si+6]            ; y1
  1640 000017B6 39CA                <1>     cmp dx, cx
  1641 000017B8 0F848C00            <1>     je .next_edge
  1642 000017BC 7C03                <1>     jl .ordered
  1643 000017BE 93                  <1>     xchg ax, bx
  1644 000017BF 87D1                <1>     xchg dx, cx
  1645                              <1> .ordered:
  1646 000017C1 8916[5F1C]          <1>     mov [edge_y], dx
  1647 000017C5 890E[611C]          <1>     mov [edge_end_y], cx
  1648 000017C9 A3[631C]            <1>     mov [edge_top_x], ax
  1649 000017CC 2B06[3C1C]          <1>     sub ax, [tri_min_x]
  1650 000017D0 6698                <1>     cwde
  1651 000017D2 66C1E010            <1>     shl eax, 16
  1652 000017D6 66A3[651C]          <1>     mov [edge_x_fp], eax
  1653 000017DA 89D8                <1>     mov ax, bx
  1654 000017DC 2B06[631C]          <1>     sub ax, [edge_top_x]
  1655 000017E0 6698                <1>     cwde
  1656 000017E2 66C1E010            <1>     shl eax, 16
  1657 000017E6 6699                <1>     cdq
  1658 000017E8 89CB                <1>     mov bx, cx
  1659 000017EA 2B1E[5F1C]          <1>     sub bx, [edge_y]
  1660 000017EE 660FB7DB            <1>     movzx ebx, bx
  1661 000017F2 66F7FB              <1>     idiv ebx
  1662 000017F5 66A3[691C]          <1>     mov [edge_slope], eax
  1663 000017F9 8B1E[5F1C]          <1>     mov bx, [edge_y]
  1664 000017FD 2B1E[401C]          <1>     sub bx, [tri_min_y]
  1665 00001801 D1E3                <1>     shl bx, 1
  1666                              <1> .edge_row:
  1667 00001803 66A1[651C]          <1>     mov eax, [edge_x_fp]
  1668 00001807 66C1F810            <1>     sar eax, 16
  1669 0000180B 83F800              <1>     cmp ax, 0
  1670 0000180E 7D02                <1>     jge .left_clamped
  1671 00001810 31C0                <1>     xor ax, ax
  1672                              <1> .left_clamped:
  1673 00001812 3B06[441C]          <1>     cmp ax, [tri_width]
  1674 00001816 7E03                <1>     jle .right_clamped
  1675 00001818 A1[441C]            <1>     mov ax, [tri_width]
  1676                              <1> .right_clamped:
  1677 0000181B 3B87[6D1C]          <1>     cmp ax, [mask_scan_left+bx]
  1678 0000181F 7D04                <1>     jge .left_kept
  1679 00001821 8987[6D1C]          <1>     mov [mask_scan_left+bx], ax
  1680                              <1> .left_kept:
  1681 00001825 3B87[ED1E]          <1>     cmp ax, [mask_scan_right+bx]
  1682 00001829 7E04                <1>     jle .right_kept
  1683 0000182B 8987[ED1E]          <1>     mov [mask_scan_right+bx], ax
  1684                              <1> .right_kept:
  1685 0000182F 66A1[691C]          <1>     mov eax, [edge_slope]
  1686 00001833 660106[651C]        <1>     add [edge_x_fp], eax
  1687 00001838 83C302              <1>     add bx, 2
  1688 0000183B FF06[5F1C]          <1>     inc word [edge_y]
  1689 0000183F A1[5F1C]            <1>     mov ax, [edge_y]
  1690 00001842 3B06[611C]          <1>     cmp ax, [edge_end_y]
  1691 00001846 7CBB                <1>     jl .edge_row
  1692                              <1> .next_edge:
  1693 00001848 83C604              <1>     add si, 4
  1694 0000184B 4D                  <1>     dec bp
  1695 0000184C 0F855BFF            <1>     jnz .edge
  1696 00001850 C3                  <1>     ret
  1697                              <1> 
  1698                              <1> ; Write covered span bytes into the local mask in conventional RAM.
  1699                              <1> raster_quad_mask:
  1700 00001851 E8FBFE              <1>     call clear_mask_box
  1701 00001854 E82BFF              <1>     call prepare_mask_spans
  1702 00001857 06                  <1>     push es
  1703                              <1> %ifdef XDEMO2
  1704 00001858 A1[FA07]            <1>     mov ax, [xdemo2_mask_seg]
  1705 0000185B 8EC0                <1>     mov es, ax
  1706                              <1> %else
  1707                              <1>     mov ax, ds
  1708                              <1>     mov es, ax
  1709                              <1> %endif
  1710 0000185D FC                  <1>     cld
  1711 0000185E C706[481C]0000      <1>     mov word [mask_y], 0
  1712                              <1> .row:
  1713 00001864 A1[481C]            <1>     mov ax, [mask_y]
  1714 00001867 D1E0                <1>     shl ax, 1
  1715 00001869 89C6                <1>     mov si, ax
  1716 0000186B 8B84[6D1C]          <1>     mov ax, [mask_scan_left+si]
  1717 0000186F 8B9C[ED1E]          <1>     mov bx, [mask_scan_right+si]
  1718 00001873 39D8                <1>     cmp ax, bx
  1719 00001875 775E                <1>     ja .advance
  1720 00001877 A3[4C1C]            <1>     mov [mask_span_left], ax
  1721 0000187A 891E[4E1C]          <1>     mov [mask_span_right], bx
  1722 0000187E A1[481C]            <1>     mov ax, [mask_y]
  1723                              <1> %ifdef XDEMO2
  1724 00001881 BB2800              <1>     mov bx, MESH_MASK_W/8
  1725 00001884 F7E3                <1>     mul bx
  1726                              <1> %else
  1727                              <1>     shl ax, 4
  1728                              <1>     add ax, mesh_mask_ram
  1729                              <1> %endif
  1730 00001886 A3[4A1C]            <1>     mov [mask_row_offset], ax
  1731 00001889 A1[4C1C]            <1>     mov ax, [mask_span_left]
  1732 0000188C 89C3                <1>     mov bx, ax
  1733 0000188E 83E307              <1>     and bx, 7
  1734 00001891 8A97[6D21]          <1>     mov dl, [mask_first_bits+bx]
  1735 00001895 C1E803              <1>     shr ax, 3
  1736 00001898 A3[501C]            <1>     mov [mask_first_byte], ax
  1737 0000189B A1[4E1C]            <1>     mov ax, [mask_span_right]
  1738 0000189E 89C3                <1>     mov bx, ax
  1739 000018A0 83E307              <1>     and bx, 7
  1740 000018A3 8AB7[7521]          <1>     mov dh, [mask_last_bits+bx]
  1741 000018A7 C1E803              <1>     shr ax, 3
  1742 000018AA A3[521C]            <1>     mov [mask_last_byte], ax
  1743 000018AD 8B3E[4A1C]          <1>     mov di, [mask_row_offset]
  1744 000018B1 033E[501C]          <1>     add di, [mask_first_byte]
  1745 000018B5 3B06[501C]          <1>     cmp ax, [mask_first_byte]
  1746 000018B9 7415                <1>     je .single_byte
  1747 000018BB 88D0                <1>     mov al, dl
  1748 000018BD AA                  <1>     stosb
  1749 000018BE 8B0E[521C]          <1>     mov cx, [mask_last_byte]
  1750 000018C2 2B0E[501C]          <1>     sub cx, [mask_first_byte]
  1751 000018C6 49                  <1>     dec cx
  1752 000018C7 B0FF                <1>     mov al, 0xff
  1753 000018C9 F3AA                <1>     rep stosb
  1754 000018CB 88F0                <1>     mov al, dh
  1755 000018CD AA                  <1>     stosb
  1756 000018CE EB05                <1>     jmp .advance
  1757                              <1> .single_byte:
  1758 000018D0 88D0                <1>     mov al, dl
  1759 000018D2 20F0                <1>     and al, dh
  1760 000018D4 AA                  <1>     stosb
  1761                              <1> .advance:
  1762 000018D5 FF06[481C]          <1>     inc word [mask_y]
  1763 000018D9 A1[481C]            <1>     mov ax, [mask_y]
  1764 000018DC 3B06[461C]          <1>     cmp ax, [tri_height]
  1765 000018E0 7282                <1>     jb .row
  1766 000018E2 07                  <1>     pop es
  1767 000018E3 F8                  <1>     clc
  1768                              <1> .done:
  1769 000018E4 C3                  <1>     ret
  1770                              <1> 
  1771                              <1> ; XGA paints the CPU-generated 1-bit shape from system RAM. Pattern-zero
  1772                              <1> ; pixels retain the destination, so no boundary line is used.
  1773                              <1> fill_masked_quad:
  1774 000018E5 26C606480003        <1>     mov byte [es:0x48], 3
  1775 000018EB 26C606490005        <1>     mov byte [es:0x49], 5
  1776 000018F1 660FB606[A125]      <1>     movzx eax, byte [fill_color]
  1777 000018F7 2666A35800          <1>     mov [es:0x58], eax
  1778 000018FC A1[441C]            <1>     mov ax, [tri_width]
  1779 000018FF 26A36000            <1>     mov [es:0x60], ax
  1780 00001903 A1[461C]            <1>     mov ax, [tri_height]
  1781 00001906 26A36200            <1>     mov [es:0x62], ax
  1782 0000190A 26C70674000000      <1>     mov word [es:0x74], 0
  1783 00001911 A1[3C1C]            <1>     mov ax, [tri_min_x]
  1784 00001914 26A37800            <1>     mov [es:0x78], ax
  1785 00001918 26C70676000000      <1>     mov word [es:0x76], 0
  1786 0000191F A1[401C]            <1>     mov ax, [tri_min_y]
  1787 00001922 26A37A00            <1>     mov [es:0x7a], ax
  1788 00001926 2666C7067C00003011- <1>     mov dword [es:0x7c], MASKED_SOLID_OP
  1788 0000192F 08                  <1>
  1789 00001930 E87482              <1>     call wait_cp
  1790 00001933 C3                  <1>     ret
  1791                              <1> 
  1792                              <1> ; Clear only this quad's bounding box in the off-screen 1-bit map, draw
  1793                              <1> ; its four area boundaries with XGA, then fill just that box with Area Fill.
  1794                              <1> ; Bounding both passes prevents a bad edge from extending across the screen.
  1795                              <1> fill_quad_area:
  1796                              <1>     ; The fourth edge must close this quad, regardless of the prior fill path.
  1797 00001934 A1[181C]            <1>     mov ax, [tri_x0]
  1798 00001937 A3[281C]            <1>     mov [tri_x4], ax
  1799 0000193A A1[1A1C]            <1>     mov ax, [tri_y0]
  1800 0000193D A3[2A1C]            <1>     mov [tri_y4], ax
  1801 00001940 E86482              <1>     call wait_cp
  1802 00001943 0F82C100            <1>     jc .done
  1803 00001947 26C606120003        <1>     mov byte [es:0x12], 3
  1804 0000194D 2666C7065800000000- <1>     mov dword [es:0x58], 0
  1804 00001956 00                  <1>
  1805 00001957 A1[441C]            <1>     mov ax, [tri_width]
  1806 0000195A 26A36000            <1>     mov [es:0x60], ax
  1807 0000195E A1[461C]            <1>     mov ax, [tri_height]
  1808 00001961 26A36200            <1>     mov [es:0x62], ax
  1809 00001965 A1[3C1C]            <1>     mov ax, [tri_min_x]
  1810 00001968 26A37800            <1>     mov [es:0x78], ax
  1811 0000196C A1[401C]            <1>     mov ax, [tri_min_y]
  1812 0000196F 26A37A00            <1>     mov [es:0x7a], ax
  1813 00001973 2666C7067C00008013- <1>     mov dword [es:0x7c], 0x08138000
  1813 0000197C 08                  <1>
  1814 0000197D E82782              <1>     call wait_cp
  1815 00001980 0F828400            <1>     jc .done
  1816 00001984 26C606120001        <1>     mov byte [es:0x12], 1
  1817 0000198A 26C606480006        <1>     mov byte [es:0x48], 6
  1818 00001990 C606[9F25]30        <1>     mov byte [line_flags], 0x30
  1819 00001995 BE[181C]            <1>     mov si, tri_x0
  1820 00001998 BD0400              <1>     mov bp, 4
  1821                              <1> .edge:
  1822 0000199B 8B04                <1>     mov ax, [si]
  1823 0000199D 8B5402              <1>     mov dx, [si+2]
  1824 000019A0 8B5C04              <1>     mov bx, [si+4]
  1825 000019A3 8B4C06              <1>     mov cx, [si+6]
  1826 000019A6 39D8                <1>     cmp ax, bx
  1827 000019A8 7504                <1>     jne .draw_edge
  1828 000019AA 39CA                <1>     cmp dx, cx
  1829 000019AC 7405                <1>     je .next_edge              ; pointed facets have one zero-length side
  1830                              <1> .draw_edge:
  1831 000019AE E864F3              <1>     call draw_line
  1832 000019B1 7255                <1>     jc .done
  1833                              <1> .next_edge:
  1834 000019B3 83C604              <1>     add si, 4
  1835 000019B6 4D                  <1>     dec bp
  1836 000019B7 75E2                <1>     jnz .edge
  1837 000019B9 C606[9F25]00        <1>     mov byte [line_flags], 0
  1838 000019BE 26C606480003        <1>     mov byte [es:0x48], 3
  1839 000019C4 660FB606[A125]      <1>     movzx eax, byte [fill_color]
  1840 000019CA 2666A35800          <1>     mov [es:0x58], eax
  1841 000019CF A1[441C]            <1>     mov ax, [tri_width]
  1842 000019D2 26A36000            <1>     mov [es:0x60], ax
  1843 000019D6 A1[461C]            <1>     mov ax, [tri_height]
  1844 000019D9 26A36200            <1>     mov [es:0x62], ax
  1845 000019DD A1[3C1C]            <1>     mov ax, [tri_min_x]
  1846 000019E0 26A37000            <1>     mov [es:0x70], ax
  1847 000019E4 26A37400            <1>     mov [es:0x74], ax
  1848 000019E8 26A37800            <1>     mov [es:0x78], ax
  1849 000019EC A1[401C]            <1>     mov ax, [tri_min_y]
  1850 000019EF 26A37200            <1>     mov [es:0x72], ax
  1851 000019F3 26A37600            <1>     mov [es:0x76], ax
  1852 000019F7 26A37A00            <1>     mov [es:0x7a], ax
  1853 000019FB 2666C7067C00003031- <1>     mov dword [es:0x7c], AREA_FILL_OP
  1853 00001A04 0A                  <1>
  1854 00001A05 E89F81              <1>     call wait_cp
  1855                              <1> .done:
  1856 00001A08 C606[9F25]00        <1>     mov byte [line_flags], 0
  1857 00001A0D C3                  <1>     ret
  1858                              <1> 
  1859                              <1> ; Rotate the selected precomputed mesh around Y and X and project it.
  1860                              <1> ; Z remains in torus_screen_z for the painter's-order sort.
  1861                              <1> project_torus:
  1862 00001A0E A1[A91B]            <1>     mov ax, [rotation]
  1863 00001A11 25FF00              <1>     and ax, 255
  1864 00001A14 89C3                <1>     mov bx, ax
  1865 00001A16 0FBE87[5197]        <1>     movsx ax, byte [sine_table+bx]
  1866 00001A1B A3[0C1C]            <1>     mov [torus_sin_y], ax
  1867 00001A1E 83C340              <1>     add bx, 64
  1868 00001A21 81E3FF00            <1>     and bx, 255
  1869 00001A25 0FBE87[5197]        <1>     movsx ax, byte [sine_table+bx]
  1870 00001A2A A3[0E1C]            <1>     mov [torus_cos_y], ax
  1871 00001A2D A1[A91B]            <1>     mov ax, [rotation]
  1872 00001A30 D1E8                <1>     shr ax, 1
  1873 00001A32 83C020              <1>     add ax, 32
  1874 00001A35 25FF00              <1>     and ax, 255
  1875 00001A38 89C3                <1>     mov bx, ax
  1876 00001A3A 0FBE87[5197]        <1>     movsx ax, byte [sine_table+bx]
  1877 00001A3F A3[101C]            <1>     mov [torus_sin_x], ax
  1878 00001A42 83C340              <1>     add bx, 64
  1879 00001A45 81E3FF00            <1>     and bx, 255
  1880 00001A49 0FBE87[5197]        <1>     movsx ax, byte [sine_table+bx]
  1881 00001A4E A3[121C]            <1>     mov [torus_cos_x], ax
  1882 00001A51 C706[C81B]0000      <1>     mov word [mesh_vertex_index], 0
  1883                              <1> .vertex:
  1884 00001A57 8B36[C81B]          <1>     mov si, [mesh_vertex_index]
  1885 00001A5B 89F3                <1>     mov bx, si
  1886 00001A5D D1E3                <1>     shl bx, 1
  1887 00001A5F 89DF                <1>     mov di, bx
  1888 00001A61 D1E3                <1>     shl bx, 1
  1889 00001A63 01FB                <1>     add bx, di                  ; six bytes per model vertex
  1890 00001A65 8B36[C01B]          <1>     mov si, [mesh_vertices]
  1891 00001A69 01DE                <1>     add si, bx
  1892 00001A6B 8B04                <1>     mov ax, [si]
  1893 00001A6D A3[D126]            <1>     mov [tmp_x], ax
  1894 00001A70 8B4402              <1>     mov ax, [si+2]
  1895 00001A73 A3[D326]            <1>     mov [tmp_y], ax
  1896 00001A76 8B4404              <1>     mov ax, [si+4]
  1897 00001A79 A3[D526]            <1>     mov [tmp_z], ax
  1898 00001A7C A1[D126]            <1>     mov ax, [tmp_x]
  1899 00001A7F F72E[0E1C]          <1>     imul word [torus_cos_y]
  1900 00001A83 C1F807              <1>     sar ax, 7
  1901 00001A86 A3[D926]            <1>     mov [tmp1], ax
  1902 00001A89 A1[D526]            <1>     mov ax, [tmp_z]
  1903 00001A8C F72E[0C1C]          <1>     imul word [torus_sin_y]
  1904 00001A90 C1F807              <1>     sar ax, 7
  1905 00001A93 2906[D926]          <1>     sub [tmp1], ax
  1906 00001A97 A1[D926]            <1>     mov ax, [tmp1]
  1907 00001A9A 0306[CA1B]          <1>     add ax, [mesh_center_x]
  1908 00001A9E 8985[7D21]          <1>     mov [torus_screen_x+di], ax
  1909 00001AA2 A1[D126]            <1>     mov ax, [tmp_x]
  1910 00001AA5 F72E[0C1C]          <1>     imul word [torus_sin_y]
  1911 00001AA9 C1F807              <1>     sar ax, 7
  1912 00001AAC A3[DB26]            <1>     mov [tmp2], ax
  1913 00001AAF A1[D526]            <1>     mov ax, [tmp_z]
  1914 00001AB2 F72E[0E1C]          <1>     imul word [torus_cos_y]
  1915 00001AB6 C1F807              <1>     sar ax, 7
  1916 00001AB9 0306[DB26]          <1>     add ax, [tmp2]
  1917 00001ABD A3[D726]            <1>     mov [tmp_zrot], ax
  1918 00001AC0 A1[D326]            <1>     mov ax, [tmp_y]
  1919 00001AC3 F72E[121C]          <1>     imul word [torus_cos_x]
  1920 00001AC7 C1F807              <1>     sar ax, 7
  1921 00001ACA A3[DB26]            <1>     mov [tmp2], ax
  1922 00001ACD A1[D726]            <1>     mov ax, [tmp_zrot]
  1923 00001AD0 F72E[101C]          <1>     imul word [torus_sin_x]
  1924 00001AD4 C1F807              <1>     sar ax, 7
  1925 00001AD7 2906[DB26]          <1>     sub [tmp2], ax
  1926 00001ADB A1[CC1B]            <1>     mov ax, [mesh_center_y]
  1927 00001ADE 2B06[DB26]          <1>     sub ax, [tmp2]
  1928 00001AE2 8985[7D22]          <1>     mov [torus_screen_y+di], ax
  1929 00001AE6 A1[D326]            <1>     mov ax, [tmp_y]
  1930 00001AE9 F72E[101C]          <1>     imul word [torus_sin_x]
  1931 00001AED C1F807              <1>     sar ax, 7
  1932 00001AF0 A3[D926]            <1>     mov [tmp1], ax
  1933 00001AF3 A1[D726]            <1>     mov ax, [tmp_zrot]
  1934 00001AF6 F72E[121C]          <1>     imul word [torus_cos_x]
  1935 00001AFA C1F807              <1>     sar ax, 7
  1936 00001AFD 0306[D926]          <1>     add ax, [tmp1]
  1937 00001B01 8985[7D23]          <1>     mov [torus_screen_z+di], ax
  1938 00001B05 FF06[C81B]          <1>     inc word [mesh_vertex_index]
  1939 00001B09 8B36[C81B]          <1>     mov si, [mesh_vertex_index]
  1940 00001B0D 3B36[C61B]          <1>     cmp si, [mesh_vertex_count]
  1941 00001B11 0F8242FF            <1>     jb .vertex
  1942 00001B15 C3                  <1>     ret
  1943                              <1> 
  1944                              <1> ; Average the four rotated Z values of each small quad.
  1945                              <1> build_torus_depth:
  1946 00001B16 31DB                <1>     xor bx, bx
  1947                              <1> .quad:
  1948 00001B18 89DE                <1>     mov si, bx
  1949 00001B1A C1E602              <1>     shl si, 2
  1950 00001B1D 01DE                <1>     add si, bx                  ; five bytes per quad
  1951 00001B1F 0336[C21B]          <1>     add si, [mesh_quads]
  1952 00001B23 0FB63C              <1>     movzx di, byte [si]
  1953 00001B26 D1E7                <1>     shl di, 1
  1954 00001B28 8B85[7D23]          <1>     mov ax, [torus_screen_z+di]
  1955 00001B2C 0FB67C01            <1>     movzx di, byte [si+1]
  1956 00001B30 D1E7                <1>     shl di, 1
  1957 00001B32 0385[7D23]          <1>     add ax, [torus_screen_z+di]
  1958 00001B36 0FB67C02            <1>     movzx di, byte [si+2]
  1959 00001B3A D1E7                <1>     shl di, 1
  1960 00001B3C 0385[7D23]          <1>     add ax, [torus_screen_z+di]
  1961 00001B40 0FB67C03            <1>     movzx di, byte [si+3]
  1962 00001B44 D1E7                <1>     shl di, 1
  1963 00001B46 0385[7D23]          <1>     add ax, [torus_screen_z+di]
  1964 00001B4A 89DF                <1>     mov di, bx
  1965 00001B4C D1E7                <1>     shl di, 1
  1966 00001B4E 8985[7D24]          <1>     mov [torus_depth+di], ax
  1967 00001B52 43                  <1>     inc bx
  1968 00001B53 3B1E[C41B]          <1>     cmp bx, [mesh_quad_count]
  1969 00001B57 72BF                <1>     jb .quad
  1970 00001B59 C3                  <1>     ret
  1971                              <1> 
  1972                              <1> ; Insertion sort farthest first. Retaining last frame's order saves work as
  1973                              <1> ; each mesh moves only a small angle between frames.
  1974                              <1> sort_torus_quads:
  1975 00001B5A BE0100              <1>     mov si, 1
  1976                              <1> .next:
  1977 00001B5D 8A84[5D2C]          <1>     mov al, [torus_order+si]
  1978 00001B61 A2[091C]            <1>     mov [torus_key], al
  1979 00001B64 0FB6D8              <1>     movzx bx, al
  1980 00001B67 D1E3                <1>     shl bx, 1
  1981 00001B69 8B87[7D24]          <1>     mov ax, [torus_depth+bx]
  1982 00001B6D A3[0A1C]            <1>     mov [torus_key_depth], ax
  1983 00001B70 89F3                <1>     mov bx, si
  1984                              <1> .shift:
  1985 00001B72 09DB                <1>     or bx, bx
  1986 00001B74 7424                <1>     jz .insert
  1987 00001B76 89DF                <1>     mov di, bx
  1988 00001B78 4F                  <1>     dec di
  1989 00001B79 0FB685[5D2C]        <1>     movzx ax, byte [torus_order+di]
  1990 00001B7E D1E0                <1>     shl ax, 1
  1991 00001B80 89C7                <1>     mov di, ax
  1992 00001B82 8B85[7D24]          <1>     mov ax, [torus_depth+di]
  1993 00001B86 3B06[0A1C]          <1>     cmp ax, [torus_key_depth]
  1994 00001B8A 7E0E                <1>     jle .insert
  1995 00001B8C 89DF                <1>     mov di, bx
  1996 00001B8E 4F                  <1>     dec di
  1997 00001B8F 8A85[5D2C]          <1>     mov al, [torus_order+di]
  1998 00001B93 8887[5D2C]          <1>     mov [torus_order+bx], al
  1999 00001B97 4B                  <1>     dec bx
  2000 00001B98 EBD8                <1>     jmp .shift
  2001                              <1> .insert:
  2002 00001B9A A0[091C]            <1>     mov al, [torus_key]
  2003 00001B9D 8887[5D2C]          <1>     mov [torus_order+bx], al
  2004 00001BA1 46                  <1>     inc si
  2005 00001BA2 3B36[C41B]          <1>     cmp si, [mesh_quad_count]
  2006 00001BA6 72B5                <1>     jb .next
  2007 00001BA8 C3                  <1>     ret
  2008                              <1> 
  2009 00001BA9 0000                <1> rotation dw 0
  2010 00001BAB 4000                <1> stress_count dw 64
  2011 00001BAD 0000                <1> stress_index dw 0
  2012 00001BAF 0000                <1> stress_cell dw 0
  2013 00001BB1 0000                <1> stress_x0 dw 0
  2014 00001BB3 0000                <1> stress_x1 dw 0
  2015 00001BB5 0000                <1> stress_xmid dw 0
  2016 00001BB7 0000                <1> stress_y0 dw 0
  2017 00001BB9 0000                <1> stress_y1 dw 0
  2018 00001BBB 0000                <1> stress_ymid dw 0
  2019 00001BBD 00                  <1> torus_pos db 0
  2020 00001BBE 0000                <1> mesh_drawn dw 0
  2021 00001BC0 [DD26]              <1> mesh_vertices dw torus_vertices
  2022 00001BC2 [DD29]              <1> mesh_quads dw torus_quads
  2023 00001BC4 8000                <1> mesh_quad_count dw TORUS_QUADS
  2024 00001BC6 8000                <1> mesh_vertex_count dw TORUS_VERTS
  2025 00001BC8 0000                <1> mesh_vertex_index dw 0
  2026 00001BCA 4001                <1> mesh_center_x dw 320
  2027 00001BCC F000                <1> mesh_center_y dw 240
  2028 00001BCE 4001                <1> boing_x dw 320
  2029 00001BD0 2C01                <1> boing_y dw 300
  2030 00001BD2 0500                <1> boing_dx dw 5
  2031 00001BD4 0000                <1> boing_frame dw 0
  2032 00001BD6 00                  <1> speaker_frames db 0
  2033 00001BD7 0807                <1> speaker_divisor dw 1800
  2034 00001BD9 0000                <1> grid_index dw 0
  2035 00001BDB 0000                <1> grid_top_x dw 0
  2036 00001BDD 640056011A023E0066- <1> floor_rows dw 100,342,538, 62,358,576, 16,380,616
  2036 00001BE6 01400210007C016802  <1>
  2037 00001BEF 0000                <1> shadow_row dw 0
  2038 00001BF1 0000                <1> shadow_half dw 0
  2039 00001BF3 0000                <1> shadow_shrink dw 0
  2040 00001BF5 1800200026002A002C- <1> shadow_widths dw 24,32,38,42,44,42,38,32,24
  2040 00001BFE 002A00260020001800  <1>
  2041 00001C07 0000                <1> torus_quad_offset dw 0
  2042 00001C09 00                  <1> torus_key db 0
  2043 00001C0A 0000                <1> torus_key_depth dw 0
  2044 00001C0C 0000                <1> torus_sin_y dw 0
  2045 00001C0E 0000                <1> torus_cos_y dw 0
  2046 00001C10 0000                <1> torus_sin_x dw 0
  2047 00001C12 0000                <1> torus_cos_x dw 0
  2048 00001C14 00                  <1> tri_a db 0
  2049 00001C15 00                  <1> tri_b db 0
  2050 00001C16 00                  <1> tri_c db 0
  2051 00001C17 00                  <1> tri_d db 0
  2052 00001C18 0000                <1> tri_x0 dw 0
  2053 00001C1A 0000                <1> tri_y0 dw 0
  2054 00001C1C 0000                <1> tri_x1 dw 0
  2055 00001C1E 0000                <1> tri_y1 dw 0
  2056 00001C20 0000                <1> tri_x2 dw 0
  2057 00001C22 0000                <1> tri_y2 dw 0
  2058 00001C24 0000                <1> tri_x3 dw 0
  2059 00001C26 0000                <1> tri_y3 dw 0
  2060 00001C28 0000                <1> tri_x4 dw 0
  2061 00001C2A 0000                <1> tri_y4 dw 0
  2062 00001C2C 0000                <1> tri_dx1 dw 0
  2063 00001C2E 0000                <1> tri_dy1 dw 0
  2064 00001C30 0000                <1> tri_dx2 dw 0
  2065 00001C32 0000                <1> tri_dy2 dw 0
  2066 00001C34 0000                <1> tri_dx3 dw 0
  2067 00001C36 0000                <1> tri_dy3 dw 0
  2068 00001C38 0000                <1> tri_cross dw 0
  2069 00001C3A 0000                <1> quad_cross2 dw 0
  2070 00001C3C 0000                <1> tri_min_x dw 0
  2071 00001C3E 0000                <1> tri_max_x dw 0
  2072 00001C40 0000                <1> tri_min_y dw 0
  2073 00001C42 0000                <1> tri_max_y dw 0
  2074 00001C44 0000                <1> tri_width dw 0
  2075 00001C46 0000                <1> tri_height dw 0
  2076 00001C48 0000                <1> mask_y dw 0
  2077 00001C4A 0000                <1> mask_row_offset dw 0
  2078 00001C4C 0000                <1> mask_span_left dw 0
  2079 00001C4E 0000                <1> mask_span_right dw 0
  2080 00001C50 0000                <1> mask_first_byte dw 0
  2081 00001C52 0000                <1> mask_last_byte dw 0
  2082 00001C54 0000                <1> mask_clear_bytes dw 0
  2083 00001C56 01                  <1> mesh_area_mode db 1
  2084 00001C57 00                  <1> mesh_map_ram db 0
  2085 00001C58 00                  <1> mesh_quad_index db 0
  2086 00001C59 [D136]              <1> mesh_area_table dw torus_area_unsafe
  2087 00001C5B 00B00400            <1> draw_page_base dd BACK_BASE
  2088 00001C5F 0000                <1> edge_y dw 0
  2089 00001C61 0000                <1> edge_end_y dw 0
  2090 00001C63 0000                <1> edge_top_x dw 0
  2091 00001C65 00000000            <1> edge_x_fp dd 0
  2092 00001C69 00000000            <1> edge_slope dd 0
  2093 00001C6D 0000<rep 140h>      <1> mask_scan_left times MESH_MASK_H dw 0
  2094 00001EED 0000<rep 140h>      <1> mask_scan_right times MESH_MASK_H dw 0
  2095 0000216D FFFEFCF8F0E0C080    <1> mask_first_bits db 0xff,0xfe,0xfc,0xf8,0xf0,0xe0,0xc0,0x80
  2096 00002175 0103070F1F3F7FFF    <1> mask_last_bits db 0x01,0x03,0x07,0x0f,0x1f,0x3f,0x7f,0xff
  2097 0000217D 0000<rep 80h>       <1> torus_screen_x times TORUS_VERTS dw 0
  2098 0000227D 0000<rep 80h>       <1> torus_screen_y times TORUS_VERTS dw 0
  2099 0000237D 0000<rep 80h>       <1> torus_screen_z times TORUS_VERTS dw 0
  2100 0000247D 0000<rep 80h>       <1> torus_depth times TORUS_QUADS dw 0
  2101 0000257D 0000                <1> cube_sin_y dw 0
  2102 0000257F 0000                <1> cube_cos_y dw 0
  2103 00002581 0000                <1> cube_sin_x dw 0
  2104 00002583 0000                <1> cube_cos_x dw 0
  2105 00002585 00                  <1> demo_mode db 0
  2106 00002586 01                  <1> vsync_enabled db 1
  2107 00002587 0000                <1> io_base dw 0
  2108 00002589 0000                <1> cp_seg dw 0
  2109 0000258B 00000000            <1> aperture dd 0
  2110 0000258F 00000000            <1> cp_aperture dd 0
  2111 00002593 03                  <1> old_mode db 3
  2112 00002594 00                  <1> mode_active db 0
  2113 00002595 0000                <1> pos_base dw 0
  2114 00002597 0000                <1> card_id dw 0
  2115 00002599 00                  <1> pos1 db 0
  2116 0000259A 00                  <1> pos3 db 0
  2117 0000259B 00                  <1> pos4 db 0
  2118 0000259C 0000                <1> vsync_wait_start dw 0
  2119 0000259E 00                  <1> line_octant db 0
  2120 0000259F 00                  <1> line_flags db 0
  2121 000025A0 01                  <1> line_color db 1
  2122 000025A1 02                  <1> fill_color db 2
  2123 000025A2 0C00                <1> visible_balls dw 12
  2124 000025A4 10                  <1> hud_count_label db 16
  2125 000025A5 00                  <1> effect db 0
  2126 000025A6 00                  <1> mask_enabled db 0
  2127 000025A7 00                  <1> background_mode db 0
  2128 000025A8 0000003F3F3F3F0000- <1> vector_palette db 0,0,0, 63,63,63, 63,0,0, 0,63,0, 0,0,63, 63,63,0, 0,63,63, 63,0,63, 63,32,0, 32,32,32
  2128 000025B1 003F0000003F3F3F00- <1>
  2128 000025BA 003F3F3F003F3F2000- <1>
  2128 000025C3 202020              <1>
  2129 000025C6 260026282828        <1>                db 38,0,38, 40,40,40
  2130 000025CC 000012020823061233- <1>                db 0,0,18, 2,8,35, 6,18,51, 10,35,63, 18,53,63, 40,62,63, 28,19,57, 60,63,63
  2130 000025D5 0A233F12353F283E3F- <1>
  2130 000025DE 1C13393C3F3F        <1>
  2131 000025E4 B0FFB0FFB0FF5000B0- <1> cube_points dw -80,-80,-80, 80,-80,-80, 80,80,-80, -80,80,-80
  2131 000025ED FFB0FF50005000B0FF- <1>
  2131 000025F6 B0FF5000B0FF        <1>
  2132 000025FC B0FFB0FF50005000B0- <1>              dw -80,-80,80, 80,-80,80, 80,80,80, -80,80,80
  2132 00002605 FF5000500050005000- <1>
  2132 0000260E B0FF50005000        <1>
  2133 00002614 0000<rep 10h>       <1> projected_points times 16 dw 0
  2134 00002634 000101020203030004- <1> cube_edges db 0,1, 1,2, 2,3, 3,0, 4,5, 5,6, 6,7, 7,4
  2134 0000263D 05050606070704      <1>
  2135 00002644 0004010502060307    <1>             db 0,4, 1,5, 2,6, 3,7
  2136                              <1> cube_edges_end:
  2137 0000264C 6400000000009CFF00- <1> octa_verts dw 100,0,0, -100,0,0, 0,100,0, 0,-100,0, 0,0,100, 0,0,-100
  2137 00002655 000000000064000000- <1>
  2137 0000265E 00009CFF0000000000- <1>
  2137 00002667 006400000000009CFF  <1>
  2138 00002670 000204020201040301- <1> octa_faces db 0,2,4,2, 2,1,4,3, 1,3,4,4, 3,0,4,5, 2,0,5,6, 1,2,5,7, 3,1,5,8, 0,3,5,9
  2138 00002679 030404030004050200- <1>
  2138 00002682 050601020507030105- <1>
  2138 0000268B 0800030509          <1>
  2139 00002690 0000<rep 6h>        <1> octa_screen_x times 6 dw 0
  2140 0000269C 0000<rep 6h>        <1> octa_screen_y times 6 dw 0
  2141 000026A8 0000<rep 6h>        <1> octa_rot_z times 6 dw 0
  2142 000026B4 0000<rep 8h>        <1> octa_depth times 8 dw 0
  2143 000026C4 0001020304050607    <1> octa_order db 0,1,2,3,4,5,6,7
  2144 000026CC 00                  <1> solid_pos db 0
  2145 000026CD 0000                <1> rot_sin dw 0
  2146 000026CF 0000                <1> rot_cos dw 0
  2147 000026D1 0000                <1> tmp_x dw 0
  2148 000026D3 0000                <1> tmp_y dw 0
  2149 000026D5 0000                <1> tmp_z dw 0
  2150 000026D7 0000                <1> tmp_zrot dw 0
  2151 000026D9 0000                <1> tmp1 dw 0
  2152 000026DB 0000                <1> tmp2 dw 0
  2153                              <1> %include "xga_torus_mesh.inc"
     1                              <2> ; Generated by make_vector_torus.py; 16 major x 8 tube segments.
     2                              <2> ; By Dag Erik Hagesæter / Retro Erik using Codex in VS Code
     3                              <2> torus_vertices:
     4 000026DD 960000000000        <2>     dw 150,0,0
     5 000026E3 8A001E000000        <2>     dw 138,30,0
     6 000026E9 6C002A000000        <2>     dw 108,42,0
     7 000026EF 4E001E000000        <2>     dw 78,30,0
     8 000026F5 420000000000        <2>     dw 66,0,0
     9 000026FB 4E00E2FF0000        <2>     dw 78,-30,0
    10 00002701 6C00D6FF0000        <2>     dw 108,-42,0
    11 00002707 8A00E2FF0000        <2>     dw 138,-30,0
    12 0000270D 8B0000003900        <2>     dw 139,0,57
    13 00002713 7F001E003500        <2>     dw 127,30,53
    14 00002719 64002A002900        <2>     dw 100,42,41
    15 0000271F 48001E001E00        <2>     dw 72,30,30
    16 00002725 3D0000001900        <2>     dw 61,0,25
    17 0000272B 4800E2FF1E00        <2>     dw 72,-30,30
    18 00002731 6400D6FF2900        <2>     dw 100,-42,41
    19 00002737 7F00E2FF3500        <2>     dw 127,-30,53
    20 0000273D 6A0000006A00        <2>     dw 106,0,106
    21 00002743 61001E006100        <2>     dw 97,30,97
    22 00002749 4C002A004C00        <2>     dw 76,42,76
    23 0000274F 37001E003700        <2>     dw 55,30,55
    24 00002755 2F0000002F00        <2>     dw 47,0,47
    25 0000275B 3700E2FF3700        <2>     dw 55,-30,55
    26 00002761 4C00D6FF4C00        <2>     dw 76,-42,76
    27 00002767 6100E2FF6100        <2>     dw 97,-30,97
    28 0000276D 390000008B00        <2>     dw 57,0,139
    29 00002773 35001E007F00        <2>     dw 53,30,127
    30 00002779 29002A006400        <2>     dw 41,42,100
    31 0000277F 1E001E004800        <2>     dw 30,30,72
    32 00002785 190000003D00        <2>     dw 25,0,61
    33 0000278B 1E00E2FF4800        <2>     dw 30,-30,72
    34 00002791 2900D6FF6400        <2>     dw 41,-42,100
    35 00002797 3500E2FF7F00        <2>     dw 53,-30,127
    36 0000279D 000000009600        <2>     dw 0,0,150
    37 000027A3 00001E008A00        <2>     dw 0,30,138
    38 000027A9 00002A006C00        <2>     dw 0,42,108
    39 000027AF 00001E004E00        <2>     dw 0,30,78
    40 000027B5 000000004200        <2>     dw 0,0,66
    41 000027BB 0000E2FF4E00        <2>     dw 0,-30,78
    42 000027C1 0000D6FF6C00        <2>     dw 0,-42,108
    43 000027C7 0000E2FF8A00        <2>     dw 0,-30,138
    44 000027CD C7FF00008B00        <2>     dw -57,0,139
    45 000027D3 CBFF1E007F00        <2>     dw -53,30,127
    46 000027D9 D7FF2A006400        <2>     dw -41,42,100
    47 000027DF E2FF1E004800        <2>     dw -30,30,72
    48 000027E5 E7FF00003D00        <2>     dw -25,0,61
    49 000027EB E2FFE2FF4800        <2>     dw -30,-30,72
    50 000027F1 D7FFD6FF6400        <2>     dw -41,-42,100
    51 000027F7 CBFFE2FF7F00        <2>     dw -53,-30,127
    52 000027FD 96FF00006A00        <2>     dw -106,0,106
    53 00002803 9FFF1E006100        <2>     dw -97,30,97
    54 00002809 B4FF2A004C00        <2>     dw -76,42,76
    55 0000280F C9FF1E003700        <2>     dw -55,30,55
    56 00002815 D1FF00002F00        <2>     dw -47,0,47
    57 0000281B C9FFE2FF3700        <2>     dw -55,-30,55
    58 00002821 B4FFD6FF4C00        <2>     dw -76,-42,76
    59 00002827 9FFFE2FF6100        <2>     dw -97,-30,97
    60 0000282D 75FF00003900        <2>     dw -139,0,57
    61 00002833 81FF1E003500        <2>     dw -127,30,53
    62 00002839 9CFF2A002900        <2>     dw -100,42,41
    63 0000283F B8FF1E001E00        <2>     dw -72,30,30
    64 00002845 C3FF00001900        <2>     dw -61,0,25
    65 0000284B B8FFE2FF1E00        <2>     dw -72,-30,30
    66 00002851 9CFFD6FF2900        <2>     dw -100,-42,41
    67 00002857 81FFE2FF3500        <2>     dw -127,-30,53
    68 0000285D 6AFF00000000        <2>     dw -150,0,0
    69 00002863 76FF1E000000        <2>     dw -138,30,0
    70 00002869 94FF2A000000        <2>     dw -108,42,0
    71 0000286F B2FF1E000000        <2>     dw -78,30,0
    72 00002875 BEFF00000000        <2>     dw -66,0,0
    73 0000287B B2FFE2FF0000        <2>     dw -78,-30,0
    74 00002881 94FFD6FF0000        <2>     dw -108,-42,0
    75 00002887 76FFE2FF0000        <2>     dw -138,-30,0
    76 0000288D 75FF0000C7FF        <2>     dw -139,0,-57
    77 00002893 81FF1E00CBFF        <2>     dw -127,30,-53
    78 00002899 9CFF2A00D7FF        <2>     dw -100,42,-41
    79 0000289F B8FF1E00E2FF        <2>     dw -72,30,-30
    80 000028A5 C3FF0000E7FF        <2>     dw -61,0,-25
    81 000028AB B8FFE2FFE2FF        <2>     dw -72,-30,-30
    82 000028B1 9CFFD6FFD7FF        <2>     dw -100,-42,-41
    83 000028B7 81FFE2FFCBFF        <2>     dw -127,-30,-53
    84 000028BD 96FF000096FF        <2>     dw -106,0,-106
    85 000028C3 9FFF1E009FFF        <2>     dw -97,30,-97
    86 000028C9 B4FF2A00B4FF        <2>     dw -76,42,-76
    87 000028CF C9FF1E00C9FF        <2>     dw -55,30,-55
    88 000028D5 D1FF0000D1FF        <2>     dw -47,0,-47
    89 000028DB C9FFE2FFC9FF        <2>     dw -55,-30,-55
    90 000028E1 B4FFD6FFB4FF        <2>     dw -76,-42,-76
    91 000028E7 9FFFE2FF9FFF        <2>     dw -97,-30,-97
    92 000028ED C7FF000075FF        <2>     dw -57,0,-139
    93 000028F3 CBFF1E0081FF        <2>     dw -53,30,-127
    94 000028F9 D7FF2A009CFF        <2>     dw -41,42,-100
    95 000028FF E2FF1E00B8FF        <2>     dw -30,30,-72
    96 00002905 E7FF0000C3FF        <2>     dw -25,0,-61
    97 0000290B E2FFE2FFB8FF        <2>     dw -30,-30,-72
    98 00002911 D7FFD6FF9CFF        <2>     dw -41,-42,-100
    99 00002917 CBFFE2FF81FF        <2>     dw -53,-30,-127
   100 0000291D 000000006AFF        <2>     dw 0,0,-150
   101 00002923 00001E0076FF        <2>     dw 0,30,-138
   102 00002929 00002A0094FF        <2>     dw 0,42,-108
   103 0000292F 00001E00B2FF        <2>     dw 0,30,-78
   104 00002935 00000000BEFF        <2>     dw 0,0,-66
   105 0000293B 0000E2FFB2FF        <2>     dw 0,-30,-78
   106 00002941 0000D6FF94FF        <2>     dw 0,-42,-108
   107 00002947 0000E2FF76FF        <2>     dw 0,-30,-138
   108 0000294D 3900000075FF        <2>     dw 57,0,-139
   109 00002953 35001E0081FF        <2>     dw 53,30,-127
   110 00002959 29002A009CFF        <2>     dw 41,42,-100
   111 0000295F 1E001E00B8FF        <2>     dw 30,30,-72
   112 00002965 19000000C3FF        <2>     dw 25,0,-61
   113 0000296B 1E00E2FFB8FF        <2>     dw 30,-30,-72
   114 00002971 2900D6FF9CFF        <2>     dw 41,-42,-100
   115 00002977 3500E2FF81FF        <2>     dw 53,-30,-127
   116 0000297D 6A00000096FF        <2>     dw 106,0,-106
   117 00002983 61001E009FFF        <2>     dw 97,30,-97
   118 00002989 4C002A00B4FF        <2>     dw 76,42,-76
   119 0000298F 37001E00C9FF        <2>     dw 55,30,-55
   120 00002995 2F000000D1FF        <2>     dw 47,0,-47
   121 0000299B 3700E2FFC9FF        <2>     dw 55,-30,-55
   122 000029A1 4C00D6FFB4FF        <2>     dw 76,-42,-76
   123 000029A7 6100E2FF9FFF        <2>     dw 97,-30,-97
   124 000029AD 8B000000C7FF        <2>     dw 139,0,-57
   125 000029B3 7F001E00CBFF        <2>     dw 127,30,-53
   126 000029B9 64002A00D7FF        <2>     dw 100,42,-41
   127 000029BF 48001E00E2FF        <2>     dw 72,30,-30
   128 000029C5 3D000000E7FF        <2>     dw 61,0,-25
   129 000029CB 4800E2FFE2FF        <2>     dw 72,-30,-30
   130 000029D1 6400D6FFD7FF        <2>     dw 100,-42,-41
   131 000029D7 7F00E2FFCBFF        <2>     dw 127,-30,-53
   132                              <2> torus_quads:
   133 000029DD 0008090102          <2>     db 0,8,9,1,2
   134 000029E2 01090A0204          <2>     db 1,9,10,2,4
   135 000029E7 020A0B0306          <2>     db 2,10,11,3,6
   136 000029EC 030B0C0408          <2>     db 3,11,12,4,8
   137 000029F1 040C0D0502          <2>     db 4,12,13,5,2
   138 000029F6 050D0E0604          <2>     db 5,13,14,6,4
   139 000029FB 060E0F0706          <2>     db 6,14,15,7,6
   140 00002A00 070F080008          <2>     db 7,15,8,0,8
   141 00002A05 0810110903          <2>     db 8,16,17,9,3
   142 00002A0A 0911120A05          <2>     db 9,17,18,10,5
   143 00002A0F 0A12130B07          <2>     db 10,18,19,11,7
   144 00002A14 0B13140C09          <2>     db 11,19,20,12,9
   145 00002A19 0C14150D03          <2>     db 12,20,21,13,3
   146 00002A1E 0D15160E05          <2>     db 13,21,22,14,5
   147 00002A23 0E16170F07          <2>     db 14,22,23,15,7
   148 00002A28 0F17100809          <2>     db 15,23,16,8,9
   149 00002A2D 1018191104          <2>     db 16,24,25,17,4
   150 00002A32 11191A1206          <2>     db 17,25,26,18,6
   151 00002A37 121A1B1308          <2>     db 18,26,27,19,8
   152 00002A3C 131B1C1402          <2>     db 19,27,28,20,2
   153 00002A41 141C1D1504          <2>     db 20,28,29,21,4
   154 00002A46 151D1E1606          <2>     db 21,29,30,22,6
   155 00002A4B 161E1F1708          <2>     db 22,30,31,23,8
   156 00002A50 171F181002          <2>     db 23,31,24,16,2
   157 00002A55 1820211905          <2>     db 24,32,33,25,5
   158 00002A5A 1921221A07          <2>     db 25,33,34,26,7
   159 00002A5F 1A22231B09          <2>     db 26,34,35,27,9
   160 00002A64 1B23241C03          <2>     db 27,35,36,28,3
   161 00002A69 1C24251D05          <2>     db 28,36,37,29,5
   162 00002A6E 1D25261E07          <2>     db 29,37,38,30,7
   163 00002A73 1E26271F09          <2>     db 30,38,39,31,9
   164 00002A78 1F27201803          <2>     db 31,39,32,24,3
   165 00002A7D 2028292106          <2>     db 32,40,41,33,6
   166 00002A82 21292A2208          <2>     db 33,41,42,34,8
   167 00002A87 222A2B2302          <2>     db 34,42,43,35,2
   168 00002A8C 232B2C2404          <2>     db 35,43,44,36,4
   169 00002A91 242C2D2506          <2>     db 36,44,45,37,6
   170 00002A96 252D2E2608          <2>     db 37,45,46,38,8
   171 00002A9B 262E2F2702          <2>     db 38,46,47,39,2
   172 00002AA0 272F282004          <2>     db 39,47,40,32,4
   173 00002AA5 2830312907          <2>     db 40,48,49,41,7
   174 00002AAA 2931322A09          <2>     db 41,49,50,42,9
   175 00002AAF 2A32332B03          <2>     db 42,50,51,43,3
   176 00002AB4 2B33342C05          <2>     db 43,51,52,44,5
   177 00002AB9 2C34352D07          <2>     db 44,52,53,45,7
   178 00002ABE 2D35362E09          <2>     db 45,53,54,46,9
   179 00002AC3 2E36372F03          <2>     db 46,54,55,47,3
   180 00002AC8 2F37302805          <2>     db 47,55,48,40,5
   181 00002ACD 3038393108          <2>     db 48,56,57,49,8
   182 00002AD2 31393A3202          <2>     db 49,57,58,50,2
   183 00002AD7 323A3B3304          <2>     db 50,58,59,51,4
   184 00002ADC 333B3C3406          <2>     db 51,59,60,52,6
   185 00002AE1 343C3D3508          <2>     db 52,60,61,53,8
   186 00002AE6 353D3E3602          <2>     db 53,61,62,54,2
   187 00002AEB 363E3F3704          <2>     db 54,62,63,55,4
   188 00002AF0 373F383006          <2>     db 55,63,56,48,6
   189 00002AF5 3840413909          <2>     db 56,64,65,57,9
   190 00002AFA 3941423A03          <2>     db 57,65,66,58,3
   191 00002AFF 3A42433B05          <2>     db 58,66,67,59,5
   192 00002B04 3B43443C07          <2>     db 59,67,68,60,7
   193 00002B09 3C44453D09          <2>     db 60,68,69,61,9
   194 00002B0E 3D45463E03          <2>     db 61,69,70,62,3
   195 00002B13 3E46473F05          <2>     db 62,70,71,63,5
   196 00002B18 3F47403807          <2>     db 63,71,64,56,7
   197 00002B1D 4048494102          <2>     db 64,72,73,65,2
   198 00002B22 41494A4204          <2>     db 65,73,74,66,4
   199 00002B27 424A4B4306          <2>     db 66,74,75,67,6
   200 00002B2C 434B4C4408          <2>     db 67,75,76,68,8
   201 00002B31 444C4D4502          <2>     db 68,76,77,69,2
   202 00002B36 454D4E4604          <2>     db 69,77,78,70,4
   203 00002B3B 464E4F4706          <2>     db 70,78,79,71,6
   204 00002B40 474F484008          <2>     db 71,79,72,64,8
   205 00002B45 4850514903          <2>     db 72,80,81,73,3
   206 00002B4A 4951524A05          <2>     db 73,81,82,74,5
   207 00002B4F 4A52534B07          <2>     db 74,82,83,75,7
   208 00002B54 4B53544C09          <2>     db 75,83,84,76,9
   209 00002B59 4C54554D03          <2>     db 76,84,85,77,3
   210 00002B5E 4D55564E05          <2>     db 77,85,86,78,5
   211 00002B63 4E56574F07          <2>     db 78,86,87,79,7
   212 00002B68 4F57504809          <2>     db 79,87,80,72,9
   213 00002B6D 5058595104          <2>     db 80,88,89,81,4
   214 00002B72 51595A5206          <2>     db 81,89,90,82,6
   215 00002B77 525A5B5308          <2>     db 82,90,91,83,8
   216 00002B7C 535B5C5402          <2>     db 83,91,92,84,2
   217 00002B81 545C5D5504          <2>     db 84,92,93,85,4
   218 00002B86 555D5E5606          <2>     db 85,93,94,86,6
   219 00002B8B 565E5F5708          <2>     db 86,94,95,87,8
   220 00002B90 575F585002          <2>     db 87,95,88,80,2
   221 00002B95 5860615905          <2>     db 88,96,97,89,5
   222 00002B9A 5961625A07          <2>     db 89,97,98,90,7
   223 00002B9F 5A62635B09          <2>     db 90,98,99,91,9
   224 00002BA4 5B63645C03          <2>     db 91,99,100,92,3
   225 00002BA9 5C64655D05          <2>     db 92,100,101,93,5
   226 00002BAE 5D65665E07          <2>     db 93,101,102,94,7
   227 00002BB3 5E66675F09          <2>     db 94,102,103,95,9
   228 00002BB8 5F67605803          <2>     db 95,103,96,88,3
   229 00002BBD 6068696106          <2>     db 96,104,105,97,6
   230 00002BC2 61696A6208          <2>     db 97,105,106,98,8
   231 00002BC7 626A6B6302          <2>     db 98,106,107,99,2
   232 00002BCC 636B6C6404          <2>     db 99,107,108,100,4
   233 00002BD1 646C6D6506          <2>     db 100,108,109,101,6
   234 00002BD6 656D6E6608          <2>     db 101,109,110,102,8
   235 00002BDB 666E6F6702          <2>     db 102,110,111,103,2
   236 00002BE0 676F686004          <2>     db 103,111,104,96,4
   237 00002BE5 6870716907          <2>     db 104,112,113,105,7
   238 00002BEA 6971726A09          <2>     db 105,113,114,106,9
   239 00002BEF 6A72736B03          <2>     db 106,114,115,107,3
   240 00002BF4 6B73746C05          <2>     db 107,115,116,108,5
   241 00002BF9 6C74756D07          <2>     db 108,116,117,109,7
   242 00002BFE 6D75766E09          <2>     db 109,117,118,110,9
   243 00002C03 6E76776F03          <2>     db 110,118,119,111,3
   244 00002C08 6F77706805          <2>     db 111,119,112,104,5
   245 00002C0D 7078797108          <2>     db 112,120,121,113,8
   246 00002C12 71797A7202          <2>     db 113,121,122,114,2
   247 00002C17 727A7B7304          <2>     db 114,122,123,115,4
   248 00002C1C 737B7C7406          <2>     db 115,123,124,116,6
   249 00002C21 747C7D7508          <2>     db 116,124,125,117,8
   250 00002C26 757D7E7602          <2>     db 117,125,126,118,2
   251 00002C2B 767E7F7704          <2>     db 118,126,127,119,4
   252 00002C30 777F787006          <2>     db 119,127,120,112,6
   253 00002C35 7800017909          <2>     db 120,0,1,121,9
   254 00002C3A 7901027A03          <2>     db 121,1,2,122,3
   255 00002C3F 7A02037B05          <2>     db 122,2,3,123,5
   256 00002C44 7B03047C07          <2>     db 123,3,4,124,7
   257 00002C49 7C04057D09          <2>     db 124,4,5,125,9
   258 00002C4E 7D05067E03          <2>     db 125,5,6,126,3
   259 00002C53 7E06077F05          <2>     db 126,6,7,127,5
   260 00002C58 7F07007807          <2>     db 127,7,0,120,7
   261                              <2> torus_quads_end:
   262                              <2> torus_order:
   263 00002C5D 000102030405060708- <2>     db 0,1,2,3,4,5,6,7,8,9,10,11,12,13,14,15
   263 00002C66 090A0B0C0D0E0F      <2>
   264 00002C6D 101112131415161718- <2>     db 16,17,18,19,20,21,22,23,24,25,26,27,28,29,30,31
   264 00002C76 191A1B1C1D1E1F      <2>
   265 00002C7D 202122232425262728- <2>     db 32,33,34,35,36,37,38,39,40,41,42,43,44,45,46,47
   265 00002C86 292A2B2C2D2E2F      <2>
   266 00002C8D 303132333435363738- <2>     db 48,49,50,51,52,53,54,55,56,57,58,59,60,61,62,63
   266 00002C96 393A3B3C3D3E3F      <2>
   267 00002C9D 404142434445464748- <2>     db 64,65,66,67,68,69,70,71,72,73,74,75,76,77,78,79
   267 00002CA6 494A4B4C4D4E4F      <2>
   268 00002CAD 505152535455565758- <2>     db 80,81,82,83,84,85,86,87,88,89,90,91,92,93,94,95
   268 00002CB6 595A5B5C5D5E5F      <2>
   269 00002CBD 606162636465666768- <2>     db 96,97,98,99,100,101,102,103,104,105,106,107,108,109,110,111
   269 00002CC6 696A6B6C6D6E6F      <2>
   270 00002CCD 707172737475767778- <2>     db 112,113,114,115,116,117,118,119,120,121,122,123,124,125,126,127
   270 00002CD6 797A7B7C7D7E7F      <2>
  2154                              <1> %include "xga_boing_mesh.inc"
     1                              <2> ; Generated by make_vector_boing.py; 16 longitudes x 8 latitudes.
     2                              <2> ; By Dag Erik Hagesæter / Retro Erik using Codex in VS Code
     3                              <2> boing_vertices:
     4 00002CDD 0000B6FF0000        <2>     dw 0,-74,0
     5 00002CE3 2000BDFF0000        <2>     dw 32,-67,0
     6 00002CE9 3A00D2FF0000        <2>     dw 58,-46,0
     7 00002CEF 4800F0FF0000        <2>     dw 72,-16,0
     8 00002CF5 480010000000        <2>     dw 72,16,0
     9 00002CFB 3A002E000000        <2>     dw 58,46,0
    10 00002D01 200043000000        <2>     dw 32,67,0
    11 00002D07 00004A000000        <2>     dw 0,74,0
    12 00002D0D 0000B6FF0000        <2>     dw 0,-74,0
    13 00002D13 1E00BDFF0C00        <2>     dw 30,-67,12
    14 00002D19 3500D2FF1600        <2>     dw 53,-46,22
    15 00002D1F 4300F0FF1C00        <2>     dw 67,-16,28
    16 00002D25 430010001C00        <2>     dw 67,16,28
    17 00002D2B 35002E001600        <2>     dw 53,46,22
    18 00002D31 1E0043000C00        <2>     dw 30,67,12
    19 00002D37 00004A000000        <2>     dw 0,74,0
    20 00002D3D 0000B6FF0000        <2>     dw 0,-74,0
    21 00002D43 1700BDFF1700        <2>     dw 23,-67,23
    22 00002D49 2900D2FF2900        <2>     dw 41,-46,41
    23 00002D4F 3300F0FF3300        <2>     dw 51,-16,51
    24 00002D55 330010003300        <2>     dw 51,16,51
    25 00002D5B 29002E002900        <2>     dw 41,46,41
    26 00002D61 170043001700        <2>     dw 23,67,23
    27 00002D67 00004A000000        <2>     dw 0,74,0
    28 00002D6D 0000B6FF0000        <2>     dw 0,-74,0
    29 00002D73 0C00BDFF1E00        <2>     dw 12,-67,30
    30 00002D79 1600D2FF3500        <2>     dw 22,-46,53
    31 00002D7F 1C00F0FF4300        <2>     dw 28,-16,67
    32 00002D85 1C0010004300        <2>     dw 28,16,67
    33 00002D8B 16002E003500        <2>     dw 22,46,53
    34 00002D91 0C0043001E00        <2>     dw 12,67,30
    35 00002D97 00004A000000        <2>     dw 0,74,0
    36 00002D9D 0000B6FF0000        <2>     dw 0,-74,0
    37 00002DA3 0000BDFF2000        <2>     dw 0,-67,32
    38 00002DA9 0000D2FF3A00        <2>     dw 0,-46,58
    39 00002DAF 0000F0FF4800        <2>     dw 0,-16,72
    40 00002DB5 000010004800        <2>     dw 0,16,72
    41 00002DBB 00002E003A00        <2>     dw 0,46,58
    42 00002DC1 000043002000        <2>     dw 0,67,32
    43 00002DC7 00004A000000        <2>     dw 0,74,0
    44 00002DCD 0000B6FF0000        <2>     dw 0,-74,0
    45 00002DD3 F4FFBDFF1E00        <2>     dw -12,-67,30
    46 00002DD9 EAFFD2FF3500        <2>     dw -22,-46,53
    47 00002DDF E4FFF0FF4300        <2>     dw -28,-16,67
    48 00002DE5 E4FF10004300        <2>     dw -28,16,67
    49 00002DEB EAFF2E003500        <2>     dw -22,46,53
    50 00002DF1 F4FF43001E00        <2>     dw -12,67,30
    51 00002DF7 00004A000000        <2>     dw 0,74,0
    52 00002DFD 0000B6FF0000        <2>     dw 0,-74,0
    53 00002E03 E9FFBDFF1700        <2>     dw -23,-67,23
    54 00002E09 D7FFD2FF2900        <2>     dw -41,-46,41
    55 00002E0F CDFFF0FF3300        <2>     dw -51,-16,51
    56 00002E15 CDFF10003300        <2>     dw -51,16,51
    57 00002E1B D7FF2E002900        <2>     dw -41,46,41
    58 00002E21 E9FF43001700        <2>     dw -23,67,23
    59 00002E27 00004A000000        <2>     dw 0,74,0
    60 00002E2D 0000B6FF0000        <2>     dw 0,-74,0
    61 00002E33 E2FFBDFF0C00        <2>     dw -30,-67,12
    62 00002E39 CBFFD2FF1600        <2>     dw -53,-46,22
    63 00002E3F BDFFF0FF1C00        <2>     dw -67,-16,28
    64 00002E45 BDFF10001C00        <2>     dw -67,16,28
    65 00002E4B CBFF2E001600        <2>     dw -53,46,22
    66 00002E51 E2FF43000C00        <2>     dw -30,67,12
    67 00002E57 00004A000000        <2>     dw 0,74,0
    68 00002E5D 0000B6FF0000        <2>     dw 0,-74,0
    69 00002E63 E0FFBDFF0000        <2>     dw -32,-67,0
    70 00002E69 C6FFD2FF0000        <2>     dw -58,-46,0
    71 00002E6F B8FFF0FF0000        <2>     dw -72,-16,0
    72 00002E75 B8FF10000000        <2>     dw -72,16,0
    73 00002E7B C6FF2E000000        <2>     dw -58,46,0
    74 00002E81 E0FF43000000        <2>     dw -32,67,0
    75 00002E87 00004A000000        <2>     dw 0,74,0
    76 00002E8D 0000B6FF0000        <2>     dw 0,-74,0
    77 00002E93 E2FFBDFFF4FF        <2>     dw -30,-67,-12
    78 00002E99 CBFFD2FFEAFF        <2>     dw -53,-46,-22
    79 00002E9F BDFFF0FFE4FF        <2>     dw -67,-16,-28
    80 00002EA5 BDFF1000E4FF        <2>     dw -67,16,-28
    81 00002EAB CBFF2E00EAFF        <2>     dw -53,46,-22
    82 00002EB1 E2FF4300F4FF        <2>     dw -30,67,-12
    83 00002EB7 00004A000000        <2>     dw 0,74,0
    84 00002EBD 0000B6FF0000        <2>     dw 0,-74,0
    85 00002EC3 E9FFBDFFE9FF        <2>     dw -23,-67,-23
    86 00002EC9 D7FFD2FFD7FF        <2>     dw -41,-46,-41
    87 00002ECF CDFFF0FFCDFF        <2>     dw -51,-16,-51
    88 00002ED5 CDFF1000CDFF        <2>     dw -51,16,-51
    89 00002EDB D7FF2E00D7FF        <2>     dw -41,46,-41
    90 00002EE1 E9FF4300E9FF        <2>     dw -23,67,-23
    91 00002EE7 00004A000000        <2>     dw 0,74,0
    92 00002EED 0000B6FF0000        <2>     dw 0,-74,0
    93 00002EF3 F4FFBDFFE2FF        <2>     dw -12,-67,-30
    94 00002EF9 EAFFD2FFCBFF        <2>     dw -22,-46,-53
    95 00002EFF E4FFF0FFBDFF        <2>     dw -28,-16,-67
    96 00002F05 E4FF1000BDFF        <2>     dw -28,16,-67
    97 00002F0B EAFF2E00CBFF        <2>     dw -22,46,-53
    98 00002F11 F4FF4300E2FF        <2>     dw -12,67,-30
    99 00002F17 00004A000000        <2>     dw 0,74,0
   100 00002F1D 0000B6FF0000        <2>     dw 0,-74,0
   101 00002F23 0000BDFFE0FF        <2>     dw 0,-67,-32
   102 00002F29 0000D2FFC6FF        <2>     dw 0,-46,-58
   103 00002F2F 0000F0FFB8FF        <2>     dw 0,-16,-72
   104 00002F35 00001000B8FF        <2>     dw 0,16,-72
   105 00002F3B 00002E00C6FF        <2>     dw 0,46,-58
   106 00002F41 00004300E0FF        <2>     dw 0,67,-32
   107 00002F47 00004A000000        <2>     dw 0,74,0
   108 00002F4D 0000B6FF0000        <2>     dw 0,-74,0
   109 00002F53 0C00BDFFE2FF        <2>     dw 12,-67,-30
   110 00002F59 1600D2FFCBFF        <2>     dw 22,-46,-53
   111 00002F5F 1C00F0FFBDFF        <2>     dw 28,-16,-67
   112 00002F65 1C001000BDFF        <2>     dw 28,16,-67
   113 00002F6B 16002E00CBFF        <2>     dw 22,46,-53
   114 00002F71 0C004300E2FF        <2>     dw 12,67,-30
   115 00002F77 00004A000000        <2>     dw 0,74,0
   116 00002F7D 0000B6FF0000        <2>     dw 0,-74,0
   117 00002F83 1700BDFFE9FF        <2>     dw 23,-67,-23
   118 00002F89 2900D2FFD7FF        <2>     dw 41,-46,-41
   119 00002F8F 3300F0FFCDFF        <2>     dw 51,-16,-51
   120 00002F95 33001000CDFF        <2>     dw 51,16,-51
   121 00002F9B 29002E00D7FF        <2>     dw 41,46,-41
   122 00002FA1 17004300E9FF        <2>     dw 23,67,-23
   123 00002FA7 00004A000000        <2>     dw 0,74,0
   124 00002FAD 0000B6FF0000        <2>     dw 0,-74,0
   125 00002FB3 1E00BDFFF4FF        <2>     dw 30,-67,-12
   126 00002FB9 3500D2FFEAFF        <2>     dw 53,-46,-22
   127 00002FBF 4300F0FFE4FF        <2>     dw 67,-16,-28
   128 00002FC5 43001000E4FF        <2>     dw 67,16,-28
   129 00002FCB 35002E00EAFF        <2>     dw 53,46,-22
   130 00002FD1 1E004300F4FF        <2>     dw 30,67,-12
   131 00002FD7 00004A000000        <2>     dw 0,74,0
   132                              <2> boing_quads:
   133 00002FDD 0008090101          <2>     db 0,8,9,1,1
   134 00002FE2 01090A0207          <2>     db 1,9,10,2,7
   135 00002FE7 020A0B0301          <2>     db 2,10,11,3,1
   136 00002FEC 030B0C0407          <2>     db 3,11,12,4,7
   137 00002FF1 040C0D0501          <2>     db 4,12,13,5,1
   138 00002FF6 050D0E0607          <2>     db 5,13,14,6,7
   139 00002FFB 060E0F0701          <2>     db 6,14,15,7,1
   140 00003000 0810110907          <2>     db 8,16,17,9,7
   141 00003005 0911120A01          <2>     db 9,17,18,10,1
   142 0000300A 0A12130B07          <2>     db 10,18,19,11,7
   143 0000300F 0B13140C01          <2>     db 11,19,20,12,1
   144 00003014 0C14150D07          <2>     db 12,20,21,13,7
   145 00003019 0D15160E01          <2>     db 13,21,22,14,1
   146 0000301E 0E16170F07          <2>     db 14,22,23,15,7
   147 00003023 1018191101          <2>     db 16,24,25,17,1
   148 00003028 11191A1207          <2>     db 17,25,26,18,7
   149 0000302D 121A1B1301          <2>     db 18,26,27,19,1
   150 00003032 131B1C1407          <2>     db 19,27,28,20,7
   151 00003037 141C1D1501          <2>     db 20,28,29,21,1
   152 0000303C 151D1E1607          <2>     db 21,29,30,22,7
   153 00003041 161E1F1701          <2>     db 22,30,31,23,1
   154 00003046 1820211907          <2>     db 24,32,33,25,7
   155 0000304B 1921221A01          <2>     db 25,33,34,26,1
   156 00003050 1A22231B07          <2>     db 26,34,35,27,7
   157 00003055 1B23241C01          <2>     db 27,35,36,28,1
   158 0000305A 1C24251D07          <2>     db 28,36,37,29,7
   159 0000305F 1D25261E01          <2>     db 29,37,38,30,1
   160 00003064 1E26271F07          <2>     db 30,38,39,31,7
   161 00003069 2028292101          <2>     db 32,40,41,33,1
   162 0000306E 21292A2207          <2>     db 33,41,42,34,7
   163 00003073 222A2B2301          <2>     db 34,42,43,35,1
   164 00003078 232B2C2407          <2>     db 35,43,44,36,7
   165 0000307D 242C2D2501          <2>     db 36,44,45,37,1
   166 00003082 252D2E2607          <2>     db 37,45,46,38,7
   167 00003087 262E2F2701          <2>     db 38,46,47,39,1
   168 0000308C 2830312907          <2>     db 40,48,49,41,7
   169 00003091 2931322A01          <2>     db 41,49,50,42,1
   170 00003096 2A32332B07          <2>     db 42,50,51,43,7
   171 0000309B 2B33342C01          <2>     db 43,51,52,44,1
   172 000030A0 2C34352D07          <2>     db 44,52,53,45,7
   173 000030A5 2D35362E01          <2>     db 45,53,54,46,1
   174 000030AA 2E36372F07          <2>     db 46,54,55,47,7
   175 000030AF 3038393101          <2>     db 48,56,57,49,1
   176 000030B4 31393A3207          <2>     db 49,57,58,50,7
   177 000030B9 323A3B3301          <2>     db 50,58,59,51,1
   178 000030BE 333B3C3407          <2>     db 51,59,60,52,7
   179 000030C3 343C3D3501          <2>     db 52,60,61,53,1
   180 000030C8 353D3E3607          <2>     db 53,61,62,54,7
   181 000030CD 363E3F3701          <2>     db 54,62,63,55,1
   182 000030D2 3840413907          <2>     db 56,64,65,57,7
   183 000030D7 3941423A01          <2>     db 57,65,66,58,1
   184 000030DC 3A42433B07          <2>     db 58,66,67,59,7
   185 000030E1 3B43443C01          <2>     db 59,67,68,60,1
   186 000030E6 3C44453D07          <2>     db 60,68,69,61,7
   187 000030EB 3D45463E01          <2>     db 61,69,70,62,1
   188 000030F0 3E46473F07          <2>     db 62,70,71,63,7
   189 000030F5 4048494101          <2>     db 64,72,73,65,1
   190 000030FA 41494A4207          <2>     db 65,73,74,66,7
   191 000030FF 424A4B4301          <2>     db 66,74,75,67,1
   192 00003104 434B4C4407          <2>     db 67,75,76,68,7
   193 00003109 444C4D4501          <2>     db 68,76,77,69,1
   194 0000310E 454D4E4607          <2>     db 69,77,78,70,7
   195 00003113 464E4F4701          <2>     db 70,78,79,71,1
   196 00003118 4850514907          <2>     db 72,80,81,73,7
   197 0000311D 4951524A01          <2>     db 73,81,82,74,1
   198 00003122 4A52534B07          <2>     db 74,82,83,75,7
   199 00003127 4B53544C01          <2>     db 75,83,84,76,1
   200 0000312C 4C54554D07          <2>     db 76,84,85,77,7
   201 00003131 4D55564E01          <2>     db 77,85,86,78,1
   202 00003136 4E56574F07          <2>     db 78,86,87,79,7
   203 0000313B 5058595101          <2>     db 80,88,89,81,1
   204 00003140 51595A5207          <2>     db 81,89,90,82,7
   205 00003145 525A5B5301          <2>     db 82,90,91,83,1
   206 0000314A 535B5C5407          <2>     db 83,91,92,84,7
   207 0000314F 545C5D5501          <2>     db 84,92,93,85,1
   208 00003154 555D5E5607          <2>     db 85,93,94,86,7
   209 00003159 565E5F5701          <2>     db 86,94,95,87,1
   210 0000315E 5860615907          <2>     db 88,96,97,89,7
   211 00003163 5961625A01          <2>     db 89,97,98,90,1
   212 00003168 5A62635B07          <2>     db 90,98,99,91,7
   213 0000316D 5B63645C01          <2>     db 91,99,100,92,1
   214 00003172 5C64655D07          <2>     db 92,100,101,93,7
   215 00003177 5D65665E01          <2>     db 93,101,102,94,1
   216 0000317C 5E66675F07          <2>     db 94,102,103,95,7
   217 00003181 6068696101          <2>     db 96,104,105,97,1
   218 00003186 61696A6207          <2>     db 97,105,106,98,7
   219 0000318B 626A6B6301          <2>     db 98,106,107,99,1
   220 00003190 636B6C6407          <2>     db 99,107,108,100,7
   221 00003195 646C6D6501          <2>     db 100,108,109,101,1
   222 0000319A 656D6E6607          <2>     db 101,109,110,102,7
   223 0000319F 666E6F6701          <2>     db 102,110,111,103,1
   224 000031A4 6870716907          <2>     db 104,112,113,105,7
   225 000031A9 6971726A01          <2>     db 105,113,114,106,1
   226 000031AE 6A72736B07          <2>     db 106,114,115,107,7
   227 000031B3 6B73746C01          <2>     db 107,115,116,108,1
   228 000031B8 6C74756D07          <2>     db 108,116,117,109,7
   229 000031BD 6D75766E01          <2>     db 109,117,118,110,1
   230 000031C2 6E76776F07          <2>     db 110,118,119,111,7
   231 000031C7 7078797101          <2>     db 112,120,121,113,1
   232 000031CC 71797A7207          <2>     db 113,121,122,114,7
   233 000031D1 727A7B7301          <2>     db 114,122,123,115,1
   234 000031D6 737B7C7407          <2>     db 115,123,124,116,7
   235 000031DB 747C7D7501          <2>     db 116,124,125,117,1
   236 000031E0 757D7E7607          <2>     db 117,125,126,118,7
   237 000031E5 767E7F7701          <2>     db 118,126,127,119,1
   238 000031EA 7800017907          <2>     db 120,0,1,121,7
   239 000031EF 7901027A01          <2>     db 121,1,2,122,1
   240 000031F4 7A02037B07          <2>     db 122,2,3,123,7
   241 000031F9 7B03047C01          <2>     db 123,3,4,124,1
   242 000031FE 7C04057D07          <2>     db 124,4,5,125,7
   243 00003203 7D05067E01          <2>     db 125,5,6,126,1
   244 00003208 7E06077F07          <2>     db 126,6,7,127,7
  2155                              <1> %include "xga_crystal_mesh.inc"
     1                              <2> ; Generated by make_vector_crystal.py; 20 sectors, 6 profile rings.
     2                              <2> ; By Dag Erik Hagesæter / Retro Erik using Codex in VS Code
     3                              <2> crystal_vertices:
     4 0000320D 000068000000        <2>     dw 0,104,0
     5 00003213 000068000000        <2>     dw 0,104,0
     6 00003219 000068000000        <2>     dw 0,104,0
     7 0000321F 000068000000        <2>     dw 0,104,0
     8 00003225 000068000000        <2>     dw 0,104,0
     9 0000322B 000068000000        <2>     dw 0,104,0
    10 00003231 000068000000        <2>     dw 0,104,0
    11 00003237 000068000000        <2>     dw 0,104,0
    12 0000323D 000068000000        <2>     dw 0,104,0
    13 00003243 000068000000        <2>     dw 0,104,0
    14 00003249 000068000000        <2>     dw 0,104,0
    15 0000324F 000068000000        <2>     dw 0,104,0
    16 00003255 000068000000        <2>     dw 0,104,0
    17 0000325B 000068000000        <2>     dw 0,104,0
    18 00003261 000068000000        <2>     dw 0,104,0
    19 00003267 000068000000        <2>     dw 0,104,0
    20 0000326D 000068000000        <2>     dw 0,104,0
    21 00003273 000068000000        <2>     dw 0,104,0
    22 00003279 000068000000        <2>     dw 0,104,0
    23 0000327F 000068000000        <2>     dw 0,104,0
    24 00003285 2B0044000000        <2>     dw 43,68,0
    25 0000328B 290044000D00        <2>     dw 41,68,13
    26 00003291 230044001900        <2>     dw 35,68,25
    27 00003297 190044002300        <2>     dw 25,68,35
    28 0000329D 0D0044002900        <2>     dw 13,68,41
    29 000032A3 000044002B00        <2>     dw 0,68,43
    30 000032A9 F3FF44002900        <2>     dw -13,68,41
    31 000032AF E7FF44002300        <2>     dw -25,68,35
    32 000032B5 DDFF44001900        <2>     dw -35,68,25
    33 000032BB D7FF44000D00        <2>     dw -41,68,13
    34 000032C1 D5FF44000000        <2>     dw -43,68,0
    35 000032C7 D7FF4400F3FF        <2>     dw -41,68,-13
    36 000032CD DDFF4400E7FF        <2>     dw -35,68,-25
    37 000032D3 E7FF4400DDFF        <2>     dw -25,68,-35
    38 000032D9 F3FF4400D7FF        <2>     dw -13,68,-41
    39 000032DF 00004400D5FF        <2>     dw 0,68,-43
    40 000032E5 0D004400D7FF        <2>     dw 13,68,-41
    41 000032EB 19004400DDFF        <2>     dw 25,68,-35
    42 000032F1 23004400E7FF        <2>     dw 35,68,-25
    43 000032F7 29004400F3FF        <2>     dw 41,68,-13
    44 000032FD 600013000000        <2>     dw 96,19,0
    45 00003303 5B0013001E00        <2>     dw 91,19,30
    46 00003309 4E0013003800        <2>     dw 78,19,56
    47 0000330F 380013004E00        <2>     dw 56,19,78
    48 00003315 1E0013005B00        <2>     dw 30,19,91
    49 0000331B 000013006000        <2>     dw 0,19,96
    50 00003321 E2FF13005B00        <2>     dw -30,19,91
    51 00003327 C8FF13004E00        <2>     dw -56,19,78
    52 0000332D B2FF13003800        <2>     dw -78,19,56
    53 00003333 A5FF13001E00        <2>     dw -91,19,30
    54 00003339 A0FF13000000        <2>     dw -96,19,0
    55 0000333F A5FF1300E2FF        <2>     dw -91,19,-30
    56 00003345 B2FF1300C8FF        <2>     dw -78,19,-56
    57 0000334B C8FF1300B2FF        <2>     dw -56,19,-78
    58 00003351 E2FF1300A5FF        <2>     dw -30,19,-91
    59 00003357 00001300A0FF        <2>     dw 0,19,-96
    60 0000335D 1E001300A5FF        <2>     dw 30,19,-91
    61 00003363 38001300B2FF        <2>     dw 56,19,-78
    62 00003369 4E001300C8FF        <2>     dw 78,19,-56
    63 0000336F 5B001300E2FF        <2>     dw 91,19,-30
    64 00003375 6000ECFF0000        <2>     dw 96,-20,0
    65 0000337B 5B00ECFF1E00        <2>     dw 91,-20,30
    66 00003381 4E00ECFF3800        <2>     dw 78,-20,56
    67 00003387 3800ECFF4E00        <2>     dw 56,-20,78
    68 0000338D 1E00ECFF5B00        <2>     dw 30,-20,91
    69 00003393 0000ECFF6000        <2>     dw 0,-20,96
    70 00003399 E2FFECFF5B00        <2>     dw -30,-20,91
    71 0000339F C8FFECFF4E00        <2>     dw -56,-20,78
    72 000033A5 B2FFECFF3800        <2>     dw -78,-20,56
    73 000033AB A5FFECFF1E00        <2>     dw -91,-20,30
    74 000033B1 A0FFECFF0000        <2>     dw -96,-20,0
    75 000033B7 A5FFECFFE2FF        <2>     dw -91,-20,-30
    76 000033BD B2FFECFFC8FF        <2>     dw -78,-20,-56
    77 000033C3 C8FFECFFB2FF        <2>     dw -56,-20,-78
    78 000033C9 E2FFECFFA5FF        <2>     dw -30,-20,-91
    79 000033CF 0000ECFFA0FF        <2>     dw 0,-20,-96
    80 000033D5 1E00ECFFA5FF        <2>     dw 30,-20,-91
    81 000033DB 3800ECFFB2FF        <2>     dw 56,-20,-78
    82 000033E1 4E00ECFFC8FF        <2>     dw 78,-20,-56
    83 000033E7 5B00ECFFE2FF        <2>     dw 91,-20,-30
    84 000033ED 2B00BBFF0000        <2>     dw 43,-69,0
    85 000033F3 2900BBFF0D00        <2>     dw 41,-69,13
    86 000033F9 2300BBFF1900        <2>     dw 35,-69,25
    87 000033FF 1900BBFF2300        <2>     dw 25,-69,35
    88 00003405 0D00BBFF2900        <2>     dw 13,-69,41
    89 0000340B 0000BBFF2B00        <2>     dw 0,-69,43
    90 00003411 F3FFBBFF2900        <2>     dw -13,-69,41
    91 00003417 E7FFBBFF2300        <2>     dw -25,-69,35
    92 0000341D DDFFBBFF1900        <2>     dw -35,-69,25
    93 00003423 D7FFBBFF0D00        <2>     dw -41,-69,13
    94 00003429 D5FFBBFF0000        <2>     dw -43,-69,0
    95 0000342F D7FFBBFFF3FF        <2>     dw -41,-69,-13
    96 00003435 DDFFBBFFE7FF        <2>     dw -35,-69,-25
    97 0000343B E7FFBBFFDDFF        <2>     dw -25,-69,-35
    98 00003441 F3FFBBFFD7FF        <2>     dw -13,-69,-41
    99 00003447 0000BBFFD5FF        <2>     dw 0,-69,-43
   100 0000344D 0D00BBFFD7FF        <2>     dw 13,-69,-41
   101 00003453 1900BBFFDDFF        <2>     dw 25,-69,-35
   102 00003459 2300BBFFE7FF        <2>     dw 35,-69,-25
   103 0000345F 2900BBFFF3FF        <2>     dw 41,-69,-13
   104 00003465 000098FF0000        <2>     dw 0,-104,0
   105 0000346B 000098FF0000        <2>     dw 0,-104,0
   106 00003471 000098FF0000        <2>     dw 0,-104,0
   107 00003477 000098FF0000        <2>     dw 0,-104,0
   108 0000347D 000098FF0000        <2>     dw 0,-104,0
   109 00003483 000098FF0000        <2>     dw 0,-104,0
   110 00003489 000098FF0000        <2>     dw 0,-104,0
   111 0000348F 000098FF0000        <2>     dw 0,-104,0
   112 00003495 000098FF0000        <2>     dw 0,-104,0
   113 0000349B 000098FF0000        <2>     dw 0,-104,0
   114 000034A1 000098FF0000        <2>     dw 0,-104,0
   115 000034A7 000098FF0000        <2>     dw 0,-104,0
   116 000034AD 000098FF0000        <2>     dw 0,-104,0
   117 000034B3 000098FF0000        <2>     dw 0,-104,0
   118 000034B9 000098FF0000        <2>     dw 0,-104,0
   119 000034BF 000098FF0000        <2>     dw 0,-104,0
   120 000034C5 000098FF0000        <2>     dw 0,-104,0
   121 000034CB 000098FF0000        <2>     dw 0,-104,0
   122 000034D1 000098FF0000        <2>     dw 0,-104,0
   123 000034D7 000098FF0000        <2>     dw 0,-104,0
   124                              <2> crystal_quads:
   125 000034DD 001415010C          <2>     db 0,20,21,1,12
   126 000034E2 011516020C          <2>     db 1,21,22,2,12
   127 000034E7 021617030D          <2>     db 2,22,23,3,13
   128 000034EC 031718040D          <2>     db 3,23,24,4,13
   129 000034F1 041819050E          <2>     db 4,24,25,5,14
   130 000034F6 05191A060E          <2>     db 5,25,26,6,14
   131 000034FB 061A1B070F          <2>     db 6,26,27,7,15
   132 00003500 071B1C080F          <2>     db 7,27,28,8,15
   133 00003505 081C1D0910          <2>     db 8,28,29,9,16
   134 0000350A 091D1E0A10          <2>     db 9,29,30,10,16
   135 0000350F 0A1E1F0B11          <2>     db 10,30,31,11,17
   136 00003514 0B1F200C11          <2>     db 11,31,32,12,17
   137 00003519 0C20210D12          <2>     db 12,32,33,13,18
   138 0000351E 0D21220E12          <2>     db 13,33,34,14,18
   139 00003523 0E22230F13          <2>     db 14,34,35,15,19
   140 00003528 0F23241013          <2>     db 15,35,36,16,19
   141 0000352D 102425110C          <2>     db 16,36,37,17,12
   142 00003532 112526120C          <2>     db 17,37,38,18,12
   143 00003537 122627130D          <2>     db 18,38,39,19,13
   144 0000353C 132714000D          <2>     db 19,39,20,0,13
   145 00003541 142829150F          <2>     db 20,40,41,21,15
   146 00003546 15292A160F          <2>     db 21,41,42,22,15
   147 0000354B 162A2B1710          <2>     db 22,42,43,23,16
   148 00003550 172B2C1810          <2>     db 23,43,44,24,16
   149 00003555 182C2D1911          <2>     db 24,44,45,25,17
   150 0000355A 192D2E1A11          <2>     db 25,45,46,26,17
   151 0000355F 1A2E2F1B12          <2>     db 26,46,47,27,18
   152 00003564 1B2F301C12          <2>     db 27,47,48,28,18
   153 00003569 1C30311D13          <2>     db 28,48,49,29,19
   154 0000356E 1D31321E13          <2>     db 29,49,50,30,19
   155 00003573 1E32331F0C          <2>     db 30,50,51,31,12
   156 00003578 1F3334200C          <2>     db 31,51,52,32,12
   157 0000357D 203435210D          <2>     db 32,52,53,33,13
   158 00003582 213536220D          <2>     db 33,53,54,34,13
   159 00003587 223637230E          <2>     db 34,54,55,35,14
   160 0000358C 233738240E          <2>     db 35,55,56,36,14
   161 00003591 243839250F          <2>     db 36,56,57,37,15
   162 00003596 25393A260F          <2>     db 37,57,58,38,15
   163 0000359B 263A3B2710          <2>     db 38,58,59,39,16
   164 000035A0 273B281410          <2>     db 39,59,40,20,16
   165 000035A5 283C3D2912          <2>     db 40,60,61,41,18
   166 000035AA 293D3E2A12          <2>     db 41,61,62,42,18
   167 000035AF 2A3E3F2B13          <2>     db 42,62,63,43,19
   168 000035B4 2B3F402C13          <2>     db 43,63,64,44,19
   169 000035B9 2C40412D0C          <2>     db 44,64,65,45,12
   170 000035BE 2D41422E0C          <2>     db 45,65,66,46,12
   171 000035C3 2E42432F0D          <2>     db 46,66,67,47,13
   172 000035C8 2F4344300D          <2>     db 47,67,68,48,13
   173 000035CD 304445310E          <2>     db 48,68,69,49,14
   174 000035D2 314546320E          <2>     db 49,69,70,50,14
   175 000035D7 324647330F          <2>     db 50,70,71,51,15
   176 000035DC 334748340F          <2>     db 51,71,72,52,15
   177 000035E1 3448493510          <2>     db 52,72,73,53,16
   178 000035E6 35494A3610          <2>     db 53,73,74,54,16
   179 000035EB 364A4B3711          <2>     db 54,74,75,55,17
   180 000035F0 374B4C3811          <2>     db 55,75,76,56,17
   181 000035F5 384C4D3912          <2>     db 56,76,77,57,18
   182 000035FA 394D4E3A12          <2>     db 57,77,78,58,18
   183 000035FF 3A4E4F3B13          <2>     db 58,78,79,59,19
   184 00003604 3B4F3C2813          <2>     db 59,79,60,40,19
   185 00003609 3C50513D0D          <2>     db 60,80,81,61,13
   186 0000360E 3D51523E0D          <2>     db 61,81,82,62,13
   187 00003613 3E52533F0E          <2>     db 62,82,83,63,14
   188 00003618 3F5354400E          <2>     db 63,83,84,64,14
   189 0000361D 405455410F          <2>     db 64,84,85,65,15
   190 00003622 415556420F          <2>     db 65,85,86,66,15
   191 00003627 4256574310          <2>     db 66,86,87,67,16
   192 0000362C 4357584410          <2>     db 67,87,88,68,16
   193 00003631 4458594511          <2>     db 68,88,89,69,17
   194 00003636 45595A4611          <2>     db 69,89,90,70,17
   195 0000363B 465A5B4712          <2>     db 70,90,91,71,18
   196 00003640 475B5C4812          <2>     db 71,91,92,72,18
   197 00003645 485C5D4913          <2>     db 72,92,93,73,19
   198 0000364A 495D5E4A13          <2>     db 73,93,94,74,19
   199 0000364F 4A5E5F4B0C          <2>     db 74,94,95,75,12
   200 00003654 4B5F604C0C          <2>     db 75,95,96,76,12
   201 00003659 4C60614D0D          <2>     db 76,96,97,77,13
   202 0000365E 4D61624E0D          <2>     db 77,97,98,78,13
   203 00003663 4E62634F0E          <2>     db 78,98,99,79,14
   204 00003668 4F63503C0E          <2>     db 79,99,80,60,14
   205 0000366D 5064655110          <2>     db 80,100,101,81,16
   206 00003672 5165665210          <2>     db 81,101,102,82,16
   207 00003677 5266675311          <2>     db 82,102,103,83,17
   208 0000367C 5367685411          <2>     db 83,103,104,84,17
   209 00003681 5468695512          <2>     db 84,104,105,85,18
   210 00003686 55696A5612          <2>     db 85,105,106,86,18
   211 0000368B 566A6B5713          <2>     db 86,106,107,87,19
   212 00003690 576B6C5813          <2>     db 87,107,108,88,19
   213 00003695 586C6D590C          <2>     db 88,108,109,89,12
   214 0000369A 596D6E5A0C          <2>     db 89,109,110,90,12
   215 0000369F 5A6E6F5B0D          <2>     db 90,110,111,91,13
   216 000036A4 5B6F705C0D          <2>     db 91,111,112,92,13
   217 000036A9 5C70715D0E          <2>     db 92,112,113,93,14
   218 000036AE 5D71725E0E          <2>     db 93,113,114,94,14
   219 000036B3 5E72735F0F          <2>     db 94,114,115,95,15
   220 000036B8 5F7374600F          <2>     db 95,115,116,96,15
   221 000036BD 6074756110          <2>     db 96,116,117,97,16
   222 000036C2 6175766210          <2>     db 97,117,118,98,16
   223 000036C7 6276776311          <2>     db 98,118,119,99,17
   224 000036CC 6377645011          <2>     db 99,119,100,80,17
   225                              <2> crystal_quads_end:
  2156                              <1> %include "xga_area_safety.inc"
     1                              <2> ; XGA area-fill fallback bits: 512 rotation phases, 16 bytes per phase.
     2                              <2> ; By Dag Erik Hagesæter / Retro Erik using Codex in VS Code
     3                              <2> torus_area_unsafe:
     4 000036D1 020404008787000406- <2>     db 0x02,0x04,0x04,0x00,0x87,0x87,0x00,0x04,0x06,0x02,0x02,0x16,0x1e,0x1e,0x02,0x02
     4 000036DA 0202161E1E0202      <2>
     5 000036E1 020404838783000406- <2>     db 0x02,0x04,0x04,0x83,0x87,0x83,0x00,0x04,0x06,0x02,0x02,0x1e,0x1e,0x1a,0x00,0x02
     5 000036EA 02021E1E1A0002      <2>
     6 000036F1 020404878700000406- <2>     db 0x02,0x04,0x04,0x87,0x87,0x00,0x00,0x04,0x06,0x02,0x02,0x1e,0x1e,0x10,0x00,0x02
     6 000036FA 02021E1E100002      <2>
     7 00003701 060404878700040406- <2>     db 0x06,0x04,0x04,0x87,0x87,0x00,0x04,0x04,0x06,0x02,0x02,0x1e,0x1e,0x00,0x00,0x02
     7 0000370A 02021E1E000002      <2>
     8 00003711 060404878700040406- <2>     db 0x06,0x04,0x04,0x87,0x87,0x00,0x04,0x04,0x06,0x02,0x02,0x1e,0x1e,0x00,0x02,0x02
     8 0000371A 02021E1E000202      <2>
     9 00003721 060404878700040406- <2>     db 0x06,0x04,0x04,0x87,0x87,0x00,0x04,0x04,0x06,0x02,0x00,0x1e,0x1e,0x00,0x02,0x02
     9 0000372A 02001E1E000202      <2>
    10 00003731 060400878700040406- <2>     db 0x06,0x04,0x00,0x87,0x87,0x00,0x04,0x04,0x06,0x02,0x00,0x1e,0x1e,0x00,0x02,0x06
    10 0000373A 02001E1E000206      <2>
    11 00003741 060400878700040406- <2>     db 0x06,0x04,0x00,0x87,0x87,0x00,0x04,0x04,0x06,0x02,0x00,0x00,0x1e,0x00,0x02,0x02
    11 0000374A 0200001E000202      <2>
    12 00003751 060400048700040406- <2>     db 0x06,0x04,0x00,0x04,0x87,0x00,0x04,0x04,0x06,0x02,0x00,0x02,0x1e,0x00,0x02,0x06
    12 0000375A 0200021E000206      <2>
    13 00003761 060400838700040606- <2>     db 0x06,0x04,0x00,0x83,0x87,0x00,0x04,0x06,0x06,0x02,0x00,0x1e,0x1e,0x02,0x02,0x02
    13 0000376A 02001E1E020202      <2>
    14 00003771 060400878700040606- <2>     db 0x06,0x04,0x00,0x87,0x87,0x00,0x04,0x06,0x06,0x02,0x00,0x1e,0x1e,0x00,0x02,0x06
    14 0000377A 02001E1E000206      <2>
    15 00003781 060400878700040606- <2>     db 0x06,0x04,0x00,0x87,0x87,0x00,0x04,0x06,0x06,0x02,0x00,0x1e,0x1e,0x00,0x02,0x06
    15 0000378A 02001E1E000206      <2>
    16 00003791 060400878700040602- <2>     db 0x06,0x04,0x00,0x87,0x87,0x00,0x04,0x06,0x02,0x02,0x00,0x1e,0x1e,0x02,0x02,0x02
    16 0000379A 02001E1E020202      <2>
    17 000037A1 040480878700040602- <2>     db 0x04,0x04,0x80,0x87,0x87,0x00,0x04,0x06,0x02,0x02,0x00,0x1e,0x1e,0x02,0x02,0x02
    17 000037AA 02001E1E020202      <2>
    18 000037B1 060400878300040602- <2>     db 0x06,0x04,0x00,0x87,0x83,0x00,0x04,0x06,0x02,0x02,0x00,0x1e,0x1e,0x02,0x02,0x06
    18 000037BA 02001E1E020206      <2>
    19 000037C1 040480870000040602- <2>     db 0x04,0x04,0x80,0x87,0x00,0x00,0x04,0x06,0x02,0x00,0x00,0x1e,0x1c,0x02,0x02,0x06
    19 000037CA 00001E1C020206      <2>
    20 000037D1 040480870004040602- <2>     db 0x04,0x04,0x80,0x87,0x00,0x04,0x04,0x06,0x02,0x00,0x1c,0x1e,0x00,0x02,0x02,0x06
    20 000037DA 001C1E00020206      <2>
    21 000037E1 040481870004040602- <2>     db 0x04,0x04,0x81,0x87,0x00,0x04,0x04,0x06,0x02,0x00,0x18,0x1e,0x00,0x02,0x02,0x06
    21 000037EA 00181E00020206      <2>
    22 000037F1 040087870004040602- <2>     db 0x04,0x00,0x87,0x87,0x00,0x04,0x04,0x06,0x02,0x00,0x1e,0x1e,0x00,0x02,0x02,0x06
    22 000037FA 001E1E00020206      <2>
    23 00003801 040087870004040602- <2>     db 0x04,0x00,0x87,0x87,0x00,0x04,0x04,0x06,0x02,0x00,0x1e,0x1e,0x00,0x02,0x02,0x06
    23 0000380A 001E1E00020206      <2>
    24 00003811 040087870004040602- <2>     db 0x04,0x00,0x87,0x87,0x00,0x04,0x04,0x06,0x02,0x00,0x1e,0x1e,0x00,0x02,0x06,0x06
    24 0000381A 001E1E00020606      <2>
    25 00003821 040087870000060602- <2>     db 0x04,0x00,0x87,0x87,0x00,0x00,0x06,0x06,0x02,0x00,0x1e,0x1e,0x00,0x02,0x06,0x06
    25 0000382A 001E1E00020606      <2>
    26 00003831 040087870000060602- <2>     db 0x04,0x00,0x87,0x87,0x00,0x00,0x06,0x06,0x02,0x00,0x1e,0x1e,0x00,0x00,0x06,0x06
    26 0000383A 001E1E00000606      <2>
    27 00003841 040087870000060602- <2>     db 0x04,0x00,0x87,0x87,0x00,0x00,0x06,0x06,0x02,0x00,0x1e,0x1e,0x00,0x00,0x06,0x06
    27 0000384A 001E1E00000606      <2>
    28 00003851 040083870004060602- <2>     db 0x04,0x00,0x83,0x87,0x00,0x04,0x06,0x06,0x02,0x00,0x18,0x1e,0x00,0x02,0x06,0x06
    28 0000385A 00181E00020606      <2>
    29 00003861 040081870004040602- <2>     db 0x04,0x00,0x81,0x87,0x00,0x04,0x04,0x06,0x02,0x00,0x18,0x1e,0x00,0x02,0x06,0x06
    29 0000386A 00181E00020606      <2>
    30 00003871 040087870004060602- <2>     db 0x04,0x00,0x87,0x87,0x00,0x04,0x06,0x06,0x02,0x00,0x1e,0x1e,0x00,0x02,0x06,0x06
    30 0000387A 001E1E00020606      <2>
    31 00003881 040087870004060600- <2>     db 0x04,0x00,0x87,0x87,0x00,0x04,0x06,0x06,0x00,0x00,0x1e,0x1e,0x00,0x02,0x06,0x06
    31 0000388A 001E1E00020606      <2>
    32 00003891 000087870804060600- <2>     db 0x00,0x00,0x87,0x87,0x08,0x04,0x06,0x06,0x00,0x00,0x1e,0x0e,0x00,0x02,0x06,0x06
    32 0000389A 001E0E00020606      <2>
    33 000038A1 0000870F0004060200- <2>     db 0x00,0x00,0x87,0x0f,0x00,0x04,0x06,0x02,0x00,0x00,0x1e,0x0d,0x01,0x02,0x06,0x06
    33 000038AA 001E0D01020606      <2>
    34 000038B1 0080870C0804060200- <2>     db 0x00,0x80,0x87,0x0c,0x08,0x04,0x06,0x02,0x00,0x01,0x1e,0x01,0x01,0x03,0x06,0x06
    34 000038BA 011E0101030606      <2>
    35 000038C1 000087080804060200- <2>     db 0x00,0x00,0x87,0x08,0x08,0x04,0x06,0x02,0x00,0x00,0x1e,0x01,0x01,0x02,0x06,0x06
    35 000038CA 001E0101020606      <2>
    36 000038D1 008087080004060200- <2>     db 0x00,0x80,0x87,0x08,0x00,0x04,0x06,0x02,0x00,0x01,0x0f,0x00,0x03,0x02,0x06,0x06
    36 000038DA 010F0003020606      <2>
    37 000038E1 008007080804060200- <2>     db 0x00,0x80,0x07,0x08,0x08,0x04,0x06,0x02,0x00,0x10,0x0e,0x01,0x03,0x03,0x06,0x04
    37 000038EA 100E0103030604      <2>
    38 000038F1 008F0F080806060200- <2>     db 0x00,0x8f,0x0f,0x08,0x08,0x06,0x06,0x02,0x00,0x17,0x0f,0x01,0x03,0x06,0x06,0x04
    38 000038FA 170F0103060604      <2>
    39 00003901 080F0F080806060300- <2>     db 0x08,0x0f,0x0f,0x08,0x08,0x06,0x06,0x03,0x00,0x1f,0x0f,0x01,0x03,0x07,0x06,0x04
    39 0000390A 1F0F0103070604      <2>
    40 00003911 080F0F080806060201- <2>     db 0x08,0x0f,0x0f,0x08,0x08,0x06,0x06,0x02,0x01,0x0f,0x0f,0x01,0x03,0x07,0x06,0x0c
    40 0000391A 0F0F010307060C      <2>
    41 00003921 00070F080806060200- <2>     db 0x00,0x07,0x0f,0x08,0x08,0x06,0x06,0x02,0x00,0x0f,0x0f,0x01,0x03,0x02,0x06,0x0c
    41 0000392A 0F0F010302060C      <2>
    42 00003931 000F0F080C04060301- <2>     db 0x00,0x0f,0x0f,0x08,0x0c,0x04,0x06,0x03,0x01,0x0f,0x0f,0x01,0x03,0x02,0x06,0x04
    42 0000393A 0F0F0103020604      <2>
    43 00003941 00090F080C06060201- <2>     db 0x00,0x09,0x0f,0x08,0x0c,0x06,0x06,0x02,0x01,0x09,0x0f,0x01,0x03,0x07,0x06,0x04
    43 0000394A 090F0103070604      <2>
    44 00003951 080B0F080C06060301- <2>     db 0x08,0x0b,0x0f,0x08,0x0c,0x06,0x06,0x03,0x01,0x0b,0x0f,0x01,0x03,0x07,0x06,0x0c
    44 0000395A 0B0F010307060C      <2>
    45 00003961 080F0F080C06070301- <2>     db 0x08,0x0f,0x0f,0x08,0x0c,0x06,0x07,0x03,0x01,0x0f,0x0f,0x01,0x03,0x07,0x0e,0x08
    45 0000396A 0F0F0103070E08      <2>
    46 00003971 080F0F080C0E060101- <2>     db 0x08,0x0f,0x0f,0x08,0x0c,0x0e,0x06,0x01,0x01,0x0f,0x0f,0x01,0x03,0x07,0x0e,0x08
    46 0000397A 0F0F0103070E08      <2>
    47 00003981 080F0F080C06060100- <2>     db 0x08,0x0f,0x0f,0x08,0x0c,0x06,0x06,0x01,0x00,0x0f,0x0f,0x01,0x03,0x07,0x06,0x08
    47 0000398A 0F0F0103070608      <2>
    48 00003991 000F03080C06070100- <2>     db 0x00,0x0f,0x03,0x08,0x0c,0x06,0x07,0x01,0x00,0x0f,0x03,0x01,0x03,0x07,0x06,0x00
    48 0000399A 0F030103070600      <2>
    49 000039A1 000F08080C06070100- <2>     db 0x00,0x0f,0x08,0x08,0x0c,0x06,0x07,0x01,0x00,0x0f,0x00,0x01,0x03,0x07,0x0e,0x08
    49 000039AA 0F000103070E08      <2>
    50 000039B1 000F00080E0E070100- <2>     db 0x00,0x0f,0x00,0x08,0x0e,0x0e,0x07,0x01,0x00,0x0f,0x00,0x01,0x03,0x07,0x0c,0x08
    50 000039BA 0F000103070C08      <2>
    51 000039C1 000F00080E07070101- <2>     db 0x00,0x0f,0x00,0x08,0x0e,0x07,0x07,0x01,0x01,0x0f,0x00,0x01,0x07,0x07,0x0c,0x08
    51 000039CA 0F000107070C08      <2>
    52 000039D1 000F00080E06020001- <2>     db 0x00,0x0f,0x00,0x08,0x0e,0x06,0x02,0x00,0x01,0x0f,0x00,0x00,0x07,0x0f,0x0e,0x08
    52 000039DA 0F0000070F0E08      <2>
    53 000039E1 000F00000E0F030001- <2>     db 0x00,0x0f,0x00,0x00,0x0e,0x0f,0x03,0x00,0x01,0x0f,0x00,0x01,0x07,0x0f,0x0c,0x08
    53 000039EA 0F0001070F0C08      <2>
    54 000039F1 0E0F00080C07030003- <2>     db 0x0e,0x0f,0x00,0x08,0x0c,0x07,0x03,0x00,0x03,0x0f,0x00,0x01,0x07,0x0f,0x0c,0x08
    54 000039FA 0F0001070F0C08      <2>
    55 00003A01 0F0F00080E0703000F- <2>     db 0x0f,0x0f,0x00,0x08,0x0e,0x07,0x03,0x00,0x0f,0x0f,0x00,0x01,0x07,0x0f,0x0c,0x08
    55 00003A0A 0F0001070F0C08      <2>
    56 00003A11 0F0F00080E0703000F- <2>     db 0x0f,0x0f,0x00,0x08,0x0e,0x07,0x03,0x00,0x0f,0x0f,0x00,0x00,0x07,0x0f,0x0c,0x00
    56 00003A1A 0F0000070F0C00      <2>
    57 00003A21 0F0F00080E0703000F- <2>     db 0x0f,0x0f,0x00,0x08,0x0e,0x07,0x03,0x00,0x0f,0x0f,0x00,0x01,0x07,0x0f,0x0c,0x00
    57 00003A2A 0F0001070F0C00      <2>
    58 00003A31 0F0F00000E0F03000F- <2>     db 0x0f,0x0f,0x00,0x00,0x0e,0x0f,0x03,0x00,0x0f,0x0f,0x00,0x00,0x07,0x0f,0x08,0x00
    58 00003A3A 0F0000070F0800      <2>
    59 00003A41 0B0F0000060703000F- <2>     db 0x0b,0x0f,0x00,0x00,0x06,0x07,0x03,0x00,0x0f,0x0f,0x00,0x01,0x07,0x0f,0x08,0x00
    59 00003A4A 0F0001070F0800      <2>
    60 00003A51 0C0F00080F0F010007- <2>     db 0x0c,0x0f,0x00,0x08,0x0f,0x0f,0x01,0x00,0x07,0x0f,0x00,0x03,0x07,0x07,0x00,0x00
    60 00003A5A 0F000307070000      <2>
    61 00003A61 0F0F00000E0F010001- <2>     db 0x0f,0x0f,0x00,0x00,0x0e,0x0f,0x01,0x00,0x01,0x0f,0x00,0x02,0x0f,0x0f,0x00,0x00
    61 00003A6A 0F00020F0F0000      <2>
    62 00003A71 0F0F0000060600000F- <2>     db 0x0f,0x0f,0x00,0x00,0x06,0x06,0x00,0x00,0x0f,0x0f,0x00,0x02,0x0f,0x0f,0x08,0x00
    62 00003A7A 0F00020F0F0800      <2>
    63 00003A81 0F0D00080E0600000F- <2>     db 0x0f,0x0d,0x00,0x08,0x0e,0x06,0x00,0x00,0x0f,0x0f,0x00,0x07,0x0f,0x0f,0x00,0x00
    63 00003A8A 0F00070F0F0000      <2>
    64 00003A91 0F0400060F0700000F- <2>     db 0x0f,0x04,0x00,0x06,0x0f,0x07,0x00,0x00,0x0f,0x08,0x00,0x07,0x0f,0x0f,0x00,0x00
    64 00003A9A 0800070F0F0000      <2>
    65 00003AA1 0F0000060F0F00000F- <2>     db 0x0f,0x00,0x00,0x06,0x0f,0x0f,0x00,0x00,0x0f,0x00,0x00,0x06,0x0f,0x0f,0x00,0x00
    65 00003AAA 0000060F0F0000      <2>
    66 00003AB1 0F0000070F0F00000F- <2>     db 0x0f,0x00,0x00,0x07,0x0f,0x0f,0x00,0x00,0x0f,0x00,0x00,0x07,0x0f,0x0f,0x00,0x00
    66 00003ABA 0000070F0F0000      <2>
    67 00003AC1 0F0000060F0F00000F- <2>     db 0x0f,0x00,0x00,0x06,0x0f,0x0f,0x00,0x00,0x0f,0x00,0x00,0x06,0x0f,0x0f,0x00,0x00
    67 00003ACA 0000060F0F0000      <2>
    68 00003AD1 0F0000000F0F00000F- <2>     db 0x0f,0x00,0x00,0x00,0x0f,0x0f,0x00,0x00,0x0f,0x00,0x00,0x00,0x0f,0x0f,0x00,0x00
    68 00003ADA 0000000F0F0000      <2>
    69 00003AE1 0F0000060F0F00010F- <2>     db 0x0f,0x00,0x00,0x06,0x0f,0x0f,0x00,0x01,0x0f,0x00,0x00,0x06,0x0f,0x0f,0x00,0x00
    69 00003AEA 0000060F0F0000      <2>
    70 00003AF1 0F00000F0F0C000F0F- <2>     db 0x0f,0x00,0x00,0x0f,0x0f,0x0c,0x00,0x0f,0x0f,0x00,0x00,0x0e,0x0f,0x07,0x00,0x01
    70 00003AFA 00000E0F070001      <2>
    71 00003B01 0F0000070F04000F0F- <2>     db 0x0f,0x00,0x00,0x07,0x0f,0x04,0x00,0x0f,0x0f,0x00,0x00,0x0e,0x0f,0x07,0x00,0x03
    71 00003B0A 00000E0F070003      <2>
    72 00003B11 0F00000F0F08000F0F- <2>     db 0x0f,0x00,0x00,0x0f,0x0f,0x08,0x00,0x0f,0x0f,0x00,0x00,0x0e,0x0f,0x01,0x00,0x0f
    72 00003B1A 00000E0F01000F      <2>
    73 00003B21 0F00000F0F08000F0F- <2>     db 0x0f,0x00,0x00,0x0f,0x0f,0x08,0x00,0x0f,0x0f,0x00,0x08,0x0f,0x0f,0x01,0x00,0x0f
    73 00003B2A 00080F0F01000F      <2>
    74 00003B31 0F00010F0F08000F0F- <2>     db 0x0f,0x00,0x01,0x0f,0x0f,0x08,0x00,0x0f,0x0f,0x00,0x08,0x0f,0x0f,0x01,0x00,0x0f
    74 00003B3A 00080F0F01000F      <2>
    75 00003B41 0F00010F0F0800010F- <2>     db 0x0f,0x00,0x01,0x0f,0x0f,0x08,0x00,0x01,0x0f,0x00,0x00,0x0f,0x0f,0x01,0x00,0x0f
    75 00003B4A 00000F0F01000F      <2>
    76 00003B51 0F0001070E0000070F- <2>     db 0x0f,0x00,0x01,0x07,0x0e,0x00,0x00,0x07,0x0f,0x00,0x08,0x0e,0x0f,0x01,0x00,0x0c
    76 00003B5A 00080E0F01000C      <2>
    77 00003B61 0F0001070F08000F0F- <2>     db 0x0f,0x00,0x01,0x07,0x0f,0x08,0x00,0x0f,0x0f,0x00,0x04,0x07,0x0f,0x01,0x00,0x0b
    77 00003B6A 0004070F01000B      <2>
    78 00003B71 0F00030F0E08000F0F- <2>     db 0x0f,0x00,0x03,0x0f,0x0e,0x08,0x00,0x0f,0x0f,0x08,0x0c,0x0f,0x07,0x01,0x00,0x0f
    78 00003B7A 080C0F0701000F      <2>
    79 00003B81 0F00030F0E08000F0F- <2>     db 0x0f,0x00,0x03,0x0f,0x0e,0x08,0x00,0x0f,0x0f,0x00,0x0c,0x0f,0x07,0x01,0x00,0x0f
    79 00003B8A 000C0F0701000F      <2>
    80 00003B91 000103070E08000F0F- <2>     db 0x00,0x01,0x03,0x07,0x0e,0x08,0x00,0x0f,0x0f,0x08,0x0c,0x0f,0x07,0x01,0x00,0x0f
    80 00003B9A 080C0F0701000F      <2>
    81 00003BA1 0000070E0E08000F0C- <2>     db 0x00,0x00,0x07,0x0e,0x0e,0x08,0x00,0x0f,0x0c,0x08,0x0c,0x0e,0x07,0x01,0x00,0x0f
    81 00003BAA 080C0E0701000F      <2>
    82 00003BB1 000005070E08000F00- <2>     db 0x00,0x00,0x05,0x07,0x0e,0x08,0x00,0x0f,0x00,0x08,0x0e,0x0e,0x07,0x01,0x00,0x0f
    82 00003BBA 080E0E0701000F      <2>
    83 00003BC1 0001070E0E08000F00- <2>     db 0x00,0x01,0x07,0x0e,0x0e,0x08,0x00,0x0f,0x00,0x08,0x0e,0x0e,0x07,0x01,0x00,0x0f
    83 00003BCA 080E0E0701000F      <2>
    84 00003BD1 000107060E08000F00- <2>     db 0x00,0x01,0x07,0x06,0x0e,0x08,0x00,0x0f,0x00,0x08,0x0e,0x0f,0x03,0x01,0x01,0x0f
    84 00003BDA 080E0F0301010F      <2>
    85 00003BE1 0001070E0C08000F00- <2>     db 0x00,0x01,0x07,0x0e,0x0c,0x08,0x00,0x0f,0x00,0x08,0x0e,0x0f,0x03,0x01,0x01,0x0f
    85 00003BEA 080E0F0301010F      <2>
    86 00003BF1 000107060C080E0F08- <2>     db 0x00,0x01,0x07,0x06,0x0c,0x08,0x0e,0x0f,0x08,0x08,0x0e,0x06,0x03,0x01,0x09,0x0f
    86 00003BFA 080E060301090F      <2>
    87 00003C01 010107060C080F0F08- <2>     db 0x01,0x01,0x07,0x06,0x0c,0x08,0x0f,0x0f,0x08,0x08,0x0e,0x06,0x03,0x01,0x0b,0x0f
    87 00003C0A 080E0603010B0F      <2>
    88 00003C11 000107060C080F0F08- <2>     db 0x00,0x01,0x07,0x06,0x0c,0x08,0x0f,0x0f,0x08,0x0c,0x0e,0x06,0x03,0x01,0x0f,0x0f
    88 00003C1A 0C0E0603010F0F      <2>
    89 00003C21 000106060C080F0F00- <2>     db 0x00,0x01,0x06,0x06,0x0c,0x08,0x0f,0x0f,0x00,0x0c,0x0c,0x06,0x03,0x01,0x0f,0x0f
    89 00003C2A 0C0C0603010F0F      <2>
    90 00003C31 010307060C080F0F08- <2>     db 0x01,0x03,0x07,0x06,0x0c,0x08,0x0f,0x0f,0x08,0x0c,0x06,0x06,0x03,0x01,0x0f,0x0f
    90 00003C3A 0C060603010F0F      <2>
    91 00003C41 000306060C080F0F08- <2>     db 0x00,0x03,0x06,0x06,0x0c,0x08,0x0f,0x0f,0x08,0x0c,0x06,0x06,0x03,0x01,0x0f,0x0f
    91 00003C4A 0C060603010F0F      <2>
    92 00003C51 0103060604000B0F08- <2>     db 0x01,0x03,0x06,0x06,0x04,0x00,0x0b,0x0f,0x08,0x0c,0x04,0x06,0x03,0x01,0x0b,0x0f
    92 00003C5A 0C040603010B0F      <2>
    93 00003C61 010107060808090F08- <2>     db 0x01,0x01,0x07,0x06,0x08,0x08,0x09,0x0f,0x08,0x0c,0x06,0x06,0x03,0x01,0x09,0x0f
    93 00003C6A 0C06060301090F      <2>
    94 00003C71 010106060000070F08- <2>     db 0x01,0x01,0x06,0x06,0x00,0x00,0x07,0x0f,0x08,0x08,0x06,0x06,0x00,0x00,0x0f,0x0f
    94 00003C7A 08060600000F0F      <2>
    95 00003C81 010306060000070F08- <2>     db 0x01,0x03,0x06,0x06,0x00,0x00,0x07,0x0f,0x08,0x08,0x06,0x06,0x00,0x00,0x0f,0x0f
    95 00003C8A 08060600000F0F      <2>
    96 00003C91 0102060600000F0808- <2>     db 0x01,0x02,0x06,0x06,0x00,0x00,0x0f,0x08,0x08,0x0c,0x06,0x06,0x00,0x00,0x0f,0x0f
    96 00003C9A 0C060600000F0F      <2>
    97 00003CA1 010306060000070808- <2>     db 0x01,0x03,0x06,0x06,0x00,0x00,0x07,0x08,0x08,0x04,0x06,0x06,0x00,0x00,0x0f,0x01
    97 00003CAA 04060600000F01      <2>
    98 00003CB1 010306040000070808- <2>     db 0x01,0x03,0x06,0x04,0x00,0x00,0x07,0x08,0x08,0x04,0x06,0x02,0x00,0x00,0x0e,0x0d
    98 00003CBA 04060200000E0D      <2>
    99 00003CC1 010206040000070808- <2>     db 0x01,0x02,0x06,0x04,0x00,0x00,0x07,0x08,0x08,0x0c,0x06,0x02,0x00,0x00,0x0e,0x01
    99 00003CCA 0C060200000E01      <2>
   100 00003CD1 000206040000070808- <2>     db 0x00,0x02,0x06,0x04,0x00,0x00,0x07,0x08,0x08,0x04,0x06,0x02,0x00,0x00,0x0e,0x08
   100 00003CDA 04060200000E08      <2>
   101 00003CE1 010206040003070800- <2>     db 0x01,0x02,0x06,0x04,0x00,0x03,0x07,0x08,0x00,0x06,0x06,0x02,0x00,0x10,0x0e,0x01
   101 00003CEA 06060200100E01      <2>
   102 00003CF1 000206040087070808- <2>     db 0x00,0x02,0x06,0x04,0x00,0x87,0x07,0x08,0x08,0x06,0x06,0x02,0x00,0x16,0x0e,0x01
   102 00003CFA 06060200160E01      <2>
   103 00003D01 00020604000707080C- <2>     db 0x00,0x02,0x06,0x04,0x00,0x07,0x07,0x08,0x0c,0x06,0x06,0x02,0x00,0x0e,0x0e,0x01
   103 00003D0A 060602000E0E01      <2>
   104 00003D11 020206040087870004- <2>     db 0x02,0x02,0x06,0x04,0x00,0x87,0x87,0x00,0x04,0x06,0x06,0x02,0x00,0x1e,0x1e,0x00
   104 00003D1A 060602001E1E00      <2>
   105 00003D21 020606040087870004- <2>     db 0x02,0x06,0x06,0x04,0x00,0x87,0x87,0x00,0x04,0x06,0x06,0x02,0x00,0x1e,0x1e,0x00
   105 00003D2A 060602001E1E00      <2>
   106 00003D31 020606040087870004- <2>     db 0x02,0x06,0x06,0x04,0x00,0x87,0x87,0x00,0x04,0x06,0x06,0x02,0x00,0x1e,0x1e,0x00
   106 00003D3A 060602001E1E00      <2>
   107 00003D41 020606040081870004- <2>     db 0x02,0x06,0x06,0x04,0x00,0x81,0x87,0x00,0x04,0x06,0x06,0x02,0x00,0x18,0x1e,0x00
   107 00003D4A 06060200181E00      <2>
   108 00003D51 020206040081870004- <2>     db 0x02,0x02,0x06,0x04,0x00,0x81,0x87,0x00,0x04,0x06,0x06,0x02,0x00,0x1a,0x1e,0x00
   108 00003D5A 060602001A1E00      <2>
   109 00003D61 020606040087870000- <2>     db 0x02,0x06,0x06,0x04,0x00,0x87,0x87,0x00,0x00,0x06,0x06,0x02,0x00,0x1e,0x1e,0x00
   109 00003D6A 060602001E1E00      <2>
   110 00003D71 020206040087870004- <2>     db 0x02,0x02,0x06,0x04,0x00,0x87,0x87,0x00,0x04,0x04,0x06,0x02,0x00,0x1e,0x1e,0x00
   110 00003D7A 040602001E1E00      <2>
   111 00003D81 020606040087870004- <2>     db 0x02,0x06,0x06,0x04,0x00,0x87,0x87,0x00,0x04,0x06,0x06,0x02,0x00,0x1e,0x1e,0x00
   111 00003D8A 060602001E1E00      <2>
   112 00003D91 020606000087870004- <2>     db 0x02,0x06,0x06,0x00,0x00,0x87,0x87,0x00,0x04,0x06,0x06,0x02,0x00,0x1e,0x1e,0x00
   112 00003D9A 060602001E1E00      <2>
   113 00003DA1 020606000087870004- <2>     db 0x02,0x06,0x06,0x00,0x00,0x87,0x87,0x00,0x04,0x04,0x02,0x02,0x00,0x1e,0x1e,0x00
   113 00003DAA 040202001E1E00      <2>
   114 00003DB1 020604040087830404- <2>     db 0x02,0x06,0x04,0x04,0x00,0x87,0x83,0x04,0x04,0x06,0x02,0x02,0x10,0x1e,0x02,0x00
   114 00003DBA 060202101E0200      <2>
   115 00003DC1 020604048087040404- <2>     db 0x02,0x06,0x04,0x04,0x80,0x87,0x04,0x04,0x04,0x06,0x02,0x02,0x00,0x1e,0x16,0x02
   115 00003DCA 060202001E1602      <2>
   116 00003DD1 020604008087000404- <2>     db 0x02,0x06,0x04,0x00,0x80,0x87,0x00,0x04,0x04,0x06,0x02,0x02,0x04,0x1e,0x00,0x02
   116 00003DDA 060202041E0002      <2>
   117 00003DE1 020604008087000404- <2>     db 0x02,0x06,0x04,0x00,0x80,0x87,0x00,0x04,0x04,0x06,0x02,0x02,0x00,0x1e,0x00,0x02
   117 00003DEA 060202001E0002      <2>
   118 00003DF1 020604008787000404- <2>     db 0x02,0x06,0x04,0x00,0x87,0x87,0x00,0x04,0x04,0x06,0x02,0x00,0x1e,0x1e,0x00,0x02
   118 00003DFA 0602001E1E0002      <2>
   119 00003E01 020604008787000406- <2>     db 0x02,0x06,0x04,0x00,0x87,0x87,0x00,0x04,0x06,0x06,0x02,0x00,0x1e,0x1e,0x00,0x02
   119 00003E0A 0602001E1E0002      <2>
   120 00003E11 020604008787000006- <2>     db 0x02,0x06,0x04,0x00,0x87,0x87,0x00,0x00,0x06,0x06,0x02,0x00,0x1e,0x1e,0x00,0x00
   120 00003E1A 0602001E1E0000      <2>
   121 00003E21 060604008787000006- <2>     db 0x06,0x06,0x04,0x00,0x87,0x87,0x00,0x00,0x06,0x06,0x02,0x00,0x1e,0x1e,0x00,0x02
   121 00003E2A 0602001E1E0002      <2>
   122 00003E31 020604008787000006- <2>     db 0x02,0x06,0x04,0x00,0x87,0x87,0x00,0x00,0x06,0x06,0x02,0x00,0x1e,0x1e,0x00,0x02
   122 00003E3A 0602001E1E0002      <2>
   123 00003E41 020604008787000406- <2>     db 0x02,0x06,0x04,0x00,0x87,0x87,0x00,0x04,0x06,0x06,0x02,0x00,0x1a,0x1e,0x00,0x02
   123 00003E4A 0602001A1E0002      <2>
   124 00003E51 020604008387000406- <2>     db 0x02,0x06,0x04,0x00,0x83,0x87,0x00,0x04,0x06,0x06,0x02,0x00,0x1c,0x1e,0x00,0x02
   124 00003E5A 0602001C1E0002      <2>
   125 00003E61 060604008187000406- <2>     db 0x06,0x06,0x04,0x00,0x81,0x87,0x00,0x04,0x06,0x06,0x02,0x00,0x1e,0x1e,0x00,0x02
   125 00003E6A 0602001E1E0002      <2>
   126 00003E71 060404008787040406- <2>     db 0x06,0x04,0x04,0x00,0x87,0x87,0x04,0x04,0x06,0x06,0x02,0x00,0x1e,0x1e,0x00,0x02
   126 00003E7A 0602001E1E0002      <2>
   127 00003E81 060404008787040406- <2>     db 0x06,0x04,0x04,0x00,0x87,0x87,0x04,0x04,0x06,0x06,0x02,0x00,0x1e,0x1e,0x02,0x02
   127 00003E8A 0602001E1E0202      <2>
   128 00003E91 060404008787040406- <2>     db 0x06,0x04,0x04,0x00,0x87,0x87,0x04,0x04,0x06,0x06,0x02,0x00,0x1e,0x1e,0x02,0x02
   128 00003E9A 0602001E1E0202      <2>
   129 00003EA1 060404008787040404- <2>     db 0x06,0x04,0x04,0x00,0x87,0x87,0x04,0x04,0x04,0x02,0x02,0x00,0x1e,0x1e,0x02,0x02
   129 00003EAA 0202001E1E0202      <2>
   130 00003EB1 060404008787040404- <2>     db 0x06,0x04,0x04,0x00,0x87,0x87,0x04,0x04,0x04,0x02,0x02,0x00,0x1e,0x1e,0x02,0x02
   130 00003EBA 0202001E1E0202      <2>
   131 00003EC1 020404838787040406- <2>     db 0x02,0x04,0x04,0x83,0x87,0x87,0x04,0x04,0x06,0x02,0x02,0x06,0x1e,0x1e,0x00,0x02
   131 00003ECA 0202061E1E0002      <2>
   132 00003ED1 060404878787040404- <2>     db 0x06,0x04,0x04,0x87,0x87,0x87,0x04,0x04,0x04,0x02,0x02,0x08,0x1e,0x1e,0x00,0x02
   132 00003EDA 0202081E1E0002      <2>
   133 00003EE1 020404878783040404- <2>     db 0x02,0x04,0x04,0x87,0x87,0x83,0x04,0x04,0x04,0x02,0x02,0x0a,0x1e,0x0a,0x00,0x02
   133 00003EEA 02020A1E0A0002      <2>
   134 00003EF1 060404878781040404- <2>     db 0x06,0x04,0x04,0x87,0x87,0x81,0x04,0x04,0x04,0x02,0x02,0x1e,0x1e,0x1c,0x02,0x02
   134 00003EFA 02021E1E1C0202      <2>
   135 00003F01 020404878700040404- <2>     db 0x02,0x04,0x04,0x87,0x87,0x00,0x04,0x04,0x04,0x02,0x02,0x1e,0x1e,0x00,0x02,0x02
   135 00003F0A 02021E1E000202      <2>
   136 00003F11 060404878700040406- <2>     db 0x06,0x04,0x04,0x87,0x87,0x00,0x04,0x04,0x06,0x02,0x02,0x1e,0x1e,0x18,0x02,0x02
   136 00003F1A 02021E1E180202      <2>
   137 00003F21 060404878700040406- <2>     db 0x06,0x04,0x04,0x87,0x87,0x00,0x04,0x04,0x06,0x02,0x02,0x1e,0x1e,0x00,0x02,0x02
   137 00003F2A 02021E1E000202      <2>
   138 00003F31 060404878704040406- <2>     db 0x06,0x04,0x04,0x87,0x87,0x04,0x04,0x04,0x06,0x02,0x02,0x1e,0x1e,0x02,0x02,0x02
   138 00003F3A 02021E1E020202      <2>
   139 00003F41 060404818704040406- <2>     db 0x06,0x04,0x04,0x81,0x87,0x04,0x04,0x04,0x06,0x02,0x02,0x1e,0x1e,0x02,0x02,0x02
   139 00003F4A 02021E1E020202      <2>
   140 00003F51 020404838704040404- <2>     db 0x02,0x04,0x04,0x83,0x87,0x04,0x04,0x04,0x04,0x02,0x02,0x1c,0x1e,0x00,0x02,0x02
   140 00003F5A 02021C1E000202      <2>
   141 00003F61 020404878700040406- <2>     db 0x02,0x04,0x04,0x87,0x87,0x00,0x04,0x04,0x06,0x02,0x02,0x18,0x1e,0x02,0x02,0x02
   141 00003F6A 0202181E020202      <2>
   142 00003F71 060404878704040406- <2>     db 0x06,0x04,0x04,0x87,0x87,0x04,0x04,0x04,0x06,0x02,0x02,0x1e,0x1e,0x02,0x02,0x02
   142 00003F7A 02021E1E020202      <2>
   143 00003F81 060400878700040406- <2>     db 0x06,0x04,0x00,0x87,0x87,0x00,0x04,0x04,0x06,0x02,0x02,0x1e,0x1e,0x00,0x02,0x02
   143 00003F8A 02021E1E000202      <2>
   144 00003F91 040404878704040402- <2>     db 0x04,0x04,0x04,0x87,0x87,0x04,0x04,0x04,0x02,0x02,0x02,0x1e,0x1e,0x02,0x02,0x02
   144 00003F9A 02021E1E020202      <2>
   145 00003FA1 040404878704040602- <2>     db 0x04,0x04,0x04,0x87,0x87,0x04,0x04,0x06,0x02,0x02,0x12,0x1e,0x1e,0x02,0x02,0x02
   145 00003FAA 02121E1E020202      <2>
   146 00003FB1 040406878704040602- <2>     db 0x04,0x04,0x06,0x87,0x87,0x04,0x04,0x06,0x02,0x02,0x0e,0x1e,0x1e,0x02,0x02,0x02
   146 00003FBA 020E1E1E020202      <2>
   147 00003FC1 040487878704040602- <2>     db 0x04,0x04,0x87,0x87,0x87,0x04,0x04,0x06,0x02,0x02,0x1e,0x1e,0x1e,0x02,0x02,0x02
   147 00003FCA 021E1E1E020202      <2>
   148 00003FD1 040487878704040602- <2>     db 0x04,0x04,0x87,0x87,0x87,0x04,0x04,0x06,0x02,0x02,0x1e,0x1e,0x1e,0x02,0x02,0x06
   148 00003FDA 021E1E1E020206      <2>
   149 00003FE1 040487878704040602- <2>     db 0x04,0x04,0x87,0x87,0x87,0x04,0x04,0x06,0x02,0x02,0x1e,0x1e,0x1e,0x02,0x02,0x06
   149 00003FEA 021E1E1E020206      <2>
   150 00003FF1 040487878704040602- <2>     db 0x04,0x04,0x87,0x87,0x87,0x04,0x04,0x06,0x02,0x02,0x1e,0x1e,0x1e,0x02,0x02,0x06
   150 00003FFA 021E1E1E020206      <2>
   151 00004001 040487878704040602- <2>     db 0x04,0x04,0x87,0x87,0x87,0x04,0x04,0x06,0x02,0x02,0x1e,0x1e,0x1e,0x02,0x02,0x06
   151 0000400A 021E1E1E020206      <2>
   152 00004011 040487878704040602- <2>     db 0x04,0x04,0x87,0x87,0x87,0x04,0x04,0x06,0x02,0x02,0x1e,0x1e,0x1e,0x02,0x02,0x06
   152 0000401A 021E1E1E020206      <2>
   153 00004021 040487878704040602- <2>     db 0x04,0x04,0x87,0x87,0x87,0x04,0x04,0x06,0x02,0x02,0x1e,0x1e,0x1e,0x02,0x02,0x06
   153 0000402A 021E1E1E020206      <2>
   154 00004031 040487878704040602- <2>     db 0x04,0x04,0x87,0x87,0x87,0x04,0x04,0x06,0x02,0x02,0x1e,0x1e,0x1e,0x02,0x02,0x06
   154 0000403A 021E1E1E020206      <2>
   155 00004041 040487878704040602- <2>     db 0x04,0x04,0x87,0x87,0x87,0x04,0x04,0x06,0x02,0x02,0x06,0x1e,0x1e,0x02,0x02,0x06
   155 0000404A 02061E1E020206      <2>
   156 00004051 048481878704040602- <2>     db 0x04,0x84,0x81,0x87,0x87,0x04,0x04,0x06,0x02,0x02,0x18,0x1e,0x0e,0x02,0x02,0x06
   156 0000405A 02181E0E020206      <2>
   157 00004061 040681878704040602- <2>     db 0x04,0x06,0x81,0x87,0x87,0x04,0x04,0x06,0x02,0x06,0x18,0x1e,0x1e,0x02,0x02,0x06
   157 0000406A 06181E1E020206      <2>
   158 00004071 048687878704040402- <2>     db 0x04,0x86,0x87,0x87,0x87,0x04,0x04,0x04,0x02,0x06,0x1e,0x1e,0x16,0x02,0x02,0x06
   158 0000407A 061E1E16020206      <2>
   159 00004081 048787870604040202- <2>     db 0x04,0x87,0x87,0x87,0x06,0x04,0x04,0x02,0x02,0x0e,0x1e,0x1e,0x16,0x02,0x02,0x04
   159 0000408A 0E1E1E16020204      <2>
   160 00004091 008787870404040002- <2>     db 0x00,0x87,0x87,0x87,0x04,0x04,0x04,0x00,0x02,0x1e,0x1e,0x1e,0x1e,0x02,0x02,0x00
   160 0000409A 1E1E1E1E020200      <2>
   161 000040A1 048787870404040202- <2>     db 0x04,0x87,0x87,0x87,0x04,0x04,0x04,0x02,0x02,0x0e,0x1e,0x1e,0x02,0x02,0x02,0x00
   161 000040AA 0E1E1E02020200      <2>
   162 000040B1 048783870404040002- <2>     db 0x04,0x87,0x83,0x87,0x04,0x04,0x04,0x00,0x02,0x1c,0x1e,0x1e,0x02,0x02,0x02,0x00
   162 000040BA 1C1E1E02020200      <2>
   163 000040C1 048787870404040202- <2>     db 0x04,0x87,0x87,0x87,0x04,0x04,0x04,0x02,0x02,0x1e,0x1c,0x1e,0x02,0x02,0x02,0x00
   163 000040CA 1E1C1E02020200      <2>
   164 000040D1 04C7C7870404040202- <2>     db 0x04,0xc7,0xc7,0x87,0x04,0x04,0x04,0x02,0x02,0x1e,0x1e,0x1e,0x02,0x02,0x02,0x00
   164 000040DA 1E1E1E02020200      <2>
   165 000040E1 048787870404040002- <2>     db 0x04,0x87,0x87,0x87,0x04,0x04,0x04,0x00,0x02,0x3c,0x1c,0x1c,0x02,0x02,0x02,0x00
   165 000040EA 3C1C1C02020200      <2>
   166 000040F1 04C383870404040002- <2>     db 0x04,0xc3,0x83,0x87,0x04,0x04,0x04,0x00,0x02,0x3c,0x1c,0x1c,0x02,0x02,0x02,0x00
   166 000040FA 3C1C1C02020200      <2>
   167 00004101 048383870404040002- <2>     db 0x04,0x83,0x83,0x87,0x04,0x04,0x04,0x00,0x02,0x3c,0x1c,0x1c,0x02,0x02,0x02,0x00
   167 0000410A 3C1C1C02020200      <2>
   168 00004111 00C3C3870404040002- <2>     db 0x00,0xc3,0xc3,0x87,0x04,0x04,0x04,0x00,0x02,0x3c,0x3c,0x1c,0x02,0x02,0x02,0x00
   168 0000411A 3C3C1C02020200      <2>
   169 00004121 00C3C387040404000C- <2>     db 0x00,0xc3,0xc3,0x87,0x04,0x04,0x04,0x00,0x0c,0x3c,0x3c,0x1c,0x02,0x02,0x02,0x04
   169 0000412A 3C3C1C02020204      <2>
   170 00004131 C1C3C387040404002C- <2>     db 0xc1,0xc3,0xc3,0x87,0x04,0x04,0x04,0x00,0x2c,0x18,0x3c,0x1c,0x02,0x02,0x02,0x04
   170 0000413A 183C1C02020204      <2>
   171 00004141 C3C1C383040404002C- <2>     db 0xc3,0xc1,0xc3,0x83,0x04,0x04,0x04,0x00,0x2c,0x38,0x3c,0x1c,0x02,0x02,0x02,0x00
   171 0000414A 383C1C02020200      <2>
   172 00004151 C340C383040404003C- <2>     db 0xc3,0x40,0xc3,0x83,0x04,0x04,0x04,0x00,0x3c,0x00,0x3c,0x1c,0x02,0x02,0x02,0x00
   172 0000415A 003C1C02020200      <2>
   173 00004161 C3C3C383040404003C- <2>     db 0xc3,0xc3,0xc3,0x83,0x04,0x04,0x04,0x00,0x3c,0x24,0x3c,0x1c,0x02,0x02,0x02,0x00
   173 0000416A 243C1C02020200      <2>
   174 00004171 C3C3C383040404003C- <2>     db 0xc3,0xc3,0xc3,0x83,0x04,0x04,0x04,0x00,0x3c,0x3c,0x3c,0x1c,0x02,0x02,0x02,0x00
   174 0000417A 3C3C1C02020200      <2>
   175 00004181 C3C3C383040404003C- <2>     db 0xc3,0xc3,0xc3,0x83,0x04,0x04,0x04,0x00,0x3c,0x3c,0x3c,0x1c,0x02,0x02,0x00,0x00
   175 0000418A 3C3C1C02020000      <2>
   176 00004191 C3C3C383040404003C- <2>     db 0xc3,0xc3,0xc3,0x83,0x04,0x04,0x04,0x00,0x3c,0x3c,0x3c,0x1c,0x02,0x02,0x00,0x00
   176 0000419A 3C3C1C02020000      <2>
   177 000041A1 C3C3C383040404003C- <2>     db 0xc3,0xc3,0xc3,0x83,0x04,0x04,0x04,0x00,0x3c,0x3c,0x3c,0x1c,0x02,0x02,0x00,0x00
   177 000041AA 3C3C1C02020000      <2>
   178 000041B1 C3C3C383040404103C- <2>     db 0xc3,0xc3,0xc3,0x83,0x04,0x04,0x04,0x10,0x3c,0x3c,0x3c,0x1c,0x02,0x02,0x02,0xc0
   178 000041BA 3C3C1C020202C0      <2>
   179 000041C1 C3C3C383040404103C- <2>     db 0xc3,0xc3,0xc3,0x83,0x04,0x04,0x04,0x10,0x3c,0x3c,0x3c,0x1c,0x02,0x02,0x02,0xc0
   179 000041CA 3C3C1C020202C0      <2>
   180 000041D1 C3C3C3830404003C3C- <2>     db 0xc3,0xc3,0xc3,0x83,0x04,0x04,0x00,0x3c,0x3c,0x3c,0x3c,0x1c,0x02,0x02,0x00,0xc3
   180 000041DA 3C3C1C020200C3      <2>
   181 000041E1 C3C3C3830404003C3C- <2>     db 0xc3,0xc3,0xc3,0x83,0x04,0x04,0x00,0x3c,0x3c,0x3c,0x3c,0x1c,0x02,0x02,0x00,0xc3
   181 000041EA 3C3C1C020200C3      <2>
   182 000041F1 C3C3C3830404003C3C- <2>     db 0xc3,0xc3,0xc3,0x83,0x04,0x04,0x00,0x3c,0x3c,0x3c,0x3c,0x1c,0x02,0x02,0x00,0xc3
   182 000041FA 3C3C1C020200C3      <2>
   183 00004201 C3C3C3830404003C3C- <2>     db 0xc3,0xc3,0xc3,0x83,0x04,0x04,0x00,0x3c,0x3c,0x3c,0x3c,0x1c,0x02,0x02,0x00,0xc3
   183 0000420A 3C3C1C020200C3      <2>
   184 00004211 C3C3C3830404203C3C- <2>     db 0xc3,0xc3,0xc3,0x83,0x04,0x04,0x20,0x3c,0x3c,0x3c,0x3c,0x1c,0x02,0x02,0x00,0xc3
   184 0000421A 3C3C1C020200C3      <2>
   185 00004221 C3C3C3830404003C3C- <2>     db 0xc3,0xc3,0xc3,0x83,0x04,0x04,0x00,0x3c,0x3c,0x3c,0x3c,0x1c,0x02,0x02,0x00,0xc3
   185 0000422A 3C3C1C020200C3      <2>
   186 00004231 42C3C38304043C3C3C- <2>     db 0x42,0xc3,0xc3,0x83,0x04,0x04,0x3c,0x3c,0x3c,0x3c,0x3c,0x1c,0x02,0x02,0xc1,0xc3
   186 0000423A 3C3C1C0202C1C3      <2>
   187 00004241 00C3C38304043C3C18- <2>     db 0x00,0xc3,0xc3,0x83,0x04,0x04,0x3c,0x3c,0x18,0x3c,0x3c,0x1c,0x02,0x02,0x41,0xc3
   187 0000424A 3C3C1C020241C3      <2>
   188 00004251 42C3C38304043C3C18- <2>     db 0x42,0xc3,0xc3,0x83,0x04,0x04,0x3c,0x3c,0x18,0x3c,0x3c,0x1c,0x02,0x02,0xc3,0xc3
   188 0000425A 3C3C1C0202C3C3      <2>
   189 00004261 00C3C38304043C3C18- <2>     db 0x00,0xc3,0xc3,0x83,0x04,0x04,0x3c,0x3c,0x18,0x3c,0x3c,0x1c,0x02,0x02,0xc3,0xc3
   189 0000426A 3C3C1C0202C3C3      <2>
   190 00004271 00C3C3C304043C3C00- <2>     db 0x00,0xc3,0xc3,0xc3,0x04,0x04,0x3c,0x3c,0x00,0x3c,0x3c,0x1c,0x02,0xc3,0xc3,0xc3
   190 0000427A 3C3C1C02C3C3C3      <2>
   191 00004281 00C3C383041C3C3C00- <2>     db 0x00,0xc3,0xc3,0x83,0x04,0x1c,0x3c,0x3c,0x00,0x3c,0x3c,0x1c,0x02,0xc3,0xc3,0xc3
   191 0000428A 3C3C1C02C3C3C3      <2>
   192 00004291 42C3C383043C3C1818- <2>     db 0x42,0xc3,0xc3,0x83,0x04,0x3c,0x3c,0x18,0x18,0x3c,0x3c,0x1c,0x02,0xc3,0xc3,0xc3
   192 0000429A 3C3C1C02C3C3C3      <2>
   193 000042A1 42C3C383043C3C3C3C- <2>     db 0x42,0xc3,0xc3,0x83,0x04,0x3c,0x3c,0x3c,0x3c,0x3c,0x3c,0x1c,0x02,0xc3,0xc3,0xc3
   193 000042AA 3C3C1C02C3C3C3      <2>
   194 000042B1 00C3C3C3043C240000- <2>     db 0x00,0xc3,0xc3,0xc3,0x04,0x3c,0x24,0x00,0x00,0x24,0x3c,0x24,0x02,0xc3,0xc3,0xc3
   194 000042BA 243C2402C3C3C3      <2>
   195 000042C1 00C3C3C3043C240000- <2>     db 0x00,0xc3,0xc3,0xc3,0x04,0x3c,0x24,0x00,0x00,0x24,0x3c,0x20,0x02,0xc3,0xc3,0xc3
   195 000042CA 243C2002C3C3C3      <2>
   196 000042D1 000040400404000000- <2>     db 0x00,0x00,0x40,0x40,0x04,0x04,0x00,0x00,0x00,0x00,0x20,0x20,0x02,0x02,0x00,0x00
   196 000042DA 00202002020000      <2>
   197 000042E1 000040400404000000- <2>     db 0x00,0x00,0x40,0x40,0x04,0x04,0x00,0x00,0x00,0x00,0x20,0x20,0x02,0x02,0x00,0x00
   197 000042EA 00202002020000      <2>
   198 000042F1 C3C3C340243C240000- <2>     db 0xc3,0xc3,0xc3,0x40,0x24,0x3c,0x24,0x00,0x00,0x24,0x3c,0x20,0xc3,0xc3,0xc3,0x00
   198 000042FA 243C20C3C3C300      <2>
   199 00004301 C3C3C340243C240000- <2>     db 0xc3,0xc3,0xc3,0x40,0x24,0x3c,0x24,0x00,0x00,0x3c,0x3c,0x20,0xc3,0xc3,0xc3,0x00
   199 0000430A 3C3C20C3C3C300      <2>
   200 00004311 C3C3C3403C3C3C0000- <2>     db 0xc3,0xc3,0xc3,0x40,0x3c,0x3c,0x3c,0x00,0x00,0x3c,0x3c,0x20,0xc1,0xc3,0xc3,0x42
   200 0000431A 3C3C20C1C3C342      <2>
   201 00004321 C3C3C3403C3C3C0000- <2>     db 0xc3,0xc3,0xc3,0x40,0x3c,0x3c,0x3c,0x00,0x00,0x3c,0x3c,0x20,0xc1,0xc3,0xc3,0x42
   201 0000432A 3C3C20C1C3C342      <2>
   202 00004331 C3C3C1403C3C3C003C- <2>     db 0xc3,0xc3,0xc1,0x40,0x3c,0x3c,0x3c,0x00,0x3c,0x3c,0x20,0x20,0xc1,0xc3,0xc3,0x00
   202 0000433A 3C2020C1C3C300      <2>
   203 00004341 C3C341403C3C3C003C- <2>     db 0xc3,0xc3,0x41,0x40,0x3c,0x3c,0x3c,0x00,0x3c,0x3c,0x28,0x20,0xc1,0xc3,0xc3,0x00
   203 0000434A 3C2820C1C3C300      <2>
   204 00004351 C3C34040383C3C003C- <2>     db 0xc3,0xc3,0x40,0x40,0x38,0x3c,0x3c,0x00,0x3c,0x3c,0x20,0x20,0xc1,0xc3,0xc3,0x42
   204 0000435A 3C2020C1C3C342      <2>
   205 00004361 C3C34040383C3C003C- <2>     db 0xc3,0xc3,0x40,0x40,0x38,0x3c,0x3c,0x00,0x3c,0x3c,0x20,0x20,0xc1,0xc3,0xc3,0x00
   205 0000436A 3C2020C1C3C300      <2>
   206 00004371 C3C14040383C3C243C- <2>     db 0xc3,0xc1,0x40,0x40,0x38,0x3c,0x3c,0x24,0x3c,0x1c,0x20,0x20,0xc1,0xc3,0xc3,0xc3
   206 0000437A 1C2020C1C3C3C3      <2>
   207 00004381 C3C34040383C3C243C- <2>     db 0xc3,0xc3,0x40,0x40,0x38,0x3c,0x3c,0x24,0x3c,0x00,0x20,0x20,0xc1,0xc3,0xc3,0xc3
   207 0000438A 002020C1C3C3C3      <2>
   208 00004391 C3004040383C3C3C3C- <2>     db 0xc3,0x00,0x40,0x40,0x38,0x3c,0x3c,0x3c,0x3c,0x00,0x20,0x20,0xc1,0xc3,0xc3,0xc3
   208 0000439A 002020C1C3C3C3      <2>
   209 000043A1 C3004040383C3C3C3C- <2>     db 0xc3,0x00,0x40,0x40,0x38,0x3c,0x3c,0x3c,0x3c,0x00,0x20,0x20,0xc1,0xc3,0xc3,0xc3
   209 000043AA 002020C1C3C3C3      <2>
   210 000043B1 C3004040383C3C3C3C- <2>     db 0xc3,0x00,0x40,0x40,0x38,0x3c,0x3c,0x3c,0x3c,0x00,0x20,0x20,0xc1,0xc3,0xc3,0xc3
   210 000043BA 002020C1C3C3C3      <2>
   211 000043C1 C3004040383C3C3C3C- <2>     db 0xc3,0x00,0x40,0x40,0x38,0x3c,0x3c,0x3c,0x3c,0x00,0x20,0x20,0xc1,0xc3,0xc3,0xc3
   211 000043CA 002020C1C3C3C3      <2>
   212 000043D1 C3004040383C3C3C3C- <2>     db 0xc3,0x00,0x40,0x40,0x38,0x3c,0x3c,0x3c,0x3c,0x00,0x20,0x20,0xc1,0xc3,0xc3,0xc3
   212 000043DA 002020C1C3C3C3      <2>
   213 000043E1 C3004040383C3C3C3C- <2>     db 0xc3,0x00,0x40,0x40,0x38,0x3c,0x3c,0x3c,0x3c,0x00,0x20,0x20,0xc1,0xc3,0xc3,0xc3
   213 000043EA 002020C1C3C3C3      <2>
   214 000043F1 C2404040383C3C3C04- <2>     db 0xc2,0x40,0x40,0x40,0x38,0x3c,0x3c,0x3c,0x04,0x20,0x20,0x20,0xc1,0xc3,0xc3,0xc3
   214 000043FA 202020C1C3C3C3      <2>
   215 00004401 02404040383C3C3C04- <2>     db 0x02,0x40,0x40,0x40,0x38,0x3c,0x3c,0x3c,0x04,0x20,0x20,0x20,0xc1,0xc3,0xc3,0xc3
   215 0000440A 202020C1C3C3C3      <2>
   216 00004411 02404040383C3C3C00- <2>     db 0x02,0x40,0x40,0x40,0x38,0x3c,0x3c,0x3c,0x00,0x00,0x20,0x20,0xc1,0xc3,0xc3,0xc3
   216 0000441A 002020C1C3C3C3      <2>
   217 00004421 00404040383C3C3C00- <2>     db 0x00,0x40,0x40,0x40,0x38,0x3c,0x3c,0x3c,0x00,0x00,0x20,0x20,0xc1,0xc3,0xc3,0xc3
   217 0000442A 002020C1C3C3C3      <2>
   218 00004431 00404040383C3C3C00- <2>     db 0x00,0x40,0x40,0x40,0x38,0x3c,0x3c,0x3c,0x00,0x20,0x20,0x20,0xc1,0xc3,0xc3,0xc3
   218 0000443A 202020C1C3C3C3      <2>
   219 00004441 00404040383C003C00- <2>     db 0x00,0x40,0x40,0x40,0x38,0x3c,0x00,0x3c,0x00,0x20,0x20,0x20,0xc1,0xc3,0xc3,0xc3
   219 0000444A 202020C1C3C3C3      <2>
   220 00004451 00404040383C003C00- <2>     db 0x00,0x40,0x40,0x40,0x38,0x3c,0x00,0x3c,0x00,0x20,0x20,0x20,0xc1,0xc3,0x02,0xc3
   220 0000445A 202020C1C302C3      <2>
   221 00004461 00404040383C003C00- <2>     db 0x00,0x40,0x40,0x40,0x38,0x3c,0x00,0x3c,0x00,0x20,0x20,0x20,0xc1,0xc3,0x00,0xc3
   221 0000446A 202020C1C300C3      <2>
   222 00004471 00404040383C041C00- <2>     db 0x00,0x40,0x40,0x40,0x38,0x3c,0x04,0x1c,0x00,0x20,0x20,0x20,0xe1,0xc3,0xc3,0xc3
   222 0000447A 202020E1C3C3C3      <2>
   223 00004481 00404040383C240400- <2>     db 0x00,0x40,0x40,0x40,0x38,0x3c,0x24,0x04,0x00,0x20,0x20,0x20,0xc1,0xc3,0xc3,0x02
   223 0000448A 202020C1C3C302      <2>
   224 00004491 00404040783C3C0000- <2>     db 0x00,0x40,0x40,0x40,0x78,0x3c,0x3c,0x00,0x00,0x20,0x20,0x20,0xc1,0xc3,0xc3,0x00
   224 0000449A 202020C1C3C300      <2>
   225 000044A1 20404040783C3C0000- <2>     db 0x20,0x40,0x40,0x40,0x78,0x3c,0x3c,0x00,0x00,0x20,0x20,0x20,0xe1,0xc3,0xc3,0x20
   225 000044AA 202020E1C3C320      <2>
   226 000044B1 2040404078383C4000- <2>     db 0x20,0x40,0x40,0x40,0x78,0x38,0x3c,0x40,0x00,0x20,0x20,0x20,0xe1,0xc1,0xc3,0x20
   226 000044BA 202020E1C1C320      <2>
   227 000044C1 20404040783C384000- <2>     db 0x20,0x40,0x40,0x40,0x78,0x3c,0x38,0x40,0x00,0x20,0x20,0x20,0xc1,0xc1,0xc3,0x20
   227 000044CA 202020C1C1C320      <2>
   228 000044D1 004040407878784040- <2>     db 0x00,0x40,0x40,0x40,0x78,0x78,0x78,0x40,0x40,0x20,0x20,0x20,0xe1,0xe1,0xe1,0x20
   228 000044DA 202020E1E1E120      <2>
   229 000044E1 00404040783C384000- <2>     db 0x00,0x40,0x40,0x40,0x78,0x3c,0x38,0x40,0x00,0x20,0x20,0x20,0xe1,0xe1,0xc1,0x20
   229 000044EA 202020E1E1C120      <2>
   230 000044F1 004040407878384000- <2>     db 0x00,0x40,0x40,0x40,0x78,0x78,0x38,0x40,0x00,0x20,0x20,0x60,0xe1,0xc1,0xe1,0x20
   230 000044FA 202060E1C1E120      <2>
   231 00004501 204040407838784000- <2>     db 0x20,0x40,0x40,0x40,0x78,0x38,0x78,0x40,0x00,0x20,0x20,0x21,0xe1,0xc1,0xe1,0x00
   231 0000450A 202021E1C1E100      <2>
   232 00004511 204040707878784000- <2>     db 0x20,0x40,0x40,0x70,0x78,0x78,0x78,0x40,0x00,0x20,0x20,0xa0,0xe1,0xe1,0xe1,0x20
   232 0000451A 2020A0E1E1E120      <2>
   233 00004521 404040687860780000- <2>     db 0x40,0x40,0x40,0x68,0x78,0x60,0x78,0x00,0x00,0x20,0x20,0xe1,0xe1,0xe1,0xe1,0x20
   233 0000452A 2020E1E1E1E120      <2>
   234 00004531 404040407878404020- <2>     db 0x40,0x40,0x40,0x40,0x78,0x78,0x40,0x40,0x20,0x20,0x20,0xe1,0xe1,0xe1,0xa1,0x20
   234 0000453A 2020E1E1E1A120      <2>
   235 00004541 404040787840400020- <2>     db 0x40,0x40,0x40,0x78,0x78,0x40,0x40,0x00,0x20,0x20,0x20,0xe1,0xe1,0x20,0x21,0x00
   235 0000454A 2020E1E1202100      <2>
   236 00004551 604040707800404060- <2>     db 0x60,0x40,0x40,0x70,0x78,0x00,0x40,0x40,0x60,0x20,0x20,0xe1,0xe1,0x81,0x20,0x20
   236 0000455A 2020E1E1812020      <2>
   237 00004561 604040787878404060- <2>     db 0x60,0x40,0x40,0x78,0x78,0x78,0x40,0x40,0x60,0x20,0x20,0xe1,0xe1,0xe1,0x20,0x20
   237 0000456A 2020E1E1E12020      <2>
   238 00004571 604040787878404060- <2>     db 0x60,0x40,0x40,0x78,0x78,0x78,0x40,0x40,0x60,0x20,0x20,0xe1,0xe1,0xe1,0x20,0x20
   238 0000457A 2020E1E1E12020      <2>
   239 00004581 604040787878404020- <2>     db 0x60,0x40,0x40,0x78,0x78,0x78,0x40,0x40,0x20,0x20,0x20,0xe1,0xe1,0xe1,0x20,0x20
   239 0000458A 2020E1E1E12020      <2>
   240 00004591 604040787878404060- <2>     db 0x60,0x40,0x40,0x78,0x78,0x78,0x40,0x40,0x60,0x20,0x20,0xe1,0xe1,0xe1,0x20,0x20
   240 0000459A 2020E1E1E12020      <2>
   241 000045A1 604040787878404020- <2>     db 0x60,0x40,0x40,0x78,0x78,0x78,0x40,0x40,0x20,0x20,0x20,0xe1,0xe1,0xe1,0x20,0x20
   241 000045AA 2020E1E1E12020      <2>
   242 000045B1 604040787878404060- <2>     db 0x60,0x40,0x40,0x78,0x78,0x78,0x40,0x40,0x60,0x20,0x20,0xe1,0xe1,0xe1,0x20,0x20
   242 000045BA 2020E1E1E12020      <2>
   243 000045C1 604040787878404020- <2>     db 0x60,0x40,0x40,0x78,0x78,0x78,0x40,0x40,0x20,0x20,0x20,0xe1,0xe1,0xe1,0x20,0x20
   243 000045CA 2020E1E1E12020      <2>
   244 000045D1 604040787878404020- <2>     db 0x60,0x40,0x40,0x78,0x78,0x78,0x40,0x40,0x20,0x20,0x20,0xe1,0xe1,0xe1,0x20,0x20
   244 000045DA 2020E1E1E12020      <2>
   245 000045E1 404040787878404020- <2>     db 0x40,0x40,0x40,0x78,0x78,0x78,0x40,0x40,0x20,0x20,0x20,0xe1,0xe1,0x60,0x20,0x20
   245 000045EA 2020E1E1602020      <2>
   246 000045F1 604040787878404020- <2>     db 0x60,0x40,0x40,0x78,0x78,0x78,0x40,0x40,0x20,0x20,0x20,0xe1,0xe1,0x60,0x20,0x20
   246 000045FA 2020E1E1602020      <2>
   247 00004601 404040787858404020- <2>     db 0x40,0x40,0x40,0x78,0x78,0x58,0x40,0x40,0x20,0x20,0x20,0xe1,0xe1,0x61,0x20,0x20
   247 0000460A 2020E1E1612020      <2>
   248 00004611 604040787840404020- <2>     db 0x60,0x40,0x40,0x78,0x78,0x40,0x40,0x40,0x20,0x20,0x20,0xe1,0xe1,0x20,0x20,0x60
   248 0000461A 2020E1E1202060      <2>
   249 00004621 404040787840404020- <2>     db 0x40,0x40,0x40,0x78,0x78,0x40,0x40,0x40,0x20,0x20,0x20,0xe1,0xe1,0x20,0x20,0x40
   249 0000462A 2020E1E1202040      <2>
   250 00004631 604040787840406020- <2>     db 0x60,0x40,0x40,0x78,0x78,0x40,0x40,0x60,0x20,0x20,0x20,0xe1,0xe1,0x20,0x20,0x60
   250 0000463A 2020E1E1202060      <2>
   251 00004641 404000780040406020- <2>     db 0x40,0x40,0x00,0x78,0x00,0x40,0x40,0x60,0x20,0x20,0x20,0xe1,0xe1,0x20,0x20,0x40
   251 0000464A 2020E1E1202040      <2>
   252 00004651 404000783840402020- <2>     db 0x40,0x40,0x00,0x78,0x38,0x40,0x40,0x20,0x20,0x20,0x20,0xe1,0xc1,0x20,0x20,0x40
   252 0000465A 2020E1C1202040      <2>
   253 00004661 404040787840406020- <2>     db 0x40,0x40,0x40,0x78,0x78,0x40,0x40,0x60,0x20,0x20,0x20,0xe1,0x81,0x20,0x20,0x40
   253 0000466A 2020E181202040      <2>
   254 00004671 404040787840406020- <2>     db 0x40,0x40,0x40,0x78,0x78,0x40,0x40,0x60,0x20,0x20,0x20,0xe1,0xe1,0x20,0x20,0x60
   254 0000467A 2020E1E1202060      <2>
   255 00004681 404000787840406020- <2>     db 0x40,0x40,0x00,0x78,0x78,0x40,0x40,0x60,0x20,0x20,0x20,0xe1,0xe1,0x20,0x20,0x60
   255 0000468A 2020E1E1202060      <2>
   256 00004691 404018787840406020- <2>     db 0x40,0x40,0x18,0x78,0x78,0x40,0x40,0x60,0x20,0x20,0x20,0xe1,0xe1,0x20,0x20,0x60
   256 0000469A 2020E1E1202060      <2>
   257 000046A1 404000787840402020- <2>     db 0x40,0x40,0x00,0x78,0x78,0x40,0x40,0x20,0x20,0x20,0x81,0xe1,0xe1,0x20,0x20,0x60
   257 000046AA 2081E1E1202060      <2>
   258 000046B1 404018787840402020- <2>     db 0x40,0x40,0x18,0x78,0x78,0x40,0x40,0x20,0x20,0x20,0xa1,0xe1,0xe1,0x20,0x20,0x60
   258 000046BA 20A1E1E1202060      <2>
   259 000046C1 404078787840402020- <2>     db 0x40,0x40,0x78,0x78,0x78,0x40,0x40,0x20,0x20,0x20,0xe1,0xe1,0xe1,0x20,0x20,0x60
   259 000046CA 20E1E1E1202060      <2>
   260 000046D1 400078785840402020- <2>     db 0x40,0x00,0x78,0x78,0x58,0x40,0x40,0x20,0x20,0x20,0xe1,0xe1,0x41,0x20,0x20,0x60
   260 000046DA 20E1E141202060      <2>
   261 000046E1 400078780040402020- <2>     db 0x40,0x00,0x78,0x78,0x00,0x40,0x40,0x20,0x20,0x00,0xe1,0xe1,0x60,0x20,0x20,0x60
   261 000046EA 00E1E160202060      <2>
   262 000046F1 404078780040402020- <2>     db 0x40,0x40,0x78,0x78,0x00,0x40,0x40,0x20,0x20,0x20,0xe1,0xe1,0x20,0x20,0x20,0x60
   262 000046FA 20E1E120202060      <2>
   263 00004701 404078780040402020- <2>     db 0x40,0x40,0x78,0x78,0x00,0x40,0x40,0x20,0x20,0x20,0xe1,0xe1,0x00,0x20,0x20,0x60
   263 0000470A 20E1E100202060      <2>
   264 00004711 404078780040606020- <2>     db 0x40,0x40,0x78,0x78,0x00,0x40,0x60,0x60,0x20,0x20,0xe1,0xe1,0x00,0x20,0x20,0x60
   264 0000471A 20E1E100202060      <2>
   265 00004721 404078780040606020- <2>     db 0x40,0x40,0x78,0x78,0x00,0x40,0x60,0x60,0x20,0x20,0xe1,0xe1,0x00,0x20,0x60,0x60
   265 0000472A 20E1E100206060      <2>
   266 00004731 404078780040606020- <2>     db 0x40,0x40,0x78,0x78,0x00,0x40,0x60,0x60,0x20,0x00,0xe1,0xe1,0x00,0x20,0x60,0x60
   266 0000473A 00E1E100206060      <2>
   267 00004741 404078600040606020- <2>     db 0x40,0x40,0x78,0x60,0x00,0x40,0x60,0x60,0x20,0x00,0xe1,0x81,0x00,0x20,0x60,0x60
   267 0000474A 00E18100206060      <2>
   268 00004751 404078380040602020- <2>     db 0x40,0x40,0x78,0x38,0x00,0x40,0x60,0x20,0x20,0x00,0xe1,0xc1,0x00,0x20,0x60,0x40
   268 0000475A 00E1C100206040      <2>
   269 00004761 400078400040602020- <2>     db 0x40,0x00,0x78,0x40,0x00,0x40,0x60,0x20,0x20,0x00,0xe1,0xe1,0x00,0x20,0x60,0x40
   269 0000476A 00E1E100206040      <2>
   270 00004771 400078780040606000- <2>     db 0x40,0x00,0x78,0x78,0x00,0x40,0x60,0x60,0x00,0x00,0xe1,0xe1,0x00,0x20,0x60,0x60
   270 0000477A 00E1E100206060      <2>
   271 00004781 000078780040602020- <2>     db 0x00,0x00,0x78,0x78,0x00,0x40,0x60,0x20,0x20,0x00,0xe1,0xe1,0x00,0x20,0x60,0x60
   271 0000478A 00E1E100206060      <2>
   272 00004791 000078780040602000- <2>     db 0x00,0x00,0x78,0x78,0x00,0x40,0x60,0x20,0x00,0x00,0xe1,0xe1,0x00,0x20,0x60,0x40
   272 0000479A 00E1E100206040      <2>
   273 000047A1 400078780040602020- <2>     db 0x40,0x00,0x78,0x78,0x00,0x40,0x60,0x20,0x20,0x00,0xe1,0xe1,0x00,0x20,0x60,0x40
   273 000047AA 00E1E100206040      <2>
   274 000047B1 400078780040602020- <2>     db 0x40,0x00,0x78,0x78,0x00,0x40,0x60,0x20,0x20,0x00,0xe1,0x60,0x00,0x20,0x60,0x40
   274 000047BA 00E16000206040      <2>
   275 000047C1 400078384040602020- <2>     db 0x40,0x00,0x78,0x38,0x40,0x40,0x60,0x20,0x20,0x00,0xe1,0x00,0x00,0x20,0x60,0x40
   275 000047CA 00E10000206040      <2>
   276 000047D1 400078784040602020- <2>     db 0x40,0x00,0x78,0x78,0x40,0x40,0x60,0x20,0x20,0x00,0xe1,0x01,0x00,0x20,0x60,0x40
   276 000047DA 00E10100206040      <2>
   277 000047E1 407878004040602020- <2>     db 0x40,0x78,0x78,0x00,0x40,0x40,0x60,0x20,0x20,0x60,0xe1,0x01,0x20,0x20,0x60,0x40
   277 000047EA 60E10120206040      <2>
   278 000047F1 002078004040602000- <2>     db 0x00,0x20,0x78,0x00,0x40,0x40,0x60,0x20,0x00,0xe1,0xe1,0x00,0x20,0x20,0x60,0x40
   278 000047FA E1E10020206040      <2>
   279 00004801 407878004040202000- <2>     db 0x40,0x78,0x78,0x00,0x40,0x40,0x20,0x20,0x00,0xe1,0xe1,0x00,0x20,0x60,0x60,0x40
   279 0000480A E1E10020606040      <2>
   280 00004811 007878004060602000- <2>     db 0x00,0x78,0x78,0x00,0x40,0x60,0x60,0x20,0x00,0xe1,0xe1,0x00,0x20,0x60,0x60,0x40
   280 0000481A E1E10020606040      <2>
   281 00004821 007878004060602000- <2>     db 0x00,0x78,0x78,0x00,0x40,0x60,0x60,0x20,0x00,0xe1,0xe1,0x00,0x20,0x60,0x60,0x40
   281 0000482A E1E10020606040      <2>
   282 00004831 007878004060202000- <2>     db 0x00,0x78,0x78,0x00,0x40,0x60,0x20,0x20,0x00,0xe1,0xe1,0x00,0x20,0x60,0x40,0x40
   282 0000483A E1E10020604040      <2>
   283 00004841 007878004060202000- <2>     db 0x00,0x78,0x78,0x00,0x40,0x60,0x20,0x20,0x00,0xe1,0xe1,0x00,0x20,0x60,0x40,0x40
   283 0000484A E1E10020604040      <2>
   284 00004851 807840004060602000- <2>     db 0x80,0x78,0x40,0x00,0x40,0x60,0x60,0x20,0x00,0xe1,0xc1,0x00,0x20,0x60,0x60,0x40
   284 0000485A E1C10020606040      <2>
   285 00004861 007800004060202000- <2>     db 0x00,0x78,0x00,0x00,0x40,0x60,0x20,0x20,0x00,0xe1,0x81,0x00,0x20,0x60,0x60,0x40
   285 0000486A E1810020606040      <2>
   286 00004871 007878004060602000- <2>     db 0x00,0x78,0x78,0x00,0x40,0x60,0x60,0x20,0x00,0xe1,0xe1,0x00,0x20,0x60,0x60,0x40
   286 0000487A E1E10020606040      <2>
   287 00004881 007878004060602000- <2>     db 0x00,0x78,0x78,0x00,0x40,0x60,0x60,0x20,0x00,0xe1,0xe1,0x00,0x20,0x60,0x60,0x40
   287 0000488A E1E10020606040      <2>
   288 00004891 807878004060602000- <2>     db 0x80,0x78,0x78,0x00,0x40,0x60,0x60,0x20,0x00,0xe1,0xe1,0x00,0x20,0x60,0x60,0x40
   288 0000489A E1E10020606040      <2>
   289 000048A1 807878004060600000- <2>     db 0x80,0x78,0x78,0x00,0x40,0x60,0x60,0x00,0x00,0xe1,0xe1,0x00,0x20,0x60,0x60,0xc0
   289 000048AA E1E100206060C0      <2>
   290 000048B1 807868004060601010- <2>     db 0x80,0x78,0x68,0x00,0x40,0x60,0x60,0x10,0x10,0xe1,0x61,0x00,0x20,0x60,0x60,0xc0
   290 000048BA E16100206060C0      <2>
   291 000048C1 807028004060201010- <2>     db 0x80,0x70,0x28,0x00,0x40,0x60,0x20,0x10,0x10,0xe1,0x01,0x00,0x20,0x60,0x40,0xc0
   291 000048CA E10100206040C0      <2>
   292 000048D1 807000004060201010- <2>     db 0x80,0x70,0x00,0x00,0x40,0x60,0x20,0x10,0x10,0xe1,0x01,0x00,0x60,0x60,0x40,0xc0
   292 000048DA E10100606040C0      <2>
   293 000048E1 807800004060201010- <2>     db 0x80,0x78,0x00,0x00,0x40,0x60,0x20,0x10,0x10,0xe1,0x00,0x00,0x60,0x60,0x40,0x80
   293 000048EA E1000060604080      <2>
   294 000048F1 90F800004060301010- <2>     db 0x90,0xf8,0x00,0x00,0x40,0x60,0x30,0x10,0x10,0xe1,0x10,0x00,0x60,0x60,0xc0,0x80
   294 000048FA E110006060C080      <2>
   295 00004901 80F000004060301010- <2>     db 0x80,0xf0,0x00,0x00,0x40,0x60,0x30,0x10,0x10,0xe0,0x00,0x00,0x60,0x60,0xc0,0x80
   295 0000490A E000006060C080      <2>
   296 00004911 F0F000006060201090- <2>     db 0xf0,0xf0,0x00,0x00,0x60,0x60,0x20,0x10,0x90,0xf0,0x00,0x00,0x60,0x60,0xc0,0x80
   296 0000491A F000006060C080      <2>
   297 00004921 F0F0800060601010F0- <2>     db 0xf0,0xf0,0x80,0x00,0x60,0x60,0x10,0x10,0xf0,0xf0,0x00,0x20,0x60,0x60,0xc0,0x80
   297 0000492A F000206060C080      <2>
   298 00004931 F0F08080E0601010F0- <2>     db 0xf0,0xf0,0x80,0x80,0xe0,0x60,0x10,0x10,0xf0,0xf0,0x10,0x10,0x60,0x60,0x80,0x80
   298 0000493A F0101060608080      <2>
   299 00004941 F09080C060601010F0- <2>     db 0xf0,0x90,0x80,0xc0,0x60,0x60,0x10,0x10,0xf0,0x90,0x10,0x30,0x60,0xe0,0x80,0x80
   299 0000494A 90103060E08080      <2>
   300 00004951 F0C080C0E0303010F0- <2>     db 0xf0,0xc0,0x80,0xc0,0xe0,0x30,0x30,0x10,0xf0,0xd0,0x10,0x30,0x60,0xe0,0x40,0x00
   300 0000495A D0103060E04000      <2>
   301 00004961 F0F080C060603010F0- <2>     db 0xf0,0xf0,0x80,0xc0,0x60,0x60,0x30,0x10,0xf0,0xf0,0x10,0x30,0x60,0xe0,0x40,0x00
   301 0000496A F0103060E04000      <2>
   302 00004971 F0F080C0E0603010F0- <2>     db 0xf0,0xf0,0x80,0xc0,0xe0,0x60,0x30,0x10,0xf0,0xf0,0x10,0x30,0x70,0xe0,0xc0,0x00
   302 0000497A F0103070E0C000      <2>
   303 00004981 F0F080C0E0703000F0- <2>     db 0xf0,0xf0,0x80,0xc0,0xe0,0x70,0x30,0x00,0xf0,0xf0,0x10,0x30,0x70,0xe0,0x80,0x00
   303 0000498A F0103070E08000      <2>
   304 00004991 F0F080C0E0701010F0- <2>     db 0xf0,0xf0,0x80,0xc0,0xe0,0x70,0x10,0x10,0xf0,0xf0,0x10,0x30,0x70,0xe0,0x80,0x80
   304 0000499A F0103070E08080      <2>
   305 000049A1 F0F080C060701010F0- <2>     db 0xf0,0xf0,0x80,0xc0,0x60,0x70,0x10,0x10,0xf0,0xf0,0x10,0x30,0x60,0xe0,0x80,0x80
   305 000049AA F0103060E08080      <2>
   306 000049B1 F0F080C0E0701000F0- <2>     db 0xf0,0xf0,0x80,0xc0,0xe0,0x70,0x10,0x00,0xf0,0x90,0x10,0x30,0x60,0xe0,0x80,0x80
   306 000049BA 90103060E08080      <2>
   307 000049C1 F09080C0F0701000F0- <2>     db 0xf0,0x90,0x80,0xc0,0xf0,0x70,0x10,0x00,0xf0,0x90,0x10,0x70,0x70,0xe0,0x80,0x00
   307 000049CA 90107070E08000      <2>
   308 000049D1 F00080C070701000F0- <2>     db 0xf0,0x00,0x80,0xc0,0x70,0x70,0x10,0x00,0xf0,0x00,0x10,0x70,0xf0,0x60,0x00,0x00
   308 000049DA 001070F0600000      <2>
   309 000049E1 F00080E0F0301000F0- <2>     db 0xf0,0x00,0x80,0xe0,0xf0,0x30,0x10,0x00,0xf0,0x00,0x10,0x70,0xe0,0xe0,0x80,0x00
   309 000049EA 001070E0E08000      <2>
   310 000049F1 F00080E0F0301000F0- <2>     db 0xf0,0x00,0x80,0xe0,0xf0,0x30,0x10,0x00,0xf0,0x00,0x10,0x70,0xf0,0xa0,0x80,0x00
   310 000049FA 001070F0A08000      <2>
   311 00004A01 F00080E070301000F0- <2>     db 0xf0,0x00,0x80,0xe0,0x70,0x30,0x10,0x00,0xf0,0x00,0x10,0x70,0xf0,0xe0,0x80,0x00
   311 00004A0A 001070F0E08000      <2>
   312 00004A11 F00080E0703000E0F0- <2>     db 0xf0,0x00,0x80,0xe0,0x70,0x30,0x00,0xe0,0xf0,0x00,0x10,0x70,0xf0,0xc0,0x00,0x80
   312 00004A1A 001070F0C00080      <2>
   313 00004A21 F00080E0F03000F0F0- <2>     db 0xf0,0x00,0x80,0xe0,0xf0,0x30,0x00,0xf0,0xf0,0x00,0x10,0x70,0xf0,0xc0,0x00,0xf0
   313 00004A2A 001070F0C000F0      <2>
   314 00004A31 F00080E0703000F0F0- <2>     db 0xf0,0x00,0x80,0xe0,0x70,0x30,0x00,0xf0,0xf0,0x00,0x10,0xf0,0xe0,0xc0,0x00,0xf0
   314 00004A3A 0010F0E0C000F0      <2>
   315 00004A41 C00080E0F02000F0F0- <2>     db 0xc0,0x00,0x80,0xe0,0xf0,0x20,0x00,0xf0,0xf0,0x00,0x10,0xf0,0xe0,0xc0,0x00,0xf0
   315 00004A4A 0010F0E0C000F0      <2>
   316 00004A51 300000F0F00000F0E0- <2>     db 0x30,0x00,0x00,0xf0,0xf0,0x00,0x00,0xf0,0xe0,0x00,0x00,0xf0,0xf0,0x80,0x00,0xf0
   316 00004A5A 0000F0F08000F0      <2>
   317 00004A61 F00080F0701000F080- <2>     db 0xf0,0x00,0x80,0xf0,0x70,0x10,0x00,0xf0,0x80,0x00,0x10,0xe0,0xe0,0x00,0x00,0xf0
   317 00004A6A 0010E0E00000F0      <2>
   318 00004A71 F00080F0700000F0F0- <2>     db 0xf0,0x00,0x80,0xf0,0x70,0x00,0x00,0xf0,0xf0,0x00,0x10,0xf0,0xe0,0x00,0x00,0xf0
   318 00004A7A 0010F0E00000F0      <2>
   319 00004A81 F00080F0F01000F0F0- <2>     db 0xf0,0x00,0x80,0xf0,0xf0,0x10,0x00,0xf0,0xf0,0x00,0x10,0xf0,0xf0,0x00,0x00,0xf0
   319 00004A8A 0010F0F00000F0      <2>
   320 00004A91 F00000F0F00000F0F0- <2>     db 0xf0,0x00,0x00,0xf0,0xf0,0x00,0x00,0xf0,0xf0,0x00,0x10,0xe0,0xe0,0x80,0x00,0xf0
   320 00004A9A 0010E0E08000F0      <2>
   321 00004AA1 E000A0F0700000F0F0- <2>     db 0xe0,0x00,0xa0,0xf0,0x70,0x00,0x00,0xf0,0xf0,0x00,0x70,0xe0,0xe0,0x00,0x00,0xf0
   321 00004AAA 0070E0E00000F0      <2>
   322 00004AB1 9000A0E0E00000F090- <2>     db 0x90,0x00,0xa0,0xe0,0xe0,0x00,0x00,0xf0,0x90,0x00,0xe0,0xe0,0xe0,0x00,0x00,0xf0
   322 00004ABA 00E0E0E00000F0      <2>
   323 00004AC1 8000F0F0600000F000- <2>     db 0x80,0x00,0xf0,0xf0,0x60,0x00,0x00,0xf0,0x00,0x00,0xf0,0xf0,0x60,0x00,0x00,0xf0
   323 00004ACA 00F0F0600000F0      <2>
   324 00004AD1 0000F0F0000000F000- <2>     db 0x00,0x00,0xf0,0xf0,0x00,0x00,0x00,0xf0,0x00,0x00,0xf0,0xf0,0x00,0x00,0x00,0xf0
   324 00004ADA 00F0F0000000F0      <2>
   325 00004AE1 0000F0F0600000F000- <2>     db 0x00,0x00,0xf0,0xf0,0x60,0x00,0x00,0xf0,0x00,0x00,0xf0,0xf0,0x60,0x00,0x00,0xf0
   325 00004AEA 00F0F0600000F0      <2>
   326 00004AF1 0000F0F0700000F000- <2>     db 0x00,0x00,0xf0,0xf0,0x70,0x00,0x00,0xf0,0x00,0x00,0xf0,0xf0,0x70,0x00,0x00,0xf0
   326 00004AFA 00F0F0700000F0      <2>
   327 00004B01 0000F0F0600000F000- <2>     db 0x00,0x00,0xf0,0xf0,0x60,0x00,0x00,0xf0,0x00,0x00,0xf0,0xf0,0x60,0x00,0x00,0xf0
   327 00004B0A 00F0F0600000F0      <2>
   328 00004B11 0000F0F0600020F000- <2>     db 0x00,0x00,0xf0,0xf0,0x60,0x00,0x20,0xf0,0x00,0x00,0x60,0x70,0x70,0x00,0x10,0xf0
   328 00004B1A 006070700010F0      <2>
   329 00004B21 0000F0F08000B0F000- <2>     db 0x00,0x00,0xf0,0xf0,0x80,0x00,0xb0,0xf0,0x00,0x00,0x70,0x70,0x70,0x00,0xf0,0xf0
   329 00004B2A 0070707000F0F0      <2>
   330 00004B31 0010F0F08000F0F000- <2>     db 0x00,0x10,0xf0,0xf0,0x80,0x00,0xf0,0xf0,0x00,0x80,0xe0,0xf0,0x50,0x00,0xf0,0xf0
   330 00004B3A 80E0F05000F0F0      <2>
   331 00004B41 0010F0E08000F08000- <2>     db 0x00,0x10,0xf0,0xe0,0x80,0x00,0xf0,0x80,0x00,0x80,0xf0,0xf0,0x10,0x00,0xf0,0xf0
   331 00004B4A 80F0F01000F0F0      <2>
   332 00004B51 0010F0F00000F0E000- <2>     db 0x00,0x10,0xf0,0xf0,0x00,0x00,0xf0,0xe0,0x00,0x80,0xf0,0x70,0x00,0x00,0xf0,0x30
   332 00004B5A 80F0700000F030      <2>
   333 00004B61 0010F0E08000F0F000- <2>     db 0x00,0x10,0xf0,0xe0,0x80,0x00,0xf0,0xf0,0x00,0x80,0xe0,0x60,0x00,0x00,0xf0,0xc0
   333 00004B6A 80E0600000F0C0      <2>
   334 00004B71 0010F0E08000F0F000- <2>     db 0x00,0x10,0xf0,0xe0,0x80,0x00,0xf0,0xf0,0x00,0xc0,0xf0,0x70,0x10,0x00,0xf0,0xf0
   334 00004B7A C0F0701000F0F0      <2>
   335 00004B81 0030F0E08000F0F000- <2>     db 0x00,0x30,0xf0,0xe0,0x80,0x00,0xf0,0xf0,0x00,0xc0,0xe0,0x70,0x10,0x00,0xf0,0xf0
   335 00004B8A C0E0701000F0F0      <2>
   336 00004B91 0030F0E08000F0F000- <2>     db 0x00,0x30,0xf0,0xe0,0x80,0x00,0xf0,0xf0,0x00,0xc0,0xe0,0x70,0x10,0x00,0xf0,0xf0
   336 00004B9A C0E0701000F0F0      <2>
   337 00004BA1 0030F0E08000F0D000- <2>     db 0x00,0x30,0xf0,0xe0,0x80,0x00,0xf0,0xd0,0x00,0x40,0x60,0x70,0x10,0x00,0xf0,0xf0
   337 00004BAA 4060701000F0F0      <2>
   338 00004BB1 1030E0E08000F0C080- <2>     db 0x10,0x30,0xe0,0xe0,0x80,0x00,0xf0,0xc0,0x80,0xc0,0x60,0x30,0x10,0x00,0xf0,0xf0
   338 00004BBA C060301000F0F0      <2>
   339 00004BC1 103060E08000F08080- <2>     db 0x10,0x30,0x60,0xe0,0x80,0x00,0xf0,0x80,0x80,0x60,0x70,0x70,0x10,0x00,0xf0,0xa0
   339 00004BCA 6070701000F0A0      <2>
   340 00004BD1 1070E0C08000F08080- <2>     db 0x10,0x70,0xe0,0xc0,0x80,0x00,0xf0,0x80,0x80,0xc0,0xf0,0x70,0x10,0x00,0xf0,0x10
   340 00004BDA C0F0701000F010      <2>
   341 00004BE1 1070E0C08000F00080- <2>     db 0x10,0x70,0xe0,0xc0,0x80,0x00,0xf0,0x00,0x80,0xe0,0xe0,0x70,0x10,0x00,0xf0,0x00
   341 00004BEA E0E0701000F000      <2>
   342 00004BF1 103060C08000F00000- <2>     db 0x10,0x30,0x60,0xc0,0x80,0x00,0xf0,0x00,0x00,0x60,0x70,0x70,0x10,0x00,0xf0,0x10
   342 00004BFA 6070701000F010      <2>
   343 00004C01 107060C08020F00000- <2>     db 0x10,0x70,0x60,0xc0,0x80,0x20,0xf0,0x00,0x00,0x60,0x70,0x30,0x10,0x10,0xf0,0x10
   343 00004C0A 6070301010F010      <2>
   344 00004C11 1070E0C080C0F08080- <2>     db 0x10,0x70,0xe0,0xc0,0x80,0xc0,0xf0,0x80,0x80,0x60,0x60,0x30,0x10,0xc0,0xf0,0x00
   344 00004C1A 60603010C0F000      <2>
   345 00004C21 1060608080F0F08080- <2>     db 0x10,0x60,0x60,0x80,0x80,0xf0,0xf0,0x80,0x80,0x60,0x60,0x30,0x10,0xf0,0xf0,0x10
   345 00004C2A 60603010F0F010      <2>
   346 00004C31 106060C080F0F08080- <2>     db 0x10,0x60,0x60,0xc0,0x80,0xf0,0xf0,0x80,0x80,0xe0,0x70,0x30,0x10,0xf0,0xf0,0x10
   346 00004C3A E0703010F0F010      <2>
   347 00004C41 1070E0C080F0F080C0- <2>     db 0x10,0x70,0xe0,0xc0,0x80,0xf0,0xf0,0x80,0xc0,0xe0,0x60,0x30,0x10,0xf0,0xf0,0x10
   347 00004C4A E0603010F0F010      <2>
   348 00004C51 206060C080F0D080C0- <2>     db 0x20,0x60,0x60,0xc0,0x80,0xf0,0xd0,0x80,0xc0,0xe0,0x60,0x30,0x10,0xf0,0xc0,0x00
   348 00004C5A E0603010F0C000      <2>
   349 00004C61 3060E0C080F0900040- <2>     db 0x30,0x60,0xe0,0xc0,0x80,0xf0,0x90,0x00,0x40,0x60,0x30,0x30,0x10,0xf0,0x80,0x10
   349 00004C6A 60303010F08010      <2>
   350 00004C71 206040C080F0F08040- <2>     db 0x20,0x60,0x40,0xc0,0x80,0xf0,0xf0,0x80,0x40,0x60,0x20,0x30,0x10,0xf0,0xe0,0x10
   350 00004C7A 60203010F0E010      <2>
   351 00004C81 206040C080F0F080C0- <2>     db 0x20,0x60,0x40,0xc0,0x80,0xf0,0xf0,0x80,0xc0,0x60,0x60,0x30,0x10,0xf0,0xe0,0x10
   351 00004C8A 60603010F0E010      <2>
   352 00004C91 206060808070F08040- <2>     db 0x20,0x60,0x60,0x80,0x80,0x70,0xf0,0x80,0x40,0x60,0x60,0x10,0x10,0xe0,0xf0,0x00
   352 00004C9A 60601010E0F000      <2>
   353 00004CA1 2060608080F0F00040- <2>     db 0x20,0x60,0x60,0x80,0x80,0xf0,0xf0,0x00,0x40,0x60,0x60,0x10,0x10,0xe0,0xe0,0x00
   353 00004CAA 60601010E0E000      <2>
   354 00004CB1 2060408080F0600040- <2>     db 0x20,0x60,0x40,0x80,0x80,0xf0,0x60,0x00,0x40,0x60,0x60,0x10,0x10,0xe0,0xe0,0x00
   354 00004CBA 60601010E0E000      <2>
   355 00004CC1 206040808070800040- <2>     db 0x20,0x60,0x40,0x80,0x80,0x70,0x80,0x00,0x40,0x60,0x60,0x10,0x10,0xf0,0xc0,0x00
   355 00004CCA 60601010F0C000      <2>
   356 00004CD1 206040008070000040- <2>     db 0x20,0x60,0x40,0x00,0x80,0x70,0x00,0x00,0x40,0x60,0x20,0x00,0x00,0xe0,0x00,0x00
   356 00004CDA 60200000E00000      <2>
   357 00004CE1 206040008078000040- <2>     db 0x20,0x60,0x40,0x00,0x80,0x78,0x00,0x00,0x40,0x60,0x20,0x10,0x10,0xe0,0x00,0x00
   357 00004CEA 60201010E00000      <2>
   358 00004CF1 206040008078000040- <2>     db 0x20,0x60,0x40,0x00,0x80,0x78,0x00,0x00,0x40,0x60,0x20,0x10,0x20,0xe1,0x00,0x00
   358 00004CFA 60201020E10000      <2>
   359 00004D01 606040008078000060- <2>     db 0x60,0x60,0x40,0x00,0x80,0x78,0x00,0x00,0x60,0x60,0x20,0x10,0xf0,0xe0,0x00,0x00
   359 00004D0A 602010F0E00000      <2>
   360 00004D11 606040005078000060- <2>     db 0x60,0x60,0x40,0x00,0x50,0x78,0x00,0x00,0x60,0x60,0x20,0x10,0xe0,0xe1,0x00,0x00
   360 00004D1A 602010E0E10000      <2>
   361 00004D21 606040007078000060- <2>     db 0x60,0x60,0x40,0x00,0x70,0x78,0x00,0x00,0x60,0x60,0x20,0x00,0xe1,0xe1,0x00,0x20
   361 00004D2A 602000E1E10020      <2>
   362 00004D31 606040007878004060- <2>     db 0x60,0x60,0x40,0x00,0x78,0x78,0x00,0x40,0x60,0x60,0x20,0x00,0xe1,0xe1,0x00,0x20
   362 00004D3A 602000E1E10020      <2>
   363 00004D41 606000007818004060- <2>     db 0x60,0x60,0x00,0x00,0x78,0x18,0x00,0x40,0x60,0x60,0x00,0x00,0xe1,0x81,0x00,0x20
   363 00004D4A 600000E1810020      <2>
   364 00004D51 606040007858004060- <2>     db 0x60,0x60,0x40,0x00,0x78,0x58,0x00,0x40,0x60,0x60,0x20,0x00,0xe1,0xc1,0x00,0x20
   364 00004D5A 602000E1C10020      <2>
   365 00004D61 604040007878004060- <2>     db 0x60,0x40,0x40,0x00,0x78,0x78,0x00,0x40,0x60,0x60,0x20,0x00,0xe1,0xe1,0x00,0x20
   365 00004D6A 602000E1E10020      <2>
   366 00004D71 606000007878004060- <2>     db 0x60,0x60,0x00,0x00,0x78,0x78,0x00,0x40,0x60,0x60,0x00,0x00,0xe1,0xe1,0x00,0x20
   366 00004D7A 600000E1E10020      <2>
   367 00004D81 606040007878004060- <2>     db 0x60,0x60,0x40,0x00,0x78,0x78,0x00,0x40,0x60,0x60,0x20,0x00,0xe1,0xe1,0x00,0x20
   367 00004D8A 602000E1E10020      <2>
   368 00004D91 606040007878004060- <2>     db 0x60,0x60,0x40,0x00,0x78,0x78,0x00,0x40,0x60,0x20,0x20,0x00,0xe1,0xe1,0x00,0x20
   368 00004D9A 202000E1E10020      <2>
   369 00004DA1 604040007878004060- <2>     db 0x60,0x40,0x40,0x00,0x78,0x78,0x00,0x40,0x60,0x60,0x20,0x00,0xe1,0xe1,0x00,0x20
   369 00004DAA 602000E1E10020      <2>
   370 00004DB1 604040007878004060- <2>     db 0x60,0x40,0x40,0x00,0x78,0x78,0x00,0x40,0x60,0x20,0x20,0x00,0xe1,0xe1,0x00,0x20
   370 00004DBA 202000E1E10020      <2>
   371 00004DC1 604040007808004060- <2>     db 0x60,0x40,0x40,0x00,0x78,0x08,0x00,0x40,0x60,0x20,0x20,0x00,0xe1,0x81,0x00,0x20
   371 00004DCA 202000E1810020      <2>
   372 00004DD1 604040007818004060- <2>     db 0x60,0x40,0x40,0x00,0x78,0x18,0x00,0x40,0x60,0x20,0x20,0x00,0xe1,0x61,0x00,0x20
   372 00004DDA 202000E1610020      <2>
   373 00004DE1 604040787800404060- <2>     db 0x60,0x40,0x40,0x78,0x78,0x00,0x40,0x40,0x60,0x20,0x20,0x00,0xe1,0x00,0x20,0x20
   373 00004DEA 202000E1002020      <2>
   374 00004DF1 604040787800404060- <2>     db 0x60,0x40,0x40,0x78,0x78,0x00,0x40,0x40,0x60,0x20,0x00,0xc1,0xe1,0x01,0x20,0x20
   374 00004DFA 2000C1E1012020      <2>
   375 00004E01 604000787800406060- <2>     db 0x60,0x40,0x00,0x78,0x78,0x00,0x40,0x60,0x60,0x20,0x00,0xe1,0xe1,0x00,0x20,0x20
   375 00004E0A 2000E1E1002020      <2>
   376 00004E11 404040787800406060- <2>     db 0x40,0x40,0x40,0x78,0x78,0x00,0x40,0x60,0x60,0x20,0x00,0xe1,0xe1,0x00,0x20,0x60
   376 00004E1A 2000E1E1002060      <2>
   377 00004E21 404000787800406060- <2>     db 0x40,0x40,0x00,0x78,0x78,0x00,0x40,0x60,0x60,0x20,0x20,0xe1,0xe1,0x00,0x20,0x60
   377 00004E2A 2020E1E1002060      <2>
   378 00004E31 604000787800406060- <2>     db 0x60,0x40,0x00,0x78,0x78,0x00,0x40,0x60,0x60,0x20,0x00,0xe1,0xe1,0x00,0x20,0x60
   378 00004E3A 2000E1E1002060      <2>
   379 00004E41 604000787800406060- <2>     db 0x60,0x40,0x00,0x78,0x78,0x00,0x40,0x60,0x60,0x20,0x00,0xe1,0xc1,0x00,0x20,0x60
   379 00004E4A 2000E1C1002060      <2>
   380 00004E51 604000784000406020- <2>     db 0x60,0x40,0x00,0x78,0x40,0x00,0x40,0x60,0x20,0x20,0x00,0xe1,0x20,0x00,0x20,0x60
   380 00004E5A 2000E120002060      <2>
   381 00004E61 404000780000406020- <2>     db 0x40,0x40,0x00,0x78,0x00,0x00,0x40,0x60,0x20,0x20,0x00,0xe1,0xe1,0x00,0x20,0x60
   381 00004E6A 2000E1E1002060      <2>
   382 00004E71 404000786000406020- <2>     db 0x40,0x40,0x00,0x78,0x60,0x00,0x40,0x60,0x20,0x20,0x00,0xe1,0xe1,0x00,0x20,0x60
   382 00004E7A 2000E1E1002060      <2>
   383 00004E81 404000787800406020- <2>     db 0x40,0x40,0x00,0x78,0x78,0x00,0x40,0x60,0x20,0x20,0x00,0xe1,0xe1,0x00,0x20,0x60
   383 00004E8A 2000E1E1002060      <2>
   384 00004E91 404000787840406020- <2>     db 0x40,0x40,0x00,0x78,0x78,0x40,0x40,0x60,0x20,0x20,0x00,0xe1,0xe1,0x20,0x20,0x60
   384 00004E9A 2000E1E1202060      <2>
   385 00004EA1 404000787840406020- <2>     db 0x40,0x40,0x00,0x78,0x78,0x40,0x40,0x60,0x20,0x20,0x00,0xe1,0xe1,0x20,0x20,0x60
   385 00004EAA 2000E1E1202060      <2>
   386 00004EB1 400010787840406020- <2>     db 0x40,0x00,0x10,0x78,0x78,0x40,0x40,0x60,0x20,0x00,0x00,0xe1,0xe1,0x20,0x20,0x60
   386 00004EBA 0000E1E1202060      <2>
   387 00004EC1 400018785040406020- <2>     db 0x40,0x00,0x18,0x78,0x50,0x40,0x40,0x60,0x20,0x20,0x80,0xe1,0xe1,0x20,0x20,0x60
   387 00004ECA 2080E1E1202060      <2>
   388 00004ED1 404078784040406020- <2>     db 0x40,0x40,0x78,0x78,0x40,0x40,0x40,0x60,0x20,0x00,0xe1,0xe1,0xc1,0x20,0x20,0x40
   388 00004EDA 00E1E1C1202040      <2>
   389 00004EE1 404078786040402020- <2>     db 0x40,0x40,0x78,0x78,0x60,0x40,0x40,0x20,0x20,0x00,0xe1,0xe1,0x80,0x20,0x20,0x40
   389 00004EEA 00E1E180202040      <2>
   390 00004EF1 400078782040406020- <2>     db 0x40,0x00,0x78,0x78,0x20,0x40,0x40,0x60,0x20,0x00,0xe1,0xe1,0x00,0x20,0x20,0x60
   390 00004EFA 00E1E100202060      <2>
   391 00004F01 400078780040406020- <2>     db 0x40,0x00,0x78,0x78,0x00,0x40,0x40,0x60,0x20,0x00,0xe1,0xe1,0x00,0x20,0x20,0x60
   391 00004F0A 00E1E100202060      <2>
   392 00004F11 404078780040606020- <2>     db 0x40,0x40,0x78,0x78,0x00,0x40,0x60,0x60,0x20,0x20,0xe1,0xe1,0x00,0x20,0x20,0x60
   392 00004F1A 20E1E100202060      <2>
   393 00004F21 404078780040606020- <2>     db 0x40,0x40,0x78,0x78,0x00,0x40,0x60,0x60,0x20,0x20,0xe1,0xe1,0x00,0x20,0x20,0x40
   393 00004F2A 20E1E100202040      <2>
   394 00004F31 404078604040602020- <2>     db 0x40,0x40,0x78,0x60,0x40,0x40,0x60,0x20,0x20,0x20,0xe1,0xe1,0x00,0x20,0x20,0x40
   394 00004F3A 20E1E100202040      <2>
   395 00004F41 400078004040602020- <2>     db 0x40,0x00,0x78,0x00,0x40,0x40,0x60,0x20,0x20,0x20,0xe1,0xe1,0x20,0x20,0x60,0x40
   395 00004F4A 20E1E120206040      <2>
   396 00004F51 400078404040202020- <2>     db 0x40,0x00,0x78,0x40,0x40,0x40,0x20,0x20,0x20,0x00,0xe1,0x20,0x20,0x20,0x60,0x40
   396 00004F5A 00E12020206040      <2>
   397 00004F61 404078784040202020- <2>     db 0x40,0x40,0x78,0x78,0x40,0x40,0x20,0x20,0x20,0x00,0xe1,0x81,0x20,0x20,0x40,0x40
   397 00004F6A 00E18120204040      <2>
   398 00004F71 404078784040202020- <2>     db 0x40,0x40,0x78,0x78,0x40,0x40,0x20,0x20,0x20,0x20,0xe1,0xe1,0x20,0x20,0x40,0x40
   398 00004F7A 20E1E120204040      <2>
   399 00004F81 404078784040202020- <2>     db 0x40,0x40,0x78,0x78,0x40,0x40,0x20,0x20,0x20,0x20,0xe1,0xe1,0x20,0x20,0x40,0x40
   399 00004F8A 20E1E120204040      <2>
   400 00004F91 407878784040602020- <2>     db 0x40,0x78,0x78,0x78,0x40,0x40,0x60,0x20,0x20,0xe1,0xe1,0xe1,0x20,0x20,0x60,0x40
   400 00004F9A E1E1E120206040      <2>
   401 00004FA1 407878784040602020- <2>     db 0x40,0x78,0x78,0x78,0x40,0x40,0x60,0x20,0x20,0xe1,0xe1,0xe1,0x20,0x20,0x60,0x40
   401 00004FAA E1E1E120206040      <2>
   402 00004FB1 407878784040602020- <2>     db 0x40,0x78,0x78,0x78,0x40,0x40,0x60,0x20,0x20,0xe1,0xe1,0xe1,0x20,0x20,0x60,0x40
   402 00004FBA E1E1E120206040      <2>
   403 00004FC1 407878784040602020- <2>     db 0x40,0x78,0x78,0x78,0x40,0x40,0x60,0x20,0x20,0xe1,0xe1,0xe1,0x20,0x20,0x40,0x40
   403 00004FCA E1E1E120204040      <2>
   404 00004FD1 407878784040202020- <2>     db 0x40,0x78,0x78,0x78,0x40,0x40,0x20,0x20,0x20,0xe1,0xe1,0xe1,0x20,0x20,0x40,0x40
   404 00004FDA E1E1E120204040      <2>
   405 00004FE1 407878784040202020- <2>     db 0x40,0x78,0x78,0x78,0x40,0x40,0x20,0x20,0x20,0xe1,0xe1,0xe1,0x20,0x20,0x40,0x40
   405 00004FEA E1E1E120204040      <2>
   406 00004FF1 407878704040602020- <2>     db 0x40,0x78,0x78,0x70,0x40,0x40,0x60,0x20,0x20,0xe1,0xe1,0xe1,0x20,0x00,0x40,0x40
   406 00004FFA E1E1E120004040      <2>
   407 00005001 407878604000202020- <2>     db 0x40,0x78,0x78,0x60,0x40,0x00,0x20,0x20,0x20,0xe1,0xe1,0xe1,0x20,0x00,0x40,0x40
   407 0000500A E1E1E120004040      <2>
   408 00005011 407878604060202020- <2>     db 0x40,0x78,0x78,0x60,0x40,0x60,0x20,0x20,0x20,0xe1,0xe1,0x61,0x20,0x00,0x40,0x40
   408 0000501A E1E16120004040      <2>
   409 00005021 407878404060202020- <2>     db 0x40,0x78,0x78,0x40,0x40,0x60,0x20,0x20,0x20,0xe1,0xe1,0x60,0x20,0x00,0x40,0x40
   409 0000502A E1E16020004040      <2>
   410 00005031 407878584060202020- <2>     db 0x40,0x78,0x78,0x58,0x40,0x60,0x20,0x20,0x20,0xe1,0xe1,0x20,0x20,0x60,0x40,0x40
   410 0000503A E1E12020604040      <2>
   411 00005041 587860404060202020- <2>     db 0x58,0x78,0x60,0x40,0x40,0x60,0x20,0x20,0x20,0xe1,0xe1,0x20,0x20,0x60,0x40,0x40
   411 0000504A E1E12020604040      <2>
   412 00005051 7878004040602020E1- <2>     db 0x78,0x78,0x00,0x40,0x40,0x60,0x20,0x20,0xe1,0xe1,0xa1,0x20,0x20,0x60,0x40,0x40
   412 0000505A E1A12020604040      <2>
   413 00005061 7878004040602020E1- <2>     db 0x78,0x78,0x00,0x40,0x40,0x60,0x20,0x20,0xe1,0xe1,0xa1,0x20,0x20,0x60,0x40,0x40
   413 0000506A E1A12020604040      <2>
   414 00005071 7878784040602020E1- <2>     db 0x78,0x78,0x78,0x40,0x40,0x60,0x20,0x20,0xe1,0xe1,0xe1,0x20,0x20,0x40,0x40,0x40
   414 0000507A E1E12020404040      <2>
   415 00005081 7878784000202020E1- <2>     db 0x78,0x78,0x78,0x40,0x00,0x20,0x20,0x20,0xe1,0xe1,0xe1,0x20,0x20,0x40,0x40,0x40
   415 0000508A E1E12020404040      <2>
   416 00005091 7878784040202020E1- <2>     db 0x78,0x78,0x78,0x40,0x40,0x20,0x20,0x20,0xe1,0xe1,0xe1,0x20,0x20,0x40,0x40,0x40
   416 0000509A E1E12020404040      <2>
   417 000050A1 7878784040202020E1- <2>     db 0x78,0x78,0x78,0x40,0x40,0x20,0x20,0x20,0xe1,0xe1,0xe1,0x20,0x20,0x40,0x40,0x40
   417 000050AA E1E12020404040      <2>
   418 000050B1 7878784040202020E1- <2>     db 0x78,0x78,0x78,0x40,0x40,0x20,0x20,0x20,0xe1,0xe1,0xc1,0x20,0x20,0x40,0x40,0x40
   418 000050BA E1C12020404040      <2>
   419 000050C1 7878384040202020E1- <2>     db 0x78,0x78,0x38,0x40,0x40,0x20,0x20,0x20,0xe1,0xe1,0xe1,0x20,0x00,0x40,0x40,0x40
   419 000050CA E1E12000404040      <2>
   420 000050D1 7878784000202020E1- <2>     db 0x78,0x78,0x78,0x40,0x00,0x20,0x20,0x20,0xe1,0xc1,0xc1,0x20,0x00,0x40,0x40,0x40
   420 000050DA C1C12000404040      <2>
   421 000050E1 7838784000202020E1- <2>     db 0x78,0x38,0x78,0x40,0x00,0x20,0x20,0x20,0xe1,0xc1,0xe1,0x20,0x00,0x40,0x40,0x40
   421 000050EA C1E12000404040      <2>
   422 000050F1 783C3C40002020C1E1- <2>     db 0x78,0x3c,0x3c,0x40,0x00,0x20,0x20,0xc1,0xe1,0xc3,0xc1,0x20,0x00,0x40,0x40,0x38
   422 000050FA C3C12000404038      <2>
   423 00005101 783C3C40002020E1E1- <2>     db 0x78,0x3c,0x3c,0x40,0x00,0x20,0x20,0xe1,0xe1,0xc3,0xc1,0x20,0x00,0x40,0x40,0x38
   423 0000510A C3C12000404038      <2>
   424 00005111 7C3C3C00202020E1C1- <2>     db 0x7c,0x3c,0x3c,0x00,0x20,0x20,0x20,0xe1,0xc1,0xc3,0xc3,0x20,0x40,0x40,0x40,0x38
   424 0000511A C3C32040404038      <2>
   425 00005121 783C3C00202020E1C1- <2>     db 0x78,0x3c,0x3c,0x00,0x20,0x20,0x20,0xe1,0xc1,0xc3,0xc3,0x00,0x40,0x40,0x40,0x38
   425 0000512A C3C30040404038      <2>
   426 00005131 3C3C3400202020C1C3- <2>     db 0x3c,0x3c,0x34,0x00,0x20,0x20,0x20,0xc1,0xc3,0x83,0xc3,0x00,0x40,0x40,0x40,0x38
   426 0000513A 83C30040404038      <2>
   427 00005141 3C043400202020C1C3- <2>     db 0x3c,0x04,0x34,0x00,0x20,0x20,0x20,0xc1,0xc3,0x83,0xc3,0x00,0x40,0x40,0x40,0x38
   427 0000514A 83C30040404038      <2>
   428 00005151 3C183400202020C1C3- <2>     db 0x3c,0x18,0x34,0x00,0x20,0x20,0x20,0xc1,0xc3,0x81,0xc3,0x00,0x40,0x40,0x40,0x38
   428 0000515A 81C30040404038      <2>
   429 00005161 3C3C3C00202020C1C3- <2>     db 0x3c,0x3c,0x3c,0x00,0x20,0x20,0x20,0xc1,0xc3,0xc3,0xc3,0x00,0x40,0x40,0x40,0x38
   429 0000516A C3C30040404038      <2>
   430 00005171 3C3C3C00202020C1C3- <2>     db 0x3c,0x3c,0x3c,0x00,0x20,0x20,0x20,0xc1,0xc3,0xc3,0xc3,0x00,0x40,0x40,0x50,0x38
   430 0000517A C3C30040405038      <2>
   431 00005181 3C243400202020C3C3- <2>     db 0x3c,0x24,0x34,0x00,0x20,0x20,0x20,0xc3,0xc3,0xc3,0x83,0x00,0x40,0x40,0x50,0x38
   431 0000518A C3830040405038      <2>
   432 00005191 3C2424002020C1C1C3- <2>     db 0x3c,0x24,0x24,0x00,0x20,0x20,0xc1,0xc1,0xc3,0xc3,0xc3,0x00,0x40,0x40,0x78,0x38
   432 0000519A C3C30040407838      <2>
   433 000051A1 3C3C3C002020C1C3C3- <2>     db 0x3c,0x3c,0x3c,0x00,0x20,0x20,0xc1,0xc3,0xc3,0xc3,0xc3,0x00,0x40,0x40,0x38,0x38
   433 000051AA C3C30040403838      <2>
   434 000051B1 3C3C34002020C1C1C3- <2>     db 0x3c,0x3c,0x34,0x00,0x20,0x20,0xc1,0xc1,0xc3,0xc3,0xc3,0x00,0x40,0x40,0x38,0x38
   434 000051BA C3C30040403838      <2>
   435 000051C1 3C3C3C202020C1C3C3- <2>     db 0x3c,0x3c,0x3c,0x20,0x20,0x20,0xc1,0xc3,0xc3,0xc3,0xc3,0x40,0x40,0x40,0x38,0x3c
   435 000051CA C3C3404040383C      <2>
   436 000051D1 3C3C3C002020C1C3C3- <2>     db 0x3c,0x3c,0x3c,0x00,0x20,0x20,0xc1,0xc3,0xc3,0xc3,0xc3,0x00,0x40,0x40,0x38,0x3c
   436 000051DA C3C3004040383C      <2>
   437 000051E1 3C3C3C202020C1C3C3- <2>     db 0x3c,0x3c,0x3c,0x20,0x20,0x20,0xc1,0xc3,0xc3,0xc3,0xc3,0x00,0x40,0x40,0x38,0x3c
   437 000051EA C3C3004040383C      <2>
   438 000051F1 3C3C3C202020C1C3C3- <2>     db 0x3c,0x3c,0x3c,0x20,0x20,0x20,0xc1,0xc3,0xc3,0xc3,0xc3,0x40,0x40,0x40,0x38,0x3c
   438 000051FA C3C3404040383C      <2>
   439 00005201 3C3C24202020C1C3C3- <2>     db 0x3c,0x3c,0x24,0x20,0x20,0x20,0xc1,0xc3,0xc3,0xc3,0xc3,0x00,0x40,0x40,0x38,0x3c
   439 0000520A C3C3004040383C      <2>
   440 00005211 243C3C202041C1C3C3- <2>     db 0x24,0x3c,0x3c,0x20,0x20,0x41,0xc1,0xc3,0xc3,0xc3,0xc3,0x40,0x40,0x38,0x38,0x3c
   440 0000521A C3C3404038383C      <2>
   441 00005221 003C382020C1C3C3C3- <2>     db 0x00,0x3c,0x38,0x20,0x20,0xc1,0xc3,0xc3,0xc3,0xc3,0xc3,0x40,0x40,0x38,0x38,0x3c
   441 0000522A C3C3404038383C      <2>
   442 00005231 003C3C2020C1C3C3C3- <2>     db 0x00,0x3c,0x3c,0x20,0x20,0xc1,0xc3,0xc3,0xc3,0xc3,0xc3,0x40,0x40,0x38,0x3c,0x3c
   442 0000523A C3C34040383C3C      <2>
   443 00005241 003C3C2020C1C3C300- <2>     db 0x00,0x3c,0x3c,0x20,0x20,0xc1,0xc3,0xc3,0x00,0xc3,0xc3,0x40,0x40,0x38,0x3c,0x3c
   443 0000524A C3C34040383C3C      <2>
   444 00005251 243C3C2020C1C3C300- <2>     db 0x24,0x3c,0x3c,0x20,0x20,0xc1,0xc3,0xc3,0x00,0xc3,0xc3,0x40,0x40,0x38,0x3c,0x3c
   444 0000525A C3C34040383C3C      <2>
   445 00005261 003C3C2020C1C3C300- <2>     db 0x00,0x3c,0x3c,0x20,0x20,0xc1,0xc3,0xc3,0x00,0xc3,0xc3,0x40,0x40,0x38,0x3c,0x3c
   445 0000526A C3C34040383C3C      <2>
   446 00005271 003C3C2420C1C3C300- <2>     db 0x00,0x3c,0x3c,0x24,0x20,0xc1,0xc3,0xc3,0x00,0xc3,0xc3,0x40,0x40,0x38,0x3c,0x3c
   446 0000527A C3C34040383C3C      <2>
   447 00005281 003C3C2020C1C3C300- <2>     db 0x00,0x3c,0x3c,0x20,0x20,0xc1,0xc3,0xc3,0x00,0xc3,0xc3,0x40,0x40,0x3c,0x3c,0x3c
   447 0000528A C3C340403C3C3C      <2>
   448 00005291 243C3C3CE1C3C3C300- <2>     db 0x24,0x3c,0x3c,0x3c,0xe1,0xc3,0xc3,0xc3,0x00,0xc3,0xc3,0xc0,0x00,0x3c,0x3c,0x3c
   448 0000529A C3C3C0003C3C3C      <2>
   449 000052A1 3C3C3C3CC1C3C3C342- <2>     db 0x3c,0x3c,0x3c,0x3c,0xc1,0xc3,0xc3,0xc3,0x42,0xc3,0xc3,0x40,0x78,0x3c,0x3c,0x3c
   449 000052AA C3C340783C3C3C      <2>
   450 000052B1 00243C24C1C3C3C3C3- <2>     db 0x00,0x24,0x3c,0x24,0xc1,0xc3,0xc3,0xc3,0xc3,0xc3,0xc3,0xc3,0x38,0x3c,0x24,0x00
   450 000052BA C3C3C3383C2400      <2>
   451 000052C1 00243C20C3C3C3C3C3- <2>     db 0x00,0x24,0x3c,0x20,0xc3,0xc3,0xc3,0xc3,0xc3,0xc3,0xc3,0xc3,0x38,0x3c,0x24,0x00
   451 000052CA C3C3C3383C2400      <2>
   452 000052D1 000020200202000000- <2>     db 0x00,0x00,0x20,0x20,0x02,0x02,0x00,0x00,0x00,0x00,0x40,0x40,0x04,0x04,0x00,0x00
   452 000052DA 00404004040000      <2>
   453 000052E1 000020200202000000- <2>     db 0x00,0x00,0x20,0x20,0x02,0x02,0x00,0x00,0x00,0x00,0x40,0x40,0x04,0x04,0x00,0x00
   453 000052EA 00404004040000      <2>
   454 000052F1 00243C1CC3C3C300C3- <2>     db 0x00,0x24,0x3c,0x1c,0xc3,0xc3,0xc3,0x00,0xc3,0xc3,0xc3,0x83,0x24,0x3c,0x24,0x00
   454 000052FA C3C383243C2400      <2>
   455 00005301 00243C1CC3C3C300C3- <2>     db 0x00,0x24,0x3c,0x1c,0xc3,0xc3,0xc3,0x00,0xc3,0xc3,0xc3,0x83,0x24,0x3c,0x24,0x00
   455 0000530A C3C383243C2400      <2>
   456 00005311 3C3C3C1C82C3C300C3- <2>     db 0x3c,0x3c,0x3c,0x1c,0x82,0xc3,0xc3,0x00,0xc3,0xc3,0xc3,0x87,0x0c,0x3c,0x3c,0x3c
   456 0000531A C3C3870C3C3C3C      <2>
   457 00005321 3C3C3C1E03C3C300C3- <2>     db 0x3c,0x3c,0x3c,0x1e,0x03,0xc3,0xc3,0x00,0xc3,0xc3,0xc3,0x04,0x3c,0x3c,0x3c,0x24
   457 0000532A C3C3043C3C3C24      <2>
   458 00005331 3C3C1C0242C3C300C3- <2>     db 0x3c,0x3c,0x1c,0x02,0x42,0xc3,0xc3,0x00,0xc3,0xc3,0xc3,0x04,0x04,0x3c,0x3c,0x00
   458 0000533A C3C304043C3C00      <2>
   459 00005341 3C3C1C0202C3C300C3- <2>     db 0x3c,0x3c,0x1c,0x02,0x02,0xc3,0xc3,0x00,0xc3,0xc3,0xc3,0x04,0x04,0x3c,0x3c,0x00
   459 0000534A C3C304043C3C00      <2>
   460 00005351 3C3C1C0202C3C300C3- <2>     db 0x3c,0x3c,0x1c,0x02,0x02,0xc3,0xc3,0x00,0xc3,0xc3,0x83,0x04,0x04,0x3c,0x3c,0x24
   460 0000535A C38304043C3C24      <2>
   461 00005361 3C3C1C0202C3C300C3- <2>     db 0x3c,0x3c,0x1c,0x02,0x02,0xc3,0xc3,0x00,0xc3,0xc3,0x83,0x04,0x04,0x3c,0x3c,0x18
   461 0000536A C38304043C3C18      <2>
   462 00005371 3C3C1C0202C3C342C3- <2>     db 0x3c,0x3c,0x1c,0x02,0x02,0xc3,0xc3,0x42,0xc3,0xc3,0x83,0x04,0x04,0x34,0x3c,0x3c
   462 0000537A C3830404343C3C      <2>
   463 00005381 3C3C1C0202C3C3C3C3- <2>     db 0x3c,0x3c,0x1c,0x02,0x02,0xc3,0xc3,0xc3,0xc3,0xc3,0x83,0x04,0x04,0x3c,0x3c,0x3c
   463 0000538A C38304043C3C3C      <2>
   464 00005391 3C1C1C0202C3C3C3C3- <2>     db 0x3c,0x1c,0x1c,0x02,0x02,0xc3,0xc3,0xc3,0xc3,0x83,0x03,0x04,0x04,0x3c,0x3c,0x24
   464 0000539A 830304043C3C24      <2>
   465 000053A1 3C3C1E0202C3C3C3C3- <2>     db 0x3c,0x3c,0x1e,0x02,0x02,0xc3,0xc3,0xc3,0xc3,0x83,0x87,0x04,0x04,0x3c,0x3c,0x3c
   465 000053AA 838704043C3C3C      <2>
   466 000053B1 3C1C020202C3C3C3C3- <2>     db 0x3c,0x1c,0x02,0x02,0x02,0xc3,0xc3,0xc3,0xc3,0x83,0x04,0x04,0x00,0x3c,0x3c,0x3c
   466 000053BA 830404003C3C3C      <2>
   467 000053C1 3C1C020202C3C3C3C3- <2>     db 0x3c,0x1c,0x02,0x02,0x02,0xc3,0xc3,0xc3,0xc3,0x83,0x04,0x04,0x00,0x3c,0x3c,0x3c
   467 000053CA 830404003C3C3C      <2>
   468 000053D1 3C1C020202C3C3C3C3- <2>     db 0x3c,0x1c,0x02,0x02,0x02,0xc3,0xc3,0xc3,0xc3,0x83,0x04,0x04,0x00,0x3c,0x3c,0x3c
   468 000053DA 830404003C3C3C      <2>
   469 000053E1 3C1C020202C3C3C3C3- <2>     db 0x3c,0x1c,0x02,0x02,0x02,0xc3,0xc3,0xc3,0xc3,0x83,0x04,0x04,0x00,0x3c,0x3c,0x3c
   469 000053EA 830404003C3C3C      <2>
   470 000053F1 1C1C020200C3C3C3C3- <2>     db 0x1c,0x1c,0x02,0x02,0x00,0xc3,0xc3,0xc3,0xc3,0x83,0x04,0x04,0x00,0x38,0x3c,0x3c
   470 000053FA 83040400383C3C      <2>
   471 00005401 3C1C020200C3C3C383- <2>     db 0x3c,0x1c,0x02,0x02,0x00,0xc3,0xc3,0xc3,0x83,0x83,0x04,0x04,0x00,0x3c,0x3c,0x3c
   471 0000540A 830404003C3C3C      <2>
   472 00005411 1C1C020200C3C3C3C3- <2>     db 0x1c,0x1c,0x02,0x02,0x00,0xc3,0xc3,0xc3,0xc3,0x83,0x04,0x04,0x00,0x3c,0x24,0x3c
   472 0000541A 830404003C243C      <2>
   473 00005421 1C1E020200C3C3C383- <2>     db 0x1c,0x1e,0x02,0x02,0x00,0xc3,0xc3,0xc3,0x83,0x87,0x04,0x04,0x00,0x3c,0x24,0x3c
   473 0000542A 870404003C243C      <2>
   474 00005431 1C12020200C3C3C383- <2>     db 0x1c,0x12,0x02,0x02,0x00,0xc3,0xc3,0xc3,0x83,0x04,0x04,0x04,0x00,0x3c,0x3c,0x3c
   474 0000543A 040404003C3C3C      <2>
   475 00005441 1C020202004300C383- <2>     db 0x1c,0x02,0x02,0x02,0x00,0x43,0x00,0xc3,0x83,0x04,0x04,0x04,0x00,0x3c,0x24,0x3c
   475 0000544A 040404003C243C      <2>
   476 00005451 1C02020200C381C383- <2>     db 0x1c,0x02,0x02,0x02,0x00,0xc3,0x81,0xc3,0x83,0x04,0x04,0x04,0x00,0x34,0x18,0x3c
   476 0000545A 0404040034183C      <2>
   477 00005461 1C02020200C381C383- <2>     db 0x1c,0x02,0x02,0x02,0x00,0xc3,0x81,0xc3,0x83,0x04,0x04,0x04,0x00,0x3c,0x18,0x3c
   477 0000546A 040404003C183C      <2>
   478 00005471 1C02020200C3C1C383- <2>     db 0x1c,0x02,0x02,0x02,0x00,0xc3,0xc1,0xc3,0x83,0x04,0x04,0x04,0x00,0x3c,0x3c,0x3c
   478 0000547A 040404003C3C3C      <2>
   479 00005481 1C02020200C3C3C383- <2>     db 0x1c,0x02,0x02,0x02,0x00,0xc3,0xc3,0xc3,0x83,0x04,0x04,0x00,0x00,0x3c,0x3c,0x3c
   479 0000548A 040400003C3C3C      <2>
   480 00005491 1E02020204C3C38383- <2>     db 0x1e,0x02,0x02,0x02,0x04,0xc3,0xc3,0x83,0x83,0x04,0x04,0x00,0x00,0x3c,0x3c,0x3e
   480 0000549A 040400003C3C3E      <2>
   481 000054A1 1C02020204C3C38383- <2>     db 0x1c,0x02,0x02,0x02,0x04,0xc3,0xc3,0x83,0x83,0x04,0x04,0x00,0x02,0x3c,0x3c,0x1e
   481 000054AA 040400023C3C1E      <2>
   482 000054B1 1C0202000483838783- <2>     db 0x1c,0x02,0x02,0x00,0x04,0x83,0x83,0x87,0x83,0x04,0x04,0x00,0x02,0x3c,0x3c,0x1e
   482 000054BA 040400023C3C1E      <2>
   483 000054C1 0A02020000C3C38704- <2>     db 0x0a,0x02,0x02,0x00,0x00,0xc3,0xc3,0x87,0x04,0x04,0x04,0x00,0x02,0x3c,0x3c,0x1e
   483 000054CA 040400023C3C1E      <2>
   484 000054D1 020202000483838704- <2>     db 0x02,0x02,0x02,0x00,0x04,0x83,0x83,0x87,0x04,0x04,0x04,0x00,0x02,0x1c,0x1c,0x1e
   484 000054DA 040400021C1C1E      <2>
   485 000054E1 020202000483878704- <2>     db 0x02,0x02,0x02,0x00,0x04,0x83,0x87,0x87,0x04,0x04,0x04,0x02,0x02,0x1c,0x1e,0x1e
   485 000054EA 040402021C1E1E      <2>
   486 000054F1 020202040483878704- <2>     db 0x02,0x02,0x02,0x04,0x04,0x83,0x87,0x87,0x04,0x04,0x04,0x02,0x02,0x1e,0x1e,0x1e
   486 000054FA 040402021E1E1E      <2>
   487 00005501 020202040487878704- <2>     db 0x02,0x02,0x02,0x04,0x04,0x87,0x87,0x87,0x04,0x04,0x04,0x02,0x02,0x1e,0x1e,0x1e
   487 0000550A 040402021E1E1E      <2>
   488 00005511 020202040487878704- <2>     db 0x02,0x02,0x02,0x04,0x04,0x87,0x87,0x87,0x04,0x04,0x04,0x02,0x02,0x1e,0x1e,0x1e
   488 0000551A 040402021E1E1E      <2>
   489 00005521 020206040487878704- <2>     db 0x02,0x02,0x06,0x04,0x04,0x87,0x87,0x87,0x04,0x04,0x04,0x02,0x02,0x1e,0x1e,0x1e
   489 0000552A 040402021E1E1E      <2>
   490 00005531 020206000487878704- <2>     db 0x02,0x02,0x06,0x00,0x04,0x87,0x87,0x87,0x04,0x04,0x04,0x02,0x02,0x1e,0x1e,0x1e
   490 0000553A 040402021E1E1E      <2>
   491 00005541 020206040485878704- <2>     db 0x02,0x02,0x06,0x04,0x04,0x85,0x87,0x87,0x04,0x04,0x04,0x00,0x02,0x1a,0x1e,0x1e
   491 0000554A 040400021A1E1E      <2>
   492 00005551 020206040485878704- <2>     db 0x02,0x02,0x06,0x04,0x04,0x85,0x87,0x87,0x04,0x04,0x06,0x02,0x02,0x00,0x1e,0x1e
   492 0000555A 04060202001E1E      <2>
   493 00005561 020206040487878704- <2>     db 0x02,0x02,0x06,0x04,0x04,0x87,0x87,0x87,0x04,0x04,0x06,0x02,0x02,0x1e,0x1e,0x16
   493 0000556A 040602021E1E16      <2>
   494 00005571 020206048687870404- <2>     db 0x02,0x02,0x06,0x04,0x86,0x87,0x87,0x04,0x04,0x04,0x06,0x02,0x1a,0x1e,0x1e,0x02
   494 0000557A 0406021A1E1E02      <2>
   495 00005581 020206048687870404- <2>     db 0x02,0x02,0x06,0x04,0x86,0x87,0x87,0x04,0x04,0x04,0x02,0x02,0x02,0x1e,0x1e,0x02
   495 0000558A 040202021E1E02      <2>
   496 00005591 020202048787870404- <2>     db 0x02,0x02,0x02,0x04,0x87,0x87,0x87,0x04,0x04,0x04,0x02,0x02,0x16,0x1e,0x1e,0x02
   496 0000559A 040202161E1E02      <2>
   497 000055A1 020206048787870404- <2>     db 0x02,0x02,0x06,0x04,0x87,0x87,0x87,0x04,0x04,0x04,0x02,0x02,0x16,0x1e,0x1e,0x02
   497 000055AA 040202161E1E02      <2>
   498 000055B1 020200048787870404- <2>     db 0x02,0x02,0x00,0x04,0x87,0x87,0x87,0x04,0x04,0x04,0x02,0x02,0x16,0x1e,0x1e,0x02
   498 000055BA 040202161E1E02      <2>
   499 000055C1 020200048787870404- <2>     db 0x02,0x02,0x00,0x04,0x87,0x87,0x87,0x04,0x04,0x04,0x02,0x02,0x16,0x1e,0x1e,0x02
   499 000055CA 040202161E1E02      <2>
   500 000055D1 020604048787870404- <2>     db 0x02,0x06,0x04,0x04,0x87,0x87,0x87,0x04,0x04,0x04,0x02,0x02,0x1e,0x1e,0x1e,0x02
   500 000055DA 0402021E1E1E02      <2>
   501 000055E1 020604048787870404- <2>     db 0x02,0x06,0x04,0x04,0x87,0x87,0x87,0x04,0x04,0x06,0x02,0x02,0x1e,0x1e,0x1e,0x02
   501 000055EA 0602021E1E1E02      <2>
   502 000055F1 020604048787870404- <2>     db 0x02,0x06,0x04,0x04,0x87,0x87,0x87,0x04,0x04,0x06,0x02,0x02,0x1e,0x1e,0x1e,0x02
   502 000055FA 0602021E1E1E02      <2>
   503 00005601 020604048787870404- <2>     db 0x02,0x06,0x04,0x04,0x87,0x87,0x87,0x04,0x04,0x06,0x02,0x02,0x1e,0x1e,0x1e,0x02
   503 0000560A 0602021E1E1E02      <2>
   504 00005611 020604048787870404- <2>     db 0x02,0x06,0x04,0x04,0x87,0x87,0x87,0x04,0x04,0x06,0x02,0x02,0x1e,0x1e,0x1e,0x02
   504 0000561A 0602021E1E1E02      <2>
   505 00005621 020604048787070404- <2>     db 0x02,0x06,0x04,0x04,0x87,0x87,0x07,0x04,0x04,0x06,0x02,0x02,0x1e,0x1e,0x1e,0x02
   505 0000562A 0602021E1E1E02      <2>
   506 00005631 020204048787040404- <2>     db 0x02,0x02,0x04,0x04,0x87,0x87,0x04,0x04,0x04,0x04,0x02,0x02,0x1e,0x1e,0x02,0x02
   506 0000563A 0402021E1E0202      <2>
   507 00005641 020604040087040404- <2>     db 0x02,0x06,0x04,0x04,0x00,0x87,0x04,0x04,0x04,0x04,0x02,0x02,0x1e,0x1e,0x02,0x02
   507 0000564A 0402021E1E0202      <2>
   508 00005651 020604040487000404- <2>     db 0x02,0x06,0x04,0x04,0x04,0x87,0x00,0x04,0x04,0x04,0x02,0x02,0x02,0x1e,0x00,0x02
   508 0000565A 040202021E0002      <2>
   509 00005661 020004048787040404- <2>     db 0x02,0x00,0x04,0x04,0x87,0x87,0x04,0x04,0x04,0x04,0x02,0x02,0x00,0x1e,0x02,0x02
   509 0000566A 040202001E0202      <2>
   510 00005671 020604008787040404- <2>     db 0x02,0x06,0x04,0x00,0x87,0x87,0x04,0x04,0x04,0x06,0x02,0x00,0x06,0x1e,0x02,0x02
   510 0000567A 060200061E0202      <2>
   511 00005681 020404008787000406- <2>     db 0x02,0x04,0x04,0x00,0x87,0x87,0x00,0x04,0x06,0x06,0x02,0x00,0x1e,0x1e,0x00,0x02
   511 0000568A 0602001E1E0002      <2>
   512 00005691 060404008787040406- <2>     db 0x06,0x04,0x04,0x00,0x87,0x87,0x04,0x04,0x06,0x06,0x02,0x00,0x1e,0x1e,0x02,0x02
   512 0000569A 0602001E1E0202      <2>
   513 000056A1 060404008787040406- <2>     db 0x06,0x04,0x04,0x00,0x87,0x87,0x04,0x04,0x06,0x02,0x02,0x02,0x1e,0x1e,0x02,0x02
   513 000056AA 0202021E1E0202      <2>
   514 000056B1 060404018787040406- <2>     db 0x06,0x04,0x04,0x01,0x87,0x87,0x04,0x04,0x06,0x02,0x02,0x00,0x1e,0x1e,0x00,0x02
   514 000056BA 0202001E1E0002      <2>
   515 000056C1 060404068787040404- <2>     db 0x06,0x04,0x04,0x06,0x87,0x87,0x04,0x04,0x04,0x02,0x02,0x16,0x1e,0x1e,0x02,0x02
   515 000056CA 0202161E1E0202      <2>
   516                              <2> boing_area_unsafe:
   517 000056D1 402080CFE703804020- <2>     db 0x40,0x20,0x80,0xcf,0xe7,0x03,0x80,0x40,0x20,0x08,0x0c,0x06,0x83,0xc0,0x00,0x00
   517 000056DA 080C0683C00000      <2>
   518 000056E1 402080CFA703804030- <2>     db 0x40,0x20,0x80,0xcf,0xa7,0x03,0x80,0x40,0x30,0x08,0x0c,0x06,0x83,0xc0,0x00,0x00
   518 000056EA 080C0683C00000      <2>
   519 000056F1 402080C7A701804030- <2>     db 0x40,0x20,0x80,0xc7,0xa7,0x01,0x80,0x40,0x30,0x08,0x04,0x06,0x81,0xc1,0x00,0x00
   519 000056FA 08040681C10000      <2>
   520 00005701 402080C78700804030- <2>     db 0x40,0x20,0x80,0xc7,0x87,0x00,0x80,0x40,0x30,0x08,0x04,0x06,0x81,0xc1,0x00,0x00
   520 0000570A 08040681C10000      <2>
   521 00005711 402080C78700804020- <2>     db 0x40,0x20,0x80,0xc7,0x87,0x00,0x80,0x40,0x20,0x08,0x04,0x06,0x81,0xc1,0x00,0x00
   521 0000571A 08040681C10000      <2>
   522 00005721 400080C70700804030- <2>     db 0x40,0x00,0x80,0xc7,0x07,0x00,0x80,0x40,0x30,0x08,0x04,0x06,0x81,0xc1,0x00,0x00
   522 0000572A 08040681C10000      <2>
   523 00005731 400080CF0700004030- <2>     db 0x40,0x00,0x80,0xcf,0x07,0x00,0x00,0x40,0x30,0x08,0x04,0x06,0x81,0xc1,0x00,0x00
   523 0000573A 08040681C10000      <2>
   524 00005741 400080C70700804030- <2>     db 0x40,0x00,0x80,0xc7,0x07,0x00,0x80,0x40,0x30,0x08,0x0c,0x06,0x81,0xc1,0x00,0x00
   524 0000574A 080C0681C10000      <2>
   525 00005751 400000C00700806030- <2>     db 0x40,0x00,0x00,0xc0,0x07,0x00,0x80,0x60,0x30,0x08,0x0c,0x06,0x81,0xc1,0x00,0x00
   525 0000575A 080C0681C10000      <2>
   526 00005761 400080C30700806030- <2>     db 0x40,0x00,0x80,0xc3,0x07,0x00,0x80,0x60,0x30,0x08,0x0c,0x06,0x81,0xc1,0x00,0x00
   526 0000576A 080C0681C10000      <2>
   527 00005771 400090C30700804030- <2>     db 0x40,0x00,0x90,0xc3,0x07,0x00,0x80,0x40,0x30,0x08,0x04,0x06,0x81,0xc1,0x00,0x00
   527 0000577A 08040681C10000      <2>
   528 00005781 400080CF0700806030- <2>     db 0x40,0x00,0x80,0xcf,0x07,0x00,0x80,0x60,0x30,0x08,0x0c,0x06,0x81,0xc1,0x00,0x00
   528 0000578A 080C0681C10000      <2>
   529 00005791 400080CF0700806010- <2>     db 0x40,0x00,0x80,0xcf,0x07,0x00,0x80,0x60,0x10,0x08,0x0c,0x06,0x81,0xc0,0x00,0x00
   529 0000579A 080C0681C00000      <2>
   530 000057A1 400080CF0700816010- <2>     db 0x40,0x00,0x80,0xcf,0x07,0x00,0x81,0x60,0x10,0x00,0x0c,0x06,0x81,0xc1,0x00,0x00
   530 000057AA 000C0681C10000      <2>
   531 000057B1 400080CF0300806010- <2>     db 0x40,0x00,0x80,0xcf,0x03,0x00,0x80,0x60,0x10,0x00,0x0c,0x06,0x81,0xc1,0x00,0x00
   531 000057BA 000C0681C10000      <2>
   532 000057C1 4000800F0000816010- <2>     db 0x40,0x00,0x80,0x0f,0x00,0x00,0x81,0x60,0x10,0x18,0x0c,0x06,0x81,0xc1,0x00,0x00
   532 000057CA 180C0681C10000      <2>
   533 000057D1 400098CF0000C16010- <2>     db 0x40,0x00,0x98,0xcf,0x00,0x00,0xc1,0x60,0x10,0x08,0x0c,0x02,0x81,0xc1,0x00,0x00
   533 000057DA 080C0281C10000      <2>
   534 000057E1 40009D0F0000C16010- <2>     db 0x40,0x00,0x9d,0x0f,0x00,0x00,0xc1,0x60,0x10,0x00,0x0c,0x02,0x81,0xc1,0x00,0x00
   534 000057EA 000C0281C10000      <2>
   535 000057F1 40009D0F0000C16010- <2>     db 0x40,0x00,0x9d,0x0f,0x00,0x00,0xc1,0x60,0x10,0x00,0x0c,0x00,0x81,0xc1,0x00,0x00
   535 000057FA 000C0081C10000      <2>
   536 00005801 0000870F0000C06010- <2>     db 0x00,0x00,0x87,0x0f,0x00,0x00,0xc0,0x60,0x10,0x18,0x0c,0x02,0x81,0xc1,0x00,0x00
   536 0000580A 180C0281C10000      <2>
   537 00005811 00009F0F0000816010- <2>     db 0x00,0x00,0x9f,0x0f,0x00,0x00,0x81,0x60,0x10,0x18,0x0c,0x06,0x81,0xc1,0x00,0x00
   537 0000581A 180C0681C10000      <2>
   538 00005821 00009F0F0200816000- <2>     db 0x00,0x00,0x9f,0x0f,0x02,0x00,0x81,0x60,0x00,0x18,0x0c,0x02,0x83,0x81,0x00,0x00
   538 0000582A 180C0283810000      <2>
   539 00005831 00008F0F0000C16010- <2>     db 0x00,0x00,0x8f,0x0f,0x00,0x00,0xc1,0x60,0x10,0x18,0x0c,0x00,0x81,0x81,0x00,0x00
   539 0000583A 180C0081810000      <2>
   540 00005841 0000870F0000C16000- <2>     db 0x00,0x00,0x87,0x0f,0x00,0x00,0xc1,0x60,0x00,0x00,0x0c,0x02,0x83,0x81,0x00,0x00
   540 0000584A 000C0283810000      <2>
   541 00005851 0000180F0000C16000- <2>     db 0x00,0x00,0x18,0x0f,0x00,0x00,0xc1,0x60,0x00,0x18,0x0c,0x83,0x81,0x81,0x00,0x00
   541 0000585A 180C8381810000      <2>
   542 00005861 00009F0F0000C12000- <2>     db 0x00,0x00,0x9f,0x0f,0x00,0x00,0xc1,0x20,0x00,0x18,0x0c,0x03,0x83,0x81,0x00,0x00
   542 0000586A 180C0383810000      <2>
   543 00005871 00001F0F0080C12000- <2>     db 0x00,0x00,0x1f,0x0f,0x00,0x80,0xc1,0x20,0x00,0x18,0x04,0x83,0x83,0x81,0x00,0x00
   543 0000587A 18048383810000      <2>
   544 00005881 00001E0F0082C12000- <2>     db 0x00,0x00,0x1e,0x0f,0x00,0x82,0xc1,0x20,0x00,0x18,0x06,0x03,0x83,0x81,0x00,0x00
   544 0000588A 18060383810000      <2>
   545 00005891 00001E0F0082C12000- <2>     db 0x00,0x00,0x1e,0x0f,0x00,0x82,0xc1,0x20,0x00,0x18,0x0e,0x83,0x83,0x81,0x00,0x00
   545 0000589A 180E8383810000      <2>
   546 000058A1 00001E060082C12008- <2>     db 0x00,0x00,0x1e,0x06,0x00,0x82,0xc1,0x20,0x08,0x18,0x06,0x81,0x83,0x81,0x00,0x00
   546 000058AA 18068183810000      <2>
   547 000058B1 00001E060002C12008- <2>     db 0x00,0x00,0x1e,0x06,0x00,0x02,0xc1,0x20,0x08,0x18,0x06,0x81,0x83,0x81,0x00,0x00
   547 000058BA 18068183810000      <2>
   548 000058C1 00001E000002C13008- <2>     db 0x00,0x00,0x1e,0x00,0x00,0x02,0xc1,0x30,0x08,0x1c,0x02,0x83,0x83,0x81,0x00,0x00
   548 000058CA 1C028383810000      <2>
   549 000058D1 000C1E000082C13008- <2>     db 0x00,0x0c,0x1e,0x00,0x00,0x82,0xc1,0x30,0x08,0x1c,0x02,0x83,0x83,0x81,0x00,0x00
   549 000058DA 1C028383810000      <2>
   550 000058E1 000C1E040082C11018- <2>     db 0x00,0x0c,0x1e,0x04,0x00,0x82,0xc1,0x10,0x18,0x1c,0x02,0x83,0x83,0x81,0x00,0x00
   550 000058EA 1C028383810000      <2>
   551 000058F1 000C1E000080C10008- <2>     db 0x00,0x0c,0x1e,0x00,0x00,0x80,0xc1,0x00,0x08,0x1c,0x02,0x83,0x83,0x81,0x00,0x00
   551 000058FA 1C028383810000      <2>
   552 00005901 000C1E000082C10008- <2>     db 0x00,0x0c,0x1e,0x00,0x00,0x82,0xc1,0x00,0x08,0x1c,0x02,0x83,0x83,0x81,0x00,0x00
   552 0000590A 1C028383810000      <2>
   553 00005911 000C1E000082C10038- <2>     db 0x00,0x0c,0x1e,0x00,0x00,0x82,0xc1,0x00,0x38,0x1c,0x02,0x81,0x83,0x01,0x00,0x00
   553 0000591A 1C028183010000      <2>
   554 00005921 003C1E000083410038- <2>     db 0x00,0x3c,0x1e,0x00,0x00,0x83,0x41,0x00,0x38,0x1c,0x02,0x83,0x83,0x01,0x00,0x00
   554 0000592A 1C028383010000      <2>
   555 00005931 003C1E000083611038- <2>     db 0x00,0x3c,0x1e,0x00,0x00,0x83,0x61,0x10,0x38,0x1c,0x02,0x81,0x83,0x01,0x00,0x00
   555 0000593A 1C028183010000      <2>
   556 00005941 003C1E000083611038- <2>     db 0x00,0x3c,0x1e,0x00,0x00,0x83,0x61,0x10,0x38,0x1c,0x02,0x83,0x83,0x01,0x00,0x00
   556 0000594A 1C028383010000      <2>
   557 00005951 00300E000083611030- <2>     db 0x00,0x30,0x0e,0x00,0x00,0x83,0x61,0x10,0x30,0x0c,0x02,0x83,0x83,0x01,0x00,0x00
   557 0000595A 0C028383010000      <2>
   558 00005961 000C0E0000C2611008- <2>     db 0x00,0x0c,0x0e,0x00,0x00,0xc2,0x61,0x10,0x08,0x1c,0x02,0x83,0x83,0x01,0x00,0x00
   558 0000596A 1C028383010000      <2>
   559 00005971 003C1E000083410038- <2>     db 0x00,0x3c,0x1e,0x00,0x00,0x83,0x41,0x00,0x38,0x1c,0x02,0x83,0x83,0x01,0x00,0x00
   559 0000597A 1C028383010000      <2>
   560 00005981 003C1E0004C3610038- <2>     db 0x00,0x3c,0x1e,0x00,0x04,0xc3,0x61,0x00,0x38,0x1c,0x02,0x87,0x83,0x01,0x00,0x00
   560 0000598A 1C028783010000      <2>
   561 00005991 003C1E0004C3610038- <2>     db 0x00,0x3c,0x1e,0x00,0x04,0xc3,0x61,0x00,0x38,0x0c,0x02,0x87,0x83,0x01,0x00,0x00
   561 0000599A 0C028783010000      <2>
   562 000059A1 203C000004C3210038- <2>     db 0x20,0x3c,0x00,0x00,0x04,0xc3,0x21,0x00,0x38,0x00,0x02,0x87,0x03,0x01,0x00,0x00
   562 000059AA 00028703010000      <2>
   563 000059B1 003C060004C3210038- <2>     db 0x00,0x3c,0x06,0x00,0x04,0xc3,0x21,0x00,0x38,0x04,0x02,0x87,0x83,0x01,0x00,0x00
   563 000059BA 04028783010000      <2>
   564 000059C1 003C000004C3210038- <2>     db 0x00,0x3c,0x00,0x00,0x04,0xc3,0x21,0x00,0x38,0x00,0x02,0x03,0x03,0x01,0x00,0x00
   564 000059CA 00020303010000      <2>
   565 000059D1 003C000004C3010038- <2>     db 0x00,0x3c,0x00,0x00,0x04,0xc3,0x01,0x00,0x38,0x00,0x00,0x87,0x03,0x01,0x00,0x00
   565 000059DA 00008703010000      <2>
   566 000059E1 303C000084C3210038- <2>     db 0x30,0x3c,0x00,0x00,0x84,0xc3,0x21,0x00,0x38,0x00,0x00,0x87,0x03,0x01,0x00,0x00
   566 000059EA 00008703010000      <2>
   567 000059F1 303C00000683011038- <2>     db 0x30,0x3c,0x00,0x00,0x06,0x83,0x01,0x10,0x38,0x00,0x00,0x87,0x03,0x01,0x00,0x00
   567 000059FA 00008703010000      <2>
   568 00005A01 783C000086C3011038- <2>     db 0x78,0x3c,0x00,0x00,0x86,0xc3,0x01,0x10,0x38,0x00,0x02,0x87,0x03,0x01,0x00,0x00
   568 00005A0A 00028703010000      <2>
   569 00005A11 783C000086C3003038- <2>     db 0x78,0x3c,0x00,0x00,0x86,0xc3,0x00,0x30,0x38,0x00,0x04,0x87,0x03,0x01,0x00,0x00
   569 00005A1A 00048703010000      <2>
   570 00005A21 783C00008743003038- <2>     db 0x78,0x3c,0x00,0x00,0x87,0x43,0x00,0x30,0x38,0x00,0x04,0x87,0x03,0x01,0x00,0x00
   570 00005A2A 00048703010000      <2>
   571 00005A31 183C000086C3007038- <2>     db 0x18,0x3c,0x00,0x00,0x86,0xc3,0x00,0x70,0x38,0x00,0x00,0x87,0x03,0x00,0x00,0x00
   571 00005A3A 00008703000000      <2>
   572 00005A41 383C00008643001038- <2>     db 0x38,0x3c,0x00,0x00,0x86,0x43,0x00,0x10,0x38,0x00,0x04,0x87,0x03,0x00,0x00,0x00
   572 00005A4A 00048703000000      <2>
   573 00005A51 303C00008603007038- <2>     db 0x30,0x3c,0x00,0x00,0x86,0x03,0x00,0x70,0x38,0x00,0x04,0x87,0x03,0x00,0x00,0x00
   573 00005A5A 00048703000000      <2>
   574 00005A61 383C00008703007038- <2>     db 0x38,0x3c,0x00,0x00,0x87,0x03,0x00,0x70,0x38,0x00,0x04,0x87,0x03,0x00,0x00,0x00
   574 00005A6A 00048703000000      <2>
   575 00005A71 783C00008703003038- <2>     db 0x78,0x3c,0x00,0x00,0x87,0x03,0x00,0x30,0x38,0x00,0x04,0x87,0x03,0x00,0x00,0x00
   575 00005A7A 00048703000000      <2>
   576 00005A81 781C00008703003038- <2>     db 0x78,0x1c,0x00,0x00,0x87,0x03,0x00,0x30,0x38,0x00,0x0e,0x87,0x03,0x00,0x00,0x00
   576 00005A8A 000E8703000000      <2>
   577 00005A91 7800000C8703003000- <2>     db 0x78,0x00,0x00,0x0c,0x87,0x03,0x00,0x30,0x00,0x00,0x0e,0x87,0x03,0x00,0x00,0x00
   577 00005A9A 000E8703000000      <2>
   578 00005AA1 7810000C8703007020- <2>     db 0x78,0x10,0x00,0x0c,0x87,0x03,0x00,0x70,0x20,0x00,0x0e,0x87,0x03,0x00,0x00,0x00
   578 00005AAA 000E8703000000      <2>
   579 00005AB1 780000048703007000- <2>     db 0x78,0x00,0x00,0x04,0x87,0x03,0x00,0x70,0x00,0x00,0x0c,0x87,0x03,0x00,0x00,0x00
   579 00005ABA 000C8703000000      <2>
   580 00005AC1 780000028703007000- <2>     db 0x78,0x00,0x00,0x02,0x87,0x03,0x00,0x70,0x00,0x00,0x0e,0x87,0x03,0x10,0x00,0x00
   580 00005ACA 000E8703100000      <2>
   581 00005AD1 700000008703007000- <2>     db 0x70,0x00,0x00,0x00,0x87,0x03,0x00,0x70,0x00,0x00,0x00,0x87,0x03,0x00,0x00,0x00
   581 00005ADA 00008703000000      <2>
   582 00005AE1 7000000C8703C07000- <2>     db 0x70,0x00,0x00,0x0c,0x87,0x03,0xc0,0x70,0x00,0x00,0x00,0x87,0x03,0x00,0x00,0x00
   582 00005AEA 00008703000000      <2>
   583 00005AF1 7000000E0702F07800- <2>     db 0x70,0x00,0x00,0x0e,0x07,0x02,0xf0,0x78,0x00,0x00,0x04,0x87,0x03,0x00,0x00,0x00
   583 00005AFA 00048703000000      <2>
   584 00005B01 7000000E0700F07800- <2>     db 0x70,0x00,0x00,0x0e,0x07,0x00,0xf0,0x78,0x00,0x00,0x0c,0x87,0x03,0x00,0x00,0x00
   584 00005B0A 000C8703000000      <2>
   585 00005B11 7000000E0700707800- <2>     db 0x70,0x00,0x00,0x0e,0x07,0x00,0x70,0x78,0x00,0x00,0x0e,0x87,0x03,0xe0,0x00,0x00
   585 00005B1A 000E8703E00000      <2>
   586 00005B21 7000000E0700707800- <2>     db 0x70,0x00,0x00,0x0e,0x07,0x00,0x70,0x78,0x00,0x00,0x0c,0x86,0x02,0xe0,0x00,0x00
   586 00005B2A 000C8602E00000      <2>
   587 00005B31 7000000E0700607800- <2>     db 0x70,0x00,0x00,0x0e,0x07,0x00,0x60,0x78,0x00,0x00,0x0c,0x86,0x02,0xe0,0x00,0x00
   587 00005B3A 000C8602E00000      <2>
   588 00005B41 7000100E0700E07800- <2>     db 0x70,0x00,0x10,0x0e,0x07,0x00,0xe0,0x78,0x00,0x00,0x0e,0x87,0x00,0x60,0x00,0x00
   588 00005B4A 000E8700600000      <2>
   589 00005B51 3000180E0700F07800- <2>     db 0x30,0x00,0x18,0x0e,0x07,0x00,0xf0,0x78,0x00,0x00,0x0c,0x87,0x00,0x60,0x00,0x00
   589 00005B5A 000C8700600000      <2>
   590 00005B61 7000180E0700F07800- <2>     db 0x70,0x00,0x18,0x0e,0x07,0x00,0xf0,0x78,0x00,0x00,0x0c,0x06,0x00,0x60,0x00,0x00
   590 00005B6A 000C0600600000      <2>
   591 00005B71 70001C0E0600F07800- <2>     db 0x70,0x00,0x1c,0x0e,0x06,0x00,0xf0,0x78,0x00,0x00,0x0e,0x87,0x00,0x20,0x00,0x00
   591 00005B7A 000E8700200000      <2>
   592 00005B81 00001C0E0600F07800- <2>     db 0x00,0x00,0x1c,0x0e,0x06,0x00,0xf0,0x78,0x00,0x00,0x0c,0x87,0x00,0xe0,0x00,0x00
   592 00005B8A 000C8700E00000      <2>
   593 00005B91 00000C0E0600F07800- <2>     db 0x00,0x00,0x0c,0x0e,0x06,0x00,0xf0,0x78,0x00,0x00,0x0c,0x06,0x00,0xe0,0x00,0x00
   593 00005B9A 000C0600E00000      <2>
   594 00005BA1 00001C0E0400F07800- <2>     db 0x00,0x00,0x1c,0x0e,0x04,0x00,0xf0,0x78,0x00,0x00,0x0c,0x06,0x00,0xe0,0x00,0x00
   594 00005BAA 000C0600E00000      <2>
   595 00005BB1 00001C0E0400F06000- <2>     db 0x00,0x00,0x1c,0x0e,0x04,0x00,0xf0,0x60,0x00,0x10,0x0c,0x87,0x00,0xe0,0x00,0x00
   595 00005BBA 100C8700E00000      <2>
   596 00005BC1 00081C0E0400F00000- <2>     db 0x00,0x08,0x1c,0x0e,0x04,0x00,0xf0,0x00,0x00,0x10,0x0c,0x87,0x00,0xe0,0x00,0x00
   596 00005BCA 100C8700E00000      <2>
   597 00005BD1 00001C0E0480F00000- <2>     db 0x00,0x00,0x1c,0x0e,0x04,0x80,0xf0,0x00,0x00,0x10,0x0c,0x87,0x00,0xe0,0x00,0x00
   597 00005BDA 100C8700E00000      <2>
   598 00005BE1 00001C0E0440F04000- <2>     db 0x00,0x00,0x1c,0x0e,0x04,0x40,0xf0,0x40,0x00,0x10,0x0c,0x06,0x00,0xe0,0x00,0x00
   598 00005BEA 100C0600E00000      <2>
   599 00005BF1 00081C0E00C0F10000- <2>     db 0x00,0x08,0x1c,0x0e,0x00,0xc0,0xf1,0x00,0x00,0x18,0x0e,0x87,0x00,0xe0,0x00,0x00
   599 00005BFA 180E8700E00000      <2>
   600 00005C01 00081C0C00C0F10000- <2>     db 0x00,0x08,0x1c,0x0c,0x00,0xc0,0xf1,0x00,0x00,0x18,0x0c,0x87,0xc0,0xe1,0x00,0x00
   600 00005C0A 180C87C0E10000      <2>
   601 00005C11 10181C0C00C0F14000- <2>     db 0x10,0x18,0x1c,0x0c,0x00,0xc0,0xf1,0x40,0x00,0x18,0x0c,0x87,0xc0,0xe1,0x00,0x00
   601 00005C1A 180C87C0E10000      <2>
   602 00005C21 00181C0C00E0F14000- <2>     db 0x00,0x18,0x1c,0x0c,0x00,0xe0,0xf1,0x40,0x00,0x18,0x0e,0x87,0xc0,0xe1,0x00,0x00
   602 00005C2A 180E87C0E10000      <2>
   603 00005C31 10181C0C00E0F10000- <2>     db 0x10,0x18,0x1c,0x0c,0x00,0xe0,0xf1,0x00,0x00,0x18,0x0e,0x07,0xc0,0xe1,0x00,0x00
   603 00005C3A 180E07C0E10000      <2>
   604 00005C41 10381C0C0060F00000- <2>     db 0x10,0x38,0x1c,0x0c,0x00,0x60,0xf0,0x00,0x00,0x10,0x0c,0x83,0x40,0xe0,0x00,0x00
   604 00005C4A 100C8340E00000      <2>
   605 00005C51 00381C0C0080F10000- <2>     db 0x00,0x38,0x1c,0x0c,0x00,0x80,0xf1,0x00,0x00,0x18,0x0c,0x83,0x80,0xe1,0x00,0x00
   605 00005C5A 180C8380E10000      <2>
   606 00005C61 1038180C00E0710000- <2>     db 0x10,0x38,0x18,0x0c,0x00,0xe0,0x71,0x00,0x00,0x18,0x0e,0x83,0xc0,0xe1,0x00,0x00
   606 00005C6A 180E83C0E10000      <2>
   607 00005C71 1018180C00E0610000- <2>     db 0x10,0x18,0x18,0x0c,0x00,0xe0,0x61,0x00,0x00,0x10,0x0c,0x83,0xc0,0xe1,0x00,0x00
   607 00005C7A 100C83C0E10000      <2>
   608 00005C81 1038180800E0610000- <2>     db 0x10,0x38,0x18,0x08,0x00,0xe0,0x61,0x00,0x00,0x10,0x0c,0x83,0xc0,0xe1,0x00,0x00
   608 00005C8A 100C83C0E10000      <2>
   609 00005C91 1038180800E0610000- <2>     db 0x10,0x38,0x18,0x08,0x00,0xe0,0x61,0x00,0x00,0x18,0x0e,0x03,0xc0,0xe1,0x00,0x00
   609 00005C9A 180E03C0E10000      <2>
   610 00005CA1 3038180800E0010000- <2>     db 0x30,0x38,0x18,0x08,0x00,0xe0,0x01,0x00,0x00,0x18,0x0e,0x03,0xc0,0x61,0x00,0x00
   610 00005CAA 180E03C0610000      <2>
   611 00005CB1 3038180800E0010020- <2>     db 0x30,0x38,0x18,0x08,0x00,0xe0,0x01,0x00,0x20,0x18,0x0c,0x83,0xc0,0xe1,0x00,0x00
   611 00005CBA 180C83C0E10000      <2>
   612 00005CC1 3038180800E0010000- <2>     db 0x30,0x38,0x18,0x08,0x00,0xe0,0x01,0x00,0x00,0x10,0x0e,0x83,0xc0,0x61,0x00,0x00
   612 00005CCA 100E83C0610000      <2>
   613 00005CD1 30381800C0E0010020- <2>     db 0x30,0x38,0x18,0x00,0xc0,0xe0,0x01,0x00,0x20,0x18,0x0c,0x83,0xc0,0x21,0x00,0x00
   613 00005CDA 180C83C0210000      <2>
   614 00005CE1 10301800C0E0010020- <2>     db 0x10,0x30,0x18,0x00,0xc0,0xe0,0x01,0x00,0x20,0x18,0x0c,0x83,0xc0,0x61,0x00,0x00
   614 00005CEA 180C83C0610000      <2>
   615 00005CF1 30301800C0E3010020- <2>     db 0x30,0x30,0x18,0x00,0xc0,0xe3,0x01,0x00,0x20,0x10,0x08,0x01,0xc0,0x21,0x00,0x00
   615 00005CFA 100801C0210000      <2>
   616 00005D01 30301800C0E3010020- <2>     db 0x30,0x30,0x18,0x00,0xc0,0xe3,0x01,0x00,0x20,0x18,0x0c,0x81,0xc1,0x21,0x00,0x00
   616 00005D0A 180C81C1210000      <2>
   617 00005D11 30301800C0E0010020- <2>     db 0x30,0x30,0x18,0x00,0xc0,0xe0,0x01,0x00,0x20,0x18,0x0c,0x01,0xc3,0x21,0x00,0x00
   617 00005D1A 180C01C3210000      <2>
   618 00005D21 20301000C0E3010030- <2>     db 0x20,0x30,0x10,0x00,0xc0,0xe3,0x01,0x00,0x30,0x18,0x0c,0x00,0x83,0x21,0x00,0x00
   618 00005D2A 180C0083210000      <2>
   619 00005D31 60301800E0E3010000- <2>     db 0x60,0x30,0x18,0x00,0xe0,0xe3,0x01,0x00,0x00,0x18,0x0c,0x00,0x83,0x21,0x00,0x00
   619 00005D3A 180C0083210000      <2>
   620 00005D41 60301000E0E3010000- <2>     db 0x60,0x30,0x10,0x00,0xe0,0xe3,0x01,0x00,0x00,0x18,0x0c,0x00,0x83,0x21,0x00,0x00
   620 00005D4A 180C0083210000      <2>
   621 00005D51 6030100000E3010020- <2>     db 0x60,0x30,0x10,0x00,0x00,0xe3,0x01,0x00,0x20,0x18,0x0c,0x00,0x83,0x20,0x00,0x00
   621 00005D5A 180C0083200000      <2>
   622 00005D61 2030100000E0010020- <2>     db 0x20,0x30,0x10,0x00,0x00,0xe0,0x01,0x00,0x20,0x18,0x0c,0x00,0x80,0x60,0x00,0x00
   622 00005D6A 180C0080600000      <2>
   623 00005D71 60301000E0E3010020- <2>     db 0x60,0x30,0x10,0x00,0xe0,0xe3,0x01,0x00,0x20,0x18,0x0c,0x00,0x81,0x61,0x00,0x00
   623 00005D7A 180C0081610000      <2>
   624 00005D81 60301000E0F3010020- <2>     db 0x60,0x30,0x10,0x00,0xe0,0xf3,0x01,0x00,0x20,0x18,0x04,0x00,0x80,0x41,0x00,0x00
   624 00005D8A 18040080410000      <2>
   625 00005D91 60301000E0F3010020- <2>     db 0x60,0x30,0x10,0x00,0xe0,0xf3,0x01,0x00,0x20,0x18,0x04,0x00,0x83,0x41,0x00,0x00
   625 00005D9A 18040083410000      <2>
   626 00005DA1 60301000E063000020- <2>     db 0x60,0x30,0x10,0x00,0xe0,0x63,0x00,0x00,0x20,0x18,0x04,0x02,0x03,0x40,0x00,0x00
   626 00005DAA 18040203400000      <2>
   627 00005DB1 60300000E073010020- <2>     db 0x60,0x30,0x00,0x00,0xe0,0x73,0x01,0x00,0x20,0x18,0x04,0x02,0x03,0x40,0x00,0x00
   627 00005DBA 18040203400000      <2>
   628 00005DC1 60300040E003010030- <2>     db 0x60,0x30,0x00,0x40,0xe0,0x03,0x01,0x00,0x30,0x18,0x04,0x06,0x03,0x40,0x00,0x00
   628 00005DCA 18040603400000      <2>
   629 00005DD1 60200000E063000020- <2>     db 0x60,0x20,0x00,0x00,0xe0,0x63,0x00,0x00,0x20,0x18,0x04,0x06,0x03,0x40,0x00,0x00
   629 00005DDA 18040603400000      <2>
   630 00005DE1 60200000E103000030- <2>     db 0x60,0x20,0x00,0x00,0xe1,0x03,0x00,0x00,0x30,0x18,0x04,0x06,0x03,0x40,0x00,0x00
   630 00005DEA 18040603400000      <2>
   631 00005DF1 60200040E103004030- <2>     db 0x60,0x20,0x00,0x40,0xe1,0x03,0x00,0x40,0x30,0x18,0x04,0x02,0x83,0x40,0x00,0x00
   631 00005DFA 18040283400000      <2>
   632 00005E01 602000C0E703000030- <2>     db 0x60,0x20,0x00,0xc0,0xe7,0x03,0x00,0x00,0x30,0x18,0x04,0x06,0x83,0x40,0x00,0x00
   632 00005E0A 18040683400000      <2>
   633 00005E11 60200040E303004030- <2>     db 0x60,0x20,0x00,0x40,0xe3,0x03,0x00,0x40,0x30,0x18,0x04,0x06,0x03,0xc0,0x00,0x00
   633 00005E1A 18040603C00000      <2>
   634 00005E21 602000C0E303004030- <2>     db 0x60,0x20,0x00,0xc0,0xe3,0x03,0x00,0x40,0x30,0x18,0x04,0x06,0x83,0xc0,0x00,0x00
   634 00005E2A 18040683C00000      <2>
   635 00005E31 602000C0E303004030- <2>     db 0x60,0x20,0x00,0xc0,0xe3,0x03,0x00,0x40,0x30,0x18,0x04,0x00,0x83,0x40,0x00,0x00
   635 00005E3A 18040083400000      <2>
   636 00005E41 602000C0E703004030- <2>     db 0x60,0x20,0x00,0xc0,0xe7,0x03,0x00,0x40,0x30,0x18,0x04,0x02,0x03,0x40,0x00,0x00
   636 00005E4A 18040203400000      <2>
   637 00005E51 602000C0E703004030- <2>     db 0x60,0x20,0x00,0xc0,0xe7,0x03,0x00,0x40,0x30,0x18,0x04,0x00,0x83,0x40,0x00,0x00
   637 00005E5A 18040083400000      <2>
   638 00005E61 60200040E703004030- <2>     db 0x60,0x20,0x00,0x40,0xe7,0x03,0x00,0x40,0x30,0x18,0x04,0x02,0x83,0xc0,0x00,0x00
   638 00005E6A 18040283C00000      <2>
   639 00005E71 60200040E303000030- <2>     db 0x60,0x20,0x00,0x40,0xe3,0x03,0x00,0x00,0x30,0x18,0x04,0x06,0x83,0xc0,0x00,0x00
   639 00005E7A 18040683C00000      <2>
   640 00005E81 602000C0E303004030- <2>     db 0x60,0x20,0x00,0xc0,0xe3,0x03,0x00,0x40,0x30,0x18,0x04,0x06,0x83,0xc0,0x00,0x00
   640 00005E8A 18040683C00000      <2>
   641 00005E91 402000C0E303000030- <2>     db 0x40,0x20,0x00,0xc0,0xe3,0x03,0x00,0x00,0x30,0x18,0x04,0x02,0x83,0xc0,0x00,0x00
   641 00005E9A 18040283C00000      <2>
   642 00005EA1 402080CCE703000030- <2>     db 0x40,0x20,0x80,0xcc,0xe7,0x03,0x00,0x00,0x30,0x18,0x04,0x06,0x83,0xc0,0x00,0x00
   642 00005EAA 18040683C00000      <2>
   643 00005EB1 402080CCE303004030- <2>     db 0x40,0x20,0x80,0xcc,0xe3,0x03,0x00,0x40,0x30,0x18,0x04,0x06,0x83,0xc0,0x00,0x00
   643 00005EBA 18040683C00000      <2>
   644 00005EC1 402080CFE303004030- <2>     db 0x40,0x20,0x80,0xcf,0xe3,0x03,0x00,0x40,0x30,0x18,0x04,0x06,0x83,0xc1,0x00,0x00
   644 00005ECA 18040683C10000      <2>
   645 00005ED1 402080CFA703004030- <2>     db 0x40,0x20,0x80,0xcf,0xa7,0x03,0x00,0x40,0x30,0x18,0x0c,0x06,0x83,0xc1,0x00,0x00
   645 00005EDA 180C0683C10000      <2>
   646 00005EE1 400080CF2703004030- <2>     db 0x40,0x00,0x80,0xcf,0x27,0x03,0x00,0x40,0x30,0x18,0x0c,0x06,0x83,0xc1,0x00,0x00
   646 00005EEA 180C0683C10000      <2>
   647 00005EF1 400080C7A703004030- <2>     db 0x40,0x00,0x80,0xc7,0xa7,0x03,0x00,0x40,0x30,0x18,0x04,0x06,0x81,0xc1,0x00,0x00
   647 00005EFA 18040681C10000      <2>
   648 00005F01 400080C72703804030- <2>     db 0x40,0x00,0x80,0xc7,0x27,0x03,0x80,0x40,0x30,0x18,0x04,0x06,0x81,0xc0,0x00,0x00
   648 00005F0A 18040681C00000      <2>
   649 00005F11 400080C7A701804020- <2>     db 0x40,0x00,0x80,0xc7,0xa7,0x01,0x80,0x40,0x20,0x10,0x0c,0x06,0x83,0xc0,0x00,0x00
   649 00005F1A 100C0683C00000      <2>
   650 00005F21 400080C70700804020- <2>     db 0x40,0x00,0x80,0xc7,0x07,0x00,0x80,0x40,0x20,0x10,0x0c,0x06,0x81,0xc1,0x00,0x00
   650 00005F2A 100C0681C10000      <2>
   651 00005F31 400080C60700804020- <2>     db 0x40,0x00,0x80,0xc6,0x07,0x00,0x80,0x40,0x20,0x00,0x08,0x06,0x81,0xc1,0x00,0x00
   651 00005F3A 00080681C10000      <2>
   652 00005F41 400000CC0700804020- <2>     db 0x40,0x00,0x00,0xcc,0x07,0x00,0x80,0x40,0x20,0x08,0x00,0x06,0x81,0x81,0x00,0x00
   652 00005F4A 08000681810000      <2>
   653 00005F51 400080C30702804020- <2>     db 0x40,0x00,0x80,0xc3,0x07,0x02,0x80,0x40,0x20,0x00,0x00,0x06,0x81,0x81,0x00,0x00
   653 00005F5A 00000681810000      <2>
   654 00005F61 400080CF0700804020- <2>     db 0x40,0x00,0x80,0xcf,0x07,0x00,0x80,0x40,0x20,0x00,0x00,0x06,0x81,0x81,0x00,0x00
   654 00005F6A 00000681810000      <2>
   655 00005F71 4000C0CF0700804020- <2>     db 0x40,0x00,0xc0,0xcf,0x07,0x00,0x80,0x40,0x20,0x00,0x00,0x04,0x81,0x81,0x00,0x00
   655 00005F7A 00000481810000      <2>
   656 00005F81 408084CF0700804020- <2>     db 0x40,0x80,0x84,0xcf,0x07,0x00,0x80,0x40,0x20,0x00,0x00,0x04,0x83,0x81,0x00,0x00
   656 00005F8A 00000483810000      <2>
   657 00005F91 4000C0CF0700004020- <2>     db 0x40,0x00,0xc0,0xcf,0x07,0x00,0x00,0x40,0x20,0x00,0x08,0x04,0x83,0x81,0x00,0x00
   657 00005F9A 00080483810000      <2>
   658 00005FA1 4000C0CF0700004020- <2>     db 0x40,0x00,0xc0,0xcf,0x07,0x00,0x00,0x40,0x20,0x00,0x08,0x04,0x83,0x81,0x00,0x00
   658 00005FAA 00080483810000      <2>
   659 00005FB1 4080C5CF0700804020- <2>     db 0x40,0x80,0xc5,0xcf,0x07,0x00,0x80,0x40,0x20,0x00,0x08,0x04,0x83,0x81,0x00,0x00
   659 00005FBA 00080483810000      <2>
   660 00005FC1 4080DFCF0700004020- <2>     db 0x40,0x80,0xdf,0xcf,0x07,0x00,0x00,0x40,0x20,0x10,0x08,0x04,0x01,0x81,0x00,0x00
   660 00005FCA 10080401810000      <2>
   661 00005FD1 4080DFCF0700004020- <2>     db 0x40,0x80,0xdf,0xcf,0x07,0x00,0x00,0x40,0x20,0x10,0x08,0x04,0x01,0x81,0x00,0x00
   661 00005FDA 10080401810000      <2>
   662 00005FE1 4080DFCF0700004020- <2>     db 0x40,0x80,0xdf,0xcf,0x07,0x00,0x00,0x40,0x20,0x10,0x08,0x04,0x83,0x81,0x00,0x00
   662 00005FEA 10080483810000      <2>
   663 00005FF1 4080DFCF0700804020- <2>     db 0x40,0x80,0xdf,0xcf,0x07,0x00,0x80,0x40,0x20,0x10,0x08,0x04,0x01,0x81,0x00,0x00
   663 00005FFA 10080401810000      <2>
   664 00006001 4080DFEF0700814020- <2>     db 0x40,0x80,0xdf,0xef,0x07,0x00,0x81,0x40,0x20,0x10,0x08,0x04,0x03,0x81,0x00,0x00
   664 0000600A 10080403810000      <2>
   665 00006011 0080CFEF0700804020- <2>     db 0x00,0x80,0xcf,0xef,0x07,0x00,0x80,0x40,0x20,0x00,0x08,0x04,0x02,0x81,0x00,0x00
   665 0000601A 00080402810000      <2>
   666 00006021 0000C7EF0700814020- <2>     db 0x00,0x00,0xc7,0xef,0x07,0x00,0x81,0x40,0x20,0x00,0x08,0x04,0x02,0x81,0x00,0x00
   666 0000602A 00080402810000      <2>
   667 00006031 0080DFEF0700814020- <2>     db 0x00,0x80,0xdf,0xef,0x07,0x00,0x81,0x40,0x20,0x10,0x08,0x04,0x02,0x81,0x00,0x00
   667 0000603A 10080402810000      <2>
   668 00006041 0000C7EF0700814020- <2>     db 0x00,0x00,0xc7,0xef,0x07,0x00,0x81,0x40,0x20,0x00,0x08,0x04,0x02,0x81,0x00,0x00
   668 0000604A 00080402810000      <2>
   669 00006051 0082D8EF0500814020- <2>     db 0x00,0x82,0xd8,0xef,0x05,0x00,0x81,0x40,0x20,0x00,0x08,0x04,0x02,0x81,0x00,0x00
   669 0000605A 00080402810000      <2>
   670 00006061 0082DDCF0500814020- <2>     db 0x00,0x82,0xdd,0xcf,0x05,0x00,0x81,0x40,0x20,0x00,0x08,0x04,0x02,0x81,0x00,0x00
   670 0000606A 00080402810000      <2>
   671 00006071 000BC7EF0700814020- <2>     db 0x00,0x0b,0xc7,0xef,0x07,0x00,0x81,0x40,0x20,0x00,0x08,0x00,0x02,0x81,0x00,0x00
   671 0000607A 00080002810000      <2>
   672 00006081 0080CFAF0500814020- <2>     db 0x00,0x80,0xcf,0xaf,0x05,0x00,0x81,0x40,0x20,0x00,0x08,0x00,0x02,0x81,0x00,0x00
   672 0000608A 00080002810000      <2>
   673 00006091 00BFCF8F0100814020- <2>     db 0x00,0xbf,0xcf,0x8f,0x01,0x00,0x81,0x40,0x20,0x10,0x08,0x04,0x02,0x81,0x00,0x00
   673 0000609A 10080402810000      <2>
   674 000060A1 00BFCFAF0500814020- <2>     db 0x00,0xbf,0xcf,0xaf,0x05,0x00,0x81,0x40,0x20,0x10,0x08,0x04,0x02,0x81,0x00,0x00
   674 000060AA 10080402810000      <2>
   675 000060B1 009FDF2F0400814020- <2>     db 0x00,0x9f,0xdf,0x2f,0x04,0x00,0x81,0x40,0x20,0x10,0x08,0x04,0x02,0x81,0x00,0x00
   675 000060BA 10080402810000      <2>
   676 000060C1 009FDF0F0000814020- <2>     db 0x00,0x9f,0xdf,0x0f,0x00,0x00,0x81,0x40,0x20,0x10,0x08,0x04,0x02,0x81,0x00,0x00
   676 000060CA 10080402810000      <2>
   677 000060D1 009FDFAF0700814020- <2>     db 0x00,0x9f,0xdf,0xaf,0x07,0x00,0x81,0x40,0x20,0x10,0x08,0x04,0x02,0x81,0x00,0x00
   677 000060DA 10080402810000      <2>
   678 000060E1 00BFDF0F0000814020- <2>     db 0x00,0xbf,0xdf,0x0f,0x00,0x00,0x81,0x40,0x20,0x10,0x08,0x04,0x02,0x81,0x00,0x00
   678 000060EA 10080402810000      <2>
   679 000060F1 009FDF0F0400814020- <2>     db 0x00,0x9f,0xdf,0x0f,0x04,0x00,0x81,0x40,0x20,0x10,0x08,0x04,0x02,0x81,0x00,0x00
   679 000060FA 10080402810000      <2>
   680 00006101 009FDF0F0000814020- <2>     db 0x00,0x9f,0xdf,0x0f,0x00,0x00,0x81,0x40,0x20,0x10,0x08,0x04,0x02,0x81,0x00,0x00
   680 0000610A 10080402810000      <2>
   681 00006111 00BFDF0F0000814020- <2>     db 0x00,0xbf,0xdf,0x0f,0x00,0x00,0x81,0x40,0x20,0x10,0x08,0x04,0x02,0x81,0x00,0x00
   681 0000611A 10080402810000      <2>
   682 00006121 10BFDF0F0400814020- <2>     db 0x10,0xbf,0xdf,0x0f,0x04,0x00,0x81,0x40,0x20,0x10,0x08,0x04,0x02,0x81,0x00,0x00
   682 0000612A 10080402810000      <2>
   683 00006131 76BBDF0F0002814020- <2>     db 0x76,0xbb,0xdf,0x0f,0x00,0x02,0x81,0x40,0x20,0x10,0x08,0x04,0x02,0x81,0x00,0x00
   683 0000613A 10080402810000      <2>
   684 00006141 76BBDF0F0002814020- <2>     db 0x76,0xbb,0xdf,0x0f,0x00,0x02,0x81,0x40,0x20,0x10,0x08,0x04,0x02,0x81,0x00,0x00
   684 0000614A 10080402810000      <2>
   685 00006151 3E80DF0F0000810000- <2>     db 0x3e,0x80,0xdf,0x0f,0x00,0x00,0x81,0x00,0x00,0x00,0x08,0x04,0x02,0x01,0x00,0x00
   685 0000615A 00080402010000      <2>
   686 00006161 3E80DF0F0000810000- <2>     db 0x3e,0x80,0xdf,0x0f,0x00,0x00,0x81,0x00,0x00,0x00,0x08,0x04,0x02,0x01,0x00,0x00
   686 0000616A 00080402010000      <2>
   687 00006171 7E9FDF0F0000810000- <2>     db 0x7e,0x9f,0xdf,0x0f,0x00,0x00,0x81,0x00,0x00,0x00,0x08,0x04,0x02,0x01,0x00,0x00
   687 0000617A 00080402010000      <2>
   688 00006181 7E8EDF0F0000810000- <2>     db 0x7e,0x8e,0xdf,0x0f,0x00,0x00,0x81,0x00,0x00,0x00,0x08,0x04,0x02,0x01,0x00,0x00
   688 0000618A 00080402010000      <2>
   689 00006191 7E9FDF0F0402810000- <2>     db 0x7e,0x9f,0xdf,0x0f,0x04,0x02,0x81,0x00,0x00,0x10,0x08,0x04,0x02,0xc5,0x00,0x00
   689 0000619A 10080402C50000      <2>
   690 000061A1 3E8EDF0F0002810000- <2>     db 0x3e,0x8e,0xdf,0x0f,0x00,0x02,0x81,0x00,0x00,0x10,0x08,0x04,0x02,0x01,0x00,0x00
   690 000061AA 10080402010000      <2>
   691 000061B1 7EBFDF0F0002810000- <2>     db 0x7e,0xbf,0xdf,0x0f,0x00,0x02,0x81,0x00,0x00,0x10,0x08,0x04,0x02,0x01,0x00,0x00
   691 000061BA 10080402010000      <2>
   692 000061C1 7EBFDF0F0002810000- <2>     db 0x7e,0xbf,0xdf,0x0f,0x00,0x02,0x81,0x00,0x00,0x10,0x08,0x04,0x02,0xc5,0x00,0x00
   692 000061CA 10080402C50000      <2>
   693 000061D1 7E9FDF0F0002010000- <2>     db 0x7e,0x9f,0xdf,0x0f,0x00,0x02,0x01,0x00,0x00,0x00,0x08,0x04,0x02,0xfd,0x00,0x00
   693 000061DA 00080402FD0000      <2>
   694 000061E1 7E9FDF0F0002010000- <2>     db 0x7e,0x9f,0xdf,0x0f,0x00,0x02,0x01,0x00,0x00,0x00,0x08,0x04,0x02,0xfd,0x00,0x00
   694 000061EA 00080402FD0000      <2>
   695 000061F1 1C8EDF0F0002000000- <2>     db 0x1c,0x8e,0xdf,0x0f,0x00,0x02,0x00,0x00,0x00,0x00,0x08,0x04,0x02,0xfd,0x00,0x00
   695 000061FA 00080402FD0000      <2>
   696 00006201 1C9FDF0F0002010000- <2>     db 0x1c,0x9f,0xdf,0x0f,0x00,0x02,0x01,0x00,0x00,0x00,0x08,0x04,0x02,0xfd,0x00,0x00
   696 0000620A 00080402FD0000      <2>
   697 00006211 809FDF0F0002000000- <2>     db 0x80,0x9f,0xdf,0x0f,0x00,0x02,0x00,0x00,0x00,0x00,0x00,0x04,0xca,0xff,0x00,0x00
   697 0000621A 000004CAFF0000      <2>
   698 00006221 819FDF0F0002000000- <2>     db 0x81,0x9f,0xdf,0x0f,0x00,0x02,0x00,0x00,0x00,0x00,0x00,0x04,0xca,0xff,0x00,0x00
   698 0000622A 000004CAFF0000      <2>
   699 00006231 B6DFDF0F0002000000- <2>     db 0xb6,0xdf,0xdf,0x0f,0x00,0x02,0x00,0x00,0x00,0x00,0x08,0x04,0xca,0x7d,0x00,0x00
   699 0000623A 000804CA7D0000      <2>
   700 00006241 63FFDF0F0002000000- <2>     db 0x63,0xff,0xdf,0x0f,0x00,0x02,0x00,0x00,0x00,0x00,0x08,0x04,0xce,0x7d,0x00,0x00
   700 0000624A 000804CE7D0000      <2>
   701 00006251 E3FFDF0F0400000000- <2>     db 0xe3,0xff,0xdf,0x0f,0x04,0x00,0x00,0x00,0x00,0x00,0x00,0x04,0xfe,0x7d,0x00,0x00
   701 0000625A 000004FE7D0000      <2>
   702 00006261 E3FFDF0F0400000000- <2>     db 0xe3,0xff,0xdf,0x0f,0x04,0x00,0x00,0x00,0x00,0x00,0x00,0x04,0xfe,0x7d,0x00,0x00
   702 0000626A 000004FE7D0000      <2>
   703 00006271 80FBCF0F0400000000- <2>     db 0x80,0xfb,0xcf,0x0f,0x04,0x00,0x00,0x00,0x00,0x00,0x00,0xb4,0xff,0x6d,0x00,0x00
   703 0000627A 0000B4FF6D0000      <2>
   704 00006281 B7F1CF0F0400000000- <2>     db 0xb7,0xf1,0xcf,0x0f,0x04,0x00,0x00,0x00,0x00,0x00,0x00,0xb4,0xff,0x6d,0x00,0x00
   704 0000628A 0000B4FF6D0000      <2>
   705 00006291 808EDF070400000000- <2>     db 0x80,0x8e,0xdf,0x07,0x04,0x00,0x00,0x00,0x00,0x00,0x00,0xf4,0xdf,0x39,0x00,0x00
   705 0000629A 0000F4DF390000      <2>
   706 000062A1 80CEFF070400000000- <2>     db 0x80,0xce,0xff,0x07,0x04,0x00,0x00,0x00,0x00,0x00,0x00,0xf4,0xfb,0x01,0x00,0x00
   706 000062AA 0000F4FB010000      <2>
   707 000062B1 80C02F000400000000- <2>     db 0x80,0xc0,0x2f,0x00,0x04,0x00,0x00,0x00,0x00,0x00,0x00,0xe4,0xda,0x01,0x00,0x00
   707 000062BA 0000E4DA010000      <2>
   708 000062C1 805B27000400000000- <2>     db 0x80,0x5b,0x27,0x00,0x04,0x00,0x00,0x00,0x00,0x00,0x00,0xe4,0xda,0x01,0x00,0x00
   708 000062CA 0000E4DA010000      <2>
   709 000062D1 804000080000000000- <2>     db 0x80,0x40,0x00,0x08,0x00,0x00,0x00,0x00,0x00,0x00,0x00,0x00,0x02,0x01,0x00,0x00
   709 000062DA 00000002010000      <2>
   710 000062E1 804000080000000000- <2>     db 0x80,0x40,0x00,0x08,0x00,0x00,0x00,0x00,0x00,0x00,0x00,0x00,0x02,0x01,0x00,0x00
   710 000062EA 00000002010000      <2>
   711 000062F1 805B27000000000000- <2>     db 0x80,0x5b,0x27,0x00,0x00,0x00,0x00,0x00,0x00,0x00,0x00,0xf0,0x03,0x01,0x00,0x00
   711 000062FA 0000F003010000      <2>
   712 00006301 815B27000000000000- <2>     db 0x81,0x5b,0x27,0x00,0x00,0x00,0x00,0x00,0x00,0x00,0x00,0xf0,0x03,0x01,0x00,0x00
   712 0000630A 0000F003010000      <2>
   713 00006311 80FF2F000000000000- <2>     db 0x80,0xff,0x2f,0x00,0x00,0x00,0x00,0x00,0x00,0x00,0xe0,0xfb,0x73,0x01,0x00,0x00
   713 0000631A 00E0FB73010000      <2>
   714 00006321 9CFB2D000000000000- <2>     db 0x9c,0xfb,0x2d,0x00,0x00,0x00,0x00,0x00,0x00,0x00,0xe0,0xfb,0x73,0x01,0x00,0x00
   714 0000632A 00E0FB73010000      <2>
   715 00006331 B6DF2D000000000000- <2>     db 0xb6,0xdf,0x2d,0x00,0x00,0x00,0x00,0x00,0x00,0x00,0xf0,0xf3,0xdf,0x01,0x00,0x00
   715 0000633A 00F0F3DF010000      <2>
   716 00006341 F75F27000000000000- <2>     db 0xf7,0x5f,0x27,0x00,0x00,0x00,0x00,0x00,0x00,0x20,0xf0,0xf3,0x8f,0x6d,0x00,0x00
   716 0000634A 20F0F38F6D0000      <2>
   717 00006351 FF5F20000000000000- <2>     db 0xff,0x5f,0x20,0x00,0x00,0x00,0x00,0x00,0x00,0x20,0xf0,0xfb,0xff,0x01,0x00,0x00
   717 0000635A 20F0FBFF010000      <2>
   718 00006361 BF5F20000000000000- <2>     db 0xbf,0x5f,0x20,0x00,0x00,0x00,0x00,0x00,0x00,0x20,0xf0,0xfb,0xff,0xc7,0x00,0x00
   718 0000636A 20F0FBFFC70000      <2>
   719 00006371 BE7920100000008040- <2>     db 0xbe,0x79,0x20,0x10,0x00,0x00,0x00,0x80,0x40,0x00,0xf0,0xfb,0xff,0xff,0x00,0x00
   719 0000637A 00F0FBFFFF0000      <2>
   720 00006381 BE7920100000000000- <2>     db 0xbe,0x79,0x20,0x10,0x00,0x00,0x00,0x00,0x00,0x00,0xf0,0xfb,0xff,0xff,0x00,0x00
   720 0000638A 00F0FBFFFF0000      <2>
   721 00006391 BF7920000800000040- <2>     db 0xbf,0x79,0x20,0x00,0x08,0x00,0x00,0x00,0x40,0x00,0xf0,0xfb,0xfb,0x01,0x00,0x00
   721 0000639A 00F0FBFB010000      <2>
   722 000063A1 BF7920000000008040- <2>     db 0xbf,0x79,0x20,0x00,0x00,0x00,0x00,0x80,0x40,0x00,0xf0,0xfb,0xfb,0x01,0x00,0x00
   722 000063AA 00F0FBFB010000      <2>
   723 000063B1 FF4020100000000140- <2>     db 0xff,0x40,0x20,0x10,0x00,0x00,0x00,0x01,0x40,0x60,0xf0,0xfb,0x71,0x39,0x00,0x00
   723 000063BA 60F0FB71390000      <2>
   724 000063C1 FF4020100000000040- <2>     db 0xff,0x40,0x20,0x10,0x00,0x00,0x00,0x00,0x40,0x00,0xf0,0xfb,0x71,0x39,0x00,0x00
   724 000063CA 00F0FB71390000      <2>
   725 000063D1 FF4020100000008040- <2>     db 0xff,0x40,0x20,0x10,0x00,0x00,0x00,0x80,0x40,0x00,0xf0,0xfb,0xf9,0x7e,0x00,0x00
   725 000063DA 00F0FBF97E0000      <2>
   726 000063E1 FF4020100000008040- <2>     db 0xff,0x40,0x20,0x10,0x00,0x00,0x00,0x80,0x40,0x00,0xf0,0xfb,0xf9,0x7e,0x00,0x00
   726 000063EA 00F0FBF97E0000      <2>
   727 000063F1 814020100800008140- <2>     db 0x81,0x40,0x20,0x10,0x08,0x00,0x00,0x81,0x40,0x00,0xf0,0xfb,0xfd,0x7e,0x00,0x00
   727 000063FA 00F0FBFD7E0000      <2>
   728 00006401 814020100000008100- <2>     db 0x81,0x40,0x20,0x10,0x00,0x00,0x00,0x81,0x00,0x00,0xf0,0xfb,0x01,0x7e,0x00,0x00
   728 0000640A 00F0FB017E0000      <2>
   729 00006411 A34020100800008140- <2>     db 0xa3,0x40,0x20,0x10,0x08,0x00,0x00,0x81,0x40,0x40,0xf0,0xfb,0xf9,0x7e,0x00,0x00
   729 0000641A 40F0FBF97E0000      <2>
   730 00006421 A34020100800008100- <2>     db 0xa3,0x40,0x20,0x10,0x08,0x00,0x00,0x81,0x00,0x60,0xe0,0xfb,0x01,0x7e,0x00,0x00
   730 0000642A 60E0FB017E0000      <2>
   731 00006431 814020100004028100- <2>     db 0x81,0x40,0x20,0x10,0x00,0x04,0x02,0x81,0x00,0x00,0xf0,0xfb,0xf9,0x7e,0x00,0x00
   731 0000643A 00F0FBF97E0000      <2>
   732 00006441 814020100804028140- <2>     db 0x81,0x40,0x20,0x10,0x08,0x04,0x02,0x81,0x40,0x40,0xf0,0xfb,0x71,0x7e,0x00,0x00
   732 0000644A 40F0FB717E0000      <2>
   733 00006451 814020100804028140- <2>     db 0x81,0x40,0x20,0x10,0x08,0x04,0x02,0x81,0x40,0x00,0xf0,0xfb,0x01,0x7c,0x00,0x00
   733 0000645A 00F0FB017C0000      <2>
   734 00006461 814020100804028140- <2>     db 0x81,0x40,0x20,0x10,0x08,0x04,0x02,0x81,0x40,0x00,0xf0,0xfb,0x01,0x38,0x00,0x00
   734 0000646A 00F0FB01380000      <2>
   735 00006471 814020100800028140- <2>     db 0x81,0x40,0x20,0x10,0x08,0x00,0x02,0x81,0x40,0x40,0xf0,0xfb,0xd9,0x08,0x00,0x00
   735 0000647A 40F0FBD9080000      <2>
   736 00006481 814020100804028140- <2>     db 0x81,0x40,0x20,0x10,0x08,0x04,0x02,0x81,0x40,0x40,0xf3,0xfb,0xd9,0x20,0x00,0x00
   736 0000648A 40F3FBD9200000      <2>
   737 00006491 814020100804028100- <2>     db 0x81,0x40,0x20,0x10,0x08,0x04,0x02,0x81,0x00,0x00,0xf0,0xfb,0xfd,0x20,0x00,0x00
   737 0000649A 00F0FBFD200000      <2>
   738 000064A1 814020100804028100- <2>     db 0x81,0x40,0x20,0x10,0x08,0x04,0x02,0x81,0x00,0x00,0xf0,0xfb,0xfd,0x00,0x00,0x00
   738 000064AA 00F0FBFD000000      <2>
   739 000064B1 814020100804028100- <2>     db 0x81,0x40,0x20,0x10,0x08,0x04,0x02,0x81,0x00,0x60,0xf0,0xfb,0xf9,0x00,0x00,0x00
   739 000064BA 60F0FBF9000000      <2>
   740 000064C1 814020100804028100- <2>     db 0x81,0x40,0x20,0x10,0x08,0x04,0x02,0x81,0x00,0xe0,0xf7,0xfb,0xf9,0x00,0x00,0x00
   740 000064CA E0F7FBF9000000      <2>
   741 000064D1 814020100804028100- <2>     db 0x81,0x40,0x20,0x10,0x08,0x04,0x02,0x81,0x00,0xe0,0xf7,0xfb,0xf9,0x00,0x00,0x00
   741 000064DA E0F7FBF9000000      <2>
   742 000064E1 814020100004028100- <2>     db 0x81,0x40,0x20,0x10,0x00,0x04,0x02,0x81,0x00,0xe0,0xf7,0xfb,0xfd,0x00,0x00,0x00
   742 000064EA E0F7FBFD000000      <2>
   743 000064F1 814020100804028100- <2>     db 0x81,0x40,0x20,0x10,0x08,0x04,0x02,0x81,0x00,0x60,0xf7,0xfb,0xfd,0x00,0x00,0x00
   743 000064FA 60F7FBFD000000      <2>
   744 00006501 814020100804028100- <2>     db 0x81,0x40,0x20,0x10,0x08,0x04,0x02,0x81,0x00,0xe0,0xf7,0xfb,0x19,0x00,0x00,0x00
   744 0000650A E0F7FB19000000      <2>
   745 00006511 814000100804028100- <2>     db 0x81,0x40,0x00,0x10,0x08,0x04,0x02,0x81,0x00,0xc0,0xf7,0xf3,0xfd,0x00,0x00,0x00
   745 0000651A C0F7F3FD000000      <2>
   746 00006521 814020100804028100- <2>     db 0x81,0x40,0x20,0x10,0x08,0x04,0x02,0x81,0x00,0xe0,0xf7,0xf3,0x8d,0x00,0x00,0x00
   746 0000652A E0F7F38D000000      <2>
   747 00006531 814020100004028100- <2>     db 0x81,0x40,0x20,0x10,0x00,0x04,0x02,0x81,0x00,0xc0,0xf7,0xe3,0x18,0x00,0x00,0x00
   747 0000653A C0F7E318000000      <2>
   748 00006541 814020100004028100- <2>     db 0x81,0x40,0x20,0x10,0x00,0x04,0x02,0x81,0x00,0xe0,0xf7,0xe3,0x00,0x00,0x00,0x00
   748 0000654A E0F7E300000000      <2>
   749 00006551 81C020100004028100- <2>     db 0x81,0xc0,0x20,0x10,0x00,0x04,0x02,0x81,0x00,0xe0,0xf7,0x03,0x10,0x00,0x00,0x00
   749 0000655A E0F70310000000      <2>
   750 00006561 814020100004028100- <2>     db 0x81,0x40,0x20,0x10,0x00,0x04,0x02,0x81,0x00,0xe0,0xf7,0x03,0x00,0x02,0x00,0x00
   750 0000656A E0F70300020000      <2>
   751 00006571 814020100804028100- <2>     db 0x81,0x40,0x20,0x10,0x08,0x04,0x02,0x81,0x00,0xe0,0xf7,0xfb,0x01,0x00,0x00,0x00
   751 0000657A E0F7FB01000000      <2>
   752 00006581 814020100804028100- <2>     db 0x81,0x40,0x20,0x10,0x08,0x04,0x02,0x81,0x00,0xe0,0xf7,0xfb,0x01,0x02,0x00,0x00
   752 0000658A E0F7FB01020000      <2>
   753 00006591 814020100004028100- <2>     db 0x81,0x40,0x20,0x10,0x00,0x04,0x02,0x81,0x00,0xe0,0xf7,0xf3,0x01,0x02,0x00,0x00
   753 0000659A E0F7F301020000      <2>
   754 000065A1 814020100004028100- <2>     db 0x81,0x40,0x20,0x10,0x00,0x04,0x02,0x81,0x00,0xe0,0xf7,0xe3,0x00,0x02,0x00,0x00
   754 000065AA E0F7E300020000      <2>
   755 000065B1 81C020100804028100- <2>     db 0x81,0xc0,0x20,0x10,0x08,0x04,0x02,0x81,0x00,0xe0,0xf3,0xfb,0x01,0x02,0x00,0x00
   755 000065BA E0F3FB01020000      <2>
   756 000065C1 81C020100804020100- <2>     db 0x81,0xc0,0x20,0x10,0x08,0x04,0x02,0x01,0x00,0xe0,0xf3,0xfb,0x01,0x02,0x00,0x00
   756 000065CA E0F3FB01020000      <2>
   757 000065D1 81C020100804020100- <2>     db 0x81,0xc0,0x20,0x10,0x08,0x04,0x02,0x01,0x00,0xe0,0xf3,0xfb,0x01,0x02,0x00,0x00
   757 000065DA E0F3FB01020000      <2>
   758 000065E1 81C120100804020100- <2>     db 0x81,0xc1,0x20,0x10,0x08,0x04,0x02,0x01,0x00,0xe0,0xf3,0xfb,0x01,0x02,0x00,0x00
   758 000065EA E0F3FB01020000      <2>
   759 000065F1 81C120100004020000- <2>     db 0x81,0xc1,0x20,0x10,0x00,0x04,0x02,0x00,0x00,0xe0,0xf3,0x3b,0x01,0x02,0x00,0x00
   759 000065FA E0F33B01020000      <2>
   760 00006601 81C120000004020000- <2>     db 0x81,0xc1,0x20,0x00,0x00,0x04,0x02,0x00,0x00,0xe0,0xf3,0x3b,0x01,0x02,0x00,0x00
   760 0000660A E0F33B01020000      <2>
   761 00006611 81C120100004020100- <2>     db 0x81,0xc1,0x20,0x10,0x00,0x04,0x02,0x01,0x00,0xe0,0xf3,0x03,0x00,0x02,0x00,0x00
   761 0000661A E0F30300020000      <2>
   762 00006621 818120100004020000- <2>     db 0x81,0x81,0x20,0x10,0x00,0x04,0x02,0x00,0x00,0xe0,0xf3,0x93,0x01,0x02,0x00,0x00
   762 0000662A E0F39301020000      <2>
   763 00006631 818120000004020000- <2>     db 0x81,0x81,0x20,0x00,0x00,0x04,0x02,0x00,0x00,0xe0,0xf3,0x0b,0x01,0x02,0x00,0x00
   763 0000663A E0F30B01020000      <2>
   764 00006641 818160000004020000- <2>     db 0x81,0x81,0x60,0x00,0x00,0x04,0x02,0x00,0x00,0xe0,0xf3,0x03,0x00,0x02,0x00,0x00
   764 0000664A E0F30300020000      <2>
   765 00006651 818160000004020180- <2>     db 0x81,0x81,0x60,0x00,0x00,0x04,0x02,0x01,0x80,0xe0,0xc3,0x01,0x00,0x02,0x00,0x00
   765 0000665A E0C30100020000      <2>
   766 00006661 818160001004020100- <2>     db 0x81,0x81,0x60,0x00,0x10,0x04,0x02,0x01,0x00,0xe0,0x63,0x01,0x00,0x02,0x00,0x00
   766 0000666A E0630100020000      <2>
   767 00006671 838160100004020100- <2>     db 0x83,0x81,0x60,0x10,0x00,0x04,0x02,0x01,0x00,0xe0,0x63,0x01,0x00,0x02,0x00,0x00
   767 0000667A E0630100020000      <2>
   768 00006681 03C160101004020180- <2>     db 0x03,0xc1,0x60,0x10,0x10,0x04,0x02,0x01,0x80,0xe0,0xe3,0x01,0x00,0x02,0x00,0x00
   768 0000668A E0E30100020000      <2>
   769 00006691 83C160300004020180- <2>     db 0x83,0xc1,0x60,0x30,0x00,0x04,0x02,0x01,0x80,0xe5,0xe3,0x01,0x04,0x02,0x00,0x00
   769 0000669A E5E30104020000      <2>
   770 000066A1 83C160300004020180- <2>     db 0x83,0xc1,0x60,0x30,0x00,0x04,0x02,0x01,0x80,0xe1,0xf3,0x01,0x04,0x02,0x00,0x00
   770 000066AA E1F30104020000      <2>
   771 000066B1 83816020100C0201C0- <2>     db 0x83,0x81,0x60,0x20,0x10,0x0c,0x02,0x01,0xc0,0xe5,0xf3,0x01,0x04,0x02,0x00,0x00
   771 000066BA E5F30104020000      <2>
   772 000066C1 83C1602010040200C0- <2>     db 0x83,0xc1,0x60,0x20,0x10,0x04,0x02,0x00,0xc0,0xe5,0xf3,0x01,0x04,0x02,0x00,0x00
   772 000066CA E5F30104020000      <2>
   773 000066D1 83C16030180C0200C0- <2>     db 0x83,0xc1,0x60,0x30,0x18,0x0c,0x02,0x00,0xc0,0xe5,0xf3,0x01,0x04,0x02,0x00,0x00
   773 000066DA E5F30104020000      <2>
   774 000066E1 83C16020180C0200C0- <2>     db 0x83,0xc1,0x60,0x20,0x18,0x0c,0x02,0x00,0xc0,0xe7,0xf3,0x01,0x04,0x02,0x00,0x00
   774 000066EA E7F30104020000      <2>
   775 000066F1 03C16000180C0200C0- <2>     db 0x03,0xc1,0x60,0x00,0x18,0x0c,0x02,0x00,0xc0,0xe7,0x43,0x00,0x04,0x02,0x00,0x00
   775 000066FA E7430004020000      <2>
   776 00006701 03C1600018040200C0- <2>     db 0x03,0xc1,0x60,0x00,0x18,0x04,0x02,0x00,0xc0,0xe7,0x43,0x00,0x04,0x02,0x00,0x00
   776 0000670A E7430004020000      <2>
   777 00006711 03C14020180C0200C0- <2>     db 0x03,0xc1,0x40,0x20,0x18,0x0c,0x02,0x00,0xc0,0xc7,0x03,0x00,0x04,0x06,0x00,0x00
   777 0000671A C7030004060000      <2>
   778 00006721 03C1402018040200C0- <2>     db 0x03,0xc1,0x40,0x20,0x18,0x04,0x02,0x00,0xc0,0xc7,0x03,0x00,0x04,0x06,0x00,0x00
   778 0000672A C7030004060000      <2>
   779 00006731 03C1602018040200C0- <2>     db 0x03,0xc1,0x60,0x20,0x18,0x04,0x02,0x00,0xc0,0xc7,0x02,0x00,0x04,0x06,0x00,0x00
   779 0000673A C7020004060000      <2>
   780 00006741 02C1402018040000C0- <2>     db 0x02,0xc1,0x40,0x20,0x18,0x04,0x00,0x00,0xc0,0x07,0x00,0x00,0x04,0x06,0x00,0x00
   780 0000674A 07000004060000      <2>
   781 00006751 03C1002018040000C0- <2>     db 0x03,0xc1,0x00,0x20,0x18,0x04,0x00,0x00,0xc0,0xe7,0x03,0x00,0x04,0x06,0x00,0x00
   781 0000675A E7030004060000      <2>
   782 00006761 03C1002018040000C0- <2>     db 0x03,0xc1,0x00,0x20,0x18,0x04,0x00,0x00,0xc0,0x87,0x03,0x00,0x04,0x06,0x00,0x00
   782 0000676A 87030004060000      <2>
   783 00006771 03C10020180C0200C0- <2>     db 0x03,0xc1,0x00,0x20,0x18,0x0c,0x02,0x00,0xc0,0xe7,0x03,0x00,0x04,0x06,0x00,0x00
   783 0000677A E7030004060000      <2>
   784 00006781 03C06020180C0200C0- <2>     db 0x03,0xc0,0x60,0x20,0x18,0x0c,0x02,0x00,0xc0,0xe7,0x03,0x00,0x04,0x06,0x00,0x00
   784 0000678A E7030004060000      <2>
   785 00006791 02C06020180C0200C0- <2>     db 0x02,0xc0,0x60,0x20,0x18,0x0c,0x02,0x00,0xc0,0xc7,0x02,0x00,0x04,0x06,0x00,0x00
   785 0000679A C7020004060000      <2>
   786 000067A1 02C1602018040200C0- <2>     db 0x02,0xc1,0x60,0x20,0x18,0x04,0x02,0x00,0xc0,0x07,0x02,0x00,0x04,0x06,0x00,0x00
   786 000067AA 07020004060000      <2>
   787 000067B1 82C1602018040200C0- <2>     db 0x82,0xc1,0x60,0x20,0x18,0x04,0x02,0x00,0xc0,0x07,0x02,0x00,0x04,0x06,0x00,0x00
   787 000067BA 07020004060000      <2>
   788 000067C1 02C1402018040200C0- <2>     db 0x02,0xc1,0x40,0x20,0x18,0x04,0x02,0x00,0xc0,0x07,0x00,0x08,0x0c,0x06,0x00,0x00
   788 000067CA 0700080C060000      <2>
   789 000067D1 02C0602018040000CC- <2>     db 0x02,0xc0,0x60,0x20,0x18,0x04,0x00,0x00,0xcc,0x07,0x00,0x08,0x0c,0x06,0x00,0x00
   789 000067DA 0700080C060000      <2>
   790 000067E1 02C0602018040000C1- <2>     db 0x02,0xc0,0x60,0x20,0x18,0x04,0x00,0x00,0xc1,0x07,0x00,0x08,0x0c,0x06,0x00,0x00
   790 000067EA 0700080C060000      <2>
   791 000067F1 02C0002018040000CF- <2>     db 0x02,0xc0,0x00,0x20,0x18,0x04,0x00,0x00,0xcf,0x07,0x02,0x08,0x0c,0x06,0x00,0x00
   791 000067FA 0702080C060000      <2>
   792 00006801 0200002018040000CC- <2>     db 0x02,0x00,0x00,0x20,0x18,0x04,0x00,0x00,0xcc,0x07,0x00,0x08,0x0c,0x06,0x00,0x00
   792 0000680A 0700080C060000      <2>
   793 00006811 82C1002018040080CF- <2>     db 0x82,0xc1,0x00,0x20,0x18,0x04,0x00,0x80,0xcf,0x07,0x00,0x08,0x0c,0x04,0x00,0x00
   793 0000681A 0700080C040000      <2>
   794 00006821 80C1000008040080CF- <2>     db 0x80,0xc1,0x00,0x00,0x08,0x04,0x00,0x80,0xcf,0x07,0x00,0x08,0x0c,0x04,0x00,0x00
   794 0000682A 0700080C040000      <2>
   795 00006831 8681003018040080C7- <2>     db 0x86,0x81,0x00,0x30,0x18,0x04,0x00,0x80,0xc7,0x07,0x00,0x08,0x0c,0x04,0x00,0x00
   795 0000683A 0700080C040000      <2>
   796 00006841 86010030180400800F- <2>     db 0x86,0x01,0x00,0x30,0x18,0x04,0x00,0x80,0x0f,0x07,0x00,0x08,0x0c,0x04,0x00,0x00
   796 0000684A 0700080C040000      <2>
   797 00006851 06C100301804008007- <2>     db 0x06,0xc1,0x00,0x30,0x18,0x04,0x00,0x80,0x07,0x00,0x00,0x08,0x0c,0x06,0x00,0x00
   797 0000685A 0000080C060000      <2>
   798 00006861 86C100301804008087- <2>     db 0x86,0xc1,0x00,0x30,0x18,0x04,0x00,0x80,0x87,0x07,0x00,0x08,0x0c,0x06,0x00,0x00
   798 0000686A 0700080C060000      <2>
   799 00006871 84C1003018040080C7- <2>     db 0x84,0xc1,0x00,0x30,0x18,0x04,0x00,0x80,0xc7,0x07,0x00,0x18,0x0c,0x04,0x00,0x00
   799 0000687A 0700180C040000      <2>
   800 00006881 84C1003018040080CF- <2>     db 0x84,0xc1,0x00,0x30,0x18,0x04,0x00,0x80,0xcf,0x03,0x00,0x08,0x0c,0x06,0x00,0x00
   800 0000688A 0300080C060000      <2>
   801 00006891 84C180301804008007- <2>     db 0x84,0xc1,0x80,0x30,0x18,0x04,0x00,0x80,0x07,0x03,0x00,0x18,0x0c,0x0c,0x00,0x00
   801 0000689A 0300180C0C0000      <2>
   802 000068A1 84C3C0300804008007- <2>     db 0x84,0xc3,0xc0,0x30,0x08,0x04,0x00,0x80,0x07,0x03,0x00,0x18,0x0c,0x0c,0x00,0x00
   802 000068AA 0300180C0C0000      <2>
   803 000068B1 8401801008040080C7- <2>     db 0x84,0x01,0x80,0x10,0x08,0x04,0x00,0x80,0xc7,0x03,0x00,0x18,0x0c,0x0c,0x00,0x00
   803 000068BA 0300180C0C0000      <2>
   804 000068C1 8483013018040080C7- <2>     db 0x84,0x83,0x01,0x30,0x18,0x04,0x00,0x80,0xc7,0x00,0x00,0x18,0x0c,0x0c,0x00,0x00
   804 000068CA 0000180C0C0000      <2>
   805 000068D1 8403C1301804008007- <2>     db 0x84,0x03,0xc1,0x30,0x18,0x04,0x00,0x80,0x07,0x03,0x10,0x18,0x1c,0x0c,0x00,0x00
   805 000068DA 0310181C0C0000      <2>
   806 000068E1 8503C1300804008007- <2>     db 0x85,0x03,0xc1,0x30,0x08,0x04,0x00,0x80,0x07,0x00,0x10,0x18,0x1c,0x0c,0x00,0x00
   806 000068EA 0010181C0C0000      <2>
   807 000068F1 870340301804008407- <2>     db 0x87,0x03,0x40,0x30,0x18,0x04,0x00,0x84,0x07,0x00,0x10,0x18,0x1c,0x0c,0x00,0x00
   807 000068FA 0010181C0C0000      <2>
   808 00006901 8703C1301800008407- <2>     db 0x87,0x03,0xc1,0x30,0x18,0x00,0x00,0x84,0x07,0x00,0x10,0x18,0x18,0x0c,0x00,0x00
   808 0000690A 001018180C0000      <2>
   809 00006911 8703C0700800008607- <2>     db 0x87,0x03,0xc0,0x70,0x08,0x00,0x00,0x86,0x07,0x00,0x10,0x18,0x18,0x08,0x00,0x00
   809 0000691A 00101818080000      <2>
   810 00006921 8703C1301800000607- <2>     db 0x87,0x03,0xc1,0x30,0x18,0x00,0x00,0x06,0x07,0x00,0x10,0x18,0x18,0x08,0x00,0x00
   810 0000692A 00101818080000      <2>
   811 00006931 8703C1300800008E07- <2>     db 0x87,0x03,0xc1,0x30,0x08,0x00,0x00,0x8e,0x07,0x00,0x30,0x38,0x1c,0x08,0x00,0x00
   811 0000693A 0030381C080000      <2>
   812 00006941 8703C1301800008E07- <2>     db 0x87,0x03,0xc1,0x30,0x18,0x00,0x00,0x8e,0x07,0x00,0x30,0x38,0x1c,0x08,0x00,0x00
   812 0000694A 0030381C080000      <2>
   813 00006951 8701C1301800008F01- <2>     db 0x87,0x01,0xc1,0x30,0x18,0x00,0x00,0x8f,0x01,0x00,0x30,0x38,0x1c,0x00,0x00,0x00
   813 0000695A 0030381C000000      <2>
   814 00006961 0702C1701800000E06- <2>     db 0x07,0x02,0xc1,0x70,0x18,0x00,0x00,0x0e,0x06,0x00,0x30,0x38,0x04,0x00,0x00,0x00
   814 0000696A 00303804000000      <2>
   815 00006971 8703C0701800008F07- <2>     db 0x87,0x03,0xc0,0x70,0x18,0x00,0x00,0x8f,0x07,0x00,0x30,0x38,0x18,0x08,0x00,0x00
   815 0000697A 00303818080000      <2>
   816 00006981 8703E1701800008F07- <2>     db 0x87,0x03,0xe1,0x70,0x18,0x00,0x00,0x8f,0x07,0x00,0x30,0x38,0x1c,0x08,0x00,0x00
   816 0000698A 0030381C080000      <2>
   817 00006991 8703C1300800048F03- <2>     db 0x87,0x03,0xc1,0x30,0x08,0x00,0x04,0x8f,0x03,0x00,0x30,0x38,0x18,0x08,0x00,0x00
   817 0000699A 00303818080000      <2>
   818 000069A1 8703E1300800008F03- <2>     db 0x87,0x03,0xe1,0x30,0x08,0x00,0x00,0x8f,0x03,0x00,0x30,0x38,0x18,0x00,0x00,0x00
   818 000069AA 00303818000000      <2>
   819 000069B1 0700E1701800008F01- <2>     db 0x07,0x00,0xe1,0x70,0x18,0x00,0x00,0x8f,0x01,0x00,0x70,0x38,0x10,0x00,0x00,0x00
   819 000069BA 00703810000000      <2>
   820 000069C1 0700E1301800008F01- <2>     db 0x07,0x00,0xe1,0x30,0x18,0x00,0x00,0x8f,0x01,0x20,0x70,0x38,0x10,0x00,0x00,0x00
   820 000069CA 20703810000000      <2>
   821 000069D1 0701E1300800000F00- <2>     db 0x07,0x01,0xe1,0x30,0x08,0x00,0x00,0x0f,0x00,0x20,0x70,0x38,0x00,0x00,0x00,0x00
   821 000069DA 20703800000000      <2>
   822 000069E1 0700E1300800000F00- <2>     db 0x07,0x00,0xe1,0x30,0x08,0x00,0x00,0x0f,0x00,0x20,0x70,0x38,0x10,0x00,0x00,0x00
   822 000069EA 20703810000000      <2>
   823 000069F1 0700E1300800060F00- <2>     db 0x07,0x00,0xe1,0x30,0x08,0x00,0x06,0x0f,0x00,0x20,0x70,0x38,0x00,0x00,0x00,0x00
   823 000069FA 20703800000000      <2>
   824 00006A01 0700E1700800060F00- <2>     db 0x07,0x00,0xe1,0x70,0x08,0x00,0x06,0x0f,0x00,0x20,0x70,0x30,0x00,0x00,0x00,0x00
   824 00006A0A 20703000000000      <2>
   825 00006A11 0700603008001C0F00- <2>     db 0x07,0x00,0x60,0x30,0x08,0x00,0x1c,0x0f,0x00,0x60,0x70,0x38,0x00,0x08,0x00,0x00
   825 00006A1A 60703800080000      <2>
   826 00006A21 0700E13000001C0F00- <2>     db 0x07,0x00,0xe1,0x30,0x00,0x00,0x1c,0x0f,0x00,0x60,0x70,0x38,0x00,0x08,0x00,0x00
   826 00006A2A 60703800080000      <2>
   827 00006A31 0400E13000001E0F00- <2>     db 0x04,0x00,0xe1,0x30,0x00,0x00,0x1e,0x0f,0x00,0xe0,0x70,0x38,0x00,0x0e,0x00,0x00
   827 00006A3A E07038000E0000      <2>
   828 00006A41 0600603000001E0F00- <2>     db 0x06,0x00,0x60,0x30,0x00,0x00,0x1e,0x0f,0x00,0xe0,0x70,0x18,0x00,0x0e,0x00,0x00
   828 00006A4A E07018000E0000      <2>
   829 00006A51 0600E13000001E0F00- <2>     db 0x06,0x00,0xe1,0x30,0x00,0x00,0x1e,0x0f,0x00,0xe0,0x70,0x18,0x00,0x0e,0x00,0x00
   829 00006A5A E07018000E0000      <2>
   830 00006A61 0600E13000001E0700- <2>     db 0x06,0x00,0xe1,0x30,0x00,0x00,0x1e,0x07,0x00,0xe0,0x70,0x20,0x00,0x0e,0x00,0x00
   830 00006A6A E07020000E0000      <2>
   831 00006A71 0700E03000001E0600- <2>     db 0x07,0x00,0xe0,0x30,0x00,0x00,0x1e,0x06,0x00,0xe0,0x70,0x20,0x00,0x0e,0x00,0x00
   831 00006A7A E07020000E0000      <2>
   832 00006A81 0740E03000001E0E00- <2>     db 0x07,0x40,0xe0,0x30,0x00,0x00,0x1e,0x0e,0x00,0xe0,0x70,0x20,0x00,0x0e,0x00,0x00
   832 00006A8A E07020000E0000      <2>
   833 00006A91 0740E17000001E0E40- <2>     db 0x07,0x40,0xe1,0x70,0x00,0x00,0x1e,0x0e,0x40,0xe0,0x70,0x20,0x00,0x0e,0x00,0x00
   833 00006A9A E07020000E0000      <2>
   834 00006AA1 00C0E17000001E0F40- <2>     db 0x00,0xc0,0xe1,0x70,0x00,0x00,0x1e,0x0f,0x40,0xe0,0x70,0x00,0x00,0x0e,0x00,0x00
   834 00006AAA E07000000E0000      <2>
   835 00006AB1 0040E13000001E0FC0- <2>     db 0x00,0x40,0xe1,0x30,0x00,0x00,0x1e,0x0f,0xc0,0xe0,0x70,0x00,0x00,0x0e,0x00,0x00
   835 00006ABA E07000000E0000      <2>
   836 00006AC1 00C0E16000001E0BC0- <2>     db 0x00,0xc0,0xe1,0x60,0x00,0x00,0x1e,0x0b,0xc0,0xe1,0x60,0x00,0x00,0x0e,0x00,0x00
   836 00006ACA E16000000E0000      <2>
   837 00006AD1 00C0E10000000E00C0- <2>     db 0x00,0xc0,0xe1,0x00,0x00,0x00,0x0e,0x00,0xc0,0xe1,0x00,0x00,0x00,0x0e,0x00,0x00
   837 00006ADA E10000000E0000      <2>
   838 00006AE1 00C0E12000000E00C0- <2>     db 0x00,0xc0,0xe1,0x20,0x00,0x00,0x0e,0x00,0xc0,0xe1,0x20,0x00,0x00,0x0e,0x00,0x00
   838 00006AEA E12000000E0000      <2>
   839 00006AF1 00C0E13000000E00C0- <2>     db 0x00,0xc0,0xe1,0x30,0x00,0x00,0x0e,0x00,0xc0,0xe1,0x70,0x00,0x00,0x1e,0x00,0x00
   839 00006AFA E17000001E0000      <2>
   840 00006B01 00C0E13000080E00C0- <2>     db 0x00,0xc0,0xe1,0x30,0x00,0x08,0x0e,0x00,0xc0,0xe1,0x70,0x00,0x04,0x1e,0x00,0x00
   840 00006B0A E17000041E0000      <2>
   841 00006B11 00C0E17000000C00C0- <2>     db 0x00,0xc0,0xe1,0x70,0x00,0x00,0x0c,0x00,0xc0,0xe1,0x30,0x00,0x00,0x1e,0x00,0x00
   841 00006B1A E13000001E0000      <2>
   842 00006B21 00C0E17000180C00C0- <2>     db 0x00,0xc0,0xe1,0x70,0x00,0x18,0x0c,0x00,0xc0,0xe1,0x10,0x00,0x3c,0x1e,0x00,0x00
   842 00006B2A E110003C1E0000      <2>
   843 00006B31 00C0E130001C0C00C0- <2>     db 0x00,0xc0,0xe1,0x30,0x00,0x1c,0x0c,0x00,0xc0,0xe1,0x00,0x00,0x3c,0x1e,0x00,0x00
   843 00006B3A E100003C1E0000      <2>
   844 00006B41 00C0E160001C0E00C0- <2>     db 0x00,0xc0,0xe1,0x60,0x00,0x1c,0x0e,0x00,0xc0,0xe1,0x00,0x00,0x3c,0x1c,0x00,0x00
   844 00006B4A E100003C1C0000      <2>
   845 00006B51 00C0E120001C0E00C2- <2>     db 0x00,0xc0,0xe1,0x20,0x00,0x1c,0x0e,0x00,0xc2,0x60,0x00,0x00,0x3c,0x0c,0x00,0x00
   845 00006B5A 6000003C0C0000      <2>
   846 00006B61 00C0E100001C0800C2- <2>     db 0x00,0xc0,0xe1,0x00,0x00,0x1c,0x08,0x00,0xc2,0x61,0x00,0x00,0x3c,0x1c,0x00,0x00
   846 00006B6A 6100003C1C0000      <2>
   847 00006B71 00C0E140001C0E00C3- <2>     db 0x00,0xc0,0xe1,0x40,0x00,0x1c,0x0e,0x00,0xc3,0x61,0x00,0x00,0x3c,0x18,0x00,0x00
   847 00006B7A 6100003C180000      <2>
   848 00006B81 00C0E100001C0C80C3- <2>     db 0x00,0xc0,0xe1,0x00,0x00,0x1c,0x0c,0x80,0xc3,0xe1,0x00,0x00,0x3c,0x1e,0x00,0x00
   848 00006B8A E100003C1E0000      <2>
   849 00006B91 00C0E100001C0C80C3- <2>     db 0x00,0xc0,0xe1,0x00,0x00,0x1c,0x0c,0x80,0xc3,0xe1,0x00,0x00,0x3c,0x1e,0x00,0x00
   849 00006B9A E100003C1E0000      <2>
   850 00006BA1 80C0E100001C0880C3- <2>     db 0x80,0xc0,0xe1,0x00,0x00,0x1c,0x08,0x80,0xc3,0xe1,0x00,0x00,0x3c,0x1e,0x00,0x00
   850 00006BAA E100003C1E0000      <2>
   851 00006BB1 80C0E100001C0080C1- <2>     db 0x80,0xc0,0xe1,0x00,0x00,0x1c,0x00,0x80,0xc1,0x40,0x00,0x00,0x3c,0x0c,0x00,0x00
   851 00006BBA 4000003C0C0000      <2>
   852 00006BC1 80C0E100001C0084C3- <2>     db 0x80,0xc0,0xe1,0x00,0x00,0x1c,0x00,0x84,0xc3,0x01,0x00,0x00,0x3c,0x0c,0x00,0x00
   852 00006BCA 0100003C0C0000      <2>
   853 00006BD1 80C0C100001C0084C1- <2>     db 0x80,0xc0,0xc1,0x00,0x00,0x1c,0x00,0x84,0xc1,0x20,0x00,0x00,0x3c,0x08,0x00,0x00
   853 00006BDA 2000003C080000      <2>
   854 00006BE1 80C0C100001C0084C3- <2>     db 0x80,0xc0,0xc1,0x00,0x00,0x1c,0x00,0x84,0xc3,0x20,0x00,0x00,0x3c,0x00,0x00,0x00
   854 00006BEA 2000003C000000      <2>
   855 00006BF1 80C0C140201C0084C3- <2>     db 0x80,0xc0,0xc1,0x40,0x20,0x1c,0x00,0x84,0xc3,0x20,0x00,0x60,0x3c,0x00,0x00,0x00
   855 00006BFA 2000603C000000      <2>
   856 00006C01 80C0E14000180084C3- <2>     db 0x80,0xc0,0xe1,0x40,0x00,0x18,0x00,0x84,0xc3,0x00,0x00,0x00,0x3c,0x00,0x00,0x00
   856 00006C0A 0000003C000000      <2>
   857 00006C11 80C1E140201C0886C3- <2>     db 0x80,0xc1,0xe1,0x40,0x20,0x1c,0x08,0x86,0xc3,0x00,0x00,0x78,0x3c,0x00,0x00,0x00
   857 00006C1A 0000783C000000      <2>
   858 00006C21 80C1E140381C0886C3- <2>     db 0x80,0xc1,0xe1,0x40,0x38,0x1c,0x08,0x86,0xc3,0x00,0x00,0x78,0x3c,0x00,0x00,0x00
   858 00006C2A 0000783C000000      <2>
   859 00006C31 80C1E140381C0082C1- <2>     db 0x80,0xc1,0xe1,0x40,0x38,0x1c,0x00,0x82,0xc1,0x00,0x00,0x78,0x3c,0x00,0x00,0x00
   859 00006C3A 0000783C000000      <2>
   860 00006C41 80C1A10030100882C1- <2>     db 0x80,0xc1,0xa1,0x00,0x30,0x10,0x08,0x82,0xc1,0x00,0x00,0x78,0x30,0x00,0x00,0x00
   860 00006C4A 00007830000000      <2>
   861 00006C51 80C1C140300C0886C1- <2>     db 0x80,0xc1,0xc1,0x40,0x30,0x0c,0x08,0x86,0xc1,0x00,0x00,0x70,0x0c,0x00,0x00,0x00
   861 00006C5A 0000700C000000      <2>
   862 00006C61 80C1C140381C0886C3- <2>     db 0x80,0xc1,0xc1,0x40,0x38,0x1c,0x08,0x86,0xc3,0x00,0x00,0x78,0x3c,0x00,0x00,0x00
   862 00006C6A 0000783C000000      <2>
   863 00006C71 80C18040381C0083C1- <2>     db 0x80,0xc1,0x80,0x40,0x38,0x1c,0x00,0x83,0xc1,0x00,0x00,0x78,0x3c,0x00,0x00,0x00
   863 00006C7A 0000783C000000      <2>
   864 00006C81 80C18140381C008381- <2>     db 0x80,0xc1,0x81,0x40,0x38,0x1c,0x00,0x83,0x81,0x00,0x00,0x78,0x3c,0x00,0x00,0x00
   864 00006C8A 0000783C000000      <2>
   865 00006C91 80C18140381C008341- <2>     db 0x80,0xc1,0x81,0x40,0x38,0x1c,0x00,0x83,0x41,0x00,0x00,0x78,0x30,0x00,0x00,0x00
   865 00006C9A 00007830000000      <2>
   866 00006CA1 80C18140381C088741- <2>     db 0x80,0xc1,0x81,0x40,0x38,0x1c,0x08,0x87,0x41,0x00,0x00,0x78,0x38,0x00,0x00,0x00
   866 00006CAA 00007838000000      <2>
   867 00006CB1 80C1C1403810008341- <2>     db 0x80,0xc1,0xc1,0x40,0x38,0x10,0x00,0x83,0x41,0x00,0x00,0x78,0x30,0x00,0x00,0x00
   867 00006CBA 00007830000000      <2>
   868 00006CC1 81C1C0403810088341- <2>     db 0x81,0xc1,0xc0,0x40,0x38,0x10,0x08,0x83,0x41,0x00,0x10,0x78,0x00,0x00,0x00,0x00
   868 00006CCA 00107800000000      <2>
   869 00006CD1 81C1C14038100C8341- <2>     db 0x81,0xc1,0xc1,0x40,0x38,0x10,0x0c,0x83,0x41,0x00,0x00,0x78,0x30,0x00,0x00,0x00
   869 00006CDA 00007830000000      <2>
   870 00006CE1 81C1C1403810048341- <2>     db 0x81,0xc1,0xc1,0x40,0x38,0x10,0x04,0x83,0x41,0x00,0x10,0x78,0x00,0x00,0x00,0x00
   870 00006CEA 00107800000000      <2>
   871 00006CF1 81C181401800048340- <2>     db 0x81,0xc1,0x81,0x40,0x18,0x00,0x04,0x83,0x40,0x00,0x60,0x78,0x00,0x00,0x00,0x00
   871 00006CFA 00607800000000      <2>
   872 00006D01 8181C1403800048300- <2>     db 0x81,0x81,0xc1,0x40,0x38,0x00,0x04,0x83,0x00,0x00,0x30,0x78,0x00,0x00,0x00,0x00
   872 00006D0A 00307800000000      <2>
   873 00006D11 8181C0701800048301- <2>     db 0x81,0x81,0xc0,0x70,0x18,0x00,0x04,0x83,0x01,0x00,0xf0,0x78,0x00,0x00,0x00,0x00
   873 00006D1A 00F07800000000      <2>
   874 00006D21 8181C0601800048300- <2>     db 0x81,0x81,0xc0,0x60,0x18,0x00,0x04,0x83,0x00,0x00,0xf0,0x78,0x00,0x00,0x00,0x00
   874 00006D2A 00F07800000000      <2>
   875 00006D31 81C1C1201800048301- <2>     db 0x81,0xc1,0xc1,0x20,0x18,0x00,0x04,0x83,0x01,0x00,0xf0,0xf8,0x00,0x00,0x00,0x00
   875 00006D3A 00F0F800000000      <2>
   876 00006D41 81C181201800068300- <2>     db 0x81,0xc1,0x81,0x20,0x18,0x00,0x06,0x83,0x00,0x00,0xf0,0xf8,0x00,0x00,0x00,0x00
   876 00006D4A 00F0F800000000      <2>
   877 00006D51 81C140200000068300- <2>     db 0x81,0xc1,0x40,0x20,0x00,0x00,0x06,0x83,0x00,0x00,0xf0,0x18,0x00,0x00,0x00,0x00
   877 00006D5A 00F01800000000      <2>
   878 00006D61 81C1C0300000068300- <2>     db 0x81,0xc1,0xc0,0x30,0x00,0x00,0x06,0x83,0x00,0x00,0xf0,0xe1,0x00,0x00,0x00,0x00
   878 00006D6A 00F0E100000000      <2>
   879 00006D71 81C100301808068300- <2>     db 0x81,0xc1,0x00,0x30,0x18,0x08,0x06,0x83,0x00,0x00,0xf0,0xf1,0x00,0x00,0x00,0x00
   879 00006D7A 00F0F100000000      <2>
   880 00006D81 81C140301800060300- <2>     db 0x81,0xc1,0x40,0x30,0x18,0x00,0x06,0x03,0x00,0x00,0xf0,0xe1,0x00,0x00,0x00,0x00
   880 00006D8A 00F0E100000000      <2>
   881 00006D91 838140301808068100- <2>     db 0x83,0x81,0x40,0x30,0x18,0x08,0x06,0x81,0x00,0x00,0xf0,0xf9,0x00,0x00,0x00,0x00
   881 00006D9A 00F0F900000000      <2>
   882 00006DA1 818100301808060300- <2>     db 0x81,0x81,0x00,0x30,0x18,0x08,0x06,0x03,0x00,0x00,0xf0,0xf9,0x00,0x00,0x00,0x00
   882 00006DAA 00F0F900000000      <2>
   883 00006DB1 838100300008068300- <2>     db 0x83,0x81,0x00,0x30,0x00,0x08,0x06,0x83,0x00,0x00,0xf0,0xb9,0x00,0x00,0x00,0x00
   883 00006DBA 00F0B900000000      <2>
   884 00006DC1 838160300008068300- <2>     db 0x83,0x81,0x60,0x30,0x00,0x08,0x06,0x83,0x00,0x00,0xf0,0xb9,0x00,0x00,0x00,0x00
   884 00006DCA 00F0B900000000      <2>
   885 00006DD1 838140300008068300- <2>     db 0x83,0x81,0x40,0x30,0x00,0x08,0x06,0x83,0x00,0x00,0xf0,0x39,0x00,0x02,0x00,0x00
   885 00006DDA 00F03900020000      <2>
   886 00006DE1 818160300008060100- <2>     db 0x81,0x81,0x60,0x30,0x00,0x08,0x06,0x01,0x00,0x00,0xf0,0x39,0x00,0x02,0x00,0x00
   886 00006DEA 00F03900020000      <2>
   887 00006DF1 838160300008068100- <2>     db 0x83,0x81,0x60,0x30,0x00,0x08,0x06,0x81,0x00,0x80,0xf1,0x01,0x00,0x02,0x00,0x00
   887 00006DFA 80F10100020000      <2>
   888 00006E01 838160301008060100- <2>     db 0x83,0x81,0x60,0x30,0x10,0x08,0x06,0x01,0x00,0xe0,0xf3,0x01,0x00,0x02,0x00,0x00
   888 00006E0A E0F30100020000      <2>
   889 00006E11 83816030100C060100- <2>     db 0x83,0x81,0x60,0x30,0x10,0x0c,0x06,0x01,0x00,0xe0,0xf3,0x01,0x00,0x02,0x00,0x00
   889 00006E1A E0F30100020000      <2>
   890 00006E21 83816030100C060100- <2>     db 0x83,0x81,0x60,0x30,0x10,0x0c,0x06,0x01,0x00,0xe0,0xf3,0x01,0x00,0x02,0x00,0x00
   890 00006E2A E0F30100020000      <2>
   891 00006E31 83816030100C020100- <2>     db 0x83,0x81,0x60,0x30,0x10,0x0c,0x02,0x01,0x00,0xe0,0xc3,0x01,0x00,0x02,0x00,0x00
   891 00006E3A E0C30100020000      <2>
   892 00006E41 83816030100C020000- <2>     db 0x83,0x81,0x60,0x30,0x10,0x0c,0x02,0x00,0x00,0xe0,0xe3,0x01,0x00,0x02,0x00,0x00
   892 00006E4A E0E30100020000      <2>
   893 00006E51 83816030100C060100- <2>     db 0x83,0x81,0x60,0x30,0x10,0x0c,0x06,0x01,0x00,0xe0,0x03,0x00,0x00,0x02,0x00,0x00
   893 00006E5A E0030000020000      <2>
   894 00006E61 83816030100C060000- <2>     db 0x83,0x81,0x60,0x30,0x10,0x0c,0x06,0x00,0x00,0xe0,0xe3,0x01,0x00,0x02,0x00,0x00
   894 00006E6A E0E30100020000      <2>
   895 00006E71 83816020100C020100- <2>     db 0x83,0x81,0x60,0x20,0x10,0x0c,0x02,0x01,0x00,0xe0,0xf3,0x01,0x00,0x02,0x00,0x00
   895 00006E7A E0F30100020000      <2>
   896 00006E81 83816020100C020100- <2>     db 0x83,0x81,0x60,0x20,0x10,0x0c,0x02,0x01,0x00,0xe0,0xf3,0x01,0x00,0x02,0x00,0x00
   896 00006E8A E0F30100020000      <2>
   897 00006E91 838160200004020180- <2>     db 0x83,0x81,0x60,0x20,0x00,0x04,0x02,0x01,0x80,0xe4,0xe3,0x01,0x00,0x02,0x00,0x00
   897 00006E9A E4E30100020000      <2>
   898 00006EA1 838160301004020180- <2>     db 0x83,0x81,0x60,0x30,0x10,0x04,0x02,0x01,0x80,0xe4,0xf3,0x01,0x00,0x02,0x00,0x00
   898 00006EAA E4F30100020000      <2>
   899 00006EB1 83816030100C020180- <2>     db 0x83,0x81,0x60,0x30,0x10,0x0c,0x02,0x01,0x80,0xe5,0xe3,0x01,0x04,0x02,0x00,0x00
   899 00006EBA E5E30104020000      <2>
   900 00006EC1 03C16030100C0201C0- <2>     db 0x03,0xc1,0x60,0x30,0x10,0x0c,0x02,0x01,0xc0,0xe5,0x43,0x01,0x04,0x02,0x00,0x00
   900 00006ECA E5430104020000      <2>
   901 00006ED1 83C1603018040200C0- <2>     db 0x83,0xc1,0x60,0x30,0x18,0x04,0x02,0x00,0xc0,0xe7,0xf3,0x01,0x04,0x02,0x00,0x00
   901 00006EDA E7F30104020000      <2>
   902 00006EE1 03C1603018040200C0- <2>     db 0x03,0xc1,0x60,0x30,0x18,0x04,0x02,0x00,0xc0,0xe7,0x03,0x01,0x04,0x02,0x00,0x00
   902 00006EEA E7030104020000      <2>
   903 00006EF1 03C1602008040200C0- <2>     db 0x03,0xc1,0x60,0x20,0x08,0x04,0x02,0x00,0xc0,0xe7,0x03,0x00,0x04,0x02,0x00,0x00
   903 00006EFA E7030004020000      <2>
   904 00006F01 03C1602008040200C0- <2>     db 0x03,0xc1,0x60,0x20,0x08,0x04,0x02,0x00,0xc0,0xe7,0x03,0x00,0x04,0x02,0x00,0x00
   904 00006F0A E7030004020000      <2>
   905 00006F11 03C1002008040200C0- <2>     db 0x03,0xc1,0x00,0x20,0x08,0x04,0x02,0x00,0xc0,0xe7,0x03,0x00,0x04,0x02,0x00,0x00
   905 00006F1A E7030004020000      <2>
   906 00006F21 03C1002008040000C0- <2>     db 0x03,0xc1,0x00,0x20,0x08,0x04,0x00,0x00,0xc0,0xe7,0x03,0x00,0x04,0x02,0x00,0x00
   906 00006F2A E7030004020000      <2>
   907 00006F31 03C1002008040000C0- <2>     db 0x03,0xc1,0x00,0x20,0x08,0x04,0x00,0x00,0xc0,0xe7,0x03,0x00,0x04,0x02,0x00,0x00
   907 00006F3A E7030004020000      <2>
   908 00006F41 03C1200008040200C0- <2>     db 0x03,0xc1,0x20,0x00,0x08,0x04,0x02,0x00,0xc0,0xc7,0x03,0x00,0x04,0x02,0x00,0x00
   908 00006F4A C7030004020000      <2>
   909 00006F51 03C1000008040200C0- <2>     db 0x03,0xc1,0x00,0x00,0x08,0x04,0x02,0x00,0xc0,0xc7,0x02,0x00,0x04,0x02,0x00,0x00
   909 00006F5A C7020004020000      <2>
   910 00006F61 03C1200008040200C0- <2>     db 0x03,0xc1,0x20,0x00,0x08,0x04,0x02,0x00,0xc0,0xc7,0x03,0x00,0x04,0x06,0x00,0x00
   910 00006F6A C7030004060000      <2>
   911 00006F71 0341200008040200C0- <2>     db 0x03,0x41,0x20,0x00,0x08,0x04,0x02,0x00,0xc0,0x0f,0x04,0x00,0x04,0x06,0x00,0x00
   911 00006F7A 0F040004060000      <2>
   912 00006F81 0241202008040200C0- <2>     db 0x02,0x41,0x20,0x20,0x08,0x04,0x02,0x00,0xc0,0x8f,0x03,0x00,0x04,0x02,0x00,0x00
   912 00006F8A 8F030004020000      <2>
   913 00006F91 0241201008040280CE- <2>     db 0x02,0x41,0x20,0x10,0x08,0x04,0x02,0x80,0xce,0xef,0x07,0x00,0x04,0x06,0x00,0x00
   913 00006F9A EF070004060000      <2>
   914 00006FA1 8240201008040280CF- <2>     db 0x82,0x40,0x20,0x10,0x08,0x04,0x02,0x80,0xcf,0xef,0x07,0x08,0x04,0x06,0x00,0x00
   914 00006FAA EF070804060000      <2>
   915 00006FB1 8240001008040280CF- <2>     db 0x82,0x40,0x00,0x10,0x08,0x04,0x02,0x80,0xcf,0xef,0x07,0x08,0x04,0x06,0x00,0x00
   915 00006FBA EF070804060000      <2>
   916 00006FC1 8240201008040080CF- <2>     db 0x82,0x40,0x20,0x10,0x08,0x04,0x00,0x80,0xcf,0xef,0x07,0x08,0x04,0x02,0x00,0x00
   916 00006FCA EF070804020000      <2>
   917 00006FD1 0340001008040080CF- <2>     db 0x03,0x40,0x00,0x10,0x08,0x04,0x00,0x80,0xcf,0xef,0x07,0x08,0x04,0x02,0x00,0x00
   917 00006FDA EF070804020000      <2>
   918 00006FE1 8340001008000080CF- <2>     db 0x83,0x40,0x00,0x10,0x08,0x00,0x00,0x80,0xcf,0xef,0x07,0x08,0x04,0x06,0x00,0x00
   918 00006FEA EF070804060000      <2>
   919 00006FF1 8340001008040080DF- <2>     db 0x83,0x40,0x00,0x10,0x08,0x04,0x00,0x80,0xdf,0xcf,0x06,0x08,0x04,0x02,0x00,0x00
   919 00006FFA CF060804020000      <2>
   920 00007001 8100001008000080DF- <2>     db 0x81,0x00,0x00,0x10,0x08,0x00,0x00,0x80,0xdf,0xcf,0x06,0x08,0x04,0x02,0x00,0x00
   920 0000700A CF060804020000      <2>
   921 00007011 83000010080400809F- <2>     db 0x83,0x00,0x00,0x10,0x08,0x04,0x00,0x80,0x9f,0xef,0x04,0x08,0x04,0x06,0x00,0x00
   921 0000701A EF040804060000      <2>
   922 00007021 81002010080400801F- <2>     db 0x81,0x00,0x20,0x10,0x08,0x04,0x00,0x80,0x1f,0xc7,0x06,0x08,0x04,0x02,0x00,0x00
   922 0000702A C7060804020000      <2>
   923 00007031 8140201008040096DF- <2>     db 0x81,0x40,0x20,0x10,0x08,0x04,0x00,0x96,0xdf,0x8f,0x04,0x08,0x04,0x02,0x00,0x00
   923 0000703A 8F040804020000      <2>
   924 00007041 81002010080400801F- <2>     db 0x81,0x00,0x20,0x10,0x08,0x04,0x00,0x80,0x1f,0x07,0x00,0x08,0x04,0x02,0x00,0x00
   924 0000704A 07000804020000      <2>
   925 00007051 81002010080400B71F- <2>     db 0x81,0x00,0x20,0x10,0x08,0x04,0x00,0xb7,0x1f,0x80,0x00,0x08,0x04,0x02,0x00,0x00
   925 0000705A 80000804020000      <2>
   926 00007061 81002010080400BF9F- <2>     db 0x81,0x00,0x20,0x10,0x08,0x04,0x00,0xbf,0x9f,0x0d,0x00,0x08,0x04,0x02,0x00,0x00
   926 0000706A 0D000804020000      <2>
   927 00007071 81002010080400BF1F- <2>     db 0x81,0x00,0x20,0x10,0x08,0x04,0x00,0xbf,0x1f,0x07,0x10,0x08,0x04,0x02,0x00,0x00
   927 0000707A 07100804020000      <2>
   928 00007081 81002010080400BF1F- <2>     db 0x81,0x00,0x20,0x10,0x08,0x04,0x00,0xbf,0x1f,0x07,0x10,0x08,0x04,0x02,0x00,0x00
   928 0000708A 07100804020000      <2>
   929 00007091 81002010000400BFDF- <2>     db 0x81,0x00,0x20,0x10,0x00,0x04,0x00,0xbf,0xdf,0x0f,0x10,0x08,0x04,0x02,0x00,0x00
   929 0000709A 0F100804020000      <2>
   930 000070A1 81002010000000BFDF- <2>     db 0x81,0x00,0x20,0x10,0x00,0x00,0x00,0xbf,0xdf,0x0f,0x10,0x08,0x04,0x02,0x00,0x00
   930 000070AA 0F100804020000      <2>
   931 000070B1 81402010080000BFDF- <2>     db 0x81,0x40,0x20,0x10,0x08,0x00,0x00,0xbf,0xdf,0x0f,0x10,0x08,0x04,0x02,0x00,0x00
   931 000070BA 0F100804020000      <2>
   932 000070C1 81402010080000BFDF- <2>     db 0x81,0x40,0x20,0x10,0x08,0x00,0x00,0xbf,0xdf,0x0f,0x10,0x08,0x04,0x02,0x00,0x00
   932 000070CA 0F100804020000      <2>
   933 000070D1 81402010080042BFDF- <2>     db 0x81,0x40,0x20,0x10,0x08,0x00,0x42,0xbf,0xdf,0x0f,0x10,0x08,0x04,0x02,0x00,0x00
   933 000070DA 0F100804020000      <2>
   934 000070E1 814020100800183FDF- <2>     db 0x81,0x40,0x20,0x10,0x08,0x00,0x18,0x3f,0xdf,0x0f,0x10,0x08,0x04,0x02,0x00,0x00
   934 000070EA 0F100804020000      <2>
   935 000070F1 0140201008007EBF9F- <2>     db 0x01,0x40,0x20,0x10,0x08,0x00,0x7e,0xbf,0x9f,0x0f,0x10,0x08,0x04,0x02,0x00,0x00
   935 000070FA 0F100804020000      <2>
   936 00007101 0140200008007EBFDF- <2>     db 0x01,0x40,0x20,0x00,0x08,0x00,0x7e,0xbf,0xdf,0x0f,0x10,0x08,0x04,0x02,0x00,0x00
   936 0000710A 0F100804020000      <2>
   937 00007111 8140200008007EBFDF- <2>     db 0x81,0x40,0x20,0x00,0x08,0x00,0x7e,0xbf,0xdf,0x0f,0x10,0x08,0x04,0x02,0x00,0x00
   937 0000711A 0F100804020000      <2>
   938 00007121 8140201008007E3FC0- <2>     db 0x81,0x40,0x20,0x10,0x08,0x00,0x7e,0x3f,0xc0,0x0f,0x10,0x08,0x04,0x02,0x00,0x00
   938 0000712A 0F100804020000      <2>
   939 00007131 0140201008007E3FC0- <2>     db 0x01,0x40,0x20,0x10,0x08,0x00,0x7e,0x3f,0xc0,0x2f,0x10,0x08,0x04,0x02,0x00,0x00
   939 0000713A 2F100804020000      <2>
   940 00007141 0140201008007E3FC0- <2>     db 0x01,0x40,0x20,0x10,0x08,0x00,0x7e,0x3f,0xc0,0x2f,0x10,0x08,0x04,0x02,0x00,0x00
   940 0000714A 2F100804020000      <2>
   941 00007151 8140201008047E3FC0- <2>     db 0x81,0x40,0x20,0x10,0x08,0x04,0x7e,0x3f,0xc0,0x2f,0x10,0x08,0x04,0x02,0x00,0x00
   941 0000715A 2F100804020000      <2>
   942 00007161 8140201000007E3FCE- <2>     db 0x81,0x40,0x20,0x10,0x00,0x00,0x7e,0x3f,0xce,0x2f,0x10,0x08,0x04,0x02,0x00,0x00
   942 0000716A 2F100804020000      <2>
   943 00007171 0000201000487EBFD1- <2>     db 0x00,0x00,0x20,0x10,0x00,0x48,0x7e,0xbf,0xd1,0x2f,0x10,0x08,0x04,0x02,0x00,0x00
   943 0000717A 2F100804020000      <2>
   944 00007181 0040201000007EBFD1- <2>     db 0x00,0x40,0x20,0x10,0x00,0x00,0x7e,0xbf,0xd1,0x2c,0x10,0x08,0x04,0x02,0x00,0x00
   944 0000718A 2C100804020000      <2>
   945 00007191 0000201000FC7E3F0E- <2>     db 0x00,0x00,0x20,0x10,0x00,0xfc,0x7e,0x3f,0x0e,0x27,0x10,0x08,0x04,0x00,0x00,0x00
   945 0000719A 27100804000000      <2>
   946 000071A1 0000201000FC7E3F0E- <2>     db 0x00,0x00,0x20,0x10,0x00,0xfc,0x7e,0x3f,0x0e,0x20,0x10,0x08,0x04,0x02,0x00,0x00
   946 000071AA 20100804020000      <2>
   947 000071B1 0000201000FC7E3E1F- <2>     db 0x00,0x00,0x20,0x10,0x00,0xfc,0x7e,0x3e,0x1f,0x27,0x10,0x08,0x04,0x02,0x00,0x00
   947 000071BA 27100804020000      <2>
   948 000071C1 0000201000FC7E3E1F- <2>     db 0x00,0x00,0x20,0x10,0x00,0xfc,0x7e,0x3e,0x1f,0x24,0x10,0x08,0x04,0x00,0x00,0x00
   948 000071CA 24100804000000      <2>
   949 000071D1 0040201000FC7EBFDF- <2>     db 0x00,0x40,0x20,0x10,0x00,0xfc,0x7e,0xbf,0xdf,0x2f,0x10,0x08,0x04,0x00,0x00,0x00
   949 000071DA 2F100804000000      <2>
   950 000071E1 0040201000FC7EBFDF- <2>     db 0x00,0x40,0x20,0x10,0x00,0xfc,0x7e,0xbf,0xdf,0x2d,0x10,0x08,0x04,0x00,0x00,0x00
   950 000071EA 2D100804000000      <2>
   951 000071F1 0040201000FC7E9CFF- <2>     db 0x00,0x40,0x20,0x10,0x00,0xfc,0x7e,0x9c,0xff,0x3f,0x10,0x08,0x04,0x00,0x00,0x00
   951 000071FA 3F100804000000      <2>
   952 00007201 0000201000FC7E9CFF- <2>     db 0x00,0x00,0x20,0x10,0x00,0xfc,0x7e,0x9c,0xff,0x3d,0x10,0x08,0x04,0x00,0x00,0x00
   952 0000720A 3D100804000000      <2>
   953 00007211 00002010E8FDFE40DF- <2>     db 0x00,0x00,0x20,0x10,0xe8,0xfd,0xfe,0x40,0xdf,0x25,0x10,0x08,0x00,0x00,0x00,0x00
   953 0000721A 25100800000000      <2>
   954 00007221 00000010E8FD7F40DF- <2>     db 0x00,0x00,0x00,0x10,0xe8,0xfd,0x7f,0x40,0xdf,0x25,0x10,0x08,0x00,0x00,0x00,0x00
   954 0000722A 25100800000000      <2>
   955 00007231 00000000F8FDFC40DF- <2>     db 0x00,0x00,0x00,0x00,0xf8,0xfd,0xfc,0x40,0xdf,0x3f,0x10,0x08,0x00,0x00,0x00,0x00
   955 0000723A 3F100800000000      <2>
   956 00007241 00002010F8FDFC40DF- <2>     db 0x00,0x00,0x20,0x10,0xf8,0xfd,0xfc,0x40,0xdf,0x3f,0x10,0x08,0x00,0x00,0x00,0x00
   956 0000724A 3F100800000000      <2>
   957 00007251 00000010F8FDFD00DF- <2>     db 0x00,0x00,0x00,0x10,0xf8,0xfd,0xfd,0x00,0xdf,0xff,0x16,0x00,0x00,0x00,0x00,0x00
   957 0000725A FF160000000000      <2>
   958 00007261 00000010F8FDFC005F- <2>     db 0x00,0x00,0x00,0x10,0xf8,0xfd,0xfc,0x00,0x5f,0x3f,0x10,0x00,0x00,0x00,0x00,0x00
   958 0000726A 3F100000000000      <2>
   959 00007271 00000020F9F9EFB671- <2>     db 0x00,0x00,0x00,0x20,0xf9,0xf9,0xef,0xb6,0x71,0xe7,0x12,0x00,0x00,0x00,0x00,0x00
   959 0000727A E7120000000000      <2>
   960 00007281 00000060F9F9EFB67F- <2>     db 0x00,0x00,0x00,0x60,0xf9,0xf9,0xef,0xb6,0x7f,0x9f,0x18,0x00,0x00,0x00,0x00,0x00
   960 0000728A 9F180000000000      <2>
   961 00007291 000000E0F1DFB880CE- <2>     db 0x00,0x00,0x00,0xe0,0xf1,0xdf,0xb8,0x80,0xce,0x9f,0x18,0x00,0x00,0x00,0x00,0x00
   961 0000729A 9F180000000000      <2>
   962 000072A1 000000F0F3DFB8805F- <2>     db 0x00,0x00,0x00,0xf0,0xf3,0xdf,0xb8,0x80,0x5f,0x1f,0x10,0x00,0x00,0x00,0x00,0x00
   962 000072AA 1F100000000000      <2>
   963 000072B1 000000F0E3DA81805B- <2>     db 0x00,0x00,0x00,0xf0,0xe3,0xda,0x81,0x80,0x5b,0x07,0x10,0x00,0x00,0x00,0x00,0x00
   963 000072BA 07100000000000      <2>
   964 000072C1 000000F0E3DA81805B- <2>     db 0x00,0x00,0x00,0xf0,0xe3,0xda,0x81,0x80,0x5b,0x27,0x00,0x00,0x00,0x00,0x00,0x00
   964 000072CA 27000000000000      <2>
   965 000072D1 000000100002018040- <2>     db 0x00,0x00,0x00,0x10,0x00,0x02,0x01,0x80,0x40,0x00,0x00,0x00,0x00,0x00,0x00,0x00
   965 000072DA 00000000000000      <2>
   966 000072E1 000000100002018040- <2>     db 0x00,0x00,0x00,0x10,0x00,0x02,0x01,0x80,0x40,0x00,0x00,0x00,0x00,0x00,0x00,0x00
   966 000072EA 00000000000000      <2>
   967 000072F1 00000010E0DA01805B- <2>     db 0x00,0x00,0x00,0x10,0xe0,0xda,0x01,0x80,0x5b,0x87,0x07,0x00,0x00,0x00,0x00,0x00
   967 000072FA 87070000000000      <2>
   968 00007301 00000010E0DA01805B- <2>     db 0x00,0x00,0x00,0x10,0xe0,0xda,0x01,0x80,0x5b,0x87,0x07,0x00,0x00,0x00,0x00,0x00
   968 0000730A 87070000000000      <2>
   969 00007311 000000F8F173019DFB- <2>     db 0x00,0x00,0x00,0xf8,0xf1,0x73,0x01,0x9d,0xfb,0x8f,0x03,0x00,0x00,0x00,0x00,0x00
   969 0000731A 8F030000000000      <2>
   970 00007321 000000F8F173019DFB- <2>     db 0x00,0x00,0x00,0xf8,0xf1,0x73,0x01,0x9d,0xfb,0x0f,0x02,0x00,0x00,0x00,0x00,0x00
   970 0000732A 0F020000000000      <2>
   971 00007331 00000068E78F6DF79F- <2>     db 0x00,0x00,0x00,0x68,0xe7,0x8f,0x6d,0xf7,0x9f,0x1f,0x00,0x04,0x00,0x00,0x00,0x00
   971 0000733A 1F000400000000      <2>
   972 00007341 00000008F48F01E39F- <2>     db 0x00,0x00,0x00,0x08,0xf4,0x8f,0x01,0xe3,0x9f,0x1f,0x08,0x00,0x00,0x00,0x00,0x00
   972 0000734A 1F080000000000      <2>
   973 00007351 00000068F7FB01BFBF- <2>     db 0x00,0x00,0x00,0x68,0xf7,0xfb,0x01,0xbf,0xbf,0x1f,0x08,0x00,0x00,0x00,0x00,0x00
   973 0000735A 1F080000000000      <2>
   974 00007361 00000008F4FB00BFBF- <2>     db 0x00,0x00,0x00,0x08,0xf4,0xfb,0x00,0xbf,0xbf,0x1f,0x08,0x00,0x00,0x00,0x00,0x00
   974 0000736A 1F080000000000      <2>
   975 00007371 00001008F47300BFBF- <2>     db 0x00,0x00,0x10,0x08,0xf4,0x73,0x00,0xbf,0xbf,0x0f,0x00,0x04,0x00,0x00,0x00,0x00
   975 0000737A 0F000400000000      <2>
   976 00007381 00200008F473023FBF- <2>     db 0x00,0x20,0x00,0x08,0xf4,0x73,0x02,0x3f,0xbf,0x1f,0x08,0x00,0x00,0x00,0x00,0x00
   976 0000738A 1F080000000000      <2>
   977 00007391 0000100894FB02FF3F- <2>     db 0x00,0x00,0x10,0x08,0x94,0xfb,0x02,0xff,0x3f,0x0f,0x08,0x04,0x00,0x00,0x00,0x00
   977 0000739A 0F080400000000      <2>
   978 000073A1 00001008B4FB027FBF- <2>     db 0x00,0x00,0x10,0x08,0xb4,0xfb,0x02,0x7f,0xbf,0x1f,0x08,0x04,0x00,0x00,0x00,0x00
   978 000073AA 1F080400000000      <2>
   979 000073B1 00201008BCFF3B7E3F- <2>     db 0x00,0x20,0x10,0x08,0xbc,0xff,0x3b,0x7e,0x3f,0x08,0x08,0x04,0x02,0x00,0x00,0x00
   979 000073BA 08080402000000      <2>
   980 000073C1 00201008BCFFFF7F3F- <2>     db 0x00,0x20,0x10,0x08,0xbc,0xff,0xff,0x7f,0x3f,0x00,0x08,0x00,0x02,0x00,0x00,0x00
   980 000073CA 00080002000000      <2>
   981 000073D1 00201008FCFFFF7E3F- <2>     db 0x00,0x20,0x10,0x08,0xfc,0xff,0xff,0x7e,0x3f,0x00,0x08,0x04,0x02,0x00,0x00,0x00
   981 000073DA 00080402000000      <2>
   982 000073E1 00201008BCFFFF7E3F- <2>     db 0x00,0x20,0x10,0x08,0xbc,0xff,0xff,0x7e,0x3f,0x00,0x08,0x04,0x02,0x00,0x00,0x00
   982 000073EA 00080402000000      <2>
   983 000073F1 40201008E4F87C7E3F- <2>     db 0x40,0x20,0x10,0x08,0xe4,0xf8,0x7c,0x7e,0x3f,0x00,0x08,0x04,0x00,0x00,0x00,0x00
   983 000073FA 00080400000000      <2>
   984 00007401 40201008F4FB7C7E3F- <2>     db 0x40,0x20,0x10,0x08,0xf4,0xfb,0x7c,0x7e,0x3f,0x00,0x08,0x04,0x00,0x00,0x00,0x00
   984 0000740A 00080400000000      <2>
   985 00007411 00201008E470FC7E3F- <2>     db 0x00,0x20,0x10,0x08,0xe4,0x70,0xfc,0x7e,0x3f,0x10,0x08,0x04,0x00,0x00,0x00,0x00
   985 0000741A 10080400000000      <2>
   986 00007421 00201008E472FC7E1F- <2>     db 0x00,0x20,0x10,0x08,0xe4,0x72,0xfc,0x7e,0x1f,0x10,0x08,0x04,0x00,0x00,0x00,0x00
   986 0000742A 10080400000000      <2>
   987 00007431 40201008F48BFD7E09- <2>     db 0x40,0x20,0x10,0x08,0xf4,0x8b,0xfd,0x7e,0x09,0x10,0x08,0x04,0x02,0x81,0x00,0x00
   987 0000743A 10080402810000      <2>
   988 00007441 40201008F401FC7E10- <2>     db 0x40,0x20,0x10,0x08,0xf4,0x01,0xfc,0x7e,0x10,0x10,0x08,0x04,0x02,0x81,0x00,0x00
   988 0000744A 10080402810000      <2>
   989 00007451 40201008F403FC7E10- <2>     db 0x40,0x20,0x10,0x08,0xf4,0x03,0xfc,0x7e,0x10,0x10,0x08,0x04,0x02,0x81,0x00,0x00
   989 0000745A 10080402810000      <2>
   990 00007461 40201008F4FBFC7E00- <2>     db 0x40,0x20,0x10,0x08,0xf4,0xfb,0xfc,0x7e,0x00,0x10,0x08,0x04,0x02,0x80,0x00,0x00
   990 0000746A 10080402800000      <2>
   991 00007471 40201008F403FC7E00- <2>     db 0x40,0x20,0x10,0x08,0xf4,0x03,0xfc,0x7e,0x00,0x10,0x08,0x04,0x02,0x81,0x00,0x00
   991 0000747A 10080402810000      <2>
   992 00007481 40201008F4DBFC7E00- <2>     db 0x40,0x20,0x10,0x08,0xf4,0xdb,0xfc,0x7e,0x00,0x10,0x08,0x04,0x02,0x81,0x00,0x00
   992 0000748A 10080402810000      <2>
   993 00007491 40201008F0FBFD3E00- <2>     db 0x40,0x20,0x10,0x08,0xf0,0xfb,0xfd,0x3e,0x00,0x10,0x08,0x04,0x02,0x81,0x00,0x00
   993 0000749A 10080402810000      <2>
   994 000074A1 40201008F0FBFD3E00- <2>     db 0x40,0x20,0x10,0x08,0xf0,0xfb,0xfd,0x3e,0x00,0x10,0x08,0x04,0x02,0x81,0x00,0x00
   994 000074AA 10080402810000      <2>
   995 000074B1 40201008F0FBFD3C00- <2>     db 0x40,0x20,0x10,0x08,0xf0,0xfb,0xfd,0x3c,0x00,0x10,0x08,0x04,0x02,0x80,0x00,0x00
   995 000074BA 10080402800000      <2>
   996 000074C1 40201008F0FBFD1C00- <2>     db 0x40,0x20,0x10,0x08,0xf0,0xfb,0xfd,0x1c,0x00,0x10,0x08,0x04,0x02,0x80,0x00,0x00
   996 000074CA 10080402800000      <2>
   997 000074D1 40201008F0FBFD0020- <2>     db 0x40,0x20,0x10,0x08,0xf0,0xfb,0xfd,0x00,0x20,0x00,0x08,0x04,0x02,0x81,0x00,0x00
   997 000074DA 00080402810000      <2>
   998 000074E1 40201008F0F9FD0020- <2>     db 0x40,0x20,0x10,0x08,0xf0,0xf9,0xfd,0x00,0x20,0x00,0x08,0x04,0x02,0x81,0x00,0x00
   998 000074EA 00080402810000      <2>
   999 000074F1 40201008F0FBFD0000- <2>     db 0x40,0x20,0x10,0x08,0xf0,0xfb,0xfd,0x00,0x00,0x00,0x08,0x04,0x02,0x81,0x00,0x00
   999 000074FA 00080402810000      <2>
  1000 00007501 40201008F0FBFD0020- <2>     db 0x40,0x20,0x10,0x08,0xf0,0xfb,0xfd,0x00,0x20,0x00,0x08,0x04,0x02,0x81,0x00,0x00
  1000 0000750A 00080402810000      <2>
  1001 00007511 40201008F0FBFD0020- <2>     db 0x40,0x20,0x10,0x08,0xf0,0xfb,0xfd,0x00,0x20,0x10,0x08,0x04,0x00,0x81,0x00,0x00
  1001 0000751A 10080400810000      <2>
  1002 00007521 40201008B0FBFD0020- <2>     db 0x40,0x20,0x10,0x08,0xb0,0xfb,0xfd,0x00,0x20,0x10,0x08,0x04,0x00,0x81,0x00,0x00
  1002 0000752A 10080400810000      <2>
  1003 00007531 40201008E0F8FD0020- <2>     db 0x40,0x20,0x10,0x08,0xe0,0xf8,0xfd,0x00,0x20,0x10,0x08,0x04,0x00,0x81,0x00,0x00
  1003 0000753A 10080400810000      <2>
  1004 00007541 40201008E0F8FD0020- <2>     db 0x40,0x20,0x10,0x08,0xe0,0xf8,0xfd,0x00,0x20,0x10,0x08,0x04,0x00,0x81,0x00,0x00
  1004 0000754A 10080400810000      <2>
  1005 00007551 6020100802F8FD0020- <2>     db 0x60,0x20,0x10,0x08,0x02,0xf8,0xfd,0x00,0x20,0x10,0x08,0x04,0x02,0x81,0x00,0x00
  1005 0000755A 10080402810000      <2>
  1006 00007561 6020100003F86D0020- <2>     db 0x60,0x20,0x10,0x00,0x03,0xf8,0x6d,0x00,0x20,0x10,0x08,0x04,0x00,0x81,0x00,0x00
  1006 0000756A 10080400810000      <2>
  1007 00007571 40201000F3FB690020- <2>     db 0x40,0x20,0x10,0x00,0xf3,0xfb,0x69,0x00,0x20,0x10,0x08,0x00,0x02,0x81,0x00,0x00
  1007 0000757A 10080002810000      <2>
  1008 00007581 40201000F3FB010020- <2>     db 0x40,0x20,0x10,0x00,0xf3,0xfb,0x01,0x00,0x20,0x10,0x08,0x00,0x02,0x81,0x00,0x00
  1008 0000758A 10080002810000      <2>
  1009 00007591 60201020F6F9010000- <2>     db 0x60,0x20,0x10,0x20,0xf6,0xf9,0x01,0x00,0x00,0x10,0x08,0x00,0x00,0x81,0x00,0x00
  1009 0000759A 10080000810000      <2>
  1010 000075A1 40201060E7F8410000- <2>     db 0x40,0x20,0x10,0x60,0xe7,0xf8,0x41,0x00,0x00,0x10,0x08,0x00,0x00,0xc1,0x00,0x00
  1010 000075AA 10080000C10000      <2>
  1011 000075B1 602010E0F3FB010020- <2>     db 0x60,0x20,0x10,0xe0,0xf3,0xfb,0x01,0x00,0x20,0x10,0x08,0x00,0x02,0xc1,0x00,0x00
  1011 000075BA 10080002C10000      <2>
  1012 000075C1 402010E0F7F3010020- <2>     db 0x40,0x20,0x10,0xe0,0xf7,0xf3,0x01,0x00,0x20,0x10,0x08,0x00,0x02,0xc1,0x00,0x00
  1012 000075CA 10080002C10000      <2>
  1013 000075D1 602010E0F7F3000020- <2>     db 0x60,0x20,0x10,0xe0,0xf7,0xf3,0x00,0x00,0x20,0x10,0x08,0x00,0x02,0xc1,0x00,0x00
  1013 000075DA 10080002C10000      <2>
  1014 000075E1 602010E0F7F3004020- <2>     db 0x60,0x20,0x10,0xe0,0xf7,0xf3,0x00,0x40,0x20,0x10,0x08,0x00,0x02,0xc1,0x00,0x00
  1014 000075EA 10080002C10000      <2>
  1015 000075F1 602010E0F7F3014020- <2>     db 0x60,0x20,0x10,0xe0,0xf7,0xf3,0x01,0x40,0x20,0x10,0x08,0x00,0x02,0xc1,0x00,0x00
  1015 000075FA 10080002C10000      <2>
  1016 00007601 602010E0F3F3014020- <2>     db 0x60,0x20,0x10,0xe0,0xf3,0xf3,0x01,0x40,0x20,0x10,0x08,0x04,0x02,0x41,0x00,0x00
  1016 0000760A 10080402410000      <2>
  1017 00007611 602010E0F7F3004020- <2>     db 0x60,0x20,0x10,0xe0,0xf7,0xf3,0x00,0x40,0x20,0x10,0x00,0x04,0x82,0xc1,0x00,0x00
  1017 0000761A 10000482C10000      <2>
  1018 00007621 402010E0F703004020- <2>     db 0x40,0x20,0x10,0xe0,0xf7,0x03,0x00,0x40,0x20,0x10,0x00,0x04,0x82,0xc0,0x00,0x00
  1018 0000762A 10000482C00000      <2>
  1019 00007631 60201020E003004020- <2>     db 0x60,0x20,0x10,0x20,0xe0,0x03,0x00,0x40,0x20,0x10,0x00,0x04,0x82,0x40,0x00,0x00
  1019 0000763A 10000482400000      <2>
  1020 00007641 40201060E303004020- <2>     db 0x40,0x20,0x10,0x60,0xe3,0x03,0x00,0x40,0x20,0x10,0x08,0x00,0x82,0x40,0x00,0x00
  1020 0000764A 10080082400000      <2>
  1021 00007651 40200040E303000020- <2>     db 0x40,0x20,0x00,0x40,0xe3,0x03,0x00,0x00,0x20,0x10,0x00,0x00,0x83,0x40,0x00,0x00
  1021 0000765A 10000083400000      <2>
  1022 00007661 402000C0E303000020- <2>     db 0x40,0x20,0x00,0xc0,0xe3,0x03,0x00,0x00,0x20,0x10,0x04,0x00,0x83,0xc0,0x00,0x00
  1022 0000766A 10040083C00000      <2>
  1023 00007671 402000C0E703004020- <2>     db 0x40,0x20,0x00,0xc0,0xe7,0x03,0x00,0x40,0x20,0x10,0x04,0x00,0x83,0xc0,0x00,0x00
  1023 0000767A 10040083C00000      <2>
  1024 00007681 602000C0E703004020- <2>     db 0x60,0x20,0x00,0xc0,0xe7,0x03,0x00,0x40,0x20,0x18,0x04,0x00,0x83,0xc0,0x00,0x00
  1024 0000768A 18040083C00000      <2>
  1025 00007691 402000C0E703004020- <2>     db 0x40,0x20,0x00,0xc0,0xe7,0x03,0x00,0x40,0x20,0x10,0x04,0x00,0x83,0xc0,0x00,0x00
  1025 0000769A 10040083C00000      <2>
  1026 000076A1 402000C0E703004020- <2>     db 0x40,0x20,0x00,0xc0,0xe7,0x03,0x00,0x40,0x20,0x18,0x04,0x06,0x83,0xc0,0x00,0x00
  1026 000076AA 18040683C00000      <2>
  1027 000076B1 402000C2E703004020- <2>     db 0x40,0x20,0x00,0xc2,0xe7,0x03,0x00,0x40,0x20,0x10,0x0c,0x02,0x83,0xc0,0x00,0x00
  1027 000076BA 100C0283C00000      <2>
  1028 000076C1 402000C0E703804030- <2>     db 0x40,0x20,0x00,0xc0,0xe7,0x03,0x80,0x40,0x30,0x18,0x0c,0x02,0x83,0xc0,0x00,0x00
  1028 000076CA 180C0283C00000      <2>
  1029                              <2> crystal_area_unsafe:
  1030 000076D1 70F00F07FE70000000- <2>     db 0x70,0xf0,0x0f,0x07,0xfe,0x70,0x00,0x00,0x00,0x00,0x00,0x00,0x00,0x00,0x00,0x00
  1030 000076DA 00000000000000      <2>
  1031 000076E1 70E00F07FF70000000- <2>     db 0x70,0xe0,0x0f,0x07,0xff,0x70,0x00,0x00,0x00,0x00,0x00,0x00,0x00,0x00,0x00,0x00
  1031 000076EA 00000000000000      <2>
  1032 000076F1 60B00F07FF70000000- <2>     db 0x60,0xb0,0x0f,0x07,0xff,0x70,0x00,0x00,0x00,0x00,0x00,0x00,0x00,0x00,0x00,0x00
  1032 000076FA 00000000000000      <2>
  1033 00007701 60B00F07FF70000000- <2>     db 0x60,0xb0,0x0f,0x07,0xff,0x70,0x00,0x00,0x00,0x00,0x00,0x00,0x00,0x00,0x00,0x00
  1033 0000770A 00000000000000      <2>
  1034 00007711 60B80F07FE70000000- <2>     db 0x60,0xb8,0x0f,0x07,0xfe,0x70,0x00,0x00,0x00,0x00,0x00,0x00,0x00,0x00,0x00,0x00
  1034 0000771A 00000000000000      <2>
  1035 00007721 60B80E07FE70000000- <2>     db 0x60,0xb8,0x0e,0x07,0xfe,0x70,0x00,0x00,0x00,0x00,0x00,0x00,0x00,0x00,0x00,0x00
  1035 0000772A 00000000000000      <2>
  1036 00007731 30B80F03FB30000000- <2>     db 0x30,0xb8,0x0f,0x03,0xfb,0x30,0x00,0x00,0x00,0x00,0x00,0x00,0x00,0x00,0x00,0x00
  1036 0000773A 00000000000000      <2>
  1037 00007741 30F80F83FF20000000- <2>     db 0x30,0xf8,0x0f,0x83,0xff,0x20,0x00,0x00,0x00,0x00,0x00,0x00,0x00,0x00,0x00,0x00
  1037 0000774A 00000000000000      <2>
  1038 00007751 30DC0F83FF20000000- <2>     db 0x30,0xdc,0x0f,0x83,0xff,0x20,0x00,0x00,0x00,0x00,0x00,0x00,0x00,0x00,0x00,0x00
  1038 0000775A 00000000000000      <2>
  1039 00007761 289C0F82FF20000000- <2>     db 0x28,0x9c,0x0f,0x82,0xff,0x20,0x00,0x00,0x00,0x00,0x00,0x00,0x00,0x00,0x00,0x00
  1039 0000776A 00000000000000      <2>
  1040 00007771 28DC0E837F30000000- <2>     db 0x28,0xdc,0x0e,0x83,0x7f,0x30,0x00,0x00,0x00,0x00,0x00,0x00,0x00,0x00,0x00,0x00
  1040 0000777A 00000000000000      <2>
  1041 00007781 30DC8E837F30000000- <2>     db 0x30,0xdc,0x8e,0x83,0x7f,0x30,0x00,0x00,0x00,0x00,0x00,0x00,0x00,0x00,0x00,0x00
  1041 0000778A 00000000000000      <2>
  1042 00007791 30DC8FC37F38000000- <2>     db 0x30,0xdc,0x8f,0xc3,0x7f,0x38,0x00,0x00,0x00,0x00,0x00,0x00,0x00,0x00,0x00,0x00
  1042 0000779A 00000000000000      <2>
  1043 000077A1 30D80FC37D30000000- <2>     db 0x30,0xd8,0x0f,0xc3,0x7d,0x30,0x00,0x00,0x00,0x00,0x00,0x00,0x00,0x00,0x00,0x00
  1043 000077AA 00000000000000      <2>
  1044 000077B1 10FC0EC37F30000000- <2>     db 0x10,0xfc,0x0e,0xc3,0x7f,0x30,0x00,0x00,0x00,0x00,0x00,0x00,0x00,0x00,0x00,0x00
  1044 000077BA 00000000000000      <2>
  1045 000077C1 38DC86837F38000000- <2>     db 0x38,0xdc,0x86,0x83,0x7f,0x38,0x00,0x00,0x00,0x00,0x00,0x00,0x00,0x00,0x00,0x00
  1045 000077CA 00000000000000      <2>
  1046 000077D1 10EE86C17F18000000- <2>     db 0x10,0xee,0x86,0xc1,0x7f,0x18,0x00,0x00,0x00,0x00,0x00,0x00,0x00,0x00,0x00,0x00
  1046 000077DA 00000000000000      <2>
  1047 000077E1 18CE86C17718000000- <2>     db 0x18,0xce,0x86,0xc1,0x77,0x18,0x00,0x00,0x00,0x00,0x00,0x00,0x00,0x00,0x00,0x00
  1047 000077EA 00000000000000      <2>
  1048 000077F1 104E06C17410000000- <2>     db 0x10,0x4e,0x06,0xc1,0x74,0x10,0x00,0x00,0x00,0x00,0x00,0x00,0x00,0x00,0x00,0x00
  1048 000077FA 00000000000000      <2>
  1049 00007801 30CE87C37E18000000- <2>     db 0x30,0xce,0x87,0xc3,0x7e,0x18,0x00,0x00,0x00,0x00,0x00,0x00,0x00,0x00,0x00,0x00
  1049 0000780A 00000000000000      <2>
  1050 00007811 104C86E17E18000000- <2>     db 0x10,0x4c,0x86,0xe1,0x7e,0x18,0x00,0x00,0x00,0x00,0x00,0x00,0x00,0x00,0x00,0x00
  1050 0000781A 00000000000000      <2>
  1051 00007821 186E87E17E18000000- <2>     db 0x18,0x6e,0x87,0xe1,0x7e,0x18,0x00,0x00,0x00,0x00,0x00,0x00,0x00,0x00,0x00,0x00
  1051 0000782A 00000000000000      <2>
  1052 00007831 186E87E17E18000000- <2>     db 0x18,0x6e,0x87,0xe1,0x7e,0x18,0x00,0x00,0x00,0x00,0x00,0x00,0x00,0x00,0x00,0x00
  1052 0000783A 00000000000000      <2>
  1053 00007841 186E87E17E18000000- <2>     db 0x18,0x6e,0x87,0xe1,0x7e,0x18,0x00,0x00,0x00,0x00,0x00,0x00,0x00,0x00,0x00,0x00
  1053 0000784A 00000000000000      <2>
  1054 00007851 1467C7E17E18000000- <2>     db 0x14,0x67,0xc7,0xe1,0x7e,0x18,0x00,0x00,0x00,0x00,0x00,0x00,0x00,0x00,0x00,0x00
  1054 0000785A 00000000000000      <2>
  1055 00007861 0C6787E17E18000000- <2>     db 0x0c,0x67,0x87,0xe1,0x7e,0x18,0x00,0x00,0x00,0x00,0x00,0x00,0x00,0x00,0x00,0x00
  1055 0000786A 00000000000000      <2>
  1056 00007871 187787617F18000000- <2>     db 0x18,0x77,0x87,0x61,0x7f,0x18,0x00,0x00,0x00,0x00,0x00,0x00,0x00,0x00,0x00,0x00
  1056 0000787A 00000000000000      <2>
  1057 00007881 1877C7717F1C000000- <2>     db 0x18,0x77,0xc7,0x71,0x7f,0x1c,0x00,0x00,0x00,0x00,0x00,0x00,0x00,0x00,0x00,0x00
  1057 0000788A 00000000000000      <2>
  1058 00007891 0827C7707F0C000000- <2>     db 0x08,0x27,0xc7,0x70,0x7f,0x0c,0x00,0x00,0x00,0x00,0x00,0x00,0x00,0x00,0x00,0x00
  1058 0000789A 00000000000000      <2>
  1059 000078A1 0827C7707B0C000000- <2>     db 0x08,0x27,0xc7,0x70,0x7b,0x0c,0x00,0x00,0x00,0x00,0x00,0x00,0x00,0x00,0x00,0x00
  1059 000078AA 00000000000000      <2>
  1060 000078B1 0827C7707B0C000000- <2>     db 0x08,0x27,0xc7,0x70,0x7b,0x0c,0x00,0x00,0x00,0x00,0x00,0x00,0x00,0x00,0x00,0x00
  1060 000078BA 00000000000000      <2>
  1061 000078C1 0CB7C7607B0C000000- <2>     db 0x0c,0xb7,0xc7,0x60,0x7b,0x0c,0x00,0x00,0x00,0x00,0x00,0x00,0x00,0x00,0x00,0x00
  1061 000078CA 00000000000000      <2>
  1062 000078D1 882387707A08000000- <2>     db 0x88,0x23,0x87,0x70,0x7a,0x08,0x00,0x00,0x00,0x00,0x00,0x00,0x00,0x00,0x00,0x00
  1062 000078DA 00000000000000      <2>
  1063 000078E1 8C33C7703B08000000- <2>     db 0x8c,0x33,0xc7,0x70,0x3b,0x08,0x00,0x00,0x00,0x00,0x00,0x00,0x00,0x00,0x00,0x00
  1063 000078EA 00000000000000      <2>
  1064 000078F1 8AA3C730330C000000- <2>     db 0x8a,0xa3,0xc7,0x30,0x33,0x0c,0x00,0x00,0x00,0x00,0x00,0x00,0x00,0x00,0x00,0x00
  1064 000078FA 00000000000000      <2>
  1065 00007901 8CB3C3303B0C000000- <2>     db 0x8c,0xb3,0xc3,0x30,0x3b,0x0c,0x00,0x00,0x00,0x00,0x00,0x00,0x00,0x00,0x00,0x00
  1065 0000790A 00000000000000      <2>
  1066 00007911 0283C7B83B0C000000- <2>     db 0x02,0x83,0xc7,0xb8,0x3b,0x0c,0x00,0x00,0x00,0x00,0x00,0x00,0x00,0x00,0x00,0x00
  1066 0000791A 00000000000000      <2>
  1067 00007921 8CB3C338330C000000- <2>     db 0x8c,0xb3,0xc3,0x38,0x33,0x0c,0x00,0x00,0x00,0x00,0x00,0x00,0x00,0x00,0x00,0x00
  1067 0000792A 00000000000000      <2>
  1068 00007931 8EB3C3B8330C000000- <2>     db 0x8e,0xb3,0xc3,0xb8,0x33,0x0c,0x00,0x00,0x00,0x00,0x00,0x00,0x00,0x00,0x00,0x00
  1068 0000793A 00000000000000      <2>
  1069 00007941 8CB3E3B83B06000000- <2>     db 0x8c,0xb3,0xe3,0xb8,0x3b,0x06,0x00,0x00,0x00,0x00,0x00,0x00,0x00,0x00,0x00,0x00
  1069 0000794A 00000000000000      <2>
  1070 00007951 869363383904000000- <2>     db 0x86,0x93,0x63,0x38,0x39,0x04,0x00,0x00,0x00,0x00,0x00,0x00,0x00,0x00,0x00,0x00
  1070 0000795A 00000000000000      <2>
  1071 00007961 849963B83906000000- <2>     db 0x84,0x99,0x63,0xb8,0x39,0x06,0x00,0x00,0x00,0x00,0x00,0x00,0x00,0x00,0x00,0x00
  1071 0000796A 00000000000000      <2>
  1072 00007971 C69163983906000000- <2>     db 0xc6,0x91,0x63,0x98,0x39,0x06,0x00,0x00,0x00,0x00,0x00,0x00,0x00,0x00,0x00,0x00
  1072 0000797A 00000000000000      <2>
  1073 00007981 C69963983906000000- <2>     db 0xc6,0x99,0x63,0x98,0x39,0x06,0x00,0x00,0x00,0x00,0x00,0x00,0x00,0x00,0x00,0x00
  1073 0000798A 00000000000000      <2>
  1074 00007991 C411639C3906000000- <2>     db 0xc4,0x11,0x63,0x9c,0x39,0x06,0x00,0x00,0x00,0x00,0x00,0x00,0x00,0x00,0x00,0x00
  1074 0000799A 00000000000000      <2>
  1075 000079A1 C491639C3906000000- <2>     db 0xc4,0x91,0x63,0x9c,0x39,0x06,0x00,0x00,0x00,0x00,0x00,0x00,0x00,0x00,0x00,0x00
  1075 000079AA 00000000000000      <2>
  1076 000079B1 C49143183904000000- <2>     db 0xc4,0x91,0x43,0x18,0x39,0x04,0x00,0x00,0x00,0x00,0x00,0x00,0x00,0x00,0x00,0x00
  1076 000079BA 00000000000000      <2>
  1077 000079C1 C69963983906000000- <2>     db 0xc6,0x99,0x63,0x98,0x39,0x06,0x00,0x00,0x00,0x00,0x00,0x00,0x00,0x00,0x00,0x00
  1077 000079CA 00000000000000      <2>
  1078 000079D1 C69163DC3906000000- <2>     db 0xc6,0x91,0x63,0xdc,0x39,0x06,0x00,0x00,0x00,0x00,0x00,0x00,0x00,0x00,0x00,0x00
  1078 000079DA 00000000000000      <2>
  1079 000079E1 C69063DC3906000000- <2>     db 0xc6,0x90,0x63,0xdc,0x39,0x06,0x00,0x00,0x00,0x00,0x00,0x00,0x00,0x00,0x00,0x00
  1079 000079EA 00000000000000      <2>
  1080 000079F1 C39863CC3906000000- <2>     db 0xc3,0x98,0x63,0xcc,0x39,0x06,0x00,0x00,0x00,0x00,0x00,0x00,0x00,0x00,0x00,0x00
  1080 000079FA 00000000000000      <2>
  1081 00007A01 E28863DC3D06000000- <2>     db 0xe2,0x88,0x63,0xdc,0x3d,0x06,0x00,0x00,0x00,0x00,0x00,0x00,0x00,0x00,0x00,0x00
  1081 00007A0A 00000000000000      <2>
  1082 00007A11 E288338C1C03000000- <2>     db 0xe2,0x88,0x33,0x8c,0x1c,0x03,0x00,0x00,0x00,0x00,0x00,0x00,0x00,0x00,0x00,0x00
  1082 00007A1A 00000000000000      <2>
  1083 00007A21 E28833CE1C03000000- <2>     db 0xe2,0x88,0x33,0xce,0x1c,0x03,0x00,0x00,0x00,0x00,0x00,0x00,0x00,0x00,0x00,0x00
  1083 00007A2A 00000000000000      <2>
  1084 00007A31 E3C833CE1803000000- <2>     db 0xe3,0xc8,0x33,0xce,0x18,0x03,0x00,0x00,0x00,0x00,0x00,0x00,0x00,0x00,0x00,0x00
  1084 00007A3A 00000000000000      <2>
  1085 00007A41 C2CC31CC1C03000000- <2>     db 0xc2,0xcc,0x31,0xcc,0x1c,0x03,0x00,0x00,0x00,0x00,0x00,0x00,0x00,0x00,0x00,0x00
  1085 00007A4A 00000000000000      <2>
  1086 00007A51 E3C833CE1C02000000- <2>     db 0xe3,0xc8,0x33,0xce,0x1c,0x02,0x00,0x00,0x00,0x00,0x00,0x00,0x00,0x00,0x00,0x00
  1086 00007A5A 00000000000000      <2>
  1087 00007A61 E3C833CE1C02000000- <2>     db 0xe3,0xc8,0x33,0xce,0x1c,0x02,0x00,0x00,0x00,0x00,0x00,0x00,0x00,0x00,0x00,0x00
  1087 00007A6A 00000000000000      <2>
  1088 00007A71 E3C8318E1C03000000- <2>     db 0xe3,0xc8,0x31,0x8e,0x1c,0x03,0x00,0x00,0x00,0x00,0x00,0x00,0x00,0x00,0x00,0x00
  1088 00007A7A 00000000000000      <2>
  1089 00007A81 E3C831C61C03000000- <2>     db 0xe3,0xc8,0x31,0xc6,0x1c,0x03,0x00,0x00,0x00,0x00,0x00,0x00,0x00,0x00,0x00,0x00
  1089 00007A8A 00000000000000      <2>
  1090 00007A91 73C831C61C03000000- <2>     db 0x73,0xc8,0x31,0xc6,0x1c,0x03,0x00,0x00,0x00,0x00,0x00,0x00,0x00,0x00,0x00,0x00
  1090 00007A9A 00000000000000      <2>
  1091 00007AA1 73CC31C71803000000- <2>     db 0x73,0xcc,0x31,0xc7,0x18,0x03,0x00,0x00,0x00,0x00,0x00,0x00,0x00,0x00,0x00,0x00
  1091 00007AAA 00000000000000      <2>
  1092 00007AB1 73CC31C71C03000000- <2>     db 0x73,0xcc,0x31,0xc7,0x1c,0x03,0x00,0x00,0x00,0x00,0x00,0x00,0x00,0x00,0x00,0x00
  1092 00007ABA 00000000000000      <2>
  1093 00007AC1 71CC31C71803000800- <2>     db 0x71,0xcc,0x31,0xc7,0x18,0x03,0x00,0x08,0x00,0x00,0x00,0x00,0x00,0x00,0x00,0x00
  1093 00007ACA 00000000000000      <2>
  1094 00007AD1 618C31C61800000000- <2>     db 0x61,0x8c,0x31,0xc6,0x18,0x00,0x00,0x00,0x00,0x00,0x00,0x00,0x00,0x00,0x00,0x00
  1094 00007ADA 00000000000000      <2>
  1095 00007AE1 718E31671C00000000- <2>     db 0x71,0x8e,0x31,0x67,0x1c,0x00,0x00,0x00,0x00,0x00,0x00,0x00,0x00,0x00,0x00,0x00
  1095 00007AEA 00000000000000      <2>
  1096 00007AF1 718611671C00060000- <2>     db 0x71,0x86,0x11,0x67,0x1c,0x00,0x06,0x00,0x00,0x00,0x00,0x00,0x00,0x00,0x00,0x00
  1096 00007AFA 00000000000000      <2>
  1097 00007B01 71C611679C00060000- <2>     db 0x71,0xc6,0x11,0x67,0x9c,0x00,0x06,0x00,0x00,0x00,0x00,0x00,0x00,0x00,0x00,0x00
  1097 00007B0A 00000000000000      <2>
  1098 00007B11 71C419639C00060000- <2>     db 0x71,0xc4,0x19,0x63,0x9c,0x00,0x06,0x00,0x00,0x00,0x00,0x00,0x00,0x00,0x00,0x00
  1098 00007B1A 00000000000000      <2>
  1099 00007B21 39C419639C00060000- <2>     db 0x39,0xc4,0x19,0x63,0x9c,0x00,0x06,0x00,0x00,0x00,0x00,0x00,0x00,0x00,0x00,0x00
  1099 00007B2A 00000000000000      <2>
  1100 00007B31 39C419439C00040000- <2>     db 0x39,0xc4,0x19,0x43,0x9c,0x00,0x04,0x00,0x00,0x00,0x00,0x00,0x00,0x00,0x00,0x00
  1100 00007B3A 00000000000000      <2>
  1101 00007B41 31C699639C00060000- <2>     db 0x31,0xc6,0x99,0x63,0x9c,0x00,0x06,0x00,0x00,0x00,0x00,0x00,0x00,0x00,0x00,0x00
  1101 00007B4A 00000000000000      <2>
  1102 00007B51 39C699639C00060000- <2>     db 0x39,0xc6,0x99,0x63,0x9c,0x00,0x06,0x00,0x00,0x00,0x00,0x00,0x00,0x00,0x00,0x00
  1102 00007B5A 00000000000000      <2>
  1103 00007B61 39C691638C00060000- <2>     db 0x39,0xc6,0x91,0x63,0x8c,0x00,0x06,0x00,0x00,0x00,0x00,0x00,0x00,0x00,0x00,0x00
  1103 00007B6A 00000000000000      <2>
  1104 00007B71 38C699638C00060000- <2>     db 0x38,0xc6,0x99,0x63,0x8c,0x00,0x06,0x00,0x00,0x00,0x00,0x00,0x00,0x00,0x00,0x00
  1104 00007B7A 00000000000000      <2>
  1105 00007B81 39C699638C00060000- <2>     db 0x39,0xc6,0x99,0x63,0x8c,0x00,0x06,0x00,0x00,0x00,0x00,0x00,0x00,0x00,0x00,0x00
  1105 00007B8A 00000000000000      <2>
  1106 00007B91 39C69963CC00060000- <2>     db 0x39,0xc6,0x99,0x63,0xcc,0x00,0x06,0x00,0x00,0x00,0x00,0x00,0x00,0x00,0x00,0x00
  1106 00007B9A 00000000000000      <2>
  1107 00007BA1 38C688638E00060000- <2>     db 0x38,0xc6,0x88,0x63,0x8e,0x00,0x06,0x00,0x00,0x00,0x00,0x00,0x00,0x00,0x00,0x00
  1107 00007BAA 00000000000000      <2>
  1108 00007BB1 1CC7C8718E00060000- <2>     db 0x1c,0xc7,0xc8,0x71,0x8e,0x00,0x06,0x00,0x00,0x00,0x00,0x00,0x00,0x00,0x00,0x00
  1108 00007BBA 00000000000000      <2>
  1109 00007BC1 1CE2CC31CE00030000- <2>     db 0x1c,0xe2,0xcc,0x31,0xce,0x00,0x03,0x00,0x00,0x00,0x00,0x00,0x00,0x00,0x00,0x00
  1109 00007BCA 00000000000000      <2>
  1110 00007BD1 18E2CC31CE00030000- <2>     db 0x18,0xe2,0xcc,0x31,0xce,0x00,0x03,0x00,0x00,0x00,0x00,0x00,0x00,0x00,0x00,0x00
  1110 00007BDA 00000000000000      <2>
  1111 00007BE1 18E38831CE00030000- <2>     db 0x18,0xe3,0x88,0x31,0xce,0x00,0x03,0x00,0x00,0x00,0x00,0x00,0x00,0x00,0x00,0x00
  1111 00007BEA 00000000000000      <2>
  1112 00007BF1 1CE288218E00020000- <2>     db 0x1c,0xe2,0x88,0x21,0x8e,0x00,0x02,0x00,0x00,0x00,0x00,0x00,0x00,0x00,0x00,0x00
  1112 00007BFA 00000000000000      <2>
  1113 00007C01 1CE2C831CE00030000- <2>     db 0x1c,0xe2,0xc8,0x31,0xce,0x00,0x03,0x00,0x00,0x00,0x00,0x00,0x00,0x00,0x00,0x00
  1113 00007C0A 00000000000000      <2>
  1114 00007C11 1CE2C831CE00030000- <2>     db 0x1c,0xe2,0xc8,0x31,0xce,0x00,0x03,0x00,0x00,0x00,0x00,0x00,0x00,0x00,0x00,0x00
  1114 00007C1A 00000000000000      <2>
  1115 00007C21 1CE3CC31CE00030000- <2>     db 0x1c,0xe3,0xcc,0x31,0xce,0x00,0x03,0x00,0x00,0x00,0x00,0x00,0x00,0x00,0x00,0x00
  1115 00007C2A 00000000000000      <2>
  1116 00007C31 1CE2CC31CE00030000- <2>     db 0x1c,0xe2,0xcc,0x31,0xce,0x00,0x03,0x00,0x00,0x00,0x00,0x00,0x00,0x00,0x00,0x00
  1116 00007C3A 00000000000000      <2>
  1117 00007C41 0CC1EC31CE00030000- <2>     db 0x0c,0xc1,0xec,0x31,0xce,0x00,0x03,0x00,0x00,0x00,0x00,0x00,0x00,0x00,0x00,0x00
  1117 00007C4A 00000000000000      <2>
  1118 00007C51 8EE0EE38CE00030000- <2>     db 0x8e,0xe0,0xee,0x38,0xce,0x00,0x03,0x00,0x00,0x00,0x00,0x00,0x00,0x00,0x00,0x00
  1118 00007C5A 00000000000000      <2>
  1119 00007C61 0EC1E430CE00030000- <2>     db 0x0e,0xc1,0xe4,0x30,0xce,0x00,0x03,0x00,0x00,0x00,0x00,0x00,0x00,0x00,0x00,0x00
  1119 00007C6A 00000000000000      <2>
  1120 00007C71 0CE3EC38CC00010000- <2>     db 0x0c,0xe3,0xec,0x38,0xcc,0x00,0x01,0x00,0x00,0x00,0x00,0x00,0x00,0x00,0x00,0x00
  1120 00007C7A 00000000000000      <2>
  1121 00007C81 0EE3EC18EE00010000- <2>     db 0x0e,0xe3,0xec,0x18,0xee,0x00,0x01,0x00,0x00,0x00,0x00,0x00,0x00,0x00,0x00,0x00
  1121 00007C8A 00000000000000      <2>
  1122 00007C91 0EE1E418EE80010000- <2>     db 0x0e,0xe1,0xe4,0x18,0xee,0x80,0x01,0x00,0x00,0x00,0x00,0x00,0x00,0x00,0x00,0x00
  1122 00007C9A 00000000000000      <2>
  1123 00007CA1 0EE1EC18EE80010000- <2>     db 0x0e,0xe1,0xec,0x18,0xee,0x80,0x01,0x00,0x00,0x00,0x00,0x00,0x00,0x00,0x00,0x00
  1123 00007CAA 00000000000000      <2>
  1124 00007CB1 0EE1F4186E80010000- <2>     db 0x0e,0xe1,0xf4,0x18,0x6e,0x80,0x01,0x00,0x00,0x00,0x00,0x00,0x00,0x00,0x00,0x00
  1124 00007CBA 00000000000000      <2>
  1125 00007CC1 8EE1F6186E80010000- <2>     db 0x8e,0xe1,0xf6,0x18,0x6e,0x80,0x01,0x00,0x00,0x00,0x00,0x00,0x00,0x00,0x00,0x00
  1125 00007CCA 00000000000000      <2>
  1126 00007CD1 07E17410CE00010000- <2>     db 0x07,0xe1,0x74,0x10,0xce,0x00,0x01,0x00,0x00,0x00,0x00,0x00,0x00,0x00,0x00,0x00
  1126 00007CDA 00000000000000      <2>
  1127 00007CE1 87E176186E80010000- <2>     db 0x87,0xe1,0x76,0x18,0x6e,0x80,0x01,0x00,0x00,0x00,0x00,0x00,0x00,0x00,0x00,0x00
  1127 00007CEA 00000000000000      <2>
  1128 00007CF1 07E174186E80010000- <2>     db 0x07,0xe1,0x74,0x18,0x6e,0x80,0x01,0x00,0x00,0x00,0x00,0x00,0x00,0x00,0x00,0x00
  1128 00007CFA 00000000000000      <2>
  1129 00007D01 867176186E80010000- <2>     db 0x86,0x71,0x76,0x18,0x6e,0x80,0x01,0x00,0x00,0x00,0x00,0x00,0x00,0x00,0x00,0x00
  1129 00007D0A 00000000000000      <2>
  1130 00007D11 07E171187680010000- <2>     db 0x07,0xe1,0x71,0x18,0x76,0x80,0x01,0x00,0x00,0x00,0x00,0x00,0x00,0x00,0x00,0x00
  1130 00007D1A 00000000000000      <2>
  1131 00007D21 876176186780010000- <2>     db 0x87,0x61,0x76,0x18,0x67,0x80,0x01,0x00,0x00,0x00,0x00,0x00,0x00,0x00,0x00,0x00
  1131 00007D2A 00000000000000      <2>
  1132 00007D31 C771771C6F80010000- <2>     db 0xc7,0x71,0x77,0x1c,0x6f,0x80,0x01,0x00,0x00,0x00,0x00,0x00,0x00,0x00,0x00,0x00
  1132 00007D3A 00000000000000      <2>
  1133 00007D41 C771760CF7C0000000- <2>     db 0xc7,0x71,0x76,0x0c,0xf7,0xc0,0x00,0x00,0x00,0x00,0x00,0x00,0x00,0x00,0x00,0x00
  1133 00007D4A 00000000000000      <2>
  1134 00007D51 C7607A1CA7C0010000- <2>     db 0xc7,0x60,0x7a,0x1c,0xa7,0xc0,0x01,0x00,0x00,0x00,0x00,0x00,0x00,0x00,0x00,0x00
  1134 00007D5A 00000000000000      <2>
  1135 00007D61 87713B1CF7C0010000- <2>     db 0x87,0x71,0x3b,0x1c,0xf7,0xc0,0x01,0x00,0x00,0x00,0x00,0x00,0x00,0x00,0x00,0x00
  1135 00007D6A 00000000000000      <2>
  1136 00007D71 C370330CB7C0000000- <2>     db 0xc3,0x70,0x33,0x0c,0xb7,0xc0,0x00,0x00,0x00,0x00,0x00,0x00,0x00,0x00,0x00,0x00
  1136 00007D7A 00000000000000      <2>
  1137 00007D81 C370330CB7C0000000- <2>     db 0xc3,0x70,0x33,0x0c,0xb7,0xc0,0x00,0x00,0x00,0x00,0x00,0x00,0x00,0x00,0x00,0x00
  1137 00007D8A 00000000000000      <2>
  1138 00007D91 83703A0CB7C0000000- <2>     db 0x83,0x70,0x3a,0x0c,0xb7,0xc0,0x00,0x00,0x00,0x00,0x00,0x00,0x00,0x00,0x00,0x00
  1138 00007D9A 00000000000000      <2>
  1139 00007DA1 83703A08B780000000- <2>     db 0x83,0x70,0x3a,0x08,0xb7,0x80,0x00,0x00,0x00,0x00,0x00,0x00,0x00,0x00,0x00,0x00
  1139 00007DAA 00000000000000      <2>
  1140 00007DB1 83703A08E780000000- <2>     db 0x83,0x70,0x3a,0x08,0xe7,0x80,0x00,0x00,0x00,0x00,0x00,0x00,0x00,0x00,0x00,0x00
  1140 00007DBA 00000000000000      <2>
  1141 00007DC1 C3703F0CF7C0000000- <2>     db 0xc3,0x70,0x3f,0x0c,0xf7,0xc0,0x00,0x00,0x00,0x00,0x00,0x00,0x00,0x00,0x00,0x00
  1141 00007DCA 00000000000000      <2>
  1142 00007DD1 C3F03E0CFFC0000000- <2>     db 0xc3,0xf0,0x3e,0x0c,0xff,0xc0,0x00,0x00,0x00,0x00,0x00,0x00,0x00,0x00,0x00,0x00
  1142 00007DDA 00000000000000      <2>
  1143 00007DE1 C3F03A0CFFC0000000- <2>     db 0xc3,0xf0,0x3a,0x0c,0xff,0xc0,0x00,0x00,0x00,0x00,0x00,0x00,0x00,0x00,0x00,0x00
  1143 00007DEA 00000000000000      <2>
  1144 00007DF1 C3F01F0CFFC0000000- <2>     db 0xc3,0xf0,0x1f,0x0c,0xff,0xc0,0x00,0x00,0x00,0x00,0x00,0x00,0x00,0x00,0x00,0x00
  1144 00007DFA 00000000000000      <2>
  1145 00007E01 C1701F0CF7C0000000- <2>     db 0xc1,0x70,0x1f,0x0c,0xf7,0xc0,0x00,0x00,0x00,0x00,0x00,0x00,0x00,0x00,0x00,0x00
  1145 00007E0A 00000000000000      <2>
  1146 00007E11 C1701F0EFFE0000000- <2>     db 0xc1,0x70,0x1f,0x0e,0xff,0xe0,0x00,0x00,0x00,0x00,0x00,0x00,0x00,0x00,0x00,0x00
  1146 00007E1A 00000000000000      <2>
  1147 00007E21 C1701F0EFFE0000000- <2>     db 0xc1,0x70,0x1f,0x0e,0xff,0xe0,0x00,0x00,0x00,0x00,0x00,0x00,0x00,0x00,0x00,0x00
  1147 00007E2A 00000000000000      <2>
  1148 00007E31 41701F0EFFE0000000- <2>     db 0x41,0x70,0x1f,0x0e,0xff,0xe0,0x00,0x00,0x00,0x00,0x00,0x00,0x00,0x00,0x00,0x00
  1148 00007E3A 00000000000000      <2>
  1149 00007E41 61701F0EFFE0000000- <2>     db 0x61,0x70,0x1f,0x0e,0xff,0xe0,0x00,0x00,0x00,0x00,0x00,0x00,0x00,0x00,0x00,0x00
  1149 00007E4A 00000000000000      <2>
  1150 00007E51 E1E01D0EFFE0000000- <2>     db 0xe1,0xe0,0x1d,0x0e,0xff,0xe0,0x00,0x00,0x00,0x00,0x00,0x00,0x00,0x00,0x00,0x00
  1150 00007E5A 00000000000000      <2>
  1151 00007E61 E1E01D06FF60000000- <2>     db 0xe1,0xe0,0x1d,0x06,0xff,0x60,0x00,0x00,0x00,0x00,0x00,0x00,0x00,0x00,0x00,0x00
  1151 00007E6A 00000000000000      <2>
  1152 00007E71 C1F00F04FF40000000- <2>     db 0xc1,0xf0,0x0f,0x04,0xff,0x40,0x00,0x00,0x00,0x00,0x00,0x00,0x00,0x00,0x00,0x00
  1152 00007E7A 00000000000000      <2>
  1153 00007E81 41F00F06FF60000000- <2>     db 0x41,0xf0,0x0f,0x06,0xff,0x60,0x00,0x00,0x00,0x00,0x00,0x00,0x00,0x00,0x00,0x00
  1153 00007E8A 00000000000000      <2>
  1154 00007E91 40700F06FF60000000- <2>     db 0x40,0x70,0x0f,0x06,0xff,0x60,0x00,0x00,0x00,0x00,0x00,0x00,0x00,0x00,0x00,0x00
  1154 00007E9A 00000000000000      <2>
  1155 00007EA1 70F00F07FF60000000- <2>     db 0x70,0xf0,0x0f,0x07,0xff,0x60,0x00,0x00,0x00,0x00,0x00,0x00,0x00,0x00,0x00,0x00
  1155 00007EAA 00000000000000      <2>
  1156 00007EB1 50F00F07FF60000000- <2>     db 0x50,0xf0,0x0f,0x07,0xff,0x60,0x00,0x00,0x00,0x00,0x00,0x00,0x00,0x00,0x00,0x00
  1156 00007EBA 00000000000000      <2>
  1157 00007EC1 50F00F07FF70000000- <2>     db 0x50,0xf0,0x0f,0x07,0xff,0x70,0x00,0x00,0x00,0x00,0x00,0x00,0x00,0x00,0x00,0x00
  1157 00007ECA 00000000000000      <2>
  1158 00007ED1 60F00F07FF60000000- <2>     db 0x60,0xf0,0x0f,0x07,0xff,0x60,0x00,0x00,0x00,0x00,0x00,0x00,0x00,0x00,0x00,0x00
  1158 00007EDA 00000000000000      <2>
  1159 00007EE1 70F00F07FF70000000- <2>     db 0x70,0xf0,0x0f,0x07,0xff,0x70,0x00,0x00,0x00,0x00,0x00,0x00,0x00,0x00,0x00,0x00
  1159 00007EEA 00000000000000      <2>
  1160 00007EF1 70F00F07FC70000000- <2>     db 0x70,0xf0,0x0f,0x07,0xfc,0x70,0x00,0x00,0x00,0x00,0x00,0x00,0x00,0x00,0x00,0x00
  1160 00007EFA 00000000000000      <2>
  1161 00007F01 70F00F077E70000000- <2>     db 0x70,0xf0,0x0f,0x07,0x7e,0x70,0x00,0x00,0x00,0x00,0x00,0x00,0x00,0x00,0x00,0x00
  1161 00007F0A 00000000000000      <2>
  1162 00007F11 600007076070000003- <2>     db 0x60,0x00,0x07,0x07,0x60,0x70,0x00,0x00,0x03,0x00,0x00,0x00,0x00,0x00,0x00,0x00
  1162 00007F1A 00000000000000      <2>
  1163 00007F21 60B007077270000001- <2>     db 0x60,0xb0,0x07,0x07,0x72,0x70,0x00,0x00,0x01,0x00,0x00,0x00,0x00,0x00,0x00,0x00
  1163 00007F2A 00000000000000      <2>
  1164 00007F31 608006066060000003- <2>     db 0x60,0x80,0x06,0x06,0x60,0x60,0x00,0x00,0x03,0x00,0x00,0x00,0x00,0x00,0x00,0x00
  1164 00007F3A 00000000000000      <2>
  1165 00007F41 70A006076070000003- <2>     db 0x70,0xa0,0x06,0x07,0x60,0x70,0x00,0x00,0x03,0x00,0x00,0x00,0x00,0x00,0x00,0x00
  1165 00007F4A 00000000000000      <2>
  1166 00007F51 700087072070000003- <2>     db 0x70,0x00,0x87,0x07,0x20,0x70,0x00,0x00,0x03,0x00,0x00,0x00,0x00,0x00,0x00,0x00
  1166 00007F5A 00000000000000      <2>
  1167 00007F61 300006033030008001- <2>     db 0x30,0x00,0x06,0x03,0x30,0x30,0x00,0x80,0x01,0x00,0x00,0x00,0x00,0x00,0x00,0x00
  1167 00007F6A 00000000000000      <2>
  1168 00007F71 700007073030000003- <2>     db 0x70,0x00,0x07,0x07,0x30,0x30,0x00,0x00,0x03,0x00,0x18,0x00,0x00,0x00,0x00,0x00
  1168 00007F7A 00180000000000      <2>
  1169 00007F81 700083033038008001- <2>     db 0x70,0x00,0x83,0x03,0x30,0x38,0x00,0x80,0x01,0x00,0x18,0x00,0x00,0x00,0x00,0x00
  1169 00007F8A 00180000000000      <2>
  1170 00007F91 700083033038008003- <2>     db 0x70,0x00,0x83,0x03,0x30,0x38,0x00,0x80,0x03,0x00,0x10,0x00,0x00,0x00,0x00,0x00
  1170 00007F9A 00100000000000      <2>
  1171 00007FA1 700083073038008003- <2>     db 0x70,0x00,0x83,0x07,0x30,0x38,0x00,0x80,0x03,0x00,0x18,0x00,0x00,0x00,0x00,0x00
  1171 00007FAA 00180000000000      <2>
  1172 00007FB1 300083031038008003- <2>     db 0x30,0x00,0x83,0x03,0x10,0x38,0x00,0x80,0x03,0x00,0x18,0x00,0x00,0x00,0x00,0x00
  1172 00007FBA 00180000000000      <2>
  1173 00007FC1 780083030038008003- <2>     db 0x78,0x00,0x83,0x03,0x00,0x38,0x00,0x80,0x03,0x00,0x1c,0x00,0x00,0x00,0x00,0x00
  1173 00007FCA 001C0000000000      <2>
  1174 00007FD1 300081030038008003- <2>     db 0x30,0x00,0x81,0x03,0x00,0x38,0x00,0x80,0x03,0x00,0x10,0x00,0x00,0x00,0x00,0x00
  1174 00007FDA 00100000000000      <2>
  1175 00007FE1 380081030030008003- <2>     db 0x38,0x00,0x81,0x03,0x00,0x30,0x00,0x80,0x03,0x00,0x18,0x00,0x00,0x00,0x00,0x00
  1175 00007FEA 00180000000000      <2>
  1176 00007FF1 300000030030000003- <2>     db 0x30,0x00,0x00,0x03,0x00,0x30,0x00,0x00,0x03,0x00,0x14,0x00,0x00,0x00,0x00,0x00
  1176 00007FFA 00140000000000      <2>
  1177 00008001 300080030038008003- <2>     db 0x30,0x00,0x80,0x03,0x00,0x38,0x00,0x80,0x03,0x00,0x10,0x00,0x00,0x00,0x00,0x00
  1177 0000800A 00100000000000      <2>
  1178 00008011 300040030030000003- <2>     db 0x30,0x00,0x40,0x03,0x00,0x30,0x00,0x00,0x03,0x00,0x10,0x00,0x00,0x00,0x00,0x00
  1178 0000801A 00100000000000      <2>
  1179 00008021 3800C003003800C003- <2>     db 0x38,0x00,0xc0,0x03,0x00,0x38,0x00,0xc0,0x03,0x00,0x1c,0x00,0x00,0x00,0x00,0x00
  1179 0000802A 001C0000000000      <2>
  1180 00008031 38008003003800C003- <2>     db 0x38,0x00,0x80,0x03,0x00,0x38,0x00,0xc0,0x03,0x00,0x38,0x00,0x00,0x00,0x00,0x00
  1180 0000803A 00380000000000      <2>
  1181 00008041 3800C0030038008003- <2>     db 0x38,0x00,0xc0,0x03,0x00,0x38,0x00,0x80,0x03,0x00,0x3c,0x00,0x00,0x00,0x00,0x00
  1181 0000804A 003C0000000000      <2>
  1182 00008051 3C00C003003C00C003- <2>     db 0x3c,0x00,0xc0,0x03,0x00,0x3c,0x00,0xc0,0x03,0x00,0x3c,0x00,0x00,0x00,0x00,0x00
  1182 0000805A 003C0000000000      <2>
  1183 00008061 3C00C003003C00C003- <2>     db 0x3c,0x00,0xc0,0x03,0x00,0x3c,0x00,0xc0,0x03,0x00,0x3c,0x00,0x00,0x00,0x00,0x00
  1183 0000806A 003C0000000000      <2>
  1184 00008071 3C00C003003C00C003- <2>     db 0x3c,0x00,0xc0,0x03,0x00,0x3c,0x00,0xc0,0x03,0x00,0x3c,0x00,0x00,0x00,0x00,0x00
  1184 0000807A 003C0000000000      <2>
  1185 00008081 3C00C003003C00C003- <2>     db 0x3c,0x00,0xc0,0x03,0x00,0x3c,0x00,0xc0,0x03,0x00,0x1c,0x00,0x00,0x00,0x00,0x00
  1185 0000808A 001C0000000000      <2>
  1186 00008091 3800C003001C00C003- <2>     db 0x38,0x00,0xc0,0x03,0x00,0x1c,0x00,0xc0,0x03,0x00,0x38,0x00,0x00,0x00,0x00,0x00
  1186 0000809A 00380000000000      <2>
  1187 000080A1 3C00C003003C00C003- <2>     db 0x3c,0x00,0xc0,0x03,0x00,0x3c,0x00,0xc0,0x03,0x00,0x1c,0x00,0x00,0x00,0x00,0x00
  1187 000080AA 001C0000000000      <2>
  1188 000080B1 3800C003003C00E003- <2>     db 0x38,0x00,0xc0,0x03,0x00,0x3c,0x00,0xe0,0x03,0x00,0x3a,0x00,0x00,0x00,0x00,0x00
  1188 000080BA 003A0000000000      <2>
  1189 000080C1 3800C003003C00E003- <2>     db 0x38,0x00,0xc0,0x03,0x00,0x3c,0x00,0xe0,0x03,0x00,0x18,0x00,0x00,0x00,0x00,0x00
  1189 000080CA 00180000000000      <2>
  1190 000080D1 18008001001800A001- <2>     db 0x18,0x00,0x80,0x01,0x00,0x18,0x00,0xa0,0x01,0x00,0x18,0x00,0x00,0x00,0x00,0x00
  1190 000080DA 00180000000000      <2>
  1191 000080E1 1800A001001A00A001- <2>     db 0x18,0x00,0xa0,0x01,0x00,0x1a,0x00,0xa0,0x01,0x00,0x18,0x00,0x00,0x00,0x00,0x00
  1191 000080EA 00180000000000      <2>
  1192 000080F1 1A00E001001E00E001- <2>     db 0x1a,0x00,0xe0,0x01,0x00,0x1e,0x00,0xe0,0x01,0x00,0x1a,0x00,0x00,0x00,0x00,0x00
  1192 000080FA 001A0000000000      <2>
  1193 00008101 1A00E001001E00E001- <2>     db 0x1a,0x00,0xe0,0x01,0x00,0x1e,0x00,0xe0,0x01,0x00,0x1a,0x00,0x00,0x00,0x00,0x00
  1193 0000810A 001A0000000000      <2>
  1194 00008111 1A00E001001E00E001- <2>     db 0x1a,0x00,0xe0,0x01,0x00,0x1e,0x00,0xe0,0x01,0x00,0x1a,0x00,0x00,0x00,0x00,0x00
  1194 0000811A 001A0000000000      <2>
  1195 00008121 1A00F001001E00E001- <2>     db 0x1a,0x00,0xf0,0x01,0x00,0x1e,0x00,0xe0,0x01,0x00,0x1a,0x00,0x00,0x00,0x00,0x00
  1195 0000812A 001A0000000000      <2>
  1196 00008131 1E00E001001E00F001- <2>     db 0x1e,0x00,0xe0,0x01,0x00,0x1e,0x00,0xf0,0x01,0x00,0x1e,0x00,0x00,0x00,0x00,0x00
  1196 0000813A 001E0000000000      <2>
  1197 00008141 3C00E001001E00F003- <2>     db 0x3c,0x00,0xe0,0x01,0x00,0x1e,0x00,0xf0,0x03,0x00,0x1c,0x00,0x00,0x00,0x00,0x00
  1197 0000814A 001C0000000000      <2>
  1198 00008151 1C00F001001F00F001- <2>     db 0x1c,0x00,0xf0,0x01,0x00,0x1f,0x00,0xf0,0x01,0x00,0x1c,0x00,0x00,0x00,0x00,0x00
  1198 0000815A 001C0000000000      <2>
  1199 00008161 1C00F001001F00F001- <2>     db 0x1c,0x00,0xf0,0x01,0x00,0x1f,0x00,0xf0,0x01,0x00,0x1c,0x00,0x00,0x00,0x00,0x00
  1199 0000816A 001C0000000000      <2>
  1200 00008171 1C00F001001F00F001- <2>     db 0x1c,0x00,0xf0,0x01,0x00,0x1f,0x00,0xf0,0x01,0x00,0x1d,0x00,0x00,0x00,0x00,0x00
  1200 0000817A 001D0000000000      <2>
  1201 00008181 1D00F001001F00F001- <2>     db 0x1d,0x00,0xf0,0x01,0x00,0x1f,0x00,0xf0,0x01,0x00,0x1d,0x00,0x00,0x00,0x00,0x00
  1201 0000818A 001D0000000000      <2>
  1202 00008191 1D00D001001D00D001- <2>     db 0x1d,0x00,0xd0,0x01,0x00,0x1d,0x00,0xd0,0x01,0x00,0x1d,0x00,0x00,0x00,0x00,0x00
  1202 0000819A 001D0000000000      <2>
  1203 000081A1 1D00F001001F00F001- <2>     db 0x1d,0x00,0xf0,0x01,0x00,0x1f,0x00,0xf0,0x01,0x00,0x1d,0x00,0x00,0x00,0x00,0x00
  1203 000081AA 001D0000000000      <2>
  1204 000081B1 1D00D001001D00D001- <2>     db 0x1d,0x00,0xd0,0x01,0x00,0x1d,0x00,0xd0,0x01,0x00,0x1d,0x00,0x00,0x00,0x00,0x00
  1204 000081BA 001D0000000000      <2>
  1205 000081C1 3D00D801801D00D003- <2>     db 0x3d,0x00,0xd8,0x01,0x80,0x1d,0x00,0xd0,0x03,0x80,0x1d,0x00,0x08,0x00,0x00,0x00
  1205 000081CA 801D0008000000      <2>
  1206 000081D1 1D00D801801D00D801- <2>     db 0x1d,0x00,0xd8,0x01,0x80,0x1d,0x00,0xd8,0x01,0x80,0x1d,0x00,0x08,0x00,0x00,0x00
  1206 000081DA 801D0008000000      <2>
  1207 000081E1 1D00D801801D00D801- <2>     db 0x1d,0x00,0xd8,0x01,0x80,0x1d,0x00,0xd8,0x01,0x80,0x1d,0x00,0x08,0x00,0x00,0x00
  1207 000081EA 801D0008000000      <2>
  1208 000081F1 1C00F801801F00F801- <2>     db 0x1c,0x00,0xf8,0x01,0x80,0x1f,0x00,0xf8,0x01,0x80,0x1c,0x00,0x08,0x00,0x00,0x00
  1208 000081FA 801C0008000000      <2>
  1209 00008201 1C00F801801F00F801- <2>     db 0x1c,0x00,0xf8,0x01,0x80,0x1f,0x00,0xf8,0x01,0x80,0x1c,0x00,0x08,0x00,0x00,0x00
  1209 0000820A 801C0008000000      <2>
  1210 00008211 1C00FC01C01F00F801- <2>     db 0x1c,0x00,0xfc,0x01,0xc0,0x1f,0x00,0xf8,0x01,0xc0,0x1c,0x00,0x0c,0x00,0x00,0x00
  1210 0000821A C01C000C000000      <2>
  1211 00008221 1C00FC01C01F00FC01- <2>     db 0x1c,0x00,0xfc,0x01,0xc0,0x1f,0x00,0xfc,0x01,0xc0,0x1c,0x00,0x0c,0x00,0x00,0x00
  1211 0000822A C01C000C000000      <2>
  1212 00008231 1C00CC01C01C00C801- <2>     db 0x1c,0x00,0xcc,0x01,0xc0,0x1c,0x00,0xc8,0x01,0xc0,0x1c,0x00,0x0c,0x00,0x00,0x00
  1212 0000823A C01C000C000000      <2>
  1213 00008241 1A00EC01C01C00E801- <2>     db 0x1a,0x00,0xec,0x01,0xc0,0x1c,0x00,0xe8,0x01,0xc0,0x1a,0x00,0x0c,0x00,0x00,0x00
  1213 0000824A C01A000C000000      <2>
  1214 00008251 1700F601C01C00FC01- <2>     db 0x17,0x00,0xf6,0x01,0xc0,0x1c,0x00,0xfc,0x01,0xe0,0x07,0x00,0x04,0x00,0x00,0x00
  1214 0000825A E0070004000000      <2>
  1215 00008261 1F00F601C01C00FC01- <2>     db 0x1f,0x00,0xf6,0x01,0xc0,0x1c,0x00,0xfc,0x01,0xe0,0x1f,0x00,0x04,0x00,0x00,0x00
  1215 0000826A E01F0004000000      <2>
  1216 00008271 1A00EA01E01C00E601- <2>     db 0x1a,0x00,0xea,0x01,0xe0,0x1c,0x00,0xe6,0x01,0xe0,0x1a,0x00,0x08,0x00,0x00,0x00
  1216 0000827A E01A0008000000      <2>
  1217 00008281 1A00EA01E01E00E601- <2>     db 0x1a,0x00,0xea,0x01,0xe0,0x1e,0x00,0xe6,0x01,0xe0,0x1a,0x00,0x0a,0x00,0x00,0x00
  1217 0000828A E01A000A000000      <2>
  1218 00008291 0A00E801F01E00E701- <2>     db 0x0a,0x00,0xe8,0x01,0xf0,0x1e,0x00,0xe7,0x01,0xf0,0x0a,0x00,0x08,0x00,0x00,0x00
  1218 0000829A F00A0008000000      <2>
  1219 000082A1 0900F801F01E00F701- <2>     db 0x09,0x00,0xf8,0x01,0xf0,0x1e,0x00,0xf7,0x01,0xf0,0x09,0x00,0x08,0x00,0x00,0x00
  1219 000082AA F0090008000000      <2>
  1220 000082B1 0100B800D00A00B500- <2>     db 0x01,0x00,0xb8,0x00,0xd0,0x0a,0x00,0xb5,0x00,0xd0,0x01,0x00,0x08,0x00,0x00,0x00
  1220 000082BA D0010008000000      <2>
  1221 000082C1 0100B800D00A00B500- <2>     db 0x01,0x00,0xb8,0x00,0xd0,0x0a,0x00,0xb5,0x00,0xd0,0x01,0x00,0x08,0x00,0x00,0x00
  1221 000082CA D0010008000000      <2>
  1222 000082D1 000000000000000000- <2>     db 0x00,0x00,0x00,0x00,0x00,0x00,0x00,0x00,0x00,0x00,0x00,0x00,0x00,0x00,0x00,0x00
  1222 000082DA 00000000000000      <2>
  1223 000082E1 000000000000000000- <2>     db 0x00,0x00,0x00,0x00,0x00,0x00,0x00,0x00,0x00,0x00,0x00,0x00,0x00,0x00,0x00,0x00
  1223 000082EA 00000000000000      <2>
  1224 000082F1 0100B800D00A00B500- <2>     db 0x01,0x00,0xb8,0x00,0xd0,0x0a,0x00,0xb5,0x00,0xd0,0x01,0x00,0x08,0x00,0x00,0x00
  1224 000082FA D0010008000000      <2>
  1225 00008301 0100B800D00A00B500- <2>     db 0x01,0x00,0xb8,0x00,0xd0,0x0a,0x00,0xb5,0x00,0xd0,0x01,0x00,0x08,0x00,0x00,0x00
  1225 0000830A D0010008000000      <2>
  1226 00008311 0100F500580E80F500- <2>     db 0x01,0x00,0xf5,0x00,0x58,0x0e,0x80,0xf5,0x00,0x58,0x01,0x00,0x05,0x00,0x00,0x00
  1226 0000831A 58010005000000      <2>
  1227 00008321 050075005806807500- <2>     db 0x05,0x00,0x75,0x00,0x58,0x06,0x80,0x75,0x00,0x58,0x05,0x00,0x05,0x00,0x00,0x00
  1227 0000832A 58050005000000      <2>
  1228 00008331 058075007806807300- <2>     db 0x05,0x80,0x75,0x00,0x78,0x06,0x80,0x73,0x00,0x78,0x01,0x80,0x05,0x00,0x00,0x00
  1228 0000833A 78018005000000      <2>
  1229 00008341 04C0FD00F80F807300- <2>     db 0x04,0xc0,0xfd,0x00,0xf8,0x0f,0x80,0x73,0x00,0xfc,0x00,0x80,0x0d,0x00,0x00,0x00
  1229 0000834A FC00800D000000      <2>
  1230 00008351 06407D00F803807300- <2>     db 0x06,0x40,0x7d,0x00,0xf8,0x03,0x80,0x73,0x00,0xfc,0x02,0x00,0x0d,0x00,0x00,0x00
  1230 0000835A FC02000D000000      <2>
  1231 00008361 02807D00F803803F00- <2>     db 0x02,0x80,0x7d,0x00,0xf8,0x03,0x80,0x3f,0x00,0xf8,0x02,0x00,0x0d,0x00,0x00,0x00
  1231 0000836A F802000D000000      <2>
  1232 00008371 03807300F801803F00- <2>     db 0x03,0x80,0x73,0x00,0xf8,0x01,0x80,0x3f,0x00,0xf8,0x03,0x80,0x03,0x00,0x00,0x00
  1232 0000837A F8038003000000      <2>
  1233 00008381 038033003801803300- <2>     db 0x03,0x80,0x33,0x00,0x38,0x01,0x80,0x33,0x00,0x38,0x03,0x00,0x03,0x00,0x00,0x00
  1233 0000838A 38030003000000      <2>
  1234 00008391 03C03300F801803F00- <2>     db 0x03,0xc0,0x33,0x00,0xf8,0x01,0x80,0x3f,0x00,0xfc,0x03,0x40,0x03,0x00,0x00,0x00
  1234 0000839A FC034003000000      <2>
  1235 000083A1 03803300F801803F00- <2>     db 0x03,0x80,0x33,0x00,0xf8,0x01,0x80,0x3f,0x00,0xf8,0x03,0x80,0x03,0x00,0x00,0x00
  1235 000083AA F8038003000000      <2>
  1236 000083B1 01801300F801801F00- <2>     db 0x01,0x80,0x13,0x00,0xf8,0x01,0x80,0x1f,0x00,0xf8,0x01,0x80,0x03,0x00,0x00,0x00
  1236 000083BA F8018003000000      <2>
  1237 000083C1 03803B00F801803F00- <2>     db 0x03,0x80,0x3b,0x00,0xf8,0x01,0x80,0x3f,0x00,0xf8,0x03,0x80,0x0b,0x00,0x00,0x00
  1237 000083CA F803800B000000      <2>
  1238 000083D1 01801B00B801801B00- <2>     db 0x01,0x80,0x1b,0x00,0xb8,0x01,0x80,0x1b,0x00,0xb8,0x01,0x80,0x0b,0x00,0x00,0x00
  1238 000083DA B801800B000000      <2>
  1239 000083E1 01C01B00BC01801B00- <2>     db 0x01,0xc0,0x1b,0x00,0xbc,0x01,0x80,0x1b,0x00,0xbc,0x01,0xc0,0x0b,0x00,0x00,0x00
  1239 000083EA BC01C00B000000      <2>
  1240 000083F1 01801B00B800801B00- <2>     db 0x01,0x80,0x1b,0x00,0xb8,0x00,0x80,0x1b,0x00,0xb8,0x01,0x80,0x0b,0x00,0x00,0x00
  1240 000083FA B801800B000000      <2>
  1241 00008401 01801B00B800801B00- <2>     db 0x01,0x80,0x1b,0x00,0xb8,0x00,0x80,0x1b,0x00,0xb8,0x01,0x80,0x0b,0x00,0x00,0x00
  1241 0000840A B801800B000000      <2>
  1242 00008411 00800B00B800800B00- <2>     db 0x00,0x80,0x0b,0x00,0xb8,0x00,0x80,0x0b,0x00,0xb8,0x00,0x80,0x0b,0x00,0x00,0x00
  1242 0000841A B800800B000000      <2>
  1243 00008421 00800B00F800800F00- <2>     db 0x00,0x80,0x0b,0x00,0xf8,0x00,0x80,0x0f,0x00,0xf8,0x00,0x80,0x0b,0x00,0x00,0x00
  1243 0000842A F800800B000000      <2>
  1244 00008431 00800300F800800F00- <2>     db 0x00,0x80,0x03,0x00,0xf8,0x00,0x80,0x0f,0x00,0xf8,0x00,0x80,0x03,0x00,0x00,0x00
  1244 0000843A F8008003000000      <2>
  1245 00008441 00C00300F800800F00- <2>     db 0x00,0xc0,0x03,0x00,0xf8,0x00,0x80,0x0f,0x00,0xfc,0x00,0x80,0x03,0x00,0x00,0x00
  1245 0000844A FC008003000000      <2>
  1246 00008451 00C00300F800800F00- <2>     db 0x00,0xc0,0x03,0x00,0xf8,0x00,0x80,0x0f,0x00,0xfc,0x00,0x80,0x03,0x00,0x00,0x00
  1246 0000845A FC008003000000      <2>
  1247 00008461 00C003007C00800700- <2>     db 0x00,0xc0,0x03,0x00,0x7c,0x00,0x80,0x07,0x00,0x7c,0x00,0xc0,0x03,0x00,0x00,0x00
  1247 0000846A 7C00C003000000      <2>
  1248 00008471 008007007C00C00700- <2>     db 0x00,0x80,0x07,0x00,0x7c,0x00,0xc0,0x07,0x00,0xf8,0x00,0x80,0x07,0x00,0x00,0x00
  1248 0000847A F8008007000000      <2>
  1249 00008481 008005007800800700- <2>     db 0x00,0x80,0x05,0x00,0x78,0x00,0x80,0x07,0x00,0x78,0x00,0x80,0x05,0x00,0x00,0x00
  1249 0000848A 78008005000000      <2>
  1250 00008491 00C005007800800700- <2>     db 0x00,0xc0,0x05,0x00,0x78,0x00,0x80,0x07,0x00,0x7c,0x00,0x80,0x05,0x00,0x00,0x00
  1250 0000849A 7C008005000000      <2>
  1251 000084A1 00C005007C00800700- <2>     db 0x00,0xc0,0x05,0x00,0x7c,0x00,0x80,0x07,0x00,0x7c,0x00,0xc0,0x05,0x00,0x00,0x00
  1251 000084AA 7C00C005000000      <2>
  1252 000084B1 00C005007800800700- <2>     db 0x00,0xc0,0x05,0x00,0x78,0x00,0x80,0x07,0x00,0x7c,0x00,0x80,0x05,0x00,0x00,0x00
  1252 000084BA 7C008005000000      <2>
  1253 000084C1 00C005005C00C00500- <2>     db 0x00,0xc0,0x05,0x00,0x5c,0x00,0xc0,0x05,0x00,0x5c,0x00,0xc0,0x05,0x00,0x00,0x00
  1253 000084CA 5C00C005000000      <2>
  1254 000084D1 00C001001800800100- <2>     db 0x00,0xc0,0x01,0x00,0x18,0x00,0x80,0x01,0x00,0x5c,0x00,0x80,0x01,0x00,0x00,0x00
  1254 000084DA 5C008001000000      <2>
  1255 000084E1 00C001005C00C00100- <2>     db 0x00,0xc0,0x01,0x00,0x5c,0x00,0xc0,0x01,0x00,0x5c,0x00,0xc0,0x05,0x00,0x00,0x00
  1255 000084EA 5C00C005000000      <2>
  1256 000084F1 00C001007C00C00300- <2>     db 0x00,0xc0,0x01,0x00,0x7c,0x00,0xc0,0x03,0x00,0x3c,0x00,0xc0,0x05,0x00,0x00,0x00
  1256 000084FA 3C00C005000000      <2>
  1257 00008501 00C003003C00C00300- <2>     db 0x00,0xc0,0x03,0x00,0x3c,0x00,0xc0,0x03,0x00,0x3c,0x00,0xc0,0x03,0x00,0x00,0x00
  1257 0000850A 3C00C003000000      <2>
  1258 00008511 00C001003C00C00300- <2>     db 0x00,0xc0,0x01,0x00,0x3c,0x00,0xc0,0x03,0x00,0x3c,0x00,0xc0,0x01,0x00,0x00,0x00
  1258 0000851A 3C00C001000000      <2>
  1259 00008521 00C003003C00C00300- <2>     db 0x00,0xc0,0x03,0x00,0x3c,0x00,0xc0,0x03,0x00,0x3c,0x00,0xc0,0x07,0x00,0x00,0x00
  1259 0000852A 3C00C007000000      <2>
  1260 00008531 00C003003C00C00300- <2>     db 0x00,0xc0,0x03,0x00,0x3c,0x00,0xc0,0x03,0x00,0x3c,0x00,0xc0,0x03,0x00,0x00,0x00
  1260 0000853A 3C00C003000000      <2>
  1261 00008541 00C003003C00C00300- <2>     db 0x00,0xc0,0x03,0x00,0x3c,0x00,0xc0,0x03,0x00,0x3c,0x00,0xc0,0x03,0x00,0x00,0x00
  1261 0000854A 3C00C003000000      <2>
  1262 00008551 00C003003C00C00300- <2>     db 0x00,0xc0,0x03,0x00,0x3c,0x00,0xc0,0x03,0x00,0x3c,0x00,0xc0,0x03,0x00,0x00,0x00
  1262 0000855A 3C00C003000000      <2>
  1263 00008561 00C001001C00C00100- <2>     db 0x00,0xc0,0x01,0x00,0x1c,0x00,0xc0,0x01,0x00,0x3c,0x00,0xc0,0x03,0x00,0x00,0x00
  1263 0000856A 3C00C003000000      <2>
  1264 00008571 00C001003C00C00100- <2>     db 0x00,0xc0,0x01,0x00,0x3c,0x00,0xc0,0x01,0x00,0x3c,0x00,0xc0,0x03,0x00,0x00,0x00
  1264 0000857A 3C00C003000000      <2>
  1265 00008581 00C000003C00C00100- <2>     db 0x00,0xc0,0x00,0x00,0x3c,0x00,0xc0,0x01,0x00,0x3c,0x00,0xc0,0x02,0x00,0x00,0x00
  1265 0000858A 3C00C002000000      <2>
  1266 00008591 00C000002C00C00000- <2>     db 0x00,0xc0,0x00,0x00,0x2c,0x00,0xc0,0x00,0x00,0x0c,0x08,0xc0,0x02,0x00,0x00,0x00
  1266 0000859A 0C08C002000000      <2>
  1267 000085A1 00C000001C00C00100- <2>     db 0x00,0xc0,0x00,0x00,0x1c,0x00,0xc0,0x01,0x00,0x3c,0x08,0xc0,0x00,0x00,0x00,0x00
  1267 000085AA 3C08C000000000      <2>
  1268 000085B1 00C000002C00C00000- <2>     db 0x00,0xc0,0x00,0x00,0x2c,0x00,0xc0,0x00,0x00,0x0c,0x0c,0xc0,0x02,0x00,0x00,0x00
  1268 000085BA 0C0CC002000000      <2>
  1269 000085C1 00C001001C00C00100- <2>     db 0x00,0xc0,0x01,0x00,0x1c,0x00,0xc0,0x01,0x00,0x1c,0x0c,0xc0,0x01,0x00,0x00,0x00
  1269 000085CA 1C0CC001000000      <2>
  1270 000085D1 008000001C00C00100- <2>     db 0x00,0x80,0x00,0x00,0x1c,0x00,0xc0,0x01,0x00,0x1c,0x0c,0xc0,0x00,0x00,0x00,0x00
  1270 000085DA 1C0CC000000000      <2>
  1271 000085E1 00C000001C00C00100- <2>     db 0x00,0xc0,0x00,0x00,0x1c,0x00,0xc0,0x01,0x00,0x1e,0x04,0xc0,0x00,0x00,0x00,0x00
  1271 000085EA 1E04C000000000      <2>
  1272 000085F1 008000001C00C08100- <2>     db 0x00,0x80,0x00,0x00,0x1c,0x00,0xc0,0x81,0x00,0x1c,0x0c,0xc0,0x00,0x00,0x00,0x00
  1272 000085FA 1C0CC000000000      <2>
  1273 00008601 008000001C00C00100- <2>     db 0x00,0x80,0x00,0x00,0x1c,0x00,0xc0,0x01,0x00,0x1e,0x04,0xe0,0x00,0x00,0x00,0x00
  1273 0000860A 1E04E000000000      <2>
  1274 00008611 008000001C00C0C100- <2>     db 0x00,0x80,0x00,0x00,0x1c,0x00,0xc0,0xc1,0x00,0x1e,0x0e,0xc0,0x00,0x00,0x00,0x00
  1274 0000861A 1E0EC000000000      <2>
  1275 00008621 008001001C00C0C100- <2>     db 0x00,0x80,0x01,0x00,0x1c,0x00,0xc0,0xc1,0x00,0x1e,0x06,0xc0,0x00,0x00,0x00,0x00
  1275 0000862A 1E06C000000000      <2>
  1276 00008631 008000001C00C0C000- <2>     db 0x00,0x80,0x00,0x00,0x1c,0x00,0xc0,0xc0,0x00,0x1e,0x0e,0xe0,0x01,0x00,0x00,0x00
  1276 0000863A 1E0EE001000000      <2>
  1277 00008641 00C000001C00E0C000- <2>     db 0x00,0xc0,0x00,0x00,0x1c,0x00,0xe0,0xc0,0x00,0x1e,0x06,0xc0,0x01,0x00,0x00,0x00
  1277 0000864A 1E06C001000000      <2>
  1278 00008651 000000000800E0E000- <2>     db 0x00,0x00,0x00,0x00,0x08,0x00,0xe0,0xe0,0x00,0x0e,0xce,0xc0,0x01,0x00,0x00,0x00
  1278 0000865A 0ECEC001000000      <2>
  1279 00008661 000000000C00E06000- <2>     db 0x00,0x00,0x00,0x00,0x0c,0x00,0xe0,0x60,0x00,0x0e,0xce,0xe0,0x01,0x00,0x00,0x00
  1279 0000866A 0ECEE001000000      <2>
  1280 00008671 000000000C00606004- <2>     db 0x00,0x00,0x00,0x00,0x0c,0x00,0x60,0x60,0x04,0x06,0x5e,0x60,0x01,0x00,0x00,0x00
  1280 0000867A 065E6001000000      <2>
  1281 00008681 000000001C00E06000- <2>     db 0x00,0x00,0x00,0x00,0x1c,0x00,0xe0,0x60,0x00,0x0e,0xde,0x60,0x01,0x00,0x00,0x00
  1281 0000868A 0EDE6001000000      <2>
  1282 00008691 000000000800E06000- <2>     db 0x00,0x00,0x00,0x00,0x08,0x00,0xe0,0x60,0x00,0x0e,0xff,0x60,0x00,0x00,0x00,0x00
  1282 0000869A 0EFF6000000000      <2>
  1283 000086A1 000000000C00E06004- <2>     db 0x00,0x00,0x00,0x00,0x0c,0x00,0xe0,0x60,0x04,0x0e,0xff,0xe0,0x00,0x00,0x00,0x00
  1283 000086AA 0EFFE000000000      <2>
  1284 000086B1 000000000000E0F003- <2>     db 0x00,0x00,0x00,0x00,0x00,0x00,0xe0,0xf0,0x03,0x0e,0x7f,0xe0,0x00,0x00,0x00,0x00
  1284 000086BA 0E7FE000000000      <2>
  1285 000086C1 000000000000E0F007- <2>     db 0x00,0x00,0x00,0x00,0x00,0x00,0xe0,0xf0,0x07,0x0e,0xff,0xe0,0x00,0x00,0x00,0x00
  1285 000086CA 0EFFE000000000      <2>
  1286 000086D1 00000000000060F00F- <2>     db 0x00,0x00,0x00,0x00,0x00,0x00,0x60,0xf0,0x0f,0x06,0xff,0x60,0x00,0x00,0x00,0x00
  1286 000086DA 06FF6000000000      <2>
  1287 000086E1 00000000000060F007- <2>     db 0x00,0x00,0x00,0x00,0x00,0x00,0x60,0xf0,0x07,0x0e,0xff,0x60,0x00,0x00,0x00,0x00
  1287 000086EA 0EFF6000000000      <2>
  1288 000086F1 00000000000060F00F- <2>     db 0x00,0x00,0x00,0x00,0x00,0x00,0x60,0xf0,0x0f,0x0e,0xff,0xa0,0x00,0x00,0x00,0x00
  1288 000086FA 0EFFA000000000      <2>
  1289 00008701 00000000000060F00F- <2>     db 0x00,0x00,0x00,0x00,0x00,0x00,0x60,0xf0,0x0f,0x0e,0xff,0xa0,0x08,0x00,0x00,0x00
  1289 0000870A 0EFFA008000000      <2>
  1290 00008711 00000000000060F00F- <2>     db 0x00,0x00,0x00,0x00,0x00,0x00,0x60,0xf0,0x0f,0x06,0xef,0x20,0x08,0x00,0x00,0x00
  1290 0000871A 06EF2008000000      <2>
  1291 00008721 00000000000020F00F- <2>     db 0x00,0x00,0x00,0x00,0x00,0x00,0x20,0xf0,0x0f,0x02,0xef,0x20,0x08,0x00,0x00,0x00
  1291 0000872A 02EF2008000000      <2>
  1292 00008731 00000000000020F00F- <2>     db 0x00,0x00,0x00,0x00,0x00,0x00,0x20,0xf0,0x0f,0x83,0x7f,0x20,0x08,0x00,0x00,0x00
  1292 0000873A 837F2008000000      <2>
  1293 00008741 00000000000060F00F- <2>     db 0x00,0x00,0x00,0x00,0x00,0x00,0x60,0xf0,0x0f,0x87,0xff,0x20,0x08,0x00,0x00,0x00
  1293 0000874A 87FF2008000000      <2>
  1294 00008751 00000000000070F00F- <2>     db 0x00,0x00,0x00,0x00,0x00,0x00,0x70,0xf0,0x0f,0x87,0xff,0x60,0x08,0x00,0x00,0x00
  1294 0000875A 87FF6008000000      <2>
  1295 00008761 00000000000070F00E- <2>     db 0x00,0x00,0x00,0x00,0x00,0x00,0x70,0xf0,0x0e,0x87,0xef,0x30,0x08,0x00,0x00,0x00
  1295 0000876A 87EF3008000000      <2>
  1296 00008771 00000000000070F00F- <2>     db 0x00,0x00,0x00,0x00,0x00,0x00,0x70,0xf0,0x0f,0x87,0x6b,0x20,0x08,0x00,0x00,0x00
  1296 0000877A 876B2008000000      <2>
  1297 00008781 00000000000070F00F- <2>     db 0x00,0x00,0x00,0x00,0x00,0x00,0x70,0xf0,0x0f,0x87,0x7f,0x30,0x08,0x00,0x00,0x00
  1297 0000878A 877F3008000000      <2>
  1298 00008791 00000000000070F00F- <2>     db 0x00,0x00,0x00,0x00,0x00,0x00,0x70,0xf0,0x0f,0x87,0xef,0x30,0x08,0x00,0x00,0x00
  1298 0000879A 87EF3008000000      <2>
  1299 000087A1 00000000000030F00F- <2>     db 0x00,0x00,0x00,0x00,0x00,0x00,0x30,0xf0,0x0f,0x83,0xef,0x30,0x0c,0x00,0x00,0x00
  1299 000087AA 83EF300C000000      <2>
  1300 000087B1 00000000000030F00E- <2>     db 0x00,0x00,0x00,0x00,0x00,0x00,0x30,0xf0,0x0e,0x87,0xef,0x70,0x0c,0x00,0x00,0x00
  1300 000087BA 87EF700C000000      <2>
  1301 000087C1 00000000000030F006- <2>     db 0x00,0x00,0x00,0x00,0x00,0x00,0x30,0xf0,0x06,0xc3,0xef,0x50,0x0c,0x00,0x00,0x00
  1301 000087CA C3EF500C000000      <2>
  1302 000087D1 00000000000030F00F- <2>     db 0x00,0x00,0x00,0x00,0x00,0x00,0x30,0xf0,0x0f,0xc3,0xf7,0x70,0x0c,0x00,0x00,0x00
  1302 000087DA C3F7700C000000      <2>
  1303 000087E1 00000000000030F006- <2>     db 0x00,0x00,0x00,0x00,0x00,0x00,0x30,0xf0,0x06,0xc3,0xed,0x30,0x0c,0x00,0x00,0x00
  1303 000087EA C3ED300C000000      <2>
  1304 000087F1 00000000000010700E- <2>     db 0x00,0x00,0x00,0x00,0x00,0x00,0x10,0x70,0x0e,0xc1,0xe5,0x10,0x0c,0x00,0x00,0x00
  1304 000087FA C1E5100C000000      <2>
  1305 00008801 00000000000030D006- <2>     db 0x00,0x00,0x00,0x00,0x00,0x00,0x30,0xd0,0x06,0xc3,0xe7,0x10,0x0c,0x00,0x00,0x00
  1305 0000880A C3E7100C000000      <2>
  1306 00008811 00000000000030D006- <2>     db 0x00,0x00,0x00,0x00,0x00,0x00,0x30,0xd0,0x06,0xc3,0xe5,0x10,0x0c,0x00,0x00,0x00
  1306 0000881A C3E5100C000000      <2>
  1307 00008821 00000000000030D00E- <2>     db 0x00,0x00,0x00,0x00,0x00,0x00,0x30,0xd0,0x0e,0xc3,0xed,0x30,0x0e,0x00,0x00,0x00
  1307 0000882A C3ED300E000000      <2>
  1308 00008831 00000000000030D00E- <2>     db 0x00,0x00,0x00,0x00,0x00,0x00,0x30,0xd0,0x0e,0xc3,0xed,0x30,0x0c,0x00,0x00,0x00
  1308 0000883A C3ED300C000000      <2>
  1309 00008841 00000000000038F086- <2>     db 0x00,0x00,0x00,0x00,0x00,0x00,0x38,0xf0,0x86,0xc3,0xe7,0x10,0x0e,0x00,0x00,0x00
  1309 0000884A C3E7100E000000      <2>
  1310 00008851 00000000000038F006- <2>     db 0x00,0x00,0x00,0x00,0x00,0x00,0x38,0xf0,0x06,0xe3,0xec,0x30,0x0e,0x00,0x00,0x00
  1310 0000885A E3EC300E000000      <2>
  1311 00008861 00000000000018F086- <2>     db 0x00,0x00,0x00,0x00,0x00,0x00,0x18,0xf0,0x86,0xe1,0xe7,0x18,0x0e,0x00,0x00,0x00
  1311 0000886A E1E7180E000000      <2>
  1312 00008871 000000000000187087- <2>     db 0x00,0x00,0x00,0x00,0x00,0x00,0x18,0x70,0x87,0xe3,0xe6,0x38,0x0e,0x00,0x00,0x00
  1312 0000887A E3E6380E000000      <2>
  1313 00008881 000000000000186087- <2>     db 0x00,0x00,0x00,0x00,0x00,0x00,0x18,0x60,0x87,0xe3,0x66,0x18,0x0e,0x00,0x00,0x00
  1313 0000888A E366180E000000      <2>
  1314 00008891 00000000000018E087- <2>     db 0x00,0x00,0x00,0x00,0x00,0x00,0x18,0xe0,0x87,0xe1,0xea,0x20,0x06,0x00,0x00,0x00
  1314 0000889A E1EA2006000000      <2>
  1315 000088A1 000000000000186087- <2>     db 0x00,0x00,0x00,0x00,0x00,0x00,0x18,0x60,0x87,0xe1,0x66,0x18,0x0e,0x00,0x00,0x00
  1315 000088AA E166180E000000      <2>
  1316 000088B1 000000000000186087- <2>     db 0x00,0x00,0x00,0x00,0x00,0x00,0x18,0x60,0x87,0xe1,0x62,0x28,0x0e,0x00,0x00,0x00
  1316 000088BA E162280E000000      <2>
  1317 000088C1 000000000000186087- <2>     db 0x00,0x00,0x00,0x00,0x00,0x00,0x18,0x60,0x87,0x61,0x76,0x18,0x0e,0x00,0x00,0x00
  1317 000088CA 6176180E000000      <2>
  1318 000088D1 000000000000082087- <2>     db 0x00,0x00,0x00,0x00,0x00,0x00,0x08,0x20,0x87,0xf0,0x62,0x08,0x0f,0x00,0x00,0x00
  1318 000088DA F062080F000000      <2>
  1319 000088E1 000000000000186087- <2>     db 0x00,0x00,0x00,0x00,0x00,0x00,0x18,0x60,0x87,0xf1,0x76,0x18,0x07,0x00,0x00,0x00
  1319 000088EA F1761807000000      <2>
  1320 000088F1 000000000000186087- <2>     db 0x00,0x00,0x00,0x00,0x00,0x00,0x18,0x60,0x87,0x71,0x72,0x08,0x07,0x00,0x00,0x00
  1320 000088FA 71720807000000      <2>
  1321 00008901 000000000000186087- <2>     db 0x00,0x00,0x00,0x00,0x00,0x00,0x18,0x60,0x87,0x71,0x72,0x08,0x07,0x00,0x00,0x00
  1321 0000890A 71720807000000      <2>
  1322 00008911 000000000000186083- <2>     db 0x00,0x00,0x00,0x00,0x00,0x00,0x18,0x60,0x83,0x71,0x72,0x08,0x07,0x00,0x00,0x00
  1322 0000891A 71720807000000      <2>
  1323 00008921 000000000000087083- <2>     db 0x00,0x00,0x00,0x00,0x00,0x00,0x08,0x70,0x83,0x70,0x73,0x08,0x03,0x00,0x00,0x00
  1323 0000892A 70730803000000      <2>
  1324 00008931 0000000000000870C7- <2>     db 0x00,0x00,0x00,0x00,0x00,0x00,0x08,0x70,0xc7,0x30,0x73,0x0c,0x07,0x00,0x00,0x00
  1324 0000893A 30730C07000000      <2>
  1325 00008941 0000000000000C30C7- <2>     db 0x00,0x00,0x00,0x00,0x00,0x00,0x0c,0x30,0xc7,0x70,0x73,0x08,0x07,0x00,0x00,0x00
  1325 0000894A 70730807000000      <2>
  1326 00008951 0000000000000C70C7- <2>     db 0x00,0x00,0x00,0x00,0x00,0x00,0x0c,0x70,0xc7,0x71,0x33,0x10,0x07,0x00,0x00,0x00
  1326 0000895A 71331007000000      <2>
  1327 00008961 0000000000000C30C7- <2>     db 0x00,0x00,0x00,0x00,0x00,0x00,0x0c,0x30,0xc7,0x78,0x73,0x08,0x07,0x00,0x00,0x00
  1327 0000896A 78730807000000      <2>
  1328 00008971 0000000000000C30C7- <2>     db 0x00,0x00,0x00,0x00,0x00,0x00,0x0c,0x30,0xc7,0x78,0x73,0x94,0x03,0x00,0x00,0x00
  1328 0000897A 78739403000000      <2>
  1329 00008981 0000000000000C30C7- <2>     db 0x00,0x00,0x00,0x00,0x00,0x00,0x0c,0x30,0xc7,0x38,0x73,0x8c,0x03,0x00,0x00,0x00
  1329 0000898A 38738C03000000      <2>
  1330 00008991 0000000000000C30C7- <2>     db 0x00,0x00,0x00,0x00,0x00,0x00,0x0c,0x30,0xc7,0x38,0x71,0x84,0x03,0x00,0x00,0x00
  1330 0000899A 38718403000000      <2>
  1331 000089A1 0000000000000C30C7- <2>     db 0x00,0x00,0x00,0x00,0x00,0x00,0x0c,0x30,0xc7,0x38,0x71,0x84,0x03,0x00,0x00,0x00
  1331 000089AA 38718403000000      <2>
  1332 000089B1 000000000000041047- <2>     db 0x00,0x00,0x00,0x00,0x00,0x00,0x04,0x10,0x47,0x38,0x71,0x84,0x01,0x00,0x00,0x00
  1332 000089BA 38718401000000      <2>
  1333 000089C1 0000000000000C30C3- <2>     db 0x00,0x00,0x00,0x00,0x00,0x00,0x0c,0x30,0xc3,0x38,0x71,0x84,0x03,0x00,0x00,0x00
  1333 000089CA 38718403000000      <2>
  1334 000089D1 0000000000000C30C3- <2>     db 0x00,0x00,0x00,0x00,0x00,0x00,0x0c,0x30,0xc3,0x38,0x73,0x84,0x03,0x00,0x00,0x00
  1334 000089DA 38738403000000      <2>
  1335 000089E1 0000000000000C30C3- <2>     db 0x00,0x00,0x00,0x00,0x00,0x00,0x0c,0x30,0xc3,0x38,0x73,0x84,0x03,0x00,0x00,0x00
  1335 000089EA 38738403000000      <2>
  1336 000089F1 0000000000000610C3- <2>     db 0x00,0x00,0x00,0x00,0x00,0x00,0x06,0x10,0xc3,0x38,0x31,0xcc,0x03,0x00,0x00,0x00
  1336 000089FA 3831CC03000000      <2>
  1337 00008A01 0000000000000610E3- <2>     db 0x00,0x00,0x00,0x00,0x00,0x00,0x06,0x10,0xe3,0xbc,0x31,0xcc,0x03,0x00,0x00,0x00
  1337 00008A0A BC31CC03000000      <2>
  1338 00008A11 0000000000000610E3- <2>     db 0x00,0x00,0x00,0x00,0x00,0x00,0x06,0x10,0xe3,0x9c,0x31,0xc6,0x09,0x00,0x00,0x00
  1338 00008A1A 9C31C609000000      <2>
  1339 00008A21 000000000000061063- <2>     db 0x00,0x00,0x00,0x00,0x00,0x00,0x06,0x10,0x63,0x9c,0x39,0xc6,0x09,0x00,0x00,0x00
  1339 00008A2A 9C39C609000000      <2>
  1340 00008A31 000000000000061063- <2>     db 0x00,0x00,0x00,0x00,0x00,0x00,0x06,0x10,0x63,0x9c,0x39,0xc6,0x09,0x00,0x00,0x00
  1340 00008A3A 9C39C609000000      <2>
  1341 00008A41 000000000000069063- <2>     db 0x00,0x00,0x00,0x00,0x00,0x00,0x06,0x90,0x63,0x8c,0x38,0xc6,0x09,0x00,0x00,0x00
  1341 00008A4A 8C38C609000000      <2>
  1342 00008A51 000000000000069063- <2>     db 0x00,0x00,0x00,0x00,0x00,0x00,0x06,0x90,0x63,0x9c,0x39,0xc6,0x08,0x00,0x00,0x00
  1342 00008A5A 9C39C608000000      <2>
  1343 00008A61 000000000000069063- <2>     db 0x00,0x00,0x00,0x00,0x00,0x00,0x06,0x90,0x63,0x9c,0x39,0xc6,0x09,0x00,0x00,0x00
  1343 00008A6A 9C39C609000000      <2>
  1344 00008A71 000000000000029023- <2>     db 0x00,0x00,0x00,0x00,0x00,0x00,0x02,0x90,0x23,0x9c,0x39,0xc2,0x09,0x00,0x00,0x00
  1344 00008A7A 9C39C209000000      <2>
  1345 00008A81 000000000000069063- <2>     db 0x00,0x00,0x00,0x00,0x00,0x00,0x06,0x90,0x63,0x9c,0x39,0xc2,0x09,0x00,0x00,0x00
  1345 00008A8A 9C39C209000000      <2>
  1346 00008A91 000000000000069063- <2>     db 0x00,0x00,0x00,0x00,0x00,0x00,0x06,0x90,0x63,0x8c,0x39,0xe2,0x08,0x00,0x00,0x00
  1346 00008A9A 8C39E208000000      <2>
  1347 00008AA1 000000000000069061- <2>     db 0x00,0x00,0x00,0x00,0x00,0x00,0x06,0x90,0x61,0x8e,0x38,0xe6,0x08,0x00,0x00,0x00
  1347 00008AAA 8E38E608000000      <2>
  1348 00008AB1 000000000000068063- <2>     db 0x00,0x00,0x00,0x00,0x00,0x00,0x06,0x80,0x63,0x8e,0x38,0xe6,0x08,0x00,0x00,0x00
  1348 00008ABA 8E38E608000000      <2>
  1349 00008AC1 000000000000068071- <2>     db 0x00,0x00,0x00,0x00,0x00,0x00,0x06,0x80,0x71,0x8e,0x18,0xe6,0x0c,0x00,0x00,0x00
  1349 00008ACA 8E18E60C000000      <2>
  1350 00008AD1 000000000000008031- <2>     db 0x00,0x00,0x00,0x00,0x00,0x00,0x00,0x80,0x31,0xc6,0x18,0x62,0x0c,0x00,0x00,0x00
  1350 00008ADA C618620C000000      <2>
  1351 00008AE1 000000000000008033- <2>     db 0x00,0x00,0x00,0x00,0x00,0x00,0x00,0x80,0x33,0xce,0x38,0xe2,0x0c,0x00,0x00,0x00
  1351 00008AEA CE38E20C000000      <2>
  1352 00008AF1 000000000000008C33- <2>     db 0x00,0x00,0x00,0x00,0x00,0x00,0x00,0x8c,0x33,0xce,0x38,0xe3,0x0c,0x00,0x00,0x00
  1352 00008AFA CE38E30C000000      <2>
  1353 00008B01 000000000000008C33- <2>     db 0x00,0x00,0x00,0x00,0x00,0x00,0x00,0x8c,0x33,0xce,0x38,0xe3,0x0c,0x00,0x00,0x00
  1353 00008B0A CE38E30C000000      <2>
  1354 00008B11 000000000000008C33- <2>     db 0x00,0x00,0x00,0x00,0x00,0x00,0x00,0x8c,0x33,0xce,0x38,0xe1,0x0c,0x00,0x00,0x00
  1354 00008B1A CE38E10C000000      <2>
  1355 00008B21 000000000000008C33- <2>     db 0x00,0x00,0x00,0x00,0x00,0x00,0x00,0x8c,0x33,0xc7,0x38,0xf1,0x0c,0x00,0x00,0x00
  1355 00008B2A C738F10C000000      <2>
  1356 00008B31 000000000000008C13- <2>     db 0x00,0x00,0x00,0x00,0x00,0x00,0x00,0x8c,0x13,0xc7,0x38,0x71,0x0c,0x00,0x00,0x00
  1356 00008B3A C738710C000000      <2>
  1357 00008B41 000000000000008433- <2>     db 0x00,0x00,0x00,0x00,0x00,0x00,0x00,0x84,0x33,0xc7,0x38,0x71,0x0c,0x00,0x00,0x00
  1357 00008B4A C738710C000000      <2>
  1358 00008B51 000000000000008433- <2>     db 0x00,0x00,0x00,0x00,0x00,0x00,0x00,0x84,0x33,0xc7,0x18,0x71,0x0c,0x00,0x00,0x00
  1358 00008B5A C718710C000000      <2>
  1359 00008B61 000000000000008C33- <2>     db 0x00,0x00,0x00,0x00,0x00,0x00,0x00,0x8c,0x33,0xc7,0x1c,0x73,0x04,0x00,0x00,0x00
  1359 00008B6A C71C7304000000      <2>
  1360 00008B71 000000000000008C31- <2>     db 0x00,0x00,0x00,0x00,0x00,0x00,0x00,0x8c,0x31,0xc7,0x1c,0x71,0x0c,0x00,0x00,0x00
  1360 00008B7A C71C710C000000      <2>
  1361 00008B81 000000000000008C31- <2>     db 0x00,0x00,0x00,0x00,0x00,0x00,0x00,0x8c,0x31,0xc7,0x1c,0x71,0x04,0x00,0x00,0x00
  1361 00008B8A C71C7104000000      <2>
  1362 00008B91 000000000000008C11- <2>     db 0x00,0x00,0x00,0x00,0x00,0x00,0x00,0x8c,0x11,0xc7,0x1c,0x71,0x04,0x00,0x00,0x00
  1362 00008B9A C71C7104000000      <2>
  1363 00008BA1 00000000000000C611- <2>     db 0x00,0x00,0x00,0x00,0x00,0x00,0x00,0xc6,0x11,0xe7,0x1c,0x71,0x04,0x00,0x00,0x00
  1363 00008BAA E71C7104000000      <2>
  1364 00008BB1 00000000000000C699- <2>     db 0x00,0x00,0x00,0x00,0x00,0x00,0x00,0xc6,0x99,0xe3,0x1c,0x33,0x06,0x00,0x00,0x00
  1364 00008BBA E31C3306000000      <2>
  1365 00008BC1 00000000000000C699- <2>     db 0x00,0x00,0x00,0x00,0x00,0x00,0x00,0xc6,0x99,0x63,0x9c,0x38,0x06,0x00,0x00,0x00
  1365 00008BCA 639C3806000000      <2>
  1366 00008BD1 00000000000000C699- <2>     db 0x00,0x00,0x00,0x00,0x00,0x00,0x00,0xc6,0x99,0x63,0x9c,0x38,0x06,0x00,0x00,0x00
  1366 00008BDA 639C3806000000      <2>
  1367 00008BE1 00000000000000C699- <2>     db 0x00,0x00,0x00,0x00,0x00,0x00,0x00,0xc6,0x99,0x61,0x9c,0x39,0x06,0x00,0x00,0x00
  1367 00008BEA 619C3906000000      <2>
  1368 00008BF1 00000000000000C289- <2>     db 0x00,0x00,0x00,0x00,0x00,0x00,0x00,0xc2,0x89,0x23,0x9c,0x38,0x02,0x00,0x00,0x00
  1368 00008BFA 239C3802000000      <2>
  1369 00008C01 00000000000000C699- <2>     db 0x00,0x00,0x00,0x00,0x00,0x00,0x00,0xc6,0x99,0x63,0x8c,0x18,0x02,0x00,0x00,0x00
  1369 00008C0A 638C1802000000      <2>
  1370 00008C11 00000000000000C699- <2>     db 0x00,0x00,0x00,0x00,0x00,0x00,0x00,0xc6,0x99,0x63,0x9c,0x38,0x02,0x00,0x00,0x00
  1370 00008C1A 639C3802000000      <2>
  1371 00008C21 00000000000000C699- <2>     db 0x00,0x00,0x00,0x00,0x00,0x00,0x00,0xc6,0x99,0x63,0x8c,0x39,0x06,0x00,0x00,0x00
  1371 00008C2A 638C3906000000      <2>
  1372 00008C31 00000000000000C6D9- <2>     db 0x00,0x00,0x00,0x00,0x00,0x00,0x00,0xc6,0xd9,0x61,0x8c,0x38,0x06,0x00,0x00,0x00
  1372 00008C3A 618C3806000000      <2>
  1373 00008C41 00000000000000C6D9- <2>     db 0x00,0x00,0x00,0x00,0x00,0x00,0x00,0xc6,0xd9,0x61,0x9c,0x19,0x02,0x00,0x00,0x00
  1373 00008C4A 619C1902000000      <2>
  1374 00008C51 00000000000000C2C9- <2>     db 0x00,0x00,0x00,0x00,0x00,0x00,0x00,0xc2,0xc9,0x61,0x9c,0x1c,0x06,0x00,0x00,0x00
  1374 00008C5A 619C1C06000000      <2>
  1375 00008C61 00000000000000C2DD- <2>     db 0x00,0x00,0x00,0x00,0x00,0x00,0x00,0xc2,0xdd,0x61,0x9c,0x1d,0x03,0x00,0x00,0x00
  1375 00008C6A 619C1D03000000      <2>
  1376 00008C71 00000000000000C3CD- <2>     db 0x00,0x00,0x00,0x00,0x00,0x00,0x00,0xc3,0xcd,0x30,0xdc,0x1d,0x03,0x00,0x00,0x00
  1376 00008C7A 30DC1D03000000      <2>
  1377 00008C81 00000000000000C3DD- <2>     db 0x00,0x00,0x00,0x00,0x00,0x00,0x00,0xc3,0xdd,0x31,0xdc,0x1c,0x03,0x00,0x00,0x00
  1377 00008C8A 31DC1C03000000      <2>
  1378 00008C91 00000000000000C3CD- <2>     db 0x00,0x00,0x00,0x00,0x00,0x00,0x00,0xc3,0xcd,0x31,0x1c,0x0d,0x00,0x00,0x00,0x00
  1378 00008C9A 311C0D00000000      <2>
  1379 00008CA1 00000000000000C3CD- <2>     db 0x00,0x00,0x00,0x00,0x00,0x00,0x00,0xc3,0xcd,0x31,0xce,0x1c,0x03,0x00,0x00,0x00
  1379 00008CAA 31CE1C03000000      <2>
  1380 00008CB1 00000000000000C3CD- <2>     db 0x00,0x00,0x00,0x00,0x00,0x00,0x00,0xc3,0xcd,0x30,0x5c,0x1c,0x01,0x00,0x00,0x00
  1380 00008CBA 305C1C01000000      <2>
  1381 00008CC1 00000000000000C3ED- <2>     db 0x00,0x00,0x00,0x00,0x00,0x00,0x00,0xc3,0xed,0x31,0xce,0x1c,0x03,0x00,0x00,0x00
  1381 00008CCA 31CE1C03000000      <2>
  1382 00008CD1 00000000000000C1E5- <2>     db 0x00,0x00,0x00,0x00,0x00,0x00,0x00,0xc1,0xe5,0x10,0x4e,0x9e,0x01,0x00,0x00,0x00
  1382 00008CDA 104E9E01000000      <2>
  1383 00008CE1 00000000000000E1ED- <2>     db 0x00,0x00,0x00,0x00,0x00,0x00,0x00,0xe1,0xed,0x30,0xce,0x0e,0x03,0x00,0x00,0x00
  1383 00008CEA 30CE0E03000000      <2>
  1384 00008CF1 00000000000000E3ED- <2>     db 0x00,0x00,0x00,0x00,0x00,0x00,0x00,0xe3,0xed,0x30,0x4e,0x0e,0x01,0x00,0x00,0x00
  1384 00008CFA 304E0E01000000      <2>
  1385 00008D01 00000000000080E3ED- <2>     db 0x00,0x00,0x00,0x00,0x00,0x00,0x80,0xe3,0xed,0x38,0xce,0x0e,0x01,0x00,0x00,0x00
  1385 00008D0A 38CE0E01000000      <2>
  1386 00008D11 00000000000080E3ED- <2>     db 0x00,0x00,0x00,0x00,0x00,0x00,0x80,0xe3,0xed,0x38,0x4e,0x0e,0x01,0x00,0x00,0x00
  1386 00008D1A 384E0E01000000      <2>
  1387 00008D21 00000000000080E1E7- <2>     db 0x00,0x00,0x00,0x00,0x00,0x00,0x80,0xe1,0xe7,0x38,0x4e,0x8e,0x01,0x00,0x00,0x00
  1387 00008D2A 384E8E01000000      <2>
  1388 00008D31 00000000000080E1ED- <2>     db 0x00,0x00,0x00,0x00,0x00,0x00,0x80,0xe1,0xed,0x38,0xce,0x8e,0x01,0x00,0x00,0x00
  1388 00008D3A 38CE8E01000000      <2>
  1389 00008D41 00000000000080E177- <2>     db 0x00,0x00,0x00,0x00,0x00,0x00,0x80,0xe1,0x77,0x18,0xce,0x8e,0x01,0x00,0x00,0x00
  1389 00008D4A 18CE8E01000000      <2>
  1390 00008D51 00000000000080E176- <2>     db 0x00,0x00,0x00,0x00,0x00,0x00,0x80,0xe1,0x76,0x38,0xee,0x8f,0x03,0x00,0x00,0x00
  1390 00008D5A 38EE8F03000000      <2>
  1391 00008D61 00000000000080E176- <2>     db 0x00,0x00,0x00,0x00,0x00,0x00,0x80,0xe1,0x76,0x18,0x6e,0x8f,0x01,0x00,0x00,0x00
  1391 00008D6A 186E8F01000000      <2>
  1392 00008D71 00000000000080E177- <2>     db 0x00,0x00,0x00,0x00,0x00,0x00,0x80,0xe1,0x77,0x18,0x6e,0x87,0x01,0x00,0x00,0x00
  1392 00008D7A 186E8701000000      <2>
  1393 00008D81 00000000000080E176- <2>     db 0x00,0x00,0x00,0x00,0x00,0x00,0x80,0xe1,0x76,0x18,0x6e,0x87,0x01,0x00,0x00,0x00
  1393 00008D8A 186E8701000000      <2>
  1394 00008D91 00000000000080E176- <2>     db 0x00,0x00,0x00,0x00,0x00,0x00,0x80,0xe1,0x76,0x18,0x26,0x83,0x00,0x00,0x00,0x00
  1394 00008D9A 18268300000000      <2>
  1395 00008DA1 00000000000080E173- <2>     db 0x00,0x00,0x00,0x00,0x00,0x00,0x80,0xe1,0x73,0x18,0x36,0x83,0x00,0x00,0x00,0x00
  1395 00008DAA 18368300000000      <2>
  1396 00008DB1 00000000000080E07A- <2>     db 0x00,0x00,0x00,0x00,0x00,0x00,0x80,0xe0,0x7a,0x08,0x2e,0x87,0x00,0x00,0x00,0x00
  1396 00008DBA 082E8700000000      <2>
  1397 00008DC1 00000000000080E13F- <2>     db 0x00,0x00,0x00,0x00,0x00,0x00,0x80,0xe1,0x3f,0x18,0xf6,0x87,0x00,0x00,0x00,0x00
  1397 00008DCA 18F68700000000      <2>
  1398 00008DD1 00000000000080E13F- <2>     db 0x00,0x00,0x00,0x00,0x00,0x00,0x80,0xe1,0x3f,0x18,0xf6,0x87,0x00,0x00,0x00,0x00
  1398 00008DDA 18F68700000000      <2>
  1399 00008DE1 00000000000080E13F- <2>     db 0x00,0x00,0x00,0x00,0x00,0x00,0x80,0xe1,0x3f,0x18,0xfe,0x87,0x00,0x00,0x00,0x00
  1399 00008DEA 18FE8700000000      <2>
  1400 00008DF1 000000000000C0E03F- <2>     db 0x00,0x00,0x00,0x00,0x00,0x00,0xc0,0xe0,0x3f,0x1c,0xf7,0x83,0x00,0x00,0x00,0x00
  1400 00008DFA 1CF78300000000      <2>
  1401 00008E01 000000000000C0E03F- <2>     db 0x00,0x00,0x00,0x00,0x00,0x00,0xc0,0xe0,0x3f,0x1c,0xff,0x83,0x00,0x00,0x00,0x00
  1401 00008E0A 1CFF8300000000      <2>
  1402 00008E11 000000000000C0E13F- <2>     db 0x00,0x00,0x00,0x00,0x00,0x00,0xc0,0xe1,0x3f,0x1c,0xb7,0xc3,0x00,0x00,0x00,0x00
  1402 00008E1A 1CB7C300000000      <2>
  1403 00008E21 000000000000C0E03F- <2>     db 0x00,0x00,0x00,0x00,0x00,0x00,0xc0,0xe0,0x3f,0x0c,0xbf,0xc3,0x00,0x00,0x00,0x00
  1403 00008E2A 0CBFC300000000      <2>
  1404 00008E31 000000000000C0E03F- <2>     db 0x00,0x00,0x00,0x00,0x00,0x00,0xc0,0xe0,0x3f,0x0c,0xf7,0x43,0x00,0x00,0x00,0x00
  1404 00008E3A 0CF74300000000      <2>
  1405 00008E41 000000000000C0F01F- <2>     db 0x00,0x00,0x00,0x00,0x00,0x00,0xc0,0xf0,0x1f,0x0c,0xbf,0x43,0x00,0x00,0x00,0x00
  1405 00008E4A 0CBF4300000000      <2>
  1406 00008E51 00000000000040F01F- <2>     db 0x00,0x00,0x00,0x00,0x00,0x00,0x40,0xf0,0x1f,0x0c,0xff,0xc1,0x00,0x00,0x00,0x00
  1406 00008E5A 0CFFC100000000      <2>
  1407 00008E61 00000000000040F01F- <2>     db 0x00,0x00,0x00,0x00,0x00,0x00,0x40,0xf0,0x1f,0x0c,0xff,0xc1,0x00,0x00,0x00,0x00
  1407 00008E6A 0CFFC100000000      <2>
  1408 00008E71 000000000000E0F01D- <2>     db 0x00,0x00,0x00,0x00,0x00,0x00,0xe0,0xf0,0x1d,0x0e,0xdf,0xc0,0x00,0x00,0x00,0x00
  1408 00008E7A 0EDFC000000000      <2>
  1409 00008E81 000000000000E0F00F- <2>     db 0x00,0x00,0x00,0x00,0x00,0x00,0xe0,0xf0,0x0f,0x0e,0xdf,0xc1,0x00,0x00,0x00,0x00
  1409 00008E8A 0EDFC100000000      <2>
  1410 00008E91 000000000000E0F01F- <2>     db 0x00,0x00,0x00,0x00,0x00,0x00,0xe0,0xf0,0x1f,0x0e,0xdf,0x61,0x00,0x00,0x00,0x00
  1410 00008E9A 0EDF6100000000      <2>
  1411 00008EA1 000000000000E0F00F- <2>     db 0x00,0x00,0x00,0x00,0x00,0x00,0xe0,0xf0,0x0f,0x0e,0xf7,0xe1,0x00,0x00,0x00,0x00
  1411 00008EAA 0EF7E100000000      <2>
  1412 00008EB1 000000000000E0F00F- <2>     db 0x00,0x00,0x00,0x00,0x00,0x00,0xe0,0xf0,0x0f,0x0e,0xdf,0x61,0x00,0x00,0x00,0x00
  1412 00008EBA 0EDF6100000000      <2>
  1413 00008EC1 00000000000060F00F- <2>     db 0x00,0x00,0x00,0x00,0x00,0x00,0x60,0xf0,0x0f,0x0e,0xff,0x60,0x00,0x00,0x00,0x00
  1413 00008ECA 0EFF6000000000      <2>
  1414 00008ED1 000000000000E0F00F- <2>     db 0x00,0x00,0x00,0x00,0x00,0x00,0xe0,0xf0,0x0f,0x0e,0xff,0xe0,0x00,0x00,0x00,0x00
  1414 00008EDA 0EFFE000000000      <2>
  1415 00008EE1 00000000000060F00F- <2>     db 0x00,0x00,0x00,0x00,0x00,0x00,0x60,0xf0,0x0f,0x06,0xff,0x60,0x00,0x00,0x00,0x00
  1415 00008EEA 06FF6000000000      <2>
  1416 00008EF1 00000000000060F007- <2>     db 0x00,0x00,0x00,0x00,0x00,0x00,0x60,0xf0,0x07,0x06,0xff,0x60,0x00,0x00,0x00,0x00
  1416 00008EFA 06FF6000000000      <2>
  1417 00008F01 00000000000060F007- <2>     db 0x00,0x00,0x00,0x00,0x00,0x00,0x60,0xf0,0x07,0x06,0xff,0x60,0x00,0x00,0x00,0x00
  1417 00008F0A 06FF6000000000      <2>
  1418 00008F11 000000000400607000- <2>     db 0x00,0x00,0x00,0x00,0x04,0x00,0x60,0x70,0x00,0x06,0x3f,0x20,0x00,0x00,0x00,0x00
  1418 00008F1A 063F2000000000      <2>
  1419 00008F21 000000000400607000- <2>     db 0x00,0x00,0x00,0x00,0x04,0x00,0x60,0x70,0x00,0x06,0x3f,0x20,0x00,0x00,0x00,0x00
  1419 00008F2A 063F2000000000      <2>
  1420 00008F31 000000000400303000- <2>     db 0x00,0x00,0x00,0x00,0x04,0x00,0x30,0x30,0x00,0x07,0x6f,0x70,0x00,0x00,0x00,0x00
  1420 00008F3A 076F7000000000      <2>
  1421 00008F41 000000000400303000- <2>     db 0x00,0x00,0x00,0x00,0x04,0x00,0x30,0x30,0x00,0x07,0x7f,0x70,0x00,0x00,0x00,0x00
  1421 00008F4A 077F7000000000      <2>
  1422 00008F51 000000000600303000- <2>     db 0x00,0x00,0x00,0x00,0x06,0x00,0x30,0x30,0x00,0x07,0x47,0x70,0x00,0x00,0x00,0x00
  1422 00008F5A 07477000000000      <2>
  1423 00008F61 002000000600703000- <2>     db 0x00,0x20,0x00,0x00,0x06,0x00,0x70,0x30,0x00,0x07,0x67,0x30,0x00,0x00,0x00,0x00
  1423 00008F6A 07673000000000      <2>
  1424 00008F71 006000000600703000- <2>     db 0x00,0x60,0x00,0x00,0x06,0x00,0x70,0x30,0x00,0x07,0x03,0x70,0x00,0x00,0x00,0x00
  1424 00008F7A 07037000000000      <2>
  1425 00008F81 006000000600703000- <2>     db 0x00,0x60,0x00,0x00,0x06,0x00,0x70,0x30,0x00,0x07,0x03,0x70,0x00,0x00,0x00,0x00
  1425 00008F8A 07037000000000      <2>
  1426 00008F91 006000000700703000- <2>     db 0x00,0x60,0x00,0x00,0x07,0x00,0x70,0x30,0x00,0x07,0x03,0x70,0x00,0x00,0x00,0x00
  1426 00008F9A 07037000000000      <2>
  1427 00008FA1 006000000700703000- <2>     db 0x00,0x60,0x00,0x00,0x07,0x00,0x70,0x30,0x00,0x07,0x03,0x70,0x08,0x00,0x00,0x00
  1427 00008FAA 07037008000000      <2>
  1428 00008FB1 007000000700700000- <2>     db 0x00,0x70,0x00,0x00,0x07,0x00,0x70,0x00,0x00,0x07,0x03,0x78,0x08,0x00,0x00,0x00
  1428 00008FBA 07037808000000      <2>
  1429 00008FC1 007000000700700000- <2>     db 0x00,0x70,0x00,0x00,0x07,0x00,0x70,0x00,0x00,0x07,0x03,0x70,0x08,0x00,0x00,0x00
  1429 00008FCA 07037008000000      <2>
  1430 00008FD1 005000800700380080- <2>     db 0x00,0x50,0x00,0x80,0x07,0x00,0x38,0x00,0x80,0x07,0x01,0x58,0x00,0x00,0x00,0x00
  1430 00008FDA 07015800000000      <2>
  1431 00008FE1 003000800700580080- <2>     db 0x00,0x30,0x00,0x80,0x07,0x00,0x58,0x00,0x80,0x07,0x01,0x38,0x00,0x00,0x00,0x00
  1431 00008FEA 07013800000000      <2>
  1432 00008FF1 005000800500180080- <2>     db 0x00,0x50,0x00,0x80,0x05,0x00,0x18,0x00,0x80,0x05,0x03,0x58,0x08,0x00,0x00,0x00
  1432 00008FFA 05035808000000      <2>
  1433 00009001 001800800300380080- <2>     db 0x00,0x18,0x00,0x80,0x03,0x00,0x38,0x00,0x80,0x03,0x01,0x18,0x00,0x00,0x00,0x00
  1433 0000900A 03011800000000      <2>
  1434 00009011 001800800100180080- <2>     db 0x00,0x18,0x00,0x80,0x01,0x00,0x18,0x00,0x80,0x01,0x01,0x18,0x00,0x00,0x00,0x00
  1434 0000901A 01011800000000      <2>
  1435 00009021 003800800300380080- <2>     db 0x00,0x38,0x00,0x80,0x03,0x00,0x38,0x00,0x80,0x03,0x01,0x38,0x00,0x00,0x00,0x00
  1435 0000902A 03013800000000      <2>
  1436 00009031 003800800300380080- <2>     db 0x00,0x38,0x00,0x80,0x03,0x00,0x38,0x00,0x80,0x03,0x00,0x38,0x00,0x00,0x00,0x00
  1436 0000903A 03003800000000      <2>
  1437 00009041 003800800300380080- <2>     db 0x00,0x38,0x00,0x80,0x03,0x00,0x38,0x00,0x80,0x03,0x00,0x38,0x00,0x00,0x00,0x00
  1437 0000904A 03003800000000      <2>
  1438 00009051 003C00C003003C00C0- <2>     db 0x00,0x3c,0x00,0xc0,0x03,0x00,0x3c,0x00,0xc0,0x03,0x00,0x3c,0x00,0x00,0x00,0x00
  1438 0000905A 03003C00000000      <2>
  1439 00009061 003800C003003C00C0- <2>     db 0x00,0x38,0x00,0xc0,0x03,0x00,0x3c,0x00,0xc0,0x03,0x00,0x3c,0x00,0x00,0x00,0x00
  1439 0000906A 03003C00000000      <2>
  1440 00009071 003C00C003003C00C0- <2>     db 0x00,0x3c,0x00,0xc0,0x03,0x00,0x3c,0x00,0xc0,0x03,0x00,0x3c,0x00,0x00,0x00,0x00
  1440 0000907A 03003C00000000      <2>
  1441 00009081 003800C003003C00C0- <2>     db 0x00,0x38,0x00,0xc0,0x03,0x00,0x3c,0x00,0xc0,0x03,0x00,0x3c,0x00,0x00,0x00,0x00
  1441 0000908A 03003C00000000      <2>
  1442 00009091 002C00C003003C00C0- <2>     db 0x00,0x2c,0x00,0xc0,0x03,0x00,0x3c,0x00,0xc0,0x03,0x00,0x2c,0x00,0x00,0x00,0x00
  1442 0000909A 03002C00000000      <2>
  1443 000090A1 003C00C003003C00C0- <2>     db 0x00,0x3c,0x00,0xc0,0x03,0x00,0x3c,0x00,0xc0,0x03,0x00,0x3c,0x00,0x00,0x00,0x00
  1443 000090AA 03003C00000000      <2>
  1444 000090B1 002C00C003001C00C0- <2>     db 0x00,0x2c,0x00,0xc0,0x03,0x00,0x1c,0x00,0xc0,0x03,0x00,0x2c,0x00,0x00,0x00,0x00
  1444 000090BA 03002C00000000      <2>
  1445 000090C1 000C00E002000C00C0- <2>     db 0x00,0x0c,0x00,0xe0,0x02,0x00,0x0c,0x00,0xc0,0x00,0x00,0x0e,0x00,0x00,0x00,0x00
  1445 000090CA 00000E00000000      <2>
  1446 000090D1 002C00C002002C00C0- <2>     db 0x00,0x2c,0x00,0xc0,0x02,0x00,0x2c,0x00,0xc0,0x02,0x00,0x2c,0x00,0x00,0x00,0x00
  1446 000090DA 02002C00000000      <2>
  1447 000090E1 003E00E003000C00E0- <2>     db 0x00,0x3e,0x00,0xe0,0x03,0x00,0x0c,0x00,0xe0,0x03,0x00,0x3e,0x00,0x00,0x00,0x00
  1447 000090EA 03003E00000000      <2>
  1448 000090F1 000E00E002000E00E0- <2>     db 0x00,0x0e,0x00,0xe0,0x02,0x00,0x0e,0x00,0xe0,0x00,0x00,0x0e,0x00,0x00,0x00,0x00
  1448 000090FA 00000E00000000      <2>
  1449 00009101 001E00E003000E00E0- <2>     db 0x00,0x1e,0x00,0xe0,0x03,0x00,0x0e,0x00,0xe0,0x01,0x00,0x1e,0x00,0x00,0x00,0x00
  1449 0000910A 01001E00000000      <2>
  1450 00009111 000600E003001E00E0- <2>     db 0x00,0x06,0x00,0xe0,0x03,0x00,0x1e,0x00,0xe0,0x01,0x00,0x06,0x00,0x00,0x00,0x00
  1450 0000911A 01000600000000      <2>
  1451 00009121 001E00E003001E00E0- <2>     db 0x00,0x1e,0x00,0xe0,0x03,0x00,0x1e,0x00,0xe0,0x01,0x00,0x1e,0x00,0x00,0x00,0x00
  1451 0000912A 01001E00000000      <2>
  1452 00009131 000600E003001E00E0- <2>     db 0x00,0x06,0x00,0xe0,0x03,0x00,0x1e,0x00,0xe0,0x01,0x00,0x06,0x00,0x00,0x00,0x00
  1452 0000913A 01000600000000      <2>
  1453 00009141 001E00F001001E00E0- <2>     db 0x00,0x1e,0x00,0xf0,0x01,0x00,0x1e,0x00,0xe0,0x01,0x00,0x1f,0x00,0x00,0x00,0x00
  1453 0000914A 01001F00000000      <2>
  1454 00009151 000700F003001F00F0- <2>     db 0x00,0x07,0x00,0xf0,0x03,0x00,0x1f,0x00,0xf0,0x01,0x00,0x07,0x00,0x00,0x00,0x00
  1454 0000915A 01000700000000      <2>
  1455 00009161 001F00F001001F00F0- <2>     db 0x00,0x1f,0x00,0xf0,0x01,0x00,0x1f,0x00,0xf0,0x01,0x00,0x0f,0x00,0x00,0x00,0x00
  1455 0000916A 01000F00000000      <2>
  1456 00009171 000700700100170070- <2>     db 0x00,0x07,0x00,0x70,0x01,0x00,0x17,0x00,0x70,0x01,0x00,0x07,0x00,0x00,0x00,0x00
  1456 0000917A 01000700000000      <2>
  1457 00009181 001F00F001001700F0- <2>     db 0x00,0x1f,0x00,0xf0,0x01,0x00,0x17,0x00,0xf0,0x01,0x00,0x1f,0x00,0x00,0x00,0x00
  1457 0000918A 01001F00000000      <2>
  1458 00009191 003700700300170070- <2>     db 0x00,0x37,0x00,0x70,0x03,0x00,0x17,0x00,0x70,0x03,0x00,0x37,0x00,0x00,0x00,0x00
  1458 0000919A 03003700000000      <2>
  1459 000091A1 003700700300170070- <2>     db 0x00,0x37,0x00,0x70,0x03,0x00,0x17,0x00,0x70,0x03,0x00,0x37,0x00,0x00,0x00,0x00
  1459 000091AA 03003700000000      <2>
  1460 000091B1 003300700300170070- <2>     db 0x00,0x33,0x00,0x70,0x03,0x00,0x17,0x00,0x70,0x03,0x00,0x33,0x00,0x00,0x00,0x00
  1460 000091BA 03003300000000      <2>
  1461 000091C1 001F00F001001700F0- <2>     db 0x00,0x1f,0x00,0xf0,0x01,0x00,0x17,0x00,0xf0,0x01,0x00,0x1f,0x00,0x00,0x00,0x00
  1461 000091CA 01001F00000000      <2>
  1462 000091D1 003F00F803801F00F8- <2>     db 0x00,0x3f,0x00,0xf8,0x03,0x80,0x1f,0x00,0xf8,0x03,0x00,0x3f,0x00,0x00,0x00,0x00
  1462 000091DA 03003F00000000      <2>
  1463 000091E1 001F00F801801F00F8- <2>     db 0x00,0x1f,0x00,0xf8,0x01,0x80,0x1f,0x00,0xf8,0x01,0x00,0x1f,0x00,0x00,0x00,0x00
  1463 000091EA 01001F00000000      <2>
  1464 000091F1 803F00F803801F00F8- <2>     db 0x80,0x3f,0x00,0xf8,0x03,0x80,0x1f,0x00,0xf8,0x03,0x80,0x3f,0x00,0x00,0x00,0x00
  1464 000091FA 03803F00000000      <2>
  1465 00009201 801F00F803801F00F8- <2>     db 0x80,0x1f,0x00,0xf8,0x03,0x80,0x1f,0x00,0xf8,0x01,0x80,0x3f,0x00,0x00,0x00,0x00
  1465 0000920A 01803F00000000      <2>
  1466 00009211 803D00F803801300F8- <2>     db 0x80,0x3d,0x00,0xf8,0x03,0x80,0x13,0x00,0xf8,0x03,0x80,0x3d,0x00,0x00,0x00,0x00
  1466 0000921A 03803D00000000      <2>
  1467 00009221 C03D00FC03801300FC- <2>     db 0xc0,0x3d,0x00,0xfc,0x03,0x80,0x13,0x00,0xfc,0x03,0xc0,0x3d,0x00,0x00,0x00,0x00
  1467 0000922A 03C03D00000000      <2>
  1468 00009231 C03B00BC03803B00BC- <2>     db 0xc0,0x3b,0x00,0xbc,0x03,0x80,0x3b,0x00,0xbc,0x03,0xc0,0x3b,0x00,0x00,0x00,0x00
  1468 0000923A 03C03B00000000      <2>
  1469 00009241 C03B00BC03C01B00BC- <2>     db 0xc0,0x3b,0x00,0xbc,0x03,0xc0,0x1b,0x00,0xbc,0x03,0xc0,0x3b,0x00,0x00,0x00,0x00
  1469 0000924A 03C03B00000000      <2>
  1470 00009251 C011003C03C033003C- <2>     db 0xc0,0x11,0x00,0x3c,0x03,0xc0,0x33,0x00,0x3c,0x03,0xc0,0x31,0x00,0x00,0x00,0x00
  1470 0000925A 03C03100000000      <2>
  1471 00009261 C01100BC03C03B00BC- <2>     db 0xc0,0x11,0x00,0xbc,0x03,0xc0,0x3b,0x00,0xbc,0x03,0xc0,0x31,0x00,0x00,0x00,0x00
  1471 0000926A 03C03100000000      <2>
  1472 00009271 C00000BC03C03B00BC- <2>     db 0xc0,0x00,0x00,0xbc,0x03,0xc0,0x3b,0x00,0xbc,0x03,0xc0,0x20,0x00,0x00,0x00,0x00
  1472 0000927A 03C02000000000      <2>
  1473 00009281 C01000BC03C03B00BC- <2>     db 0xc0,0x10,0x00,0xbc,0x03,0xc0,0x3b,0x00,0xbc,0x03,0xc0,0x10,0x00,0x00,0x00,0x00
  1473 0000928A 03C01000000000      <2>
  1474 00009291 8000009C03E039009E- <2>     db 0x80,0x00,0x00,0x9c,0x03,0xe0,0x39,0x00,0x9e,0x03,0x80,0x00,0x00,0x00,0x00,0x00
  1474 0000929A 03800000000000      <2>
  1475 000092A1 8000009E03C039009C- <2>     db 0x80,0x00,0x00,0x9e,0x03,0xc0,0x39,0x00,0x9c,0x03,0xa0,0x00,0x00,0x00,0x00,0x00
  1475 000092AA 03A00000000000      <2>
  1476 000092B1 000000960260290096- <2>     db 0x00,0x00,0x00,0x96,0x02,0x60,0x29,0x00,0x96,0x02,0x20,0x00,0x00,0x00,0x00,0x00
  1476 000092BA 02200000000000      <2>
  1477 000092C1 000000960260290096- <2>     db 0x00,0x00,0x00,0x96,0x02,0x60,0x29,0x00,0x96,0x02,0x20,0x00,0x00,0x00,0x00,0x00
  1477 000092CA 02200000000000      <2>
  1478 000092D1 000000000000000000- <2>     db 0x00,0x00,0x00,0x00,0x00,0x00,0x00,0x00,0x00,0x00,0x00,0x00,0x00,0x00,0x00,0x00
  1478 000092DA 00000000000000      <2>
  1479 000092E1 000000000000000000- <2>     db 0x00,0x00,0x00,0x00,0x00,0x00,0x00,0x00,0x00,0x00,0x00,0x00,0x00,0x00,0x00,0x00
  1479 000092EA 00000000000000      <2>
  1480 000092F1 000000940640690094- <2>     db 0x00,0x00,0x00,0x94,0x06,0x40,0x69,0x00,0x94,0x02,0x00,0x00,0x00,0x00,0x00,0x00
  1480 000092FA 02000000000000      <2>
  1481 00009301 000000940240690094- <2>     db 0x00,0x00,0x00,0x94,0x02,0x40,0x69,0x00,0x94,0x02,0x00,0x00,0x00,0x00,0x00,0x00
  1481 0000930A 02000000000000      <2>
  1482 00009311 0010009C03E079009E- <2>     db 0x00,0x10,0x00,0x9c,0x03,0xe0,0x79,0x00,0x9e,0x03,0x00,0x10,0x00,0x00,0x00,0x00
  1482 0000931A 03001000000000      <2>
  1483 00009321 001000560360350056- <2>     db 0x00,0x10,0x00,0x56,0x03,0x60,0x35,0x00,0x56,0x03,0x40,0x10,0x00,0x00,0x00,0x00
  1483 0000932A 03401000000000      <2>
  1484 00009331 003000DC03C03D00DC- <2>     db 0x00,0x30,0x00,0xdc,0x03,0xc0,0x3d,0x00,0xdc,0x03,0x40,0x30,0x00,0x00,0x00,0x00
  1484 0000933A 03403000000000      <2>
  1485 00009341 003000DC03C03D00DC- <2>     db 0x00,0x30,0x00,0xdc,0x03,0xc0,0x3d,0x00,0xdc,0x03,0x40,0x30,0x00,0x00,0x00,0x00
  1485 0000934A 03403000000000      <2>
  1486 00009351 803800CC03C03C00CC- <2>     db 0x80,0x38,0x00,0xcc,0x03,0xc0,0x3c,0x00,0xcc,0x03,0xc0,0x38,0x00,0x00,0x00,0x00
  1486 0000935A 03C03800000000      <2>
  1487 00009361 C03800CC03C03C00CC- <2>     db 0xc0,0x38,0x00,0xcc,0x03,0xc0,0x3c,0x00,0xcc,0x03,0xc0,0x38,0x00,0x00,0x00,0x00
  1487 0000936A 03C03800000000      <2>
  1488 00009371 003D00DC03C01D00DC- <2>     db 0x00,0x3d,0x00,0xdc,0x03,0xc0,0x1d,0x00,0xdc,0x03,0x00,0x3d,0x00,0x00,0x00,0x00
  1488 0000937A 03003D00000000      <2>
  1489 00009381 003D00D803801C00D8- <2>     db 0x00,0x3d,0x00,0xd8,0x03,0x80,0x1c,0x00,0xd8,0x03,0x00,0x3d,0x00,0x00,0x00,0x00
  1489 0000938A 03003D00000000      <2>
  1490 00009391 C01B00FC03801C00FC- <2>     db 0xc0,0x1b,0x00,0xfc,0x03,0x80,0x1c,0x00,0xfc,0x01,0xc0,0x3b,0x00,0x00,0x00,0x00
  1490 0000939A 01C03B00000000      <2>
  1491 000093A1 801F00FC01801F00FC- <2>     db 0x80,0x1f,0x00,0xfc,0x01,0x80,0x1f,0x00,0xfc,0x01,0xc0,0x1f,0x00,0x00,0x00,0x00
  1491 000093AA 01C01F00000000      <2>
  1492 000093B1 C01F00FC01801F00FC- <2>     db 0xc0,0x1f,0x00,0xfc,0x01,0x80,0x1f,0x00,0xfc,0x01,0xc0,0x1f,0x00,0x00,0x00,0x00
  1492 000093BA 01C01F00000000      <2>
  1493 000093C1 001F00FC01801C00F8- <2>     db 0x00,0x1f,0x00,0xfc,0x01,0x80,0x1c,0x00,0xf8,0x01,0x00,0x1f,0x00,0x00,0x00,0x00
  1493 000093CA 01001F00000000      <2>
  1494 000093D1 C00F00FC01801F00FC- <2>     db 0xc0,0x0f,0x00,0xfc,0x01,0x80,0x1f,0x00,0xfc,0x01,0xc0,0x0f,0x00,0x00,0x00,0x00
  1494 000093DA 01C00F00000000      <2>
  1495 000093E1 C00F00FC00800F00FC- <2>     db 0xc0,0x0f,0x00,0xfc,0x00,0x80,0x0f,0x00,0xfc,0x00,0xc0,0x0f,0x00,0x00,0x00,0x00
  1495 000093EA 00C00F00000000      <2>
  1496 000093F1 C00C00EC00800E00EC- <2>     db 0xc0,0x0c,0x00,0xec,0x00,0x80,0x0e,0x00,0xec,0x00,0xc0,0x0c,0x00,0x00,0x00,0x00
  1496 000093FA 00C00C00000000      <2>
  1497 00009401 000C00E801800E00E8- <2>     db 0x00,0x0c,0x00,0xe8,0x01,0x80,0x0e,0x00,0xe8,0x00,0x00,0x1c,0x00,0x00,0x00,0x00
  1497 0000940A 00001C00000000      <2>
  1498 00009411 C00E00EC00800E00EC- <2>     db 0xc0,0x0e,0x00,0xec,0x00,0x80,0x0e,0x00,0xec,0x00,0xc0,0x0e,0x00,0x00,0x00,0x00
  1498 0000941A 00C00E00000000      <2>
  1499 00009421 800F00F800800E00F8- <2>     db 0x80,0x0f,0x00,0xf8,0x00,0x80,0x0e,0x00,0xf8,0x00,0x80,0x0f,0x00,0x00,0x00,0x00
  1499 0000942A 00800F00000000      <2>
  1500 00009431 000E00E800800E00E8- <2>     db 0x00,0x0e,0x00,0xe8,0x00,0x80,0x0e,0x00,0xe8,0x00,0x00,0x0e,0x00,0x00,0x00,0x00
  1500 0000943A 00000E00000000      <2>
  1501 00009441 800700FC00800E00F8- <2>     db 0x80,0x07,0x00,0xfc,0x00,0x80,0x0e,0x00,0xf8,0x00,0x80,0x07,0x00,0x00,0x00,0x00
  1501 0000944A 00800700000000      <2>
  1502 00009451 000E00FC00800F00F8- <2>     db 0x00,0x0e,0x00,0xfc,0x00,0x80,0x0f,0x00,0xf8,0x00,0x00,0x0e,0x00,0x00,0x00,0x00
  1502 0000945A 00000E00000000      <2>
  1503 00009461 8007007800800F00F8- <2>     db 0x80,0x07,0x00,0x78,0x00,0x80,0x0f,0x00,0xf8,0x00,0x80,0x07,0x00,0x00,0x00,0x00
  1503 0000946A 00800700000000      <2>
  1504 00009471 0006007C0080070078- <2>     db 0x00,0x06,0x00,0x7c,0x00,0x80,0x07,0x00,0x78,0x00,0x00,0x06,0x00,0x00,0x00,0x00
  1504 0000947A 00000600000000      <2>
  1505 00009481 80070078008007007C- <2>     db 0x80,0x07,0x00,0x78,0x00,0x80,0x07,0x00,0x7c,0x00,0x80,0x07,0x00,0x00,0x00,0x00
  1505 0000948A 00800700000000      <2>
  1506 00009491 000600780080070078- <2>     db 0x00,0x06,0x00,0x78,0x00,0x80,0x07,0x00,0x78,0x00,0x00,0x06,0x00,0x00,0x00,0x00
  1506 0000949A 00000600000000      <2>
  1507 000094A1 8007007C00C007007C- <2>     db 0x80,0x07,0x00,0x7c,0x00,0xc0,0x07,0x00,0x7c,0x00,0x80,0x07,0x00,0x00,0x00,0x00
  1507 000094AA 00800700000000      <2>
  1508 000094B1 400300700000070074- <2>     db 0x40,0x03,0x00,0x70,0x00,0x00,0x07,0x00,0x74,0x00,0x00,0x07,0x00,0x00,0x00,0x00
  1508 000094BA 00000700000000      <2>
  1509 000094C1 C007007C000007007C- <2>     db 0xc0,0x07,0x00,0x7c,0x00,0x00,0x07,0x00,0x7c,0x00,0xc0,0x07,0x00,0x00,0x00,0x00
  1509 000094CA 00C00700000000      <2>
  1510 000094D1 400300340040030034- <2>     db 0x40,0x03,0x00,0x34,0x00,0x40,0x03,0x00,0x34,0x00,0x40,0x03,0x00,0x00,0x00,0x00
  1510 000094DA 00400300000000      <2>
  1511 000094E1 8003003C004003003C- <2>     db 0x80,0x03,0x00,0x3c,0x00,0x40,0x03,0x00,0x3c,0x00,0x80,0x03,0x00,0x00,0x00,0x00
  1511 000094EA 00800300000000      <2>
  1512 000094F1 4003003C008003003C- <2>     db 0x40,0x03,0x00,0x3c,0x00,0x80,0x03,0x00,0x3c,0x00,0x40,0x03,0x00,0x00,0x00,0x00
  1512 000094FA 00400300000000      <2>
  1513 00009501 C003003C00C003003C- <2>     db 0xc0,0x03,0x00,0x3c,0x00,0xc0,0x03,0x00,0x3c,0x00,0xc0,0x03,0x00,0x00,0x00,0x00
  1513 0000950A 00C00300000000      <2>
  1514 00009511 4003003C00C003003C- <2>     db 0x40,0x03,0x00,0x3c,0x00,0xc0,0x03,0x00,0x3c,0x00,0x40,0x03,0x00,0x00,0x00,0x00
  1514 0000951A 00400300000000      <2>
  1515 00009521 C003003C00C003003C- <2>     db 0xc0,0x03,0x00,0x3c,0x00,0xc0,0x03,0x00,0x3c,0x00,0xc0,0x03,0x00,0x00,0x00,0x00
  1515 0000952A 00C00300000000      <2>
  1516 00009531 C003003C00C003003C- <2>     db 0xc0,0x03,0x00,0x3c,0x00,0xc0,0x03,0x00,0x3c,0x00,0xc0,0x03,0x00,0x00,0x00,0x00
  1516 0000953A 00C00300000000      <2>
  1517 00009541 C003003C00C003003C- <2>     db 0xc0,0x03,0x00,0x3c,0x00,0xc0,0x03,0x00,0x3c,0x00,0xc0,0x03,0x00,0x00,0x00,0x00
  1517 0000954A 00C00300000000      <2>
  1518 00009551 C001003C00C003003C- <2>     db 0xc0,0x01,0x00,0x3c,0x00,0xc0,0x03,0x00,0x3c,0x00,0xc0,0x03,0x00,0x00,0x00,0x00
  1518 0000955A 00C00300000000      <2>
  1519 00009561 C001003C00C001001C- <2>     db 0xc0,0x01,0x00,0x3c,0x00,0xc0,0x01,0x00,0x1c,0x00,0xc0,0x03,0x00,0x00,0x00,0x00
  1519 0000956A 00C00300000000      <2>
  1520 00009571 E001001C00C001001E- <2>     db 0xe0,0x01,0x00,0x1c,0x00,0xc0,0x01,0x00,0x1e,0x00,0xc0,0x01,0x00,0x00,0x00,0x00
  1520 0000957A 00C00100000000      <2>
  1521 00009581 A001001C00C001001C- <2>     db 0xa0,0x01,0x00,0x1c,0x00,0xc0,0x01,0x00,0x1c,0x00,0x80,0x01,0x00,0x00,0x00,0x00
  1521 0000958A 00800100000000      <2>
  1522 00009591 A00108180080010018- <2>     db 0xa0,0x01,0x08,0x18,0x00,0x80,0x01,0x00,0x18,0x00,0x80,0x01,0x00,0x00,0x00,0x00
  1522 0000959A 00800100000000      <2>
  1523 000095A1 A001081C00C001001C- <2>     db 0xa0,0x01,0x08,0x1c,0x00,0xc0,0x01,0x00,0x1c,0x00,0x80,0x01,0x00,0x00,0x00,0x00
  1523 000095AA 00800100000000      <2>
  1524 000095B1 A100081A008001001A- <2>     db 0xa1,0x00,0x08,0x1a,0x00,0x80,0x01,0x00,0x1a,0x00,0xa0,0x00,0x00,0x00,0x00,0x00
  1524 000095BA 00A00000000000      <2>
  1525 000095C1 E001081E00E001001E- <2>     db 0xe0,0x01,0x08,0x1e,0x00,0xe0,0x01,0x00,0x1e,0x00,0xc0,0x00,0x00,0x00,0x00,0x00
  1525 000095CA 00C00000000000      <2>
  1526 000095D1 A001081E00C001001E- <2>     db 0xa0,0x01,0x08,0x1e,0x00,0xc0,0x01,0x00,0x1e,0x00,0xa0,0x00,0x00,0x00,0x00,0x00
  1526 000095DA 00A00000000000      <2>
  1527 000095E1 A0000C0E00E001000E- <2>     db 0xa0,0x00,0x0c,0x0e,0x00,0xe0,0x01,0x00,0x0e,0x00,0xa0,0x00,0x00,0x00,0x00,0x00
  1527 000095EA 00A00000000000      <2>
  1528 000095F1 E100081E00E000000E- <2>     db 0xe1,0x00,0x08,0x1e,0x00,0xe0,0x00,0x00,0x0e,0x00,0x60,0x00,0x00,0x00,0x00,0x00
  1528 000095FA 00600000000000      <2>
  1529 00009601 E0000C0EC0E000000E- <2>     db 0xe0,0x00,0x0c,0x0e,0xc0,0xe0,0x00,0x00,0x0e,0x00,0x60,0x00,0x00,0x00,0x00,0x00
  1529 0000960A 00600000000000      <2>
  1530 00009611 E1000C0EC0E0000006- <2>     db 0xe1,0x00,0x0c,0x0e,0xc0,0xe0,0x00,0x00,0x06,0x00,0x60,0x00,0x00,0x00,0x00,0x00
  1530 0000961A 00600000000000      <2>
  1531 00009621 E1000C0EC0E000000E- <2>     db 0xe1,0x00,0x0c,0x0e,0xc0,0xe0,0x00,0x00,0x0e,0x00,0x60,0x00,0x00,0x00,0x00,0x00
  1531 0000962A 00600000000000      <2>
  1532 00009631 E0000C0EC0E0000006- <2>     db 0xe0,0x00,0x0c,0x0e,0xc0,0xe0,0x00,0x00,0x06,0x00,0x60,0x00,0x00,0x00,0x00,0x00
  1532 0000963A 00600000000000      <2>
  1533 00009641 C0000C0EC0E0000006- <2>     db 0xc0,0x00,0x0c,0x0e,0xc0,0xe0,0x00,0x00,0x06,0x00,0x40,0x00,0x00,0x00,0x00,0x00
  1533 0000964A 00400000000000      <2>
  1534 00009651 60600F0EC0C0000006- <2>     db 0x60,0x60,0x0f,0x0e,0xc0,0xc0,0x00,0x00,0x06,0x00,0x20,0x00,0x00,0x00,0x00,0x00
  1534 0000965A 00200000000000      <2>
  1535 00009661 60600F0EC0C0000006- <2>     db 0x60,0x60,0x0f,0x0e,0xc0,0xc0,0x00,0x00,0x06,0x00,0x30,0x00,0x00,0x00,0x00,0x00
  1535 0000966A 00300000000000      <2>
  1536 00009671 E0600F0EC0C0000006- <2>     db 0xe0,0x60,0x0f,0x0e,0xc0,0xc0,0x00,0x00,0x06,0x00,0x00,0x00,0x00,0x00,0x00,0x00
  1536 0000967A 00000000000000      <2>
  1537 00009681 E0600F0EE0E0000002- <2>     db 0xe0,0x60,0x0f,0x0e,0xe0,0xe0,0x00,0x00,0x02,0x00,0x00,0x00,0x00,0x00,0x00,0x00
  1537 0000968A 00000000000000      <2>
  1538 00009691 40400F06E060000003- <2>     db 0x40,0x40,0x0f,0x06,0xe0,0x60,0x00,0x00,0x03,0x00,0x00,0x00,0x00,0x00,0x00,0x00
  1538 0000969A 00000000000000      <2>
  1539 000096A1 60E00F06F060000000- <2>     db 0x60,0xe0,0x0f,0x06,0xf0,0x60,0x00,0x00,0x00,0x00,0x00,0x00,0x00,0x00,0x00,0x00
  1539 000096AA 00000000000000      <2>
  1540 000096B1 60F00F06FE60000000- <2>     db 0x60,0xf0,0x0f,0x06,0xfe,0x60,0x00,0x00,0x00,0x00,0x00,0x00,0x00,0x00,0x00,0x00
  1540 000096BA 00000000000000      <2>
  1541 000096C1 60F00F07FE60000000- <2>     db 0x60,0xf0,0x0f,0x07,0xfe,0x60,0x00,0x00,0x00,0x00,0x00,0x00,0x00,0x00,0x00,0x00
  1541 000096CA 00000000000000      <2>
  2157                              <1> boing_bounce:
  2158 000096D1 00000D001900250032- <1>     dw 0,13,25,37,50,62,74,86,98,109,120,131,142,152,162,171
  2158 000096DA 003E004A0056006200- <1>
  2158 000096E3 6D00780083008E0098- <1>
  2158 000096EC 00A200AB00          <1>
  2159 000096F1 B400BD00C500CD00D4- <1>     dw 180,189,197,205,212,219,225,231,236,240,244,247,250,252,254,255
  2159 000096FA 00DB00E100E700EC00- <1>
  2159 00009703 F000F400F700FA00FC- <1>
  2159 0000970C 00FE00FF00          <1>
  2160 00009711 FF00FF00FE00FC00FA- <1>     dw 255,255,254,252,250,247,244,240,236,231,225,219,212,205,197,189
  2160 0000971A 00F700F400F000EC00- <1>
  2160 00009723 E700E100DB00D400CD- <1>
  2160 0000972C 00C500BD00          <1>
  2161 00009731 B400AB00A20098008E- <1>     dw 180,171,162,152,142,131,120,109,98,86,74,62,50,37,25,13
  2161 0000973A 00830078006D006200- <1>
  2161 00009743 56004A003E00320025- <1>
  2161 0000974C 0019000D00          <1>
  2162                              <1> %include "xga_balls_sine.inc"
     1                              <2> ; Signed sine, 256 positions; generated by make_balls_assets.py.
     2                              <2> sine_table:
     3 00009751 000306090C10131619- <2>     db 0,3,6,9,12,16,19,22,25,28,31,34,37,40,43,46
     3 0000975A 1C1F2225282B2E      <2>
     4 00009761 313336393C3F414447- <2>     db 49,51,54,57,60,63,65,68,71,73,76,78,81,83,85,88
     4 0000976A 494C4E51535558      <2>
     5 00009771 5A5C5E60626466686A- <2>     db 90,92,94,96,98,100,102,104,106,107,109,111,112,113,115,116
     5 0000977A 6B6D6F70717374      <2>
     6 00009781 757678797A7A7B7C7D- <2>     db 117,118,120,121,122,122,123,124,125,125,126,126,126,127,127,127
     6 0000978A 7D7E7E7E7F7F7F      <2>
     7 00009791 7F7F7F7F7E7E7E7D7D- <2>     db 127,127,127,127,126,126,126,125,125,124,123,122,122,121,120,118
     7 0000979A 7C7B7A7A797876      <2>
     8 000097A1 75747371706F6D6B6A- <2>     db 117,116,115,113,112,111,109,107,106,104,102,100,98,96,94,92
     8 000097AA 68666462605E5C      <2>
     9 000097B1 5A585553514E4C4947- <2>     db 90,88,85,83,81,78,76,73,71,68,65,63,60,57,54,51
     9 000097BA 44413F3C393633      <2>
    10 000097C1 312E2B2825221F1C19- <2>     db 49,46,43,40,37,34,31,28,25,22,19,16,12,9,6,3
    10 000097CA 1613100C090603      <2>
    11 000097D1 00FDFAF7F4F0EDEAE7- <2>     db 0,-3,-6,-9,-12,-16,-19,-22,-25,-28,-31,-34,-37,-40,-43,-46
    11 000097DA E4E1DEDBD8D5D2      <2>
    12 000097E1 CFCDCAC7C4C1BFBCB9- <2>     db -49,-51,-54,-57,-60,-63,-65,-68,-71,-73,-76,-78,-81,-83,-85,-88
    12 000097EA B7B4B2AFADABA8      <2>
    13 000097F1 A6A4A2A09E9C9A9896- <2>     db -90,-92,-94,-96,-98,-100,-102,-104,-106,-107,-109,-111,-112,-113,-115,-116
    13 000097FA 959391908F8D8C      <2>
    14 00009801 8B8A88878686858483- <2>     db -117,-118,-120,-121,-122,-122,-123,-124,-125,-125,-126,-126,-126,-127,-127,-127
    14 0000980A 83828282818181      <2>
    15 00009811 818181818282828383- <2>     db -127,-127,-127,-127,-126,-126,-126,-125,-125,-124,-123,-122,-122,-121,-120,-118
    15 0000981A 8485868687888A      <2>
    16 00009821 8B8C8D8F9091939596- <2>     db -117,-116,-115,-113,-112,-111,-109,-107,-106,-104,-102,-100,-98,-96,-94,-92
    16 0000982A 989A9C9EA0A2A4      <2>
    17 00009831 A6A8ABADAFB2B4B7B9- <2>     db -90,-88,-85,-83,-81,-78,-76,-73,-71,-68,-65,-63,-60,-57,-54,-51
    17 0000983A BCBFC1C4C7CACD      <2>
    18 00009841 CFD2D5D8DBDEE1E4E7- <2>     db -49,-46,-43,-40,-37,-34,-31,-28,-25,-22,-19,-16,-12,-9,-6,-3
    18 0000984A EAEDF0F4F7FAFD      <2>
    19 00009851 000306090C10131619- <2>     db 0,3,6,9,12,16,19,22,25,28,31,34,37,40,43,46
    19 0000985A 1C1F2225282B2E      <2>
    20 00009861 313336393C3F414447- <2>     db 49,51,54,57,60,63,65,68,71,73,76,78,81,83,85,88
    20 0000986A 494C4E51535558      <2>
    21 00009871 5A5C5E60626466686A- <2>     db 90,92,94,96,98,100,102,104,106,107,109,111,112,113,115,116
    21 0000987A 6B6D6F70717374      <2>
    22 00009881 757678797A7A7B7C7D- <2>     db 117,118,120,121,122,122,123,124,125,125,126,126,126,127,127,127
    22 0000988A 7D7E7E7E7F7F7F      <2>
  2163 00009891 58474120566563746F- <1> msg_start db 'XGA Vector: 1 cube, 2 solid, 3 polygons, 4 torus, 5 Boing, 6 crystal, +/- count, M fill, Space, V, Esc',13,10,'$'
  2163 0000989A 723A20312063756265- <1>
  2163 000098A3 2C203220736F6C6964- <1>
  2163 000098AC 2C203320706F6C7967- <1>
  2163 000098B5 6F6E732C203420746F- <1>
  2163 000098BE 7275732C203520426F- <1>
  2163 000098C7 696E672C2036206372- <1>
  2163 000098D0 797374616C2C202B2F- <1>
  2163 000098D9 2D20636F756E742C20- <1>
  2163 000098E2 4D2066696C6C2C2053- <1>
  2163 000098EB 706163652C20562C20- <1>
  2163 000098F4 4573630D0A24        <1>
  2164 000098FA 5847412D312F584741- <1> msg_no_xga db 'XGA-1/XGA-2 not found on MCA.',13,10,'$'
  2164 00009903 2D32206E6F7420666F- <1>
  2164 0000990C 756E64206F6E204D43- <1>
  2164 00009915 412E0D0A24          <1>
  2165 0000991A 4E6F20584741206D65- <1> msg_no_aperture db 'No XGA memory aperture in POS.',13,10,'$'
  2165 00009923 6D6F72792061706572- <1>
  2165 0000992C 7475726520696E2050- <1>
  2165 00009935 4F532E0D0A24        <1>
  2166 0000993B 5847412031204D4220- <1> msg_no_vram db 'XGA 1 MB VRAM banks are not accessible.',13,10,'$'
  2166 00009944 5652414D2062616E6B- <1>
  2166 0000994D 7320617265206E6F74- <1>
  2166 00009956 206163636573736962- <1>
  2166 0000995F 6C652E0D0A24        <1>
  2167 00009965 58474120636F70726F- <1> msg_cp_timeout db 'XGA coprocessor timeout.',13,10,'$'
  2167 0000996E 636573736F72207469- <1>
  2167 00009977 6D656F75742E0D0A24  <1>
  2168                              <1> %include "xga_mode_640.inc"
     1                              <2> ; Generated from XGA Toolkit/XGAKIT.ASM by build_mode_table.py.
     2                              <2> ; Entries: I/O offset, register index (0 for direct), value.
     3                              <2> mode_table:
     4 00009980 040000              <2>     db 0x04, 0x00, 0x00
     5 00009983 0500FF              <2>     db 0x05, 0x00, 0xff
     6 00009986 000004              <2>     db 0x00, 0x00, 0x04
     7 00009989 0A6400              <2>     db 0x0a, 0x64, 0x00
     8 0000998C 010001              <2>     db 0x01, 0x00, 0x01
     9 0000998F 080000              <2>     db 0x08, 0x00, 0x00
    10 00009992 060000              <2>     db 0x06, 0x00, 0x00
    11 00009995 090003              <2>     db 0x09, 0x00, 0x03
    12 00009998 0A5001              <2>     db 0x0a, 0x50, 0x01
    13 0000999B 0A5000              <2>     db 0x0a, 0x50, 0x00
    14 0000999E 0A1063              <2>     db 0x0a, 0x10, 0x63
    15 000099A1 0A1100              <2>     db 0x0a, 0x11, 0x00
    16 000099A4 0A124F              <2>     db 0x0a, 0x12, 0x4f
    17 000099A7 0A1300              <2>     db 0x0a, 0x13, 0x00
    18 000099AA 0A144F              <2>     db 0x0a, 0x14, 0x4f
    19 000099AD 0A1500              <2>     db 0x0a, 0x15, 0x00
    20 000099B0 0A1663              <2>     db 0x0a, 0x16, 0x63
    21 000099B3 0A1700              <2>     db 0x0a, 0x17, 0x00
    22 000099B6 0A1855              <2>     db 0x0a, 0x18, 0x55
    23 000099B9 0A1900              <2>     db 0x0a, 0x19, 0x00
    24 000099BC 0A1A61              <2>     db 0x0a, 0x1a, 0x61
    25 000099BF 0A1B00              <2>     db 0x0a, 0x1b, 0x00
    26 000099C2 0A1C00              <2>     db 0x0a, 0x1c, 0x00
    27 000099C5 0A1E00              <2>     db 0x0a, 0x1e, 0x00
    28 000099C8 0A200C              <2>     db 0x0a, 0x20, 0x0c
    29 000099CB 0A2102              <2>     db 0x0a, 0x21, 0x02
    30 000099CE 0A22DF              <2>     db 0x0a, 0x22, 0xdf
    31 000099D1 0A2301              <2>     db 0x0a, 0x23, 0x01
    32 000099D4 0A24DF              <2>     db 0x0a, 0x24, 0xdf
    33 000099D7 0A2501              <2>     db 0x0a, 0x25, 0x01
    34 000099DA 0A260C              <2>     db 0x0a, 0x26, 0x0c
    35 000099DD 0A2702              <2>     db 0x0a, 0x27, 0x02
    36 000099E0 0A28EA              <2>     db 0x0a, 0x28, 0xea
    37 000099E3 0A2901              <2>     db 0x0a, 0x29, 0x01
    38 000099E6 0A2AEC              <2>     db 0x0a, 0x2a, 0xec
    39 000099E9 0A2CFF              <2>     db 0x0a, 0x2c, 0xff
    40 000099EC 0A2DFF              <2>     db 0x0a, 0x2d, 0xff
    41 000099EF 0A3600              <2>     db 0x0a, 0x36, 0x00
    42 000099F2 0A4000              <2>     db 0x0a, 0x40, 0x00
    43 000099F5 0A4100              <2>     db 0x0a, 0x41, 0x00
    44 000099F8 0A4200              <2>     db 0x0a, 0x42, 0x00
    45 000099FB 0A4350              <2>     db 0x0a, 0x43, 0x50
    46 000099FE 0A4400              <2>     db 0x0a, 0x44, 0x00
    47 00009A01 0A5400              <2>     db 0x0a, 0x54, 0x00
    48 00009A04 0A5103              <2>     db 0x0a, 0x51, 0x03
    49 00009A07 0A7000              <2>     db 0x0a, 0x70, 0x00
    50 00009A0A 0A50C7              <2>     db 0x0a, 0x50, 0xc7
    51 00009A0D 0A5500              <2>     db 0x0a, 0x55, 0x00
    52 00009A10 0A6000              <2>     db 0x0a, 0x60, 0x00
    53 00009A13 0A6100              <2>     db 0x0a, 0x61, 0x00
    54 00009A16 0A6200              <2>     db 0x0a, 0x62, 0x00
    55 00009A19 0A6300              <2>     db 0x0a, 0x63, 0x00
    56 00009A1C 0A64FF              <2>     db 0x0a, 0x64, 0xff
    57 00009A1F FF0000              <2>     db 0xff, 0, 0
  2169                              <1> %include "xga_balls_runtime.inc"
     1                              <2> ; Shared XGA setup copied from the verified Dreams v2 source.
     2                              <2> ; By Dag Erik Hagesæter / Retro Erik using Codex in VS Code
     3                              <2> 
     4                              <2> detect_xga:
     5 00009A22 B800C4              <2>     mov ax, 0xc400
     6 00009A25 CD15                <2>     int 0x15
     7 00009A27 7263                <2>     jc .fail
     8 00009A29 8916[9525]          <2>     mov [pos_base], dx
     9 00009A2D 31C9                <2>     xor cx, cx
    10                              <2> .slot:
    11 00009A2F 51                  <2>     push cx
    12 00009A30 FA                  <2>     cli
    13 00009A31 09C9                <2>     or cx, cx
    14 00009A33 7506                <2>     jnz .select_slot
    15 00009A35 B0DF                <2>     mov al, 0xdf
    16 00009A37 E694                <2>     out 0x94, al
    17 00009A39 EB09                <2>     jmp .read_pos
    18                              <2> .select_slot:
    19 00009A3B 89CB                <2>     mov bx, cx
    20 00009A3D B801C4              <2>     mov ax, 0xc401
    21 00009A40 CD15                <2>     int 0x15
    22 00009A42 721D                <2>     jc .deselect
    23                              <2> .read_pos:
    24 00009A44 8B16[9525]          <2>     mov dx, [pos_base]
    25 00009A48 ED                  <2>     in ax, dx
    26 00009A49 A3[9725]            <2>     mov [card_id], ax
    27 00009A4C 83C202              <2>     add dx, 2                      ; POS byte 1
    28 00009A4F EC                  <2>     in al, dx
    29 00009A50 A2[9925]            <2>     mov [pos1], al
    30 00009A53 83C202              <2>     add dx, 2                      ; POS byte 3 is at base + 4
    31 00009A56 EC                  <2>     in al, dx
    32 00009A57 A2[9A25]            <2>     mov [pos3], al
    33 00009A5A 42                  <2>     inc dx                         ; POS byte 4 is at base + 5
    34 00009A5B EC                  <2>     in al, dx
    35 00009A5C 240F                <2>     and al, 0x0f
    36 00009A5E A2[9B25]            <2>     mov [pos4], al
    37                              <2> .deselect:
    38 00009A61 59                  <2>     pop cx
    39 00009A62 09C9                <2>     or cx, cx
    40 00009A64 7506                <2>     jnz .normal_slot
    41 00009A66 B0FF                <2>     mov al, 0xff
    42 00009A68 E694                <2>     out 0x94, al
    43 00009A6A EB09                <2>     jmp .compare
    44                              <2> .normal_slot:
    45 00009A6C 51                  <2>     push cx
    46 00009A6D 89CB                <2>     mov bx, cx
    47 00009A6F B802C4              <2>     mov ax, 0xc402
    48 00009A72 CD15                <2>     int 0x15
    49 00009A74 59                  <2>     pop cx
    50                              <2> .compare:
    51 00009A75 FB                  <2>     sti
    52 00009A76 813E[9725]DB8F      <2>     cmp word [card_id], 0x8fdb
    53 00009A7C 7410                <2>     je .found
    54 00009A7E 813E[9725]DA8F      <2>     cmp word [card_id], 0x8fda
    55 00009A84 7408                <2>     je .found
    56 00009A86 41                  <2>     inc cx
    57 00009A87 83F909              <2>     cmp cx, 9
    58 00009A8A 76A3                <2>     jbe .slot
    59                              <2> .fail:
    60 00009A8C F9                  <2>     stc
    61 00009A8D C3                  <2>     ret
    62                              <2> .found:
    63                              <2>     ; io = 0x2100 + ((POS1 & 0x0e) << 3)
    64 00009A8E 31C0                <2>     xor ax, ax
    65 00009A90 A0[9925]            <2>     mov al, [pos1]
    66 00009A93 240E                <2>     and al, 0x0e
    67 00009A95 C1E003              <2>     shl ax, 3
    68 00009A98 050021              <2>     add ax, 0x2100
    69 00009A9B A3[8725]            <2>     mov [io_base], ax
    70                              <2>     ; ROM = 0xc0000 + ((POS1 >> 4) * 0x2000).
    71                              <2>     ; CP MMIO = ROM + 0x1c00 + (((POS1 & 0x0e)>>1) * 0x80).
    72 00009A9E 6631C0              <2>     xor eax, eax
    73 00009AA1 A0[9925]            <2>     mov al, [pos1]
    74 00009AA4 C0E804              <2>     shr al, 4
    75 00009AA7 66C1E00D            <2>     shl eax, 13
    76 00009AAB 6605001C0C00        <2>     add eax, 0xc1c00
    77 00009AB1 6631DB              <2>     xor ebx, ebx
    78 00009AB4 8A1E[9925]          <2>     mov bl, [pos1]
    79 00009AB8 80E30E              <2>     and bl, 0x0e
    80 00009ABB 66C1E306            <2>     shl ebx, 6
    81 00009ABF 6601D8              <2>     add eax, ebx
    82 00009AC2 66C1E804            <2>     shr eax, 4
    83 00009AC6 A3[8925]            <2>     mov [cp_seg], ax
    84                              <2>     ; 1 MB aperture physical address from POS4. Fall back to the 4 MB
    85                              <2>     ; aperture from POS3 when the 1 MB aperture is disabled.
    86 00009AC9 6631C0              <2>     xor eax, eax
    87 00009ACC A0[9B25]            <2>     mov al, [pos4]
    88 00009ACF 66C1E014            <2>     shl eax, 20
    89 00009AD3 6609C0              <2>     or eax, eax
    90 00009AD6 7521                <2>     jnz .ap_ready
    91 00009AD8 F606[9A25]01        <2>     test byte [pos3], 1
    92 00009ADD 741A                <2>     jz .ap_ready
    93 00009ADF A0[9A25]            <2>     mov al, [pos3]
    94 00009AE2 24FE                <2>     and al, 0xfe
    95 00009AE4 66C1E018            <2>     shl eax, 24
    96 00009AE8 6631DB              <2>     xor ebx, ebx
    97 00009AEB 8A1E[9925]          <2>     mov bl, [pos1]
    98 00009AEF 80E30E              <2>     and bl, 0x0e
    99 00009AF2 66C1E315            <2>     shl ebx, 21
   100 00009AF6 6601D8              <2>     add eax, ebx
   101                              <2> .ap_ready:
   102 00009AF9 66A3[8B25]          <2>     mov [aperture], eax
   103                              <2>     ; 86Box's XGA coprocessor resolves VRAM pixel maps against the 4 MB
   104                              <2>     ; aperture base, even when the CPU is using the banked 64 KB window.
   105                              <2>     ; This is the address decoded from POS3 plus the XGA instance number.
   106 00009AFD 6631C0              <2>     xor eax, eax
   107 00009B00 A0[9A25]            <2>     mov al, [pos3]
   108 00009B03 24FE                <2>     and al, 0xfe
   109 00009B05 66C1E018            <2>     shl eax, 24
   110 00009B09 6631DB              <2>     xor ebx, ebx
   111 00009B0C 8A1E[9925]          <2>     mov bl, [pos1]
   112 00009B10 80E30E              <2>     and bl, 0x0e
   113 00009B13 66C1E315            <2>     shl ebx, 21
   114 00009B17 6601D8              <2>     add eax, ebx
   115 00009B1A 66A3[8F25]          <2>     mov [cp_aperture], eax
   116 00009B1E F8                  <2>     clc
   117 00009B1F C3                  <2>     ret
   118                              <2> 
   119                              <2> set_xga_mode:
   120 00009B20 BAC303              <2>     mov dx, 0x3c3
   121 00009B23 B001                <2>     mov al, 1
   122 00009B25 EE                  <2>     out dx, al
   123 00009B26 BE[8099]            <2>     mov si, mode_table
   124                              <2> .next:
   125 00009B29 AC                  <2>     lodsb
   126 00009B2A 3CFF                <2>     cmp al, 0xff
   127 00009B2C 741B                <2>     je .done
   128 00009B2E 88C3                <2>     mov bl, al
   129 00009B30 30E4                <2>     xor ah, ah
   130 00009B32 8B16[8725]          <2>     mov dx, [io_base]
   131 00009B36 01C2                <2>     add dx, ax
   132 00009B38 AC                  <2>     lodsb
   133 00009B39 8A24                <2>     mov ah, [si]
   134 00009B3B 46                  <2>     inc si
   135 00009B3C 80FB0A              <2>     cmp bl, 0x0a
   136 00009B3F 7405                <2>     je .indexed
   137 00009B41 88E0                <2>     mov al, ah
   138 00009B43 EE                  <2>     out dx, al
   139 00009B44 EBE3                <2>     jmp .next
   140                              <2> .indexed:
   141 00009B46 EF                  <2>     out dx, ax
   142 00009B47 EBE0                <2>     jmp .next
   143                              <2> .done:
   144 00009B49 C3                  <2>     ret
   145                              <2> ; Probe two banks separated by 512 KB; a 512 KB card may mirror page 12.
   146                              <2> ; Use ordinary byte values so the write does not trigger XGA test sequences.
   147                              <2> probe_vram:
   148 00009B4A 8B16[8725]          <2>     mov dx, [io_base]
   149 00009B4E 83C208              <2>     add dx, 8
   150 00009B51 B800A0              <2>     mov ax, 0xa000
   151 00009B54 8EC0                <2>     mov es, ax
   152 00009B56 B004                <2>     mov al, 4
   153 00009B58 EE                  <2>     out dx, al
   154 00009B59 26C606000055        <2>     mov byte [es:0], 0x55
   155 00009B5F 26803E000055        <2>     cmp byte [es:0], 0x55
   156 00009B65 752C                <2>     jne .fail
   157 00009B67 B00C                <2>     mov al, 12
   158 00009B69 EE                  <2>     out dx, al
   159 00009B6A 26C6060000C3        <2>     mov byte [es:0], 0xc3
   160 00009B70 26803E0000C3        <2>     cmp byte [es:0], 0xc3
   161 00009B76 751B                <2>     jne .fail
   162 00009B78 B004                <2>     mov al, 4
   163 00009B7A EE                  <2>     out dx, al
   164 00009B7B 26803E000055        <2>     cmp byte [es:0], 0x55
   165 00009B81 7510                <2>     jne .fail
   166 00009B83 B00C                <2>     mov al, 12
   167 00009B85 EE                  <2>     out dx, al
   168 00009B86 26803E0000C3        <2>     cmp byte [es:0], 0xc3
   169 00009B8C 7505                <2>     jne .fail
   170 00009B8E 30C0                <2>     xor al, al
   171 00009B90 EE                  <2>     out dx, al
   172 00009B91 F8                  <2>     clc
   173 00009B92 C3                  <2>     ret
   174                              <2> .fail:
   175 00009B93 30C0                <2>     xor al, al
   176 00009B95 EE                  <2>     out dx, al
   177 00009B96 F9                  <2>     stc
   178 00009B97 C3                  <2>     ret
   179                              <2> 
   180                              <2> select_bank:
   181 00009B98 50                  <2>     push ax
   182 00009B99 52                  <2>     push dx
   183 00009B9A 8B16[8725]          <2>     mov dx, [io_base]
   184 00009B9E 83C208              <2>     add dx, 8
   185 00009BA1 89D8                <2>     mov ax, bx
   186 00009BA3 EE                  <2>     out dx, al
   187 00009BA4 5A                  <2>     pop dx
   188 00009BA5 58                  <2>     pop ax
   189 00009BA6 C3                  <2>     ret
   190                              <2> 
   191                              <2> wait_cp:
   192 00009BA7 51                  <2>     push cx
   193 00009BA8 52                  <2>     push dx
   194 00009BA9 C606[299C]00        <2>     mov byte [cp_waiting], 0
   195 00009BAE BA4000              <2>     mov dx, 64
   196                              <2> .outer:
   197 00009BB1 B9FFFF              <2>     mov cx, 0xffff
   198                              <2> .inner:
   199 00009BB4 813E[9725]DA8F      <2>     cmp word [card_id], 0x8fda
   200 00009BBA 740A                <2>     je .xga2
   201 00009BBC 26F606110080        <2>     test byte [es:0x11], 0x80
   202 00009BC2 7430                <2>     jz .done
   203 00009BC4 EB08                <2>     jmp .retry
   204                              <2> .xga2:
   205 00009BC6 26F606090080        <2>     test byte [es:0x09], 0x80
   206 00009BCC 7426                <2>     jz .done
   207                              <2> .retry:
   208 00009BCE 803E[299C]00        <2>     cmp byte [cp_waiting], 0
   209 00009BD3 750D                <2>     jne .count
   210 00009BD5 50                  <2>     push ax
   211 00009BD6 53                  <2>     push bx
   212 00009BD7 E83B00              <2>     call read_pit
   213 00009BDA A3[279C]            <2>     mov [cp_wait_start], ax
   214 00009BDD C606[299C]01        <2>     mov byte [cp_waiting], 1
   215                              <2> .count:
   216 00009BE2 E2D0                <2>     loop .inner
   217 00009BE4 4A                  <2>     dec dx
   218 00009BE5 75CA                <2>     jnz .outer
   219 00009BE7 803E[299C]00        <2>     cmp byte [cp_waiting], 0
   220 00009BEC 7402                <2>     je .timeout
   221 00009BEE 5B                  <2>     pop bx
   222 00009BEF 58                  <2>     pop ax
   223                              <2> .timeout:
   224 00009BF0 5A                  <2>     pop dx
   225 00009BF1 59                  <2>     pop cx
   226 00009BF2 F9                  <2>     stc
   227 00009BF3 C3                  <2>     ret
   228                              <2> .done:
   229 00009BF4 803E[299C]00        <2>     cmp byte [cp_waiting], 0
   230 00009BF9 7416                <2>     je .ready
   231 00009BFB E81700              <2>     call read_pit
   232 00009BFE 8B1E[279C]          <2>     mov bx, [cp_wait_start]
   233 00009C02 29C3                <2>     sub bx, ax
   234 00009C04 D1EB                <2>     shr bx, 1                 ; PIT channel 0 mode 3 counts down by two
   235 00009C06 660FB7DB            <2>     movzx ebx, bx
   236 00009C0A 66011E[C09F]        <2>     add [wait_pit_ticks], ebx
   237 00009C0F 5B                  <2>     pop bx
   238 00009C10 58                  <2>     pop ax
   239                              <2> .ready:
   240 00009C11 5A                  <2>     pop dx
   241 00009C12 59                  <2>     pop cx
   242 00009C13 F8                  <2>     clc
   243 00009C14 C3                  <2>     ret
   244                              <2> 
   245                              <2> ; Latch the free-running 8253/8254 counter without changing its mode.
   246                              <2> ; PIT channel 0 receives approximately 1,193,182 clocks per second.
   247                              <2> read_pit:
   248 00009C15 52                  <2>     push dx
   249 00009C16 BA4300              <2>     mov dx, 0x43
   250 00009C19 30C0                <2>     xor al, al
   251 00009C1B EE                  <2>     out dx, al
   252 00009C1C BA4000              <2>     mov dx, 0x40
   253 00009C1F EC                  <2>     in al, dx
   254 00009C20 88C4                <2>     mov ah, al
   255 00009C22 EC                  <2>     in al, dx
   256 00009C23 86C4                <2>     xchg al, ah
   257 00009C25 5A                  <2>     pop dx
   258 00009C26 C3                  <2>     ret
   259                              <2> 
   260 00009C27 0000                <2> cp_wait_start dw 0
   261 00009C29 00                  <2> cp_waiting db 0
   262                              <2> 
   263                              <2> restore_mode:
   264 00009C2A 803E[9425]00        <2>     cmp byte [mode_active], 0
   265 00009C2F 744F                <2>     je .done
   266 00009C31 8B16[8725]          <2>     mov dx, [io_base]
   267 00009C35 83C20A              <2>     add dx, 0x0a
   268 00009C38 B83600              <2>     mov ax, 0x0036                  ; disable hardware sprite
   269 00009C3B EF                  <2>     out dx, ax
   270 00009C3C 8B16[8725]          <2>     mov dx, [io_base]
   271 00009C40 42                  <2>     inc dx
   272 00009C41 30C0                <2>     xor al, al
   273 00009C43 EE                  <2>     out dx, al
   274 00009C44 8B16[8725]          <2>     mov dx, [io_base]
   275 00009C48 83C20A              <2>     add dx, 0x0a
   276 00009C4B B864FF              <2>     mov ax, 0xff64
   277 00009C4E EF                  <2>     out dx, ax
   278 00009C4F B85015              <2>     mov ax, 0x1550
   279 00009C52 EF                  <2>     out dx, ax
   280 00009C53 B85014              <2>     mov ax, 0x1450
   281 00009C56 EF                  <2>     out dx, ax
   282 00009C57 B85100              <2>     mov ax, 0x0051
   283 00009C5A EF                  <2>     out dx, ax
   284 00009C5B B85404              <2>     mov ax, 0x0454
   285 00009C5E EF                  <2>     out dx, ax
   286 00009C5F B8707F              <2>     mov ax, 0x7f70
   287 00009C62 EF                  <2>     out dx, ax
   288 00009C63 B82A20              <2>     mov ax, 0x202a
   289 00009C66 EF                  <2>     out dx, ax
   290 00009C67 8B16[8725]          <2>     mov dx, [io_base]
   291 00009C6B B001                <2>     mov al, 1
   292 00009C6D EE                  <2>     out dx, al
   293 00009C6E BAC303              <2>     mov dx, 0x3c3
   294 00009C71 EE                  <2>     out dx, al
   295 00009C72 B80212              <2>     mov ax, 0x1202
   296 00009C75 B330                <2>     mov bl, 0x30
   297 00009C77 CD10                <2>     int 0x10
   298 00009C79 30E4                <2>     xor ah, ah
   299 00009C7B A0[9325]            <2>     mov al, [old_mode]
   300 00009C7E CD10                <2>     int 0x10
   301                              <2> .done:
   302 00009C80 C3                  <2>     ret
   303                              <2> 
   304                              <2> 
   305                              <2> 
   306                              <2> 
   307                              <2> 
  2170                              <1> %include "xga_balls_hud.inc"
     1                              <2> ; XGA 64x64 hardware sprite HUD with frame and wait timing.
     2                              <2> ; By Dag Erik Hagesæter / Retro Erik using Codex in VS Code
     3                              <2> 
     4                              <2> setup_sprite_hud:
     5 00009C81 6660                <2>     pushad
     6 00009C83 8B16[8725]          <2>     mov dx, [io_base]
     7 00009C87 83C20A              <2>     add dx, 0x0a
     8 00009C8A B83008              <2>     mov ax, 0x0830                 ; sprite X = 8
     9 00009C8D EF                  <2>     out dx, ax
    10 00009C8E B83100              <2>     mov ax, 0x0031
    11 00009C91 EF                  <2>     out dx, ax
    12 00009C92 B83200              <2>     mov ax, 0x0032
    13 00009C95 EF                  <2>     out dx, ax
    14 00009C96 B83308              <2>     mov ax, 0x0833                 ; sprite Y = 8
    15 00009C99 EF                  <2>     out dx, ax
    16 00009C9A B83400              <2>     mov ax, 0x0034
    17 00009C9D EF                  <2>     out dx, ax
    18 00009C9E B83500              <2>     mov ax, 0x0035
    19 00009CA1 EF                  <2>     out dx, ax
    20 00009CA2 B83800              <2>     mov ax, 0x0038                 ; color 0 = black
    21 00009CA5 EF                  <2>     out dx, ax
    22 00009CA6 B83900              <2>     mov ax, 0x0039
    23 00009CA9 EF                  <2>     out dx, ax
    24 00009CAA B83A00              <2>     mov ax, 0x003a
    25 00009CAD EF                  <2>     out dx, ax
    26 00009CAE B83BFF              <2>     mov ax, 0xff3b                 ; color 1 = white
    27 00009CB1 EF                  <2>     out dx, ax
    28 00009CB2 B83CFF              <2>     mov ax, 0xff3c
    29 00009CB5 EF                  <2>     out dx, ax
    30 00009CB6 B83DFF              <2>     mov ax, 0xff3d
    31 00009CB9 EF                  <2>     out dx, ax
    32 00009CBA B86000              <2>     mov ax, 0x0060                 ; sprite data offset 0
    33 00009CBD EF                  <2>     out dx, ax
    34 00009CBE B86100              <2>     mov ax, 0x0061
    35 00009CC1 EF                  <2>     out dx, ax
    36 00009CC2 B06A                <2>     mov al, 0x6a
    37 00009CC4 EE                  <2>     out dx, al
    38 00009CC5 42                  <2>     inc dx
    39 00009CC6 B0AA                <2>     mov al, 0xaa                   ; four transparent pixels
    40 00009CC8 B90004              <2>     mov cx, 1024
    41                              <2> .clear:
    42 00009CCB EE                  <2>     out dx, al
    43 00009CCC E2FD                <2>     loop .clear
    44 00009CCE E80E00              <2>     call update_sprite_hud
    45 00009CD1 8B16[8725]          <2>     mov dx, [io_base]
    46 00009CD5 83C20A              <2>     add dx, 0x0a
    47 00009CD8 B83601              <2>     mov ax, 0x0136                 ; enable sprite
    48 00009CDB EF                  <2>     out dx, ax
    49 00009CDC 6661                <2>     popad
    50 00009CDE C3                  <2>     ret
    51                              <2> 
    52                              <2> update_sprite_hud:
    53 00009CDF 6660                <2>     pushad
    54 00009CE1 A1[B89F]            <2>     mov ax, [hud_fps10]
    55 00009CE4 3B06[A59F]          <2>     cmp ax, [hud_last_fps]
    56 00009CE8 751B                <2>     jne .changed
    57 00009CEA A1[A225]            <2>     mov ax, [visible_balls]
    58 00009CED 3B06[A79F]          <2>     cmp ax, [hud_last_balls]
    59 00009CF1 7512                <2>     jne .changed
    60 00009CF3 A1[BC9F]            <2>     mov ax, [hud_cpu_ms10]
    61 00009CF6 3B06[A99F]          <2>     cmp ax, [hud_last_cpu]
    62 00009CFA 7509                <2>     jne .changed
    63 00009CFC A1[BE9F]            <2>     mov ax, [hud_wait_ms10]
    64 00009CFF 3B06[AB9F]          <2>     cmp ax, [hud_last_wait]
    65 00009D03 745C                <2>     je .done
    66                              <2> .changed:
    67 00009D05 A1[B89F]            <2>     mov ax, [hud_fps10]
    68 00009D08 A3[A59F]            <2>     mov [hud_last_fps], ax
    69 00009D0B A1[A225]            <2>     mov ax, [visible_balls]
    70 00009D0E A3[A79F]            <2>     mov [hud_last_balls], ax
    71 00009D11 A1[BC9F]            <2>     mov ax, [hud_cpu_ms10]
    72 00009D14 A3[A99F]            <2>     mov [hud_last_cpu], ax
    73 00009D17 A1[BE9F]            <2>     mov ax, [hud_wait_ms10]
    74 00009D1A A3[AB9F]            <2>     mov [hud_last_wait], ax
    75 00009D1D E87D01              <2>     call render_hud
    76 00009D20 8B16[8725]          <2>     mov dx, [io_base]
    77 00009D24 83C20A              <2>     add dx, 0x0a
    78 00009D27 B86000              <2>     mov ax, 0x0060
    79 00009D2A EF                  <2>     out dx, ax
    80 00009D2B B86100              <2>     mov ax, 0x0061
    81 00009D2E EF                  <2>     out dx, ax
    82 00009D2F B06A                <2>     mov al, 0x6a
    83 00009D31 EE                  <2>     out dx, al
    84 00009D32 42                  <2>     inc dx
    85 00009D33 BE[90A0]            <2>     mov si, hud_canvas
    86 00009D36 BD0002              <2>     mov bp, 64 * 32 / 4
    87                              <2> .group:
    88 00009D39 B0AA                <2>     mov al, 0xaa
    89 00009D3B 803C00              <2>     cmp byte [si], 0
    90 00009D3E 7402                <2>     je .pixel1
    91 00009D40 3403                <2>     xor al, 0x03
    92                              <2> .pixel1:
    93 00009D42 807C0100            <2>     cmp byte [si+1], 0
    94 00009D46 7402                <2>     je .pixel2
    95 00009D48 340C                <2>     xor al, 0x0c
    96                              <2> .pixel2:
    97 00009D4A 807C0200            <2>     cmp byte [si+2], 0
    98 00009D4E 7402                <2>     je .pixel3
    99 00009D50 3430                <2>     xor al, 0x30
   100                              <2> .pixel3:
   101 00009D52 807C0300            <2>     cmp byte [si+3], 0
   102 00009D56 7402                <2>     je .write
   103 00009D58 34C0                <2>     xor al, 0xc0
   104                              <2> .write:
   105 00009D5A EE                  <2>     out dx, al
   106 00009D5B 83C604              <2>     add si, 4
   107 00009D5E 4D                  <2>     dec bp
   108 00009D5F 75D8                <2>     jnz .group
   109                              <2> .done:
   110 00009D61 6661                <2>     popad
   111 00009D63 C3                  <2>     ret
   112                              <2> 
   113                              <2> ; FPS is measured over at least 36 BIOS ticks (approximately two seconds).
   114                              <2> ; It includes CPU setup, XGA completion, and optional vertical retrace wait.
   115                              <2> update_fps:
   116 00009D64 6660                <2>     pushad
   117 00009D66 30E4                <2>     xor ah, ah
   118 00009D68 CD1A                <2>     int 0x1a
   119 00009D6A 660FB7C1            <2>     movzx eax, cx
   120 00009D6E 66C1E010            <2>     shl eax, 16
   121 00009D72 89D0                <2>     mov ax, dx
   122 00009D74 66A3[B29F]          <2>     mov [fps_now], eax
   123 00009D78 803E[AD9F]00        <2>     cmp byte [fps_started], 0
   124 00009D7D 7515                <2>     jne .elapsed
   125 00009D7F 66A3[AE9F]          <2>     mov [fps_start], eax
   126 00009D83 C606[AD9F]01        <2>     mov byte [fps_started], 1
   127 00009D88 66C706[C09F]000000- <2>     mov dword [wait_pit_ticks], 0
   127 00009D90 00                  <2>
   128 00009D91 E9CD00              <2>     jmp .done
   129                              <2> .elapsed:
   130 00009D94 FF06[B69F]          <2>     inc word [hud_frames]
   131 00009D98 6689C3              <2>     mov ebx, eax
   132 00009D9B 662B1E[AE9F]        <2>     sub ebx, [fps_start]
   133 00009DA0 7307                <2>     jnc .delta_ready
   134 00009DA2 6681C3B0001800      <2>     add ebx, 0x1800b0             ; midnight rollover
   135                              <2> .delta_ready:
   136 00009DA9 6683FB24            <2>     cmp ebx, 36
   137 00009DAD 0F82B000            <2>     jb .done
   138 00009DB1 660FB706[B69F]      <2>     movzx eax, word [hud_frames]
   139 00009DB7 66B9B6000000        <2>     mov ecx, 182
   140 00009DBD 66F7E1              <2>     mul ecx
   141 00009DC0 6631D2              <2>     xor edx, edx
   142 00009DC3 66F7F3              <2>     div ebx
   143 00009DC6 663D0F270000        <2>     cmp eax, 9999
   144 00009DCC 7603                <2>     jbe .store
   145 00009DCE B80F27              <2>     mov ax, 9999
   146                              <2> .store:
   147 00009DD1 A3[B89F]            <2>     mov [hud_fps10], ax
   148                              <2>     ; Average frame duration uses BIOS ticks, while explicit waits use PIT ticks.
   149                              <2>     ; Values are tenths of a millisecond and saturate at 999.9 ms.
   150 00009DD4 6689D8              <2>     mov eax, ebx
   151 00009DD7 66C1E010            <2>     shl eax, 16
   152 00009DDB 660FB70E[B69F]      <2>     movzx ecx, word [hud_frames]
   153 00009DE1 6631D2              <2>     xor edx, edx
   154 00009DE4 66F7F1              <2>     div ecx
   155 00009DE7 66BB10270000        <2>     mov ebx, 10000
   156 00009DED 66F7E3              <2>     mul ebx
   157 00009DF0 66BBDE341200        <2>     mov ebx, 1193182
   158 00009DF6 66F7F3              <2>     div ebx
   159 00009DF9 663D0F270000        <2>     cmp eax, 9999
   160 00009DFF 7606                <2>     jbe .total_ready
   161 00009E01 66B80F270000        <2>     mov eax, 9999
   162                              <2> .total_ready:
   163 00009E07 A3[BA9F]            <2>     mov [hud_total_ms10], ax
   164 00009E0A 66A1[C09F]          <2>     mov eax, [wait_pit_ticks]
   165 00009E0E 6631D2              <2>     xor edx, edx
   166 00009E11 66F7F1              <2>     div ecx
   167 00009E14 66BB10270000        <2>     mov ebx, 10000
   168 00009E1A 66F7E3              <2>     mul ebx
   169 00009E1D 66BBDE341200        <2>     mov ebx, 1193182
   170 00009E23 66F7F3              <2>     div ebx
   171 00009E26 663D0F270000        <2>     cmp eax, 9999
   172 00009E2C 7606                <2>     jbe .wait_ready
   173 00009E2E 66B80F270000        <2>     mov eax, 9999
   174                              <2> .wait_ready:
   175 00009E34 3B06[BA9F]          <2>     cmp ax, [hud_total_ms10]
   176 00009E38 7603                <2>     jbe .wait_bounded
   177 00009E3A A1[BA9F]            <2>     mov ax, [hud_total_ms10]
   178                              <2> .wait_bounded:
   179 00009E3D A3[BE9F]            <2>     mov [hud_wait_ms10], ax
   180 00009E40 8B16[BA9F]          <2>     mov dx, [hud_total_ms10]
   181 00009E44 29C2                <2>     sub dx, ax
   182 00009E46 8916[BC9F]          <2>     mov [hud_cpu_ms10], dx
   183 00009E4A 66A1[B29F]          <2>     mov eax, [fps_now]
   184 00009E4E 66A3[AE9F]          <2>     mov [fps_start], eax
   185 00009E52 C706[B69F]0000      <2>     mov word [hud_frames], 0
   186 00009E58 66C706[C09F]000000- <2>     mov dword [wait_pit_ticks], 0
   186 00009E60 00                  <2>
   187                              <2> .done:
   188 00009E61 6661                <2>     popad
   189 00009E63 C3                  <2>     ret
   190                              <2> 
   191                              <2> reset_fps:
   192 00009E64 C606[AD9F]00        <2>     mov byte [fps_started], 0
   193 00009E69 C706[B69F]0000      <2>     mov word [hud_frames], 0
   194 00009E6F C706[B89F]0000      <2>     mov word [hud_fps10], 0
   195 00009E75 C706[BC9F]0000      <2>     mov word [hud_cpu_ms10], 0
   196 00009E7B C706[BE9F]0000      <2>     mov word [hud_wait_ms10], 0
   197 00009E81 66C706[C09F]000000- <2>     mov dword [wait_pit_ticks], 0
   197 00009E89 00                  <2>
   198 00009E8A C706[A59F]FFFF      <2>     mov word [hud_last_fps], 0xffff
   199 00009E90 C706[A99F]FFFF      <2>     mov word [hud_last_cpu], 0xffff
   200 00009E96 C706[AB9F]FFFF      <2>     mov word [hud_last_wait], 0xffff
   201 00009E9C C3                  <2>     ret
   202                              <2> 
   203                              <2> render_hud:
   204 00009E9D 6660                <2>     pushad
   205 00009E9F 06                  <2>     push es
   206 00009EA0 1E                  <2>     push ds
   207 00009EA1 07                  <2>     pop es
   208 00009EA2 FC                  <2>     cld
   209 00009EA3 BF[90A0]            <2>     mov di, hud_canvas
   210 00009EA6 B90004              <2>     mov cx, 64 * 32 / 2
   211 00009EA9 31C0                <2>     xor ax, ax
   212 00009EAB F3AB                <2>     rep stosw
   213 00009EAD 07                  <2>     pop es
   214                              <2> 
   215 00009EAE A1[B89F]            <2>     mov ax, [hud_fps10]
   216 00009EB1 BE[C89F]            <2>     mov si, hud_text_fps+4
   217 00009EB4 E89400              <2>     call format_tenths
   218 00009EB7 A1[BC9F]            <2>     mov ax, [hud_cpu_ms10]
   219 00009EBA BE[D99F]            <2>     mov si, hud_text_cpu+4
   220 00009EBD E88B00              <2>     call format_tenths
   221 00009EC0 A1[BE9F]            <2>     mov ax, [hud_wait_ms10]
   222 00009EC3 BE[E39F]            <2>     mov si, hud_text_wait+5
   223 00009EC6 E88200              <2>     call format_tenths
   224                              <2> 
   225 00009EC9 A0[A425]            <2>     mov al, [hud_count_label]
   226 00009ECC A2[CD9F]            <2>     mov [hud_text_balls], al
   227 00009ECF 803E[A525]04        <2>     cmp byte [effect], 4
   228 00009ED4 7505                <2>     jne .count_label_ready
   229 00009ED6 C606[CD9F]02        <2>     mov byte [hud_text_balls], 2  ; S = speed level in the 3D orbit
   230                              <2> .count_label_ready:
   231 00009EDB A1[A225]            <2>     mov ax, [visible_balls]
   232 00009EDE BB0A00              <2>     mov bx, 10
   233 00009EE1 31D2                <2>     xor dx, dx
   234 00009EE3 F7F3                <2>     div bx
   235 00009EE5 80C204              <2>     add dl, 4
   236 00009EE8 8816[D29F]          <2>     mov [hud_text_balls+5], dl
   237 00009EEC 31D2                <2>     xor dx, dx
   238 00009EEE F7F3                <2>     div bx
   239 00009EF0 80C204              <2>     add dl, 4
   240 00009EF3 8816[D19F]          <2>     mov [hud_text_balls+4], dl
   241 00009EF7 31D2                <2>     xor dx, dx
   242 00009EF9 F7F3                <2>     div bx
   243 00009EFB 80C204              <2>     add dl, 4
   244 00009EFE 8816[D09F]          <2>     mov [hud_text_balls+3], dl
   245 00009F02 0404                <2>     add al, 4
   246 00009F04 A2[CF9F]            <2>     mov [hud_text_balls+2], al
   247 00009F07 C606[D49F]0F        <2>     mov byte [hud_text_balls+7], 15
   248 00009F0C 803E[8625]00        <2>     cmp byte [vsync_enabled], 0
   249 00009F11 7405                <2>     je .sync_done
   250 00009F13 C606[D49F]11        <2>     mov byte [hud_text_balls+7], 17
   251                              <2> .sync_done:
   252                              <2> 
   253 00009F18 BE[C49F]            <2>     mov si, hud_text_fps
   254 00009F1B BF[D1A0]            <2>     mov di, hud_canvas + 65
   255 00009F1E BD0900              <2>     mov bp, 9
   256 00009F21 E84D00              <2>     call draw_hud_text
   257 00009F24 BE[CD9F]            <2>     mov si, hud_text_balls
   258 00009F27 BF[D1A2]            <2>     mov di, hud_canvas + 9 * 64 + 1
   259 00009F2A BD0800              <2>     mov bp, 8
   260 00009F2D E84100              <2>     call draw_hud_text
   261 00009F30 BE[D59F]            <2>     mov si, hud_text_cpu
   262 00009F33 BF[D1A4]            <2>     mov di, hud_canvas + 17 * 64 + 1
   263 00009F36 BD0900              <2>     mov bp, 9
   264 00009F39 E83500              <2>     call draw_hud_text
   265 00009F3C BE[DE9F]            <2>     mov si, hud_text_wait
   266 00009F3F BF[D1A6]            <2>     mov di, hud_canvas + 25 * 64 + 1
   267 00009F42 BD0A00              <2>     mov bp, 10
   268 00009F45 E82900              <2>     call draw_hud_text
   269 00009F48 6661                <2>     popad
   270 00009F4A C3                  <2>     ret
   271                              <2> 
   272                              <2> ; AX tenths, SI destination of three digits, a dot, and one decimal digit.
   273                              <2> format_tenths:
   274 00009F4B BB0A00              <2>     mov bx, 10
   275 00009F4E 31D2                <2>     xor dx, dx
   276 00009F50 F7F3                <2>     div bx
   277 00009F52 80C204              <2>     add dl, 4
   278 00009F55 885404              <2>     mov [si+4], dl
   279 00009F58 31D2                <2>     xor dx, dx
   280 00009F5A F7F3                <2>     div bx
   281 00009F5C 80C204              <2>     add dl, 4
   282 00009F5F 885402              <2>     mov [si+2], dl
   283 00009F62 31D2                <2>     xor dx, dx
   284 00009F64 F7F3                <2>     div bx
   285 00009F66 80C204              <2>     add dl, 4
   286 00009F69 885401              <2>     mov [si+1], dl
   287 00009F6C 0404                <2>     add al, 4
   288 00009F6E 8804                <2>     mov [si], al
   289 00009F70 C3                  <2>     ret
   290                              <2> 
   291                              <2> ; SI glyph indices, DI first canvas pixel, BP character count.
   292                              <2> draw_hud_text:
   293 00009F71 6660                <2>     pushad
   294                              <2> .char:
   295 00009F73 57                  <2>     push di
   296 00009F74 0FB604              <2>     movzx ax, byte [si]
   297 00009F77 6BC007              <2>     imul ax, 7
   298 00009F7A BB[E89F]            <2>     mov bx, hud_glyphs
   299 00009F7D 01C3                <2>     add bx, ax
   300 00009F7F BA0700              <2>     mov dx, 7
   301                              <2> .row:
   302 00009F82 8A07                <2>     mov al, [bx]
   303 00009F84 B90500              <2>     mov cx, 5
   304                              <2> .pixel:
   305 00009F87 A810                <2>     test al, 0x10
   306 00009F89 7403                <2>     jz .skip
   307 00009F8B C60501              <2>     mov byte [di], 1
   308                              <2> .skip:
   309 00009F8E D0E0                <2>     shl al, 1
   310 00009F90 47                  <2>     inc di
   311 00009F91 E2F4                <2>     loop .pixel
   312 00009F93 83C73B              <2>     add di, 59
   313 00009F96 43                  <2>     inc bx
   314 00009F97 4A                  <2>     dec dx
   315 00009F98 75E8                <2>     jnz .row
   316 00009F9A 5F                  <2>     pop di
   317 00009F9B 83C706              <2>     add di, 6
   318 00009F9E 46                  <2>     inc si
   319 00009F9F 4D                  <2>     dec bp
   320 00009FA0 75D1                <2>     jnz .char
   321 00009FA2 6661                <2>     popad
   322 00009FA4 C3                  <2>     ret
   323                              <2> 
   324 00009FA5 FFFF                <2> hud_last_fps dw 0xffff
   325 00009FA7 FFFF                <2> hud_last_balls dw 0xffff
   326 00009FA9 FFFF                <2> hud_last_cpu dw 0xffff
   327 00009FAB FFFF                <2> hud_last_wait dw 0xffff
   328 00009FAD 00                  <2> fps_started db 0
   329 00009FAE 00000000            <2> fps_start dd 0
   330 00009FB2 00000000            <2> fps_now dd 0
   331 00009FB6 0000                <2> hud_frames dw 0
   332 00009FB8 0000                <2> hud_fps10 dw 0
   333 00009FBA 0000                <2> hud_total_ms10 dw 0
   334 00009FBC 0000                <2> hud_cpu_ms10 dw 0
   335 00009FBE 0000                <2> hud_wait_ms10 dw 0
   336 00009FC0 00000000            <2> wait_pit_ticks dd 0
   337 00009FC4 000102030404040E04  <2> hud_text_fps db 0,1,2,3,4,4,4,14,4
   338 00009FCD 1003040404040F11    <2> hud_text_balls db 16,3,4,4,4,4,15,17
   339 00009FD5 120113030404040E04  <2> hud_text_cpu db 18,1,19,3,4,4,4,14,4
   340 00009FDE 14151617030404040E- <2> hud_text_wait db 20,21,22,23,3,4,4,4,14,4
   340 00009FE7 04                  <2>
   341                              <2> hud_glyphs:
   342 00009FE8 1F10101E101010      <2>     db 0x1f,0x10,0x10,0x1e,0x10,0x10,0x10 ; F
   343 00009FEF 1E11111E101010      <2>     db 0x1e,0x11,0x11,0x1e,0x10,0x10,0x10 ; P
   344 00009FF6 0F10100E01011E      <2>     db 0x0f,0x10,0x10,0x0e,0x01,0x01,0x1e ; S
   345 00009FFD 00040400040400      <2>     db 0x00,0x04,0x04,0x00,0x04,0x04,0x00 ; :
   346 0000A004 0E11131519110E      <2>     db 0x0e,0x11,0x13,0x15,0x19,0x11,0x0e ; 0
   347 0000A00B 040C040404040E      <2>     db 0x04,0x0c,0x04,0x04,0x04,0x04,0x0e ; 1
   348 0000A012 0E11010204081F      <2>     db 0x0e,0x11,0x01,0x02,0x04,0x08,0x1f ; 2
   349 0000A019 1E01010E01011E      <2>     db 0x1e,0x01,0x01,0x0e,0x01,0x01,0x1e ; 3
   350 0000A020 02060A121F0202      <2>     db 0x02,0x06,0x0a,0x12,0x1f,0x02,0x02 ; 4
   351 0000A027 1F10101E01011E      <2>     db 0x1f,0x10,0x10,0x1e,0x01,0x01,0x1e ; 5
   352 0000A02E 0E10101E11110E      <2>     db 0x0e,0x10,0x10,0x1e,0x11,0x11,0x0e ; 6
   353 0000A035 1F010204080808      <2>     db 0x1f,0x01,0x02,0x04,0x08,0x08,0x08 ; 7
   354 0000A03C 0E11110E11110E      <2>     db 0x0e,0x11,0x11,0x0e,0x11,0x11,0x0e ; 8
   355 0000A043 0E11110F01010E      <2>     db 0x0e,0x11,0x11,0x0f,0x01,0x01,0x0e ; 9
   356 0000A04A 00000000000404      <2>     db 0x00,0x00,0x00,0x00,0x00,0x04,0x04 ; .
   357 0000A051 00<rep 7h>          <2>     times 7 db 0                        ; blank
   358 0000A058 1E11111E11111E      <2>     db 0x1e,0x11,0x11,0x1e,0x11,0x11,0x1e ; B
   359 0000A05F 11111111110A04      <2>     db 0x11,0x11,0x11,0x11,0x11,0x0a,0x04 ; V
   360 0000A066 0E11101010110E      <2>     db 0x0e,0x11,0x10,0x10,0x10,0x11,0x0e ; C
   361 0000A06D 1111111111110E      <2>     db 0x11,0x11,0x11,0x11,0x11,0x11,0x0e ; U
   362 0000A074 1111111515150A      <2>     db 0x11,0x11,0x11,0x15,0x15,0x15,0x0a ; W
   363 0000A07B 0E11111F111111      <2>     db 0x0e,0x11,0x11,0x1f,0x11,0x11,0x11 ; A
   364 0000A082 0E04040404040E      <2>     db 0x0e,0x04,0x04,0x04,0x04,0x04,0x0e ; I
   365 0000A089 1F040404040404      <2>     db 0x1f,0x04,0x04,0x04,0x04,0x04,0x04 ; T
   366 0000A090 00<rep 800h>        <2> hud_canvas times 64 * 32 db 0
  2171                              <1> %ifndef XDEMO2
  2172                              <1> mesh_mask_ram times MESH_MASK_W*MESH_MASK_H/8 db 0
  2173                              <1> %else
  2174                              <1> mesh_mask_ram:
  2175                              <1> %endif
  2176                              <1> %ifdef XDEMO
  2177                              <1> %include "xdemo_art.inc"
     1                              <2> xdemo_palette:
     2                              <2>     ; 0..15: base CGA colors
     3                              <2>     ; lane shades (dark to bright)
     4                              <2>     ; lane shades (dark to bright)
     5                              <2>     ; lane shades (dark to bright)
     6                              <2>     ; lane shades (dark to bright)
     7                              <2>     ; lane shades (dark to bright)
     8                              <2>     ; lane shades (dark to bright)
     9                              <2>     ; lane shades (dark to bright)
    10                              <2>     ; lane shades (dark to bright)
    11 0000A890 00000000002A002A00- <2>     db 0,0,0,0,0,42,0,42,0,0,42,42
    11 0000A899 002A2A              <2>
    12 0000A89C 2A00002A002A2A1500- <2>     db 42,0,0,42,0,42,42,21,0,42,42,42
    12 0000A8A5 2A2A2A              <2>
    13 0000A8A8 15151515153F153F15- <2>     db 21,21,21,21,21,63,21,63,21,21,63,63
    13 0000A8B1 153F3F              <2>
    14 0000A8B4 3F15153F153F3F3F15- <2>     db 63,21,21,63,21,63,63,63,21,63,63,63
    14 0000A8BD 3F3F3F              <2>
    15 0000A8C0 150303230604310806- <2>     db 21,3,3,35,6,4,49,8,6,62,47,46
    15 0000A8C9 3E2F2E              <2>
    16 0000A8CC 151303231F04312B06- <2>     db 21,19,3,35,31,4,49,43,6,62,60,46
    16 0000A8D5 3E3C2E              <2>
    17 0000A8D8 031305061F08082B0C- <2>     db 3,19,5,6,31,8,8,43,12,47,60,48
    17 0000A8E1 2F3C30              <2>
    18 0000A8E4 031114061C2008272D- <2>     db 3,17,20,6,28,32,8,39,45,47,58,61
    18 0000A8ED 2F3A3D              <2>
    19 0000A8F0 1305121F081E2B0C2A- <2>     db 19,5,18,31,8,30,43,12,42,60,48,60
    19 0000A8F9 3C303C              <2>
    20 0000A8FC 050815080E230C1331- <2>     db 5,8,21,8,14,35,12,19,49,48,51,62
    20 0000A905 30333E              <2>
    21 0000A908 1111111C1C1C272727- <2>     db 17,17,17,28,28,28,39,39,39,58,58,58
    21 0000A911 3A3A3A              <2>
    22 0000A914 100A031A1006241608- <2>     db 16,10,3,26,16,6,36,22,8,57,52,47
    22 0000A91D 39342F              <2>
    23                              <2> xdemo_masks:
    24                              <2>     ; X level 0
    25 0000A920 000000000000000000- <2>     db 0,0,0,0,0,0,0,0,0,0,0,0,0,0,0,0
    25 0000A929 00000000000000      <2>
    26 0000A930 000000000000000000- <2>     db 0,0,0,0,0,0,0,0,0,0,0,0,0,0,0,0
    26 0000A939 00000000000000      <2>
    27 0000A940 000000000000000000- <2>     db 0,0,0,0,0,0,0,0,0,0,0,0,0,0,0,0
    27 0000A949 00000000000000      <2>
    28 0000A950 000000000000000000- <2>     db 0,0,0,0,0,0,0,0,0,0,0,0,0,0,0,0
    28 0000A959 00000000000000      <2>
    29 0000A960 000000000000000000- <2>     db 0,0,0,0,0,0,0,0,0,0,0,0,0,0,0,0
    29 0000A969 00000000000000      <2>
    30 0000A970 0000000000F8070000- <2>     db 0,0,0,0,0,248,7,0,0,0,0,0,0,224,31,0
    30 0000A979 00000000E01F00      <2>
    31 0000A980 00FC0F000000000000- <2>     db 0,252,15,0,0,0,0,0,0,240,63,0,0,254,31,0
    31 0000A989 F03F0000FE1F00      <2>
    32 0000A990 0000000000F87F0000- <2>     db 0,0,0,0,0,248,127,0,0,255,63,0,0,0,0,0
    32 0000A999 FF3F0000000000      <2>
    33 0000A9A0 00FCFF0080FF7F0000- <2>     db 0,252,255,0,128,255,127,0,0,0,0,0,0,254,255,1
    33 0000A9A9 00000000FEFF01      <2>
    34 0000A9B0 80FF7F000000000000- <2>     db 128,255,127,0,0,0,0,0,0,254,255,1,128,255,127,0
    34 0000A9B9 FEFF0180FF7F00      <2>
    35 0000A9C0 0000000000FEFF0180- <2>     db 0,0,0,0,0,254,255,1,128,255,127,0,0,0,0,0
    35 0000A9C9 FF7F0000000000      <2>
    36 0000A9D0 00FEFF0180FF7F0000- <2>     db 0,254,255,1,128,255,127,0,0,0,0,0,0,254,255,1
    36 0000A9D9 00000000FEFF01      <2>
    37 0000A9E0 80FF7F000000000000- <2>     db 128,255,127,0,0,0,0,0,0,254,255,1,128,255,127,0
    37 0000A9E9 FEFF0180FF7F00      <2>
    38 0000A9F0 0000000000FEFF0180- <2>     db 0,0,0,0,0,254,255,1,128,255,127,0,0,0,0,0
    38 0000A9F9 FF7F0000000000      <2>
    39 0000AA00 00FEFF0100FF3F0000- <2>     db 0,254,255,1,0,255,63,0,0,0,0,0,0,252,255,0
    39 0000AA09 00000000FCFF00      <2>
    40 0000AA10 00FF3F000000000000- <2>     db 0,255,63,0,0,0,0,0,0,252,255,0,128,255,127,0
    40 0000AA19 FCFF0080FF7F00      <2>
    41 0000AA20 0000000000FEFF0180- <2>     db 0,0,0,0,0,254,255,1,128,255,127,0,0,0,0,0
    41 0000AA29 FF7F0000000000      <2>
    42 0000AA30 00FEFF0180FF7F0000- <2>     db 0,254,255,1,128,255,127,0,0,0,0,0,0,254,255,1
    42 0000AA39 00000000FEFF01      <2>
    43 0000AA40 80FF7F000000000000- <2>     db 128,255,127,0,0,0,0,0,0,254,255,1,128,255,127,0
    43 0000AA49 FEFF0180FF7F00      <2>
    44 0000AA50 0000000000FEFF0180- <2>     db 0,0,0,0,0,254,255,1,128,255,127,0,0,0,0,0
    44 0000AA59 FF7F0000000000      <2>
    45 0000AA60 00FEFF0180FF7FF807- <2>     db 0,254,255,1,128,255,127,248,7,0,0,224,31,254,255,1
    45 0000AA69 0000E01FFEFF01      <2>
    46 0000AA70 80FF7FFC0F0000F03F- <2>     db 128,255,127,252,15,0,0,240,63,254,255,1,0,255,63,254
    46 0000AA79 FEFF0100FF3FFE      <2>
    47 0000AA80 1F0000F87FFCFF0000- <2>     db 31,0,0,248,127,252,255,0,0,254,31,255,63,0,0,252
    47 0000AA89 FE1FFF3F0000FC      <2>
    48 0000AA90 FFF87F0000FC8FFF7F- <2>     db 255,248,127,0,0,252,143,255,127,0,0,254,255,241,63,0
    48 0000AA99 0000FEFFF13F00      <2>
    49 0000AAA0 00F887FF7F0000FEFF- <2>     db 0,248,135,255,127,0,0,254,255,225,31,0,0,0,128,255
    49 0000AAA9 E11F00000080FF      <2>
    50 0000AAB0 7F0000FEFF01000000- <2>     db 127,0,0,254,255,1,0,0,0,0,128,255,127,0,0,254
    50 0000AAB9 0080FF7F0000FE      <2>
    51 0000AAC0 FF010000000080FF7F- <2>     db 255,1,0,0,0,0,128,255,127,0,0,254,255,1,0,0
    51 0000AAC9 0000FEFF010000      <2>
    52 0000AAD0 000080FF7F0000FEFF- <2>     db 0,0,128,255,127,0,0,254,255,1,0,0,0,0,128,255
    52 0000AAD9 010000000080FF      <2>
    53 0000AAE0 7FF00FFEFF01000000- <2>     db 127,240,15,254,255,1,0,0,0,0,128,255,127,248,31,254
    53 0000AAE9 0080FF7FF81FFE      <2>
    54 0000AAF0 FF010000000000FF3F- <2>     db 255,1,0,0,0,0,0,255,63,252,63,252,255,0,0,0
    54 0000AAF9 FC3FFCFF000000      <2>
    55 0000AB00 000000FE1FFE7FF87F- <2>     db 0,0,0,254,31,254,127,248,127,0,0,0,0,0,0,252
    55 0000AB09 000000000000FC      <2>
    56 0000AB10 0FFFFFF03F00000000- <2>     db 15,255,255,240,63,0,0,0,0,0,0,248,7,255,255,224
    56 0000AB19 0000F807FFFFE0      <2>
    57 0000AB20 1F0000000000000000- <2>     db 31,0,0,0,0,0,0,0,0,255,255,0,0,0,0,0
    57 0000AB29 FFFF0000000000      <2>
    58 0000AB30 0000000000FFFF0000- <2>     db 0,0,0,0,0,255,255,0,0,0,0,0,0,0,0,0
    58 0000AB39 00000000000000      <2>
    59 0000AB40 00FFFF000000000000- <2>     db 0,255,255,0,0,0,0,0,0,0,0,0,0,255,255,0
    59 0000AB49 00000000FFFF00      <2>
    60 0000AB50 00000000000000F807- <2>     db 0,0,0,0,0,0,0,248,7,255,255,224,31,0,0,0
    60 0000AB59 FFFFE01F000000      <2>
    61 0000AB60 000000FC0FFFFFF03F- <2>     db 0,0,0,252,15,255,255,240,63,0,0,0,0,0,0,254
    61 0000AB69 000000000000FE      <2>
    62 0000AB70 1FFE7FF87F00000000- <2>     db 31,254,127,248,127,0,0,0,0,0,0,255,63,252,63,252
    62 0000AB79 0000FF3FFC3FFC      <2>
    63 0000AB80 FF000000000080FF7F- <2>     db 255,0,0,0,0,0,128,255,127,248,31,254,255,1,0,0
    63 0000AB89 F81FFEFF010000      <2>
    64 0000AB90 000080FF7FF00FFEFF- <2>     db 0,0,128,255,127,240,15,254,255,1,0,0,0,0,128,255
    64 0000AB99 010000000080FF      <2>
    65 0000ABA0 7F0000FEFF01000000- <2>     db 127,0,0,254,255,1,0,0,0,0,128,255,127,0,0,254
    65 0000ABA9 0080FF7F0000FE      <2>
    66 0000ABB0 FF010000000080FF7F- <2>     db 255,1,0,0,0,0,128,255,127,0,0,254,255,1,0,0
    66 0000ABB9 0000FEFF010000      <2>
    67 0000ABC0 000080FF7F0000FEFF- <2>     db 0,0,128,255,127,0,0,254,255,1,0,0,0,248,135,255
    67 0000ABC9 01000000F887FF      <2>
    68 0000ABD0 7F0000FEFFE11F0000- <2>     db 127,0,0,254,255,225,31,0,0,252,143,255,127,0,0,254
    68 0000ABD9 FC8FFF7F0000FE      <2>
    69 0000ABE0 FFF13F0000FE1FFF3F- <2>     db 255,241,63,0,0,254,31,255,63,0,0,252,255,248,127,0
    69 0000ABE9 0000FCFFF87F00      <2>
    70 0000ABF0 00FF3FFE1F0000F87F- <2>     db 0,255,63,254,31,0,0,248,127,252,255,0,128,255,127,252
    70 0000ABF9 FCFF0080FF7FFC      <2>
    71 0000AC00 0F0000F03FFEFF0180- <2>     db 15,0,0,240,63,254,255,1,128,255,127,248,7,0,0,224
    71 0000AC09 FF7FF8070000E0      <2>
    72 0000AC10 1FFEFF0180FF7F0000- <2>     db 31,254,255,1,128,255,127,0,0,0,0,0,0,254,255,1
    72 0000AC19 00000000FEFF01      <2>
    73 0000AC20 80FF7F000000000000- <2>     db 128,255,127,0,0,0,0,0,0,254,255,1,128,255,127,0
    73 0000AC29 FEFF0180FF7F00      <2>
    74 0000AC30 0000000000FEFF0180- <2>     db 0,0,0,0,0,254,255,1,128,255,127,0,0,0,0,0
    74 0000AC39 FF7F0000000000      <2>
    75 0000AC40 00FEFF0180FF7F0000- <2>     db 0,254,255,1,128,255,127,0,0,0,0,0,0,254,255,1
    75 0000AC49 00000000FEFF01      <2>
    76 0000AC50 80FF7F000000000000- <2>     db 128,255,127,0,0,0,0,0,0,254,255,1,0,255,63,0
    76 0000AC59 FEFF0100FF3F00      <2>
    77 0000AC60 0000000000FCFF0000- <2>     db 0,0,0,0,0,252,255,0,0,255,63,0,0,0,0,0
    77 0000AC69 FF3F0000000000      <2>
    78 0000AC70 00FCFF0080FF7F0000- <2>     db 0,252,255,0,128,255,127,0,0,0,0,0,0,254,255,1
    78 0000AC79 00000000FEFF01      <2>
    79 0000AC80 80FF7F000000000000- <2>     db 128,255,127,0,0,0,0,0,0,254,255,1,128,255,127,0
    79 0000AC89 FEFF0180FF7F00      <2>
    80 0000AC90 0000000000FEFF0180- <2>     db 0,0,0,0,0,254,255,1,128,255,127,0,0,0,0,0
    80 0000AC99 FF7F0000000000      <2>
    81 0000ACA0 00FEFF0180FF7F0000- <2>     db 0,254,255,1,128,255,127,0,0,0,0,0,0,254,255,1
    81 0000ACA9 00000000FEFF01      <2>
    82 0000ACB0 80FF7F000000000000- <2>     db 128,255,127,0,0,0,0,0,0,254,255,1,128,255,127,0
    82 0000ACB9 FEFF0180FF7F00      <2>
    83 0000ACC0 0000000000FEFF0180- <2>     db 0,0,0,0,0,254,255,1,128,255,127,0,0,0,0,0
    83 0000ACC9 FF7F0000000000      <2>
    84 0000ACD0 00FEFF0100FF3F0000- <2>     db 0,254,255,1,0,255,63,0,0,0,0,0,0,252,255,0
    84 0000ACD9 00000000FCFF00      <2>
    85 0000ACE0 00FE1F000000000000- <2>     db 0,254,31,0,0,0,0,0,0,248,127,0,0,252,15,0
    85 0000ACE9 F87F0000FC0F00      <2>
    86 0000ACF0 0000000000F03F0000- <2>     db 0,0,0,0,0,240,63,0,0,248,7,0,0,0,0,0
    86 0000ACF9 F8070000000000      <2>
    87 0000AD00 00E01F000000000000- <2>     db 0,224,31,0,0,0,0,0,0,0,0,0,0,0,0,0
    87 0000AD09 00000000000000      <2>
    88 0000AD10 000000000000000000- <2>     db 0,0,0,0,0,0,0,0,0,0,0,0,0,0,0,0
    88 0000AD19 00000000000000      <2>
    89 0000AD20 000000000000000000- <2>     db 0,0,0,0,0,0,0,0,0,0,0,0,0,0,0,0
    89 0000AD29 00000000000000      <2>
    90 0000AD30 000000000000000000- <2>     db 0,0,0,0,0,0,0,0,0,0,0,0,0,0,0,0
    90 0000AD39 00000000000000      <2>
    91 0000AD40 000000000000000000- <2>     db 0,0,0,0,0,0,0,0,0,0,0,0,0,0,0,0
    91 0000AD49 00000000000000      <2>
    92 0000AD50 0000000000000000    <2>     db 0,0,0,0,0,0,0,0
    93                              <2>     ; X level 1
    94 0000AD58 000000000000000000- <2>     db 0,0,0,0,0,0,0,0,0,0,0,0,0,0,0,0
    94 0000AD61 00000000000000      <2>
    95 0000AD68 000000000000000000- <2>     db 0,0,0,0,0,0,0,0,0,0,0,0,0,0,0,0
    95 0000AD71 00000000000000      <2>
    96 0000AD78 000000000000000000- <2>     db 0,0,0,0,0,0,0,0,0,0,0,0,0,0,0,0
    96 0000AD81 00000000000000      <2>
    97 0000AD88 000000000000000000- <2>     db 0,0,0,0,0,0,0,0,0,0,0,0,0,0,0,0
    97 0000AD91 00000000000000      <2>
    98 0000AD98 000000000000000000- <2>     db 0,0,0,0,0,0,0,0,0,0,0,0,0,0,0,0
    98 0000ADA1 00000000000000      <2>
    99 0000ADA8 0000000000F8070000- <2>     db 0,0,0,0,0,248,7,0,0,0,0,0,0,224,31,0
    99 0000ADB1 00000000E01F00      <2>
   100 0000ADB8 00FC0F000000000000- <2>     db 0,252,15,0,0,0,0,0,0,240,63,0,0,254,31,0
   100 0000ADC1 F03F0000FE1F00      <2>
   101 0000ADC8 0000000000F87F0000- <2>     db 0,0,0,0,0,248,127,0,0,255,31,0,0,0,0,0
   101 0000ADD1 FF1F0000000000      <2>
   102 0000ADD8 00FC7F0080FF1F0000- <2>     db 0,252,127,0,128,255,31,0,0,0,0,0,0,254,127,0
   102 0000ADE1 00000000FE7F00      <2>
   103 0000ADE8 80FF1F000000000000- <2>     db 128,255,31,0,0,0,0,0,0,254,127,0,128,255,15,0
   103 0000ADF1 FE7F0080FF0F00      <2>
   104 0000ADF8 0000000000FE3F0080- <2>     db 0,0,0,0,0,254,63,0,128,255,15,0,0,0,0,0
   104 0000AE01 FF0F0000000000      <2>
   105 0000AE08 00FE3F0080FF070000- <2>     db 0,254,63,0,128,255,7,0,0,0,0,0,0,254,31,0
   105 0000AE11 00000000FE1F00      <2>
   106 0000AE18 80FF03000000000000- <2>     db 128,255,3,0,0,0,0,0,0,254,15,0,128,255,7,0
   106 0000AE21 FE0F0080FF0700      <2>
   107 0000AE28 0000000000FE1F0000- <2>     db 0,0,0,0,0,254,31,0,0,255,15,0,0,0,0,0
   107 0000AE31 FF0F0000000000      <2>
   108 0000AE38 00FC3F0000FE1F0000- <2>     db 0,252,63,0,0,254,31,0,0,0,0,0,0,248,127,0
   108 0000AE41 00000000F87F00      <2>
   109 0000AE48 00FF1F000000000000- <2>     db 0,255,31,0,0,0,0,0,0,252,127,0,128,255,31,0
   109 0000AE51 FC7F0080FF1F00      <2>
   110 0000AE58 0000000000FE7F0080- <2>     db 0,0,0,0,0,254,127,0,128,255,31,0,0,0,0,0
   110 0000AE61 FF1F0000000000      <2>
   111 0000AE68 00FE7F0080FF0F0000- <2>     db 0,254,127,0,128,255,15,0,0,0,0,0,0,254,63,0
   111 0000AE71 00000000FE3F00      <2>
   112 0000AE78 80FF0F000000000000- <2>     db 128,255,15,0,0,0,0,0,0,254,63,0,128,255,7,0
   112 0000AE81 FE3F0080FF0700      <2>
   113 0000AE88 0000000000FE1F0080- <2>     db 0,0,0,0,0,254,31,0,128,255,3,0,0,0,0,0
   113 0000AE91 FF030000000000      <2>
   114 0000AE98 00FE0F0080FF01F807- <2>     db 0,254,15,0,128,255,1,248,7,0,0,224,31,254,7,0
   114 0000AEA1 0000E01FFE0700      <2>
   115 0000AEA8 00FF00FC0F0000F03F- <2>     db 0,255,0,252,15,0,0,240,63,252,3,0,0,28,0,254
   115 0000AEB1 FC0300001C00FE      <2>
   116 0000AEB8 1F0000F87F70000000- <2>     db 31,0,0,248,127,112,0,0,0,0,0,255,31,0,0,252
   116 0000AEC1 0000FF1F0000FC      <2>
   117 0000AEC8 7F000000000080FF1F- <2>     db 127,0,0,0,0,0,128,255,31,0,0,254,127,0,0,0
   117 0000AED1 0000FE7F000000      <2>
   118 0000AED8 000080FF1F0000FE7F- <2>     db 0,0,128,255,31,0,0,254,127,0,0,0,0,0,128,255
   118 0000AEE1 000000000080FF      <2>
   119 0000AEE8 0F0000FE3F00000000- <2>     db 15,0,0,254,63,0,0,0,0,0,128,255,15,0,0,254
   119 0000AEF1 0080FF0F0000FE      <2>
   120 0000AEF8 3F000000000080FF07- <2>     db 63,0,0,0,0,0,128,255,7,0,0,254,31,0,0,0
   120 0000AF01 0000FE1F000000      <2>
   121 0000AF08 000080FF030000FE0F- <2>     db 0,0,128,255,3,0,0,254,15,0,0,0,0,0,128,255
   121 0000AF11 000000000080FF      <2>
   122 0000AF18 01F00FFE0700000000- <2>     db 1,240,15,254,7,0,0,0,0,0,0,255,0,248,31,252
   122 0000AF21 0000FF00F81FFC      <2>
   123 0000AF28 030000000000001C00- <2>     db 3,0,0,0,0,0,0,28,0,252,63,112,0,0,0,0
   123 0000AF31 FC3F7000000000      <2>
   124 0000AF38 0000000000FE3F0000- <2>     db 0,0,0,0,0,254,63,0,0,0,0,0,0,0,0,0
   124 0000AF41 00000000000000      <2>
   125 0000AF48 00FF3F000000000000- <2>     db 0,255,63,0,0,0,0,0,0,0,0,0,0,255,63,0
   125 0000AF51 00000000FF3F00      <2>
   126 0000AF58 000000000000000000- <2>     db 0,0,0,0,0,0,0,0,0,255,31,0,0,0,0,0
   126 0000AF61 FF1F0000000000      <2>
   127 0000AF68 0000000000FF1F0000- <2>     db 0,0,0,0,0,255,31,0,0,0,0,0,0,0,0,0
   127 0000AF71 00000000000000      <2>
   128 0000AF78 00FF0F000000000000- <2>     db 0,255,15,0,0,0,0,0,0,0,0,0,0,255,7,0
   128 0000AF81 00000000FF0700      <2>
   129 0000AF88 00000000000000F807- <2>     db 0,0,0,0,0,0,0,248,7,255,3,224,31,0,0,0
   129 0000AF91 FF03E01F000000      <2>
   130 0000AF98 000000FC0FFE01F03F- <2>     db 0,0,0,252,15,254,1,240,63,0,0,0,0,0,0,254
   130 0000AFA1 000000000000FE      <2>
   131 0000AFA8 1F3800F87F00000000- <2>     db 31,56,0,248,127,0,0,0,0,0,0,255,31,0,0,252
   131 0000AFB1 0000FF1F0000FC      <2>
   132 0000AFB8 7F000000000080FF1F- <2>     db 127,0,0,0,0,0,128,255,31,0,0,254,127,0,0,0
   132 0000AFC1 0000FE7F000000      <2>
   133 0000AFC8 000080FF1F0000FE7F- <2>     db 0,0,128,255,31,0,0,254,127,0,0,0,0,0,128,255
   133 0000AFD1 000000000080FF      <2>
   134 0000AFD8 0F0000FE3F00000000- <2>     db 15,0,0,254,63,0,0,0,0,0,128,255,15,0,0,254
   134 0000AFE1 0080FF0F0000FE      <2>
   135 0000AFE8 3F000000000080FF07- <2>     db 63,0,0,0,0,0,128,255,7,0,0,254,31,0,0,0
   135 0000AFF1 0000FE1F000000      <2>
   136 0000AFF8 000080FF030000FE0F- <2>     db 0,0,128,255,3,0,0,254,15,0,0,0,0,248,135,255
   136 0000B001 00000000F887FF      <2>
   137 0000B008 010000FE07E01F0000- <2>     db 1,0,0,254,7,224,31,0,0,252,15,255,0,0,0,252
   137 0000B011 FC0FFF000000FC      <2>
   138 0000B018 03F03F0000FE1F1C00- <2>     db 3,240,63,0,0,254,31,28,0,0,0,112,0,248,127,0
   138 0000B021 00007000F87F00      <2>
   139 0000B028 00FF1F000000000000- <2>     db 0,255,31,0,0,0,0,0,0,252,127,0,128,255,31,0
   139 0000B031 FC7F0080FF1F00      <2>
   140 0000B038 0000000000FE7F0080- <2>     db 0,0,0,0,0,254,127,0,128,255,31,0,0,0,0,0
   140 0000B041 FF1F0000000000      <2>
   141 0000B048 00FE7F0080FF0F0000- <2>     db 0,254,127,0,128,255,15,0,0,0,0,0,0,254,63,0
   141 0000B051 00000000FE3F00      <2>
   142 0000B058 80FF0F000000000000- <2>     db 128,255,15,0,0,0,0,0,0,254,63,0,128,255,7,0
   142 0000B061 FE3F0080FF0700      <2>
   143 0000B068 0000000000FE1F0080- <2>     db 0,0,0,0,0,254,31,0,128,255,3,0,0,0,0,0
   143 0000B071 FF030000000000      <2>
   144 0000B078 00FE0F0080FF070000- <2>     db 0,254,15,0,128,255,7,0,0,0,0,0,0,254,31,0
   144 0000B081 00000000FE1F00      <2>
   145 0000B088 00FF0F000000000000- <2>     db 0,255,15,0,0,0,0,0,0,252,63,0,0,254,31,0
   145 0000B091 FC3F0000FE1F00      <2>
   146 0000B098 0000000000F87F0000- <2>     db 0,0,0,0,0,248,127,0,0,255,31,0,0,0,0,0
   146 0000B0A1 FF1F0000000000      <2>
   147 0000B0A8 00FC7F0080FF1F0000- <2>     db 0,252,127,0,128,255,31,0,0,0,0,0,0,254,127,0
   147 0000B0B1 00000000FE7F00      <2>
   148 0000B0B8 80FF1F000000000000- <2>     db 128,255,31,0,0,0,0,0,0,254,127,0,128,255,15,0
   148 0000B0C1 FE7F0080FF0F00      <2>
   149 0000B0C8 0000000000FE3F0080- <2>     db 0,0,0,0,0,254,63,0,128,255,15,0,0,0,0,0
   149 0000B0D1 FF0F0000000000      <2>
   150 0000B0D8 00FE3F0080FF070000- <2>     db 0,254,63,0,128,255,7,0,0,0,0,0,0,254,31,0
   150 0000B0E1 00000000FE1F00      <2>
   151 0000B0E8 80FF03000000000000- <2>     db 128,255,3,0,0,0,0,0,0,254,15,0,128,255,1,0
   151 0000B0F1 FE0F0080FF0100      <2>
   152 0000B0F8 0000000000FE070000- <2>     db 0,0,0,0,0,254,7,0,0,255,0,0,0,0,0,0
   152 0000B101 FF000000000000      <2>
   153 0000B108 00FC0300001C000000- <2>     db 0,252,3,0,0,28,0,0,0,0,0,0,0,112,0,0
   153 0000B111 00000000700000      <2>
   154 0000B118 000000000000000000- <2>     db 0,0,0,0,0,0,0,0,0,0,0,0,0,0,0,0
   154 0000B121 00000000000000      <2>
   155 0000B128 000000000000000000- <2>     db 0,0,0,0,0,0,0,0,0,0,0,0,0,0,0,0
   155 0000B131 00000000000000      <2>
   156 0000B138 000000000000000000- <2>     db 0,0,0,0,0,0,0,0,0,0,0,0,0,0,0,0
   156 0000B141 00000000000000      <2>
   157 0000B148 000000000000000000- <2>     db 0,0,0,0,0,0,0,0,0,0,0,0,0,0,0,0
   157 0000B151 00000000000000      <2>
   158 0000B158 000000000000000000- <2>     db 0,0,0,0,0,0,0,0,0,0,0,0,0,0,0,0
   158 0000B161 00000000000000      <2>
   159 0000B168 000000000000000000- <2>     db 0,0,0,0,0,0,0,0,0,0,0,0,0,0,0,0
   159 0000B171 00000000000000      <2>
   160 0000B178 000000000000000000- <2>     db 0,0,0,0,0,0,0,0,0,0,0,0,0,0,0,0
   160 0000B181 00000000000000      <2>
   161 0000B188 0000000000000000    <2>     db 0,0,0,0,0,0,0,0
   162                              <2>     ; X level 2
   163 0000B190 000000000000000000- <2>     db 0,0,0,0,0,0,0,0,0,0,0,0,0,0,0,0
   163 0000B199 00000000000000      <2>
   164 0000B1A0 000000000000000000- <2>     db 0,0,0,0,0,0,0,0,0,0,0,0,0,0,0,0
   164 0000B1A9 00000000000000      <2>
   165 0000B1B0 000000000000000000- <2>     db 0,0,0,0,0,0,0,0,0,0,0,0,0,0,0,0
   165 0000B1B9 00000000000000      <2>
   166 0000B1C0 000000000000000000- <2>     db 0,0,0,0,0,0,0,0,0,0,0,0,0,0,0,0
   166 0000B1C9 00000000000000      <2>
   167 0000B1D0 000000000000000000- <2>     db 0,0,0,0,0,0,0,0,0,0,0,0,0,0,0,0
   167 0000B1D9 00000000000000      <2>
   168 0000B1E0 0000000000F8030000- <2>     db 0,0,0,0,0,248,3,0,0,0,0,0,0,224,15,0
   168 0000B1E9 00000000E00F00      <2>
   169 0000B1F0 00FC07000000000000- <2>     db 0,252,7,0,0,0,0,0,0,240,31,0,0,254,7,0
   169 0000B1F9 F01F0000FE0700      <2>
   170 0000B200 0000000000F81F0000- <2>     db 0,0,0,0,0,248,31,0,0,255,7,0,0,0,0,0
   170 0000B209 FF070000000000      <2>
   171 0000B210 00FC1F0080FF070000- <2>     db 0,252,31,0,128,255,7,0,0,0,0,0,0,254,31,0
   171 0000B219 00000000FE1F00      <2>
   172 0000B220 80FF03000000000000- <2>     db 128,255,3,0,0,0,0,0,0,254,15,0,128,255,3,0
   172 0000B229 FE0F0080FF0300      <2>
   173 0000B230 0000000000FE0F0080- <2>     db 0,0,0,0,0,254,15,0,128,255,1,0,0,0,0,0
   173 0000B239 FF010000000000      <2>
   174 0000B240 00FE070080FF000000- <2>     db 0,254,7,0,128,255,0,0,0,0,0,0,0,254,3,0
   174 0000B249 00000000FE0300      <2>
   175 0000B250 007F00000000000000- <2>     db 0,127,0,0,0,0,0,0,0,252,1,0,0,252,3,0
   175 0000B259 FC010000FC0300      <2>
   176 0000B260 0000000000F00F0000- <2>     db 0,0,0,0,0,240,15,0,0,252,7,0,0,0,0,0
   176 0000B269 FC070000000000      <2>
   177 0000B270 00F01F0000FE070000- <2>     db 0,240,31,0,0,254,7,0,0,0,0,0,0,248,31,0
   177 0000B279 00000000F81F00      <2>
   178 0000B280 00FF07000000000000- <2>     db 0,255,7,0,0,0,0,0,0,252,31,0,128,255,7,0
   178 0000B289 FC1F0080FF0700      <2>
   179 0000B290 0000000000FE1F0080- <2>     db 0,0,0,0,0,254,31,0,128,255,3,0,0,0,0,0
   179 0000B299 FF030000000000      <2>
   180 0000B2A0 00FE0F0080FF030000- <2>     db 0,254,15,0,128,255,3,0,0,0,0,0,0,254,15,0
   180 0000B2A9 00000000FE0F00      <2>
   181 0000B2B0 80FF01000000000000- <2>     db 128,255,1,0,0,0,0,0,0,254,7,0,128,255,0,0
   181 0000B2B9 FE070080FF0000      <2>
   182 0000B2C0 0000000000FE030000- <2>     db 0,0,0,0,0,254,3,0,0,127,0,0,0,0,0,0
   182 0000B2C9 7F000000000000      <2>
   183 0000B2D0 00FC0100000400F803- <2>     db 0,252,1,0,0,4,0,248,3,0,0,224,15,16,0,0
   183 0000B2D9 0000E00F100000      <2>
   184 0000B2E0 000000FC070000F01F- <2>     db 0,0,0,252,7,0,0,240,31,0,0,0,0,0,0,254
   184 0000B2E9 000000000000FE      <2>
   185 0000B2F0 070000F81F00000000- <2>     db 7,0,0,248,31,0,0,0,0,0,0,255,7,0,0,252
   185 0000B2F9 0000FF070000FC      <2>
   186 0000B300 1F000000000080FF07- <2>     db 31,0,0,0,0,0,128,255,7,0,0,254,31,0,0,0
   186 0000B309 0000FE1F000000      <2>
   187 0000B310 000080FF030000FE0F- <2>     db 0,0,128,255,3,0,0,254,15,0,0,0,0,0,128,255
   187 0000B319 000000000080FF      <2>
   188 0000B320 030000FE0F00000000- <2>     db 3,0,0,254,15,0,0,0,0,0,128,255,1,0,0,254
   188 0000B329 0080FF010000FE      <2>
   189 0000B330 07000000000080FF00- <2>     db 7,0,0,0,0,0,128,255,0,0,0,254,3,0,0,0
   189 0000B339 0000FE03000000      <2>
   190 0000B340 0000007F000000FC01- <2>     db 0,0,0,127,0,0,0,252,1,0,0,0,0,0,0,4
   190 0000B349 00000000000004      <2>
   191 0000B350 00F007100000000000- <2>     db 0,240,7,16,0,0,0,0,0,0,0,0,0,248,15,0
   191 0000B359 00000000F80F00      <2>
   192 0000B360 000000000000000000- <2>     db 0,0,0,0,0,0,0,0,0,252,15,0,0,0,0,0
   192 0000B369 FC0F0000000000      <2>
   193 0000B370 0000000000FE0F0000- <2>     db 0,0,0,0,0,254,15,0,0,0,0,0,0,0,0,0
   193 0000B379 00000000000000      <2>
   194 0000B380 00FF0F000000000000- <2>     db 0,255,15,0,0,0,0,0,0,0,0,0,0,255,7,0
   194 0000B389 00000000FF0700      <2>
   195 0000B390 000000000000000000- <2>     db 0,0,0,0,0,0,0,0,0,255,7,0,0,0,0,0
   195 0000B399 FF070000000000      <2>
   196 0000B3A0 0000000000FF030000- <2>     db 0,0,0,0,0,255,3,0,0,0,0,0,0,0,0,0
   196 0000B3A9 00000000000000      <2>
   197 0000B3B0 00FF01000000000000- <2>     db 0,255,1,0,0,0,0,0,0,0,0,0,0,254,0,0
   197 0000B3B9 00000000FE0000      <2>
   198 0000B3C0 00000000000000F803- <2>     db 0,0,0,0,0,0,0,248,3,8,0,224,15,0,0,0
   198 0000B3C9 0800E00F000000      <2>
   199 0000B3D0 000000FC070000F01F- <2>     db 0,0,0,252,7,0,0,240,31,0,0,0,0,0,0,254
   199 0000B3D9 000000000000FE      <2>
   200 0000B3E0 070000F81F00000000- <2>     db 7,0,0,248,31,0,0,0,0,0,0,255,7,0,0,252
   200 0000B3E9 0000FF070000FC      <2>
   201 0000B3F0 1F000000000080FF07- <2>     db 31,0,0,0,0,0,128,255,7,0,0,254,31,0,0,0
   201 0000B3F9 0000FE1F000000      <2>
   202 0000B400 000080FF030000FE0F- <2>     db 0,0,128,255,3,0,0,254,15,0,0,0,0,0,128,255
   202 0000B409 000000000080FF      <2>
   203 0000B410 030000FE0F00000000- <2>     db 3,0,0,254,15,0,0,0,0,0,128,255,1,0,0,254
   203 0000B419 0080FF010000FE      <2>
   204 0000B420 07000000000080FF00- <2>     db 7,0,0,0,0,0,128,255,0,0,0,254,3,0,0,0
   204 0000B429 0000FE03000000      <2>
   205 0000B430 0000007F000000FC01- <2>     db 0,0,0,127,0,0,0,252,1,0,0,0,0,248,3,4
   205 0000B439 00000000F80304      <2>
   206 0000B440 0000001000E00F0000- <2>     db 0,0,0,16,0,224,15,0,0,252,7,0,0,0,0,0
   206 0000B449 FC070000000000      <2>
   207 0000B450 00F01F0000FE070000- <2>     db 0,240,31,0,0,254,7,0,0,0,0,0,0,248,31,0
   207 0000B459 00000000F81F00      <2>
   208 0000B460 00FF07000000000000- <2>     db 0,255,7,0,0,0,0,0,0,252,31,0,128,255,7,0
   208 0000B469 FC1F0080FF0700      <2>
   209 0000B470 0000000000FE1F0080- <2>     db 0,0,0,0,0,254,31,0,128,255,3,0,0,0,0,0
   209 0000B479 FF030000000000      <2>
   210 0000B480 00FE0F0080FF030000- <2>     db 0,254,15,0,128,255,3,0,0,0,0,0,0,254,15,0
   210 0000B489 00000000FE0F00      <2>
   211 0000B490 80FF01000000000000- <2>     db 128,255,1,0,0,0,0,0,0,254,7,0,128,255,0,0
   211 0000B499 FE070080FF0000      <2>
   212 0000B4A0 0000000000FE030000- <2>     db 0,0,0,0,0,254,3,0,0,127,0,0,0,0,0,0
   212 0000B4A9 7F000000000000      <2>
   213 0000B4B0 00FC010000FC030000- <2>     db 0,252,1,0,0,252,3,0,0,0,0,0,0,240,15,0
   213 0000B4B9 00000000F00F00      <2>
   214 0000B4C0 00FC07000000000000- <2>     db 0,252,7,0,0,0,0,0,0,240,31,0,0,254,7,0
   214 0000B4C9 F01F0000FE0700      <2>
   215 0000B4D0 0000000000F81F0000- <2>     db 0,0,0,0,0,248,31,0,0,255,7,0,0,0,0,0
   215 0000B4D9 FF070000000000      <2>
   216 0000B4E0 00FC1F0080FF070000- <2>     db 0,252,31,0,128,255,7,0,0,0,0,0,0,254,31,0
   216 0000B4E9 00000000FE1F00      <2>
   217 0000B4F0 80FF03000000000000- <2>     db 128,255,3,0,0,0,0,0,0,254,15,0,128,255,3,0
   217 0000B4F9 FE0F0080FF0300      <2>
   218 0000B500 0000000000FE0F0080- <2>     db 0,0,0,0,0,254,15,0,128,255,1,0,0,0,0,0
   218 0000B509 FF010000000000      <2>
   219 0000B510 00FE070080FF000000- <2>     db 0,254,7,0,128,255,0,0,0,0,0,0,0,254,3,0
   219 0000B519 00000000FE0300      <2>
   220 0000B520 007F00000000000000- <2>     db 0,127,0,0,0,0,0,0,0,252,1,0,0,4,0,0
   220 0000B529 FC010000040000      <2>
   221 0000B530 000000000010000000- <2>     db 0,0,0,0,0,16,0,0,0,0,0,0,0,0,0,0
   221 0000B539 00000000000000      <2>
   222 0000B540 000000000000000000- <2>     db 0,0,0,0,0,0,0,0,0,0,0,0,0,0,0,0
   222 0000B549 00000000000000      <2>
   223 0000B550 000000000000000000- <2>     db 0,0,0,0,0,0,0,0,0,0,0,0,0,0,0,0
   223 0000B559 00000000000000      <2>
   224 0000B560 000000000000000000- <2>     db 0,0,0,0,0,0,0,0,0,0,0,0,0,0,0,0
   224 0000B569 00000000000000      <2>
   225 0000B570 000000000000000000- <2>     db 0,0,0,0,0,0,0,0,0,0,0,0,0,0,0,0
   225 0000B579 00000000000000      <2>
   226 0000B580 000000000000000000- <2>     db 0,0,0,0,0,0,0,0,0,0,0,0,0,0,0,0
   226 0000B589 00000000000000      <2>
   227 0000B590 000000000000000000- <2>     db 0,0,0,0,0,0,0,0,0,0,0,0,0,0,0,0
   227 0000B599 00000000000000      <2>
   228 0000B5A0 000000000000000000- <2>     db 0,0,0,0,0,0,0,0,0,0,0,0,0,0,0,0
   228 0000B5A9 00000000000000      <2>
   229 0000B5B0 000000000000000000- <2>     db 0,0,0,0,0,0,0,0,0,0,0,0,0,0,0,0
   229 0000B5B9 00000000000000      <2>
   230 0000B5C0 0000000000000000    <2>     db 0,0,0,0,0,0,0,0
   231                              <2>     ; X level 3
   232 0000B5C8 000000000000000000- <2>     db 0,0,0,0,0,0,0,0,0,0,0,0,0,0,0,0
   232 0000B5D1 00000000000000      <2>
   233 0000B5D8 000000000000000000- <2>     db 0,0,0,0,0,0,0,0,0,0,0,0,0,0,0,0
   233 0000B5E1 00000000000000      <2>
   234 0000B5E8 000000000000000000- <2>     db 0,0,0,0,0,0,0,0,0,0,0,0,0,0,0,0
   234 0000B5F1 00000000000000      <2>
   235 0000B5F8 000000000000000000- <2>     db 0,0,0,0,0,0,0,0,0,0,0,0,0,0,0,0
   235 0000B601 00000000000000      <2>
   236 0000B608 000000000000000000- <2>     db 0,0,0,0,0,0,0,0,0,0,0,0,0,0,0,0
   236 0000B611 00000000000000      <2>
   237 0000B618 0000000000F8000000- <2>     db 0,0,0,0,0,248,0,0,0,0,0,0,0,224,3,0
   237 0000B621 00000000E00300      <2>
   238 0000B628 00FC00000000000000- <2>     db 0,252,0,0,0,0,0,0,0,240,3,0,0,254,1,0
   238 0000B631 F0030000FE0100      <2>
   239 0000B638 0000000000F8070000- <2>     db 0,0,0,0,0,248,7,0,0,255,1,0,0,0,0,0
   239 0000B641 FF010000000000      <2>
   240 0000B648 00FC070000FF000000- <2>     db 0,252,7,0,0,255,0,0,0,0,0,0,0,252,3,0
   240 0000B651 00000000FC0300      <2>
   241 0000B658 00FF00000000000000- <2>     db 0,255,0,0,0,0,0,0,0,252,3,0,0,127,0,0
   241 0000B661 FC0300007F0000      <2>
   242 0000B668 0000000000FC010000- <2>     db 0,0,0,0,0,252,1,0,0,30,0,0,0,0,0,0
   242 0000B671 1E000000000000      <2>
   243 0000B678 007800000000000000- <2>     db 0,120,0,0,0,0,0,0,0,0,0,0,0,0,0,0
   243 0000B681 00000000000000      <2>
   244 0000B688 000000000000000000- <2>     db 0,0,0,0,0,0,0,0,0,0,0,0,0,248,0,0
   244 0000B691 00000000F80000      <2>
   245 0000B698 0000000000E0030000- <2>     db 0,0,0,0,0,224,3,0,0,252,0,0,0,0,0,0
   245 0000B6A1 FC000000000000      <2>
   246 0000B6A8 00F0030000FE010000- <2>     db 0,240,3,0,0,254,1,0,0,0,0,0,0,248,7,0
   246 0000B6B1 00000000F80700      <2>
   247 0000B6B8 00FF01000000000000- <2>     db 0,255,1,0,0,0,0,0,0,252,7,0,0,255,0,0
   247 0000B6C1 FC070000FF0000      <2>
   248 0000B6C8 0000000000FC030000- <2>     db 0,0,0,0,0,252,3,0,0,255,0,0,0,0,0,0
   248 0000B6D1 FF000000000000      <2>
   249 0000B6D8 00FC0300007F000000- <2>     db 0,252,3,0,0,127,0,0,0,0,0,0,0,252,1,0
   249 0000B6E1 00000000FC0100      <2>
   250 0000B6E8 001E00000000000000- <2>     db 0,30,0,0,0,0,0,0,0,120,0,0,0,0,0,0
   250 0000B6F1 78000000000000      <2>
   251 0000B6F8 000000000000000000- <2>     db 0,0,0,0,0,0,0,0,0,0,0,0,0,0,0,0
   251 0000B701 00000000000000      <2>
   252 0000B708 00000000000000F800- <2>     db 0,0,0,0,0,0,0,248,0,0,0,224,3,0,0,0
   252 0000B711 0000E003000000      <2>
   253 0000B718 000000FC000000F003- <2>     db 0,0,0,252,0,0,0,240,3,0,0,0,0,0,0,254
   253 0000B721 000000000000FE      <2>
   254 0000B728 010000F80700000000- <2>     db 1,0,0,248,7,0,0,0,0,0,0,255,1,0,0,252
   254 0000B731 0000FF010000FC      <2>
   255 0000B738 07000000000000FF00- <2>     db 7,0,0,0,0,0,0,255,0,0,0,252,3,0,0,0
   255 0000B741 0000FC03000000      <2>
   256 0000B748 000000FF000000FC03- <2>     db 0,0,0,255,0,0,0,252,3,0,0,0,0,0,0,127
   256 0000B751 0000000000007F      <2>
   257 0000B758 000000FC0100000000- <2>     db 0,0,0,252,1,0,0,0,0,0,0,30,0,0,0,120
   257 0000B761 00001E00000078      <2>
   258 0000B768 000000000000000000- <2>     db 0,0,0,0,0,0,0,0,0,0,0,0,0,0,0,0
   258 0000B771 00000000000000      <2>
   259 0000B778 000000000000000000- <2>     db 0,0,0,0,0,0,0,0,0,0,0,0,0,0,0,0
   259 0000B781 00000000000000      <2>
   260 0000B788 00F001000000000000- <2>     db 0,240,1,0,0,0,0,0,0,0,0,0,0,248,1,0
   260 0000B791 00000000F80100      <2>
   261 0000B798 000000000000000000- <2>     db 0,0,0,0,0,0,0,0,0,252,3,0,0,0,0,0
   261 0000B7A1 FC030000000000      <2>
   262 0000B7A8 0000000000FE030000- <2>     db 0,0,0,0,0,254,3,0,0,0,0,0,0,0,0,0
   262 0000B7B1 00000000000000      <2>
   263 0000B7B8 00FE01000000000000- <2>     db 0,254,1,0,0,0,0,0,0,0,0,0,0,254,1,0
   263 0000B7C1 00000000FE0100      <2>
   264 0000B7C8 000000000000000000- <2>     db 0,0,0,0,0,0,0,0,0,254,0,0,0,0,0,0
   264 0000B7D1 FE000000000000      <2>
   265 0000B7D8 00000000003C000000- <2>     db 0,0,0,0,0,60,0,0,0,0,0,0,0,0,0,0
   265 0000B7E1 00000000000000      <2>
   266 0000B7E8 000000000000000000- <2>     db 0,0,0,0,0,0,0,0,0,0,0,0,0,0,0,0
   266 0000B7F1 00000000000000      <2>
   267 0000B7F8 00000000000000F800- <2>     db 0,0,0,0,0,0,0,248,0,0,0,224,3,0,0,0
   267 0000B801 0000E003000000      <2>
   268 0000B808 000000FC000000F003- <2>     db 0,0,0,252,0,0,0,240,3,0,0,0,0,0,0,254
   268 0000B811 000000000000FE      <2>
   269 0000B818 010000F80700000000- <2>     db 1,0,0,248,7,0,0,0,0,0,0,255,1,0,0,252
   269 0000B821 0000FF010000FC      <2>
   270 0000B828 07000000000000FF00- <2>     db 7,0,0,0,0,0,0,255,0,0,0,252,3,0,0,0
   270 0000B831 0000FC03000000      <2>
   271 0000B838 000000FF000000FC03- <2>     db 0,0,0,255,0,0,0,252,3,0,0,0,0,0,0,127
   271 0000B841 0000000000007F      <2>
   272 0000B848 000000FC0100000000- <2>     db 0,0,0,252,1,0,0,0,0,0,0,30,0,0,0,120
   272 0000B851 00001E00000078      <2>
   273 0000B858 000000000000000000- <2>     db 0,0,0,0,0,0,0,0,0,0,0,0,0,0,0,0
   273 0000B861 00000000000000      <2>
   274 0000B868 000000000000000000- <2>     db 0,0,0,0,0,0,0,0,0,0,0,0,0,248,0,0
   274 0000B871 00000000F80000      <2>
   275 0000B878 0000000000E0030000- <2>     db 0,0,0,0,0,224,3,0,0,252,0,0,0,0,0,0
   275 0000B881 FC000000000000      <2>
   276 0000B888 00F0030000FE010000- <2>     db 0,240,3,0,0,254,1,0,0,0,0,0,0,248,7,0
   276 0000B891 00000000F80700      <2>
   277 0000B898 00FF01000000000000- <2>     db 0,255,1,0,0,0,0,0,0,252,7,0,0,255,0,0
   277 0000B8A1 FC070000FF0000      <2>
   278 0000B8A8 0000000000FC030000- <2>     db 0,0,0,0,0,252,3,0,0,255,0,0,0,0,0,0
   278 0000B8B1 FF000000000000      <2>
   279 0000B8B8 00FC0300007F000000- <2>     db 0,252,3,0,0,127,0,0,0,0,0,0,0,252,1,0
   279 0000B8C1 00000000FC0100      <2>
   280 0000B8C8 001E00000000000000- <2>     db 0,30,0,0,0,0,0,0,0,120,0,0,0,0,0,0
   280 0000B8D1 78000000000000      <2>
   281 0000B8D8 000000000000000000- <2>     db 0,0,0,0,0,0,0,0,0,0,0,0,0,0,0,0
   281 0000B8E1 00000000000000      <2>
   282 0000B8E8 0000000000F8000000- <2>     db 0,0,0,0,0,248,0,0,0,0,0,0,0,224,3,0
   282 0000B8F1 00000000E00300      <2>
   283 0000B8F8 00FC00000000000000- <2>     db 0,252,0,0,0,0,0,0,0,240,3,0,0,254,1,0
   283 0000B901 F0030000FE0100      <2>
   284 0000B908 0000000000F8070000- <2>     db 0,0,0,0,0,248,7,0,0,255,1,0,0,0,0,0
   284 0000B911 FF010000000000      <2>
   285 0000B918 00FC070000FF000000- <2>     db 0,252,7,0,0,255,0,0,0,0,0,0,0,252,3,0
   285 0000B921 00000000FC0300      <2>
   286 0000B928 00FF00000000000000- <2>     db 0,255,0,0,0,0,0,0,0,252,3,0,0,127,0,0
   286 0000B931 FC0300007F0000      <2>
   287 0000B938 0000000000FC010000- <2>     db 0,0,0,0,0,252,1,0,0,30,0,0,0,0,0,0
   287 0000B941 1E000000000000      <2>
   288 0000B948 007800000000000000- <2>     db 0,120,0,0,0,0,0,0,0,0,0,0,0,0,0,0
   288 0000B951 00000000000000      <2>
   289 0000B958 000000000000000000- <2>     db 0,0,0,0,0,0,0,0,0,0,0,0,0,0,0,0
   289 0000B961 00000000000000      <2>
   290 0000B968 000000000000000000- <2>     db 0,0,0,0,0,0,0,0,0,0,0,0,0,0,0,0
   290 0000B971 00000000000000      <2>
   291 0000B978 000000000000000000- <2>     db 0,0,0,0,0,0,0,0,0,0,0,0,0,0,0,0
   291 0000B981 00000000000000      <2>
   292 0000B988 000000000000000000- <2>     db 0,0,0,0,0,0,0,0,0,0,0,0,0,0,0,0
   292 0000B991 00000000000000      <2>
   293 0000B998 000000000000000000- <2>     db 0,0,0,0,0,0,0,0,0,0,0,0,0,0,0,0
   293 0000B9A1 00000000000000      <2>
   294 0000B9A8 000000000000000000- <2>     db 0,0,0,0,0,0,0,0,0,0,0,0,0,0,0,0
   294 0000B9B1 00000000000000      <2>
   295 0000B9B8 000000000000000000- <2>     db 0,0,0,0,0,0,0,0,0,0,0,0,0,0,0,0
   295 0000B9C1 00000000000000      <2>
   296 0000B9C8 000000000000000000- <2>     db 0,0,0,0,0,0,0,0,0,0,0,0,0,0,0,0
   296 0000B9D1 00000000000000      <2>
   297 0000B9D8 000000000000000000- <2>     db 0,0,0,0,0,0,0,0,0,0,0,0,0,0,0,0
   297 0000B9E1 00000000000000      <2>
   298 0000B9E8 000000000000000000- <2>     db 0,0,0,0,0,0,0,0,0,0,0,0,0,0,0,0
   298 0000B9F1 00000000000000      <2>
   299 0000B9F8 0000000000000000    <2>     db 0,0,0,0,0,0,0,0
   300                              <2>     ; G level 0
   301 0000BA00 000000000000000000- <2>     db 0,0,0,0,0,0,0,0,0,0,0,0,0,0,0,0
   301 0000BA09 00000000000000      <2>
   302 0000BA10 000000000000000000- <2>     db 0,0,0,0,0,0,0,0,0,0,0,0,0,0,0,0
   302 0000BA19 00000000000000      <2>
   303 0000BA20 000000000000000000- <2>     db 0,0,0,0,0,0,0,0,0,0,0,0,0,0,0,0
   303 0000BA29 00000000000000      <2>
   304 0000BA30 000000000000000000- <2>     db 0,0,0,0,0,0,0,0,0,0,0,0,0,0,0,0
   304 0000BA39 00000000000000      <2>
   305 0000BA40 000000000000000000- <2>     db 0,0,0,0,0,0,0,0,0,0,0,0,0,0,0,0
   305 0000BA49 00000000000000      <2>
   306 0000BA50 00000000000000F807- <2>     db 0,0,0,0,0,0,0,248,7,240,15,224,31,224,31,0
   306 0000BA59 F00FE01FE01F00      <2>
   307 0000BA60 000000FC0FF81FF03F- <2>     db 0,0,0,252,15,248,31,240,63,240,63,0,0,0,0,254
   307 0000BA69 F03F00000000FE      <2>
   308 0000BA70 1FFC3FF87FF87F0000- <2>     db 31,252,63,248,127,248,127,0,0,0,0,255,63,254,127,252
   308 0000BA79 0000FF3FFE7FFC      <2>
   309 0000BA80 FFFCFF00000080FF7F- <2>     db 255,252,255,0,0,0,128,255,127,255,255,254,255,255,255,1
   309 0000BA89 FFFFFEFFFFFF01      <2>
   310 0000BA90 000080FF7FFFFFFEFF- <2>     db 0,0,128,255,127,255,255,254,255,255,255,1,0,0,128,255
   310 0000BA99 FFFF01000080FF      <2>
   311 0000BAA0 7FFFFFFEFFFFFF0100- <2>     db 127,255,255,254,255,255,255,1,0,0,128,255,127,255,255,254
   311 0000BAA9 0080FF7FFFFFFE      <2>
   312 0000BAB0 FFFFFF01000080FF7F- <2>     db 255,255,255,1,0,0,128,255,127,255,255,254,255,255,255,1
   312 0000BAB9 FFFFFEFFFFFF01      <2>
   313 0000BAC0 000080FF7FFFFFFEFF- <2>     db 0,0,128,255,127,255,255,254,255,255,255,1,0,248,135,255
   313 0000BAC9 FFFF0100F887FF      <2>
   314 0000BAD0 7FFFFFFEFFFFFF0100- <2>     db 127,255,255,254,255,255,255,1,0,252,143,255,127,255,255,254
   314 0000BAD9 FC8FFF7FFFFFFE      <2>
   315 0000BAE0 FFFFFF0100FE1FFF3F- <2>     db 255,255,255,1,0,254,31,255,63,254,127,252,255,252,255,0
   315 0000BAE9 FE7FFCFFFCFF00      <2>
   316 0000BAF0 00FF3FFE1FFC3FF87F- <2>     db 0,255,63,254,31,252,63,248,127,248,127,0,128,255,127,252
   316 0000BAF9 F87F0080FF7FFC      <2>
   317 0000BB00 0FF81FF03FF03F0080- <2>     db 15,248,31,240,63,240,63,0,128,255,127,248,7,240,15,224
   317 0000BB09 FF7FF807F00FE0      <2>
   318 0000BB10 1FE01F0080FF7F0000- <2>     db 31,224,31,0,128,255,127,0,0,0,0,0,0,0,0,0
   318 0000BB19 00000000000000      <2>
   319 0000BB20 80FF7F000000000000- <2>     db 128,255,127,0,0,0,0,0,0,0,0,0,128,255,127,0
   319 0000BB29 00000080FF7F00      <2>
   320 0000BB30 000000000000000080- <2>     db 0,0,0,0,0,0,0,0,128,255,127,0,0,0,0,0
   320 0000BB39 FF7F0000000000      <2>
   321 0000BB40 0000000080FF7F0000- <2>     db 0,0,0,0,128,255,127,0,0,0,0,0,0,0,0,0
   321 0000BB49 00000000000000      <2>
   322 0000BB50 80FF7F000000000000- <2>     db 128,255,127,0,0,0,0,0,0,0,0,0,0,255,63,0
   322 0000BB59 00000000FF3F00      <2>
   323 0000BB60 000000000000000000- <2>     db 0,0,0,0,0,0,0,0,0,255,63,0,0,0,0,0
   323 0000BB69 FF3F0000000000      <2>
   324 0000BB70 0000000080FF7F0000- <2>     db 0,0,0,0,128,255,127,0,0,0,0,0,0,0,0,0
   324 0000BB79 00000000000000      <2>
   325 0000BB80 80FF7F000000000000- <2>     db 128,255,127,0,0,0,0,0,0,0,0,0,128,255,127,0
   325 0000BB89 00000080FF7F00      <2>
   326 0000BB90 000000000000000080- <2>     db 0,0,0,0,0,0,0,0,128,255,127,0,0,0,0,0
   326 0000BB99 FF7F0000000000      <2>
   327 0000BBA0 0000000080FF7F0000- <2>     db 0,0,0,0,128,255,127,0,0,0,0,0,0,0,0,0
   327 0000BBA9 00000000000000      <2>
   328 0000BBB0 80FF7F000000000000- <2>     db 128,255,127,0,0,0,0,0,0,0,0,0,128,255,127,0
   328 0000BBB9 00000080FF7F00      <2>
   329 0000BBC0 000000E01FE01F0080- <2>     db 0,0,0,224,31,224,31,0,128,255,127,0,0,0,0,240
   329 0000BBC9 FF7F00000000F0      <2>
   330 0000BBD0 3FF03F0000FF3F0000- <2>     db 63,240,63,0,0,255,63,0,0,0,0,248,127,248,127,0
   330 0000BBD9 0000F87FF87F00      <2>
   331 0000BBE0 00FF3F00000000FCFF- <2>     db 0,255,63,0,0,0,0,252,255,252,255,0,128,255,127,0
   331 0000BBE9 FCFF0080FF7F00      <2>
   332 0000BBF0 000000FEFFFFFF0180- <2>     db 0,0,0,254,255,255,255,1,128,255,127,0,0,0,0,254
   332 0000BBF9 FF7F00000000FE      <2>
   333 0000BC00 FFFFFF0180FF7F0000- <2>     db 255,255,255,1,128,255,127,0,0,0,0,254,255,255,255,1
   333 0000BC09 0000FEFFFFFF01      <2>
   334 0000BC10 80FF7F00000000FEFF- <2>     db 128,255,127,0,0,0,0,254,255,255,255,1,128,255,127,0
   334 0000BC19 FFFF0180FF7F00      <2>
   335 0000BC20 000000FEFFFFFF0180- <2>     db 0,0,0,254,255,255,255,1,128,255,127,0,0,0,0,254
   335 0000BC29 FF7F00000000FE      <2>
   336 0000BC30 FFFFFF0180FF7F0000- <2>     db 255,255,255,1,128,255,127,0,0,0,0,254,255,255,255,1
   336 0000BC39 0000FEFFFFFF01      <2>
   337 0000BC40 80FF7F00000000FEFF- <2>     db 128,255,127,0,0,0,0,254,255,255,255,1,0,255,63,0
   337 0000BC49 FFFF0100FF3F00      <2>
   338 0000BC50 000000FCFFFCFF0000- <2>     db 0,0,0,252,255,252,255,0,0,255,63,0,0,0,0,248
   338 0000BC59 FF3F00000000F8      <2>
   339 0000BC60 7FFCFF0080FF7F0000- <2>     db 127,252,255,0,128,255,127,0,0,0,0,240,63,254,255,1
   339 0000BC69 0000F03FFEFF01      <2>
   340 0000BC70 80FF7F00000000E01F- <2>     db 128,255,127,0,0,0,0,224,31,254,255,1,128,255,127,0
   340 0000BC79 FEFF0180FF7F00      <2>
   341 0000BC80 0000000000FEFF0180- <2>     db 0,0,0,0,0,254,255,1,128,255,127,0,0,0,0,0
   341 0000BC89 FF7F0000000000      <2>
   342 0000BC90 00FEFF0180FF7F0000- <2>     db 0,254,255,1,128,255,127,0,0,0,0,0,0,254,255,1
   342 0000BC99 00000000FEFF01      <2>
   343 0000BCA0 80FF7F000000000000- <2>     db 128,255,127,0,0,0,0,0,0,254,255,1,128,255,127,0
   343 0000BCA9 FEFF0180FF7F00      <2>
   344 0000BCB0 0000000000FEFF0180- <2>     db 0,0,0,0,0,254,255,1,128,255,127,0,0,0,0,0
   344 0000BCB9 FF7F0000000000      <2>
   345 0000BCC0 00FEFF0100FF3F0000- <2>     db 0,254,255,1,0,255,63,0,0,0,0,0,0,252,255,0
   345 0000BCC9 00000000FCFF00      <2>
   346 0000BCD0 00FF3F000000000000- <2>     db 0,255,63,0,0,0,0,0,0,252,255,0,128,255,127,0
   346 0000BCD9 FCFF0080FF7F00      <2>
   347 0000BCE0 0000000000FEFF0180- <2>     db 0,0,0,0,0,254,255,1,128,255,127,0,0,0,0,0
   347 0000BCE9 FF7F0000000000      <2>
   348 0000BCF0 00FEFF0180FF7F0000- <2>     db 0,254,255,1,128,255,127,0,0,0,0,0,0,254,255,1
   348 0000BCF9 00000000FEFF01      <2>
   349 0000BD00 80FF7F000000000000- <2>     db 128,255,127,0,0,0,0,0,0,254,255,1,128,255,127,0
   349 0000BD09 FEFF0180FF7F00      <2>
   350 0000BD10 0000000000FEFF0180- <2>     db 0,0,0,0,0,254,255,1,128,255,127,0,0,0,0,0
   350 0000BD19 FF7F0000000000      <2>
   351 0000BD20 00FEFF0180FF7FF807- <2>     db 0,254,255,1,128,255,127,248,7,240,15,224,31,254,255,1
   351 0000BD29 F00FE01FFEFF01      <2>
   352 0000BD30 80FF7FFC0FF81FF03F- <2>     db 128,255,127,252,15,248,31,240,63,254,255,1,0,255,63,254
   352 0000BD39 FEFF0100FF3FFE      <2>
   353 0000BD40 1FFC3FF87FFCFF0000- <2>     db 31,252,63,248,127,252,255,0,0,254,31,255,63,254,127,252
   353 0000BD49 FE1FFF3FFE7FFC      <2>
   354 0000BD50 FFFCFF0000FC8FFF7F- <2>     db 255,252,255,0,0,252,143,255,127,255,255,254,255,255,255,1
   354 0000BD59 FFFFFEFFFFFF01      <2>
   355 0000BD60 00F887FF7FFFFFFEFF- <2>     db 0,248,135,255,127,255,255,254,255,255,255,1,0,0,128,255
   355 0000BD69 FFFF01000080FF      <2>
   356 0000BD70 7FFFFFFEFFFFFF0100- <2>     db 127,255,255,254,255,255,255,1,0,0,128,255,127,255,255,254
   356 0000BD79 0080FF7FFFFFFE      <2>
   357 0000BD80 FFFFFF01000080FF7F- <2>     db 255,255,255,1,0,0,128,255,127,255,255,254,255,255,255,1
   357 0000BD89 FFFFFEFFFFFF01      <2>
   358 0000BD90 000080FF7FFFFFFEFF- <2>     db 0,0,128,255,127,255,255,254,255,255,255,1,0,0,128,255
   358 0000BD99 FFFF01000080FF      <2>
   359 0000BDA0 7FFFFFFEFFFFFF0100- <2>     db 127,255,255,254,255,255,255,1,0,0,128,255,127,255,255,254
   359 0000BDA9 0080FF7FFFFFFE      <2>
   360 0000BDB0 FFFFFF01000000FF3F- <2>     db 255,255,255,1,0,0,0,255,63,254,127,252,255,252,255,0
   360 0000BDB9 FE7FFCFFFCFF00      <2>
   361 0000BDC0 000000FE1FFC3FF87F- <2>     db 0,0,0,254,31,252,63,248,127,248,127,0,0,0,0,252
   361 0000BDC9 F87F00000000FC      <2>
   362 0000BDD0 0FF81FF03FF03F0000- <2>     db 15,248,31,240,63,240,63,0,0,0,0,248,7,240,15,224
   362 0000BDD9 0000F807F00FE0      <2>
   363 0000BDE0 1FE01F000000000000- <2>     db 31,224,31,0,0,0,0,0,0,0,0,0,0,0,0,0
   363 0000BDE9 00000000000000      <2>
   364 0000BDF0 000000000000000000- <2>     db 0,0,0,0,0,0,0,0,0,0,0,0,0,0,0,0
   364 0000BDF9 00000000000000      <2>
   365 0000BE00 000000000000000000- <2>     db 0,0,0,0,0,0,0,0,0,0,0,0,0,0,0,0
   365 0000BE09 00000000000000      <2>
   366 0000BE10 000000000000000000- <2>     db 0,0,0,0,0,0,0,0,0,0,0,0,0,0,0,0
   366 0000BE19 00000000000000      <2>
   367 0000BE20 000000000000000000- <2>     db 0,0,0,0,0,0,0,0,0,0,0,0,0,0,0,0
   367 0000BE29 00000000000000      <2>
   368 0000BE30 0000000000000000    <2>     db 0,0,0,0,0,0,0,0
   369                              <2>     ; G level 1
   370 0000BE38 000000000000000000- <2>     db 0,0,0,0,0,0,0,0,0,0,0,0,0,0,0,0
   370 0000BE41 00000000000000      <2>
   371 0000BE48 000000000000000000- <2>     db 0,0,0,0,0,0,0,0,0,0,0,0,0,0,0,0
   371 0000BE51 00000000000000      <2>
   372 0000BE58 000000000000000000- <2>     db 0,0,0,0,0,0,0,0,0,0,0,0,0,0,0,0
   372 0000BE61 00000000000000      <2>
   373 0000BE68 000000000000000000- <2>     db 0,0,0,0,0,0,0,0,0,0,0,0,0,0,0,0
   373 0000BE71 00000000000000      <2>
   374 0000BE78 000000000000000000- <2>     db 0,0,0,0,0,0,0,0,0,0,0,0,0,0,0,0
   374 0000BE81 00000000000000      <2>
   375 0000BE88 00000000000000F807- <2>     db 0,0,0,0,0,0,0,248,7,240,15,224,31,224,31,0
   375 0000BE91 F00FE01FE01F00      <2>
   376 0000BE98 000000FC0FF81FF03F- <2>     db 0,0,0,252,15,248,31,240,63,240,63,0,0,0,0,254
   376 0000BEA1 F03F00000000FE      <2>
   377 0000BEA8 1FFC3FF87FF87F0000- <2>     db 31,252,63,248,127,248,127,0,0,0,0,255,31,254,63,252
   377 0000BEB1 0000FF1FFE3FFC      <2>
   378 0000BEB8 7FFC7F00000080FF1F- <2>     db 127,252,127,0,0,0,128,255,31,255,63,254,127,254,127,0
   378 0000BEC1 FF3FFE7FFE7F00      <2>
   379 0000BEC8 000080FF1FFF3FFE7F- <2>     db 0,0,128,255,31,255,63,254,127,254,127,0,0,0,128,255
   379 0000BED1 FE7F00000080FF      <2>
   380 0000BED8 0FFF1FFE3FFE3F0000- <2>     db 15,255,31,254,63,254,63,0,0,0,128,255,15,255,31,254
   380 0000BEE1 0080FF0FFF1FFE      <2>
   381 0000BEE8 3FFE3F00000080FF07- <2>     db 63,254,63,0,0,0,128,255,7,255,15,254,31,254,31,0
   381 0000BEF1 FF0FFE1FFE1F00      <2>
   382 0000BEF8 000080FF03FF07FE0F- <2>     db 0,0,128,255,3,255,7,254,15,254,15,0,0,248,135,255
   382 0000BF01 FE0F0000F887FF      <2>
   383 0000BF08 01FF03FE07FE070000- <2>     db 1,255,3,254,7,254,7,0,0,252,15,255,0,254,1,252
   383 0000BF11 FC0FFF00FE01FC      <2>
   384 0000BF18 03FC030000FE1F1C00- <2>     db 3,252,3,0,0,254,31,28,0,56,0,112,0,112,0,0
   384 0000BF21 38007000700000      <2>
   385 0000BF28 00FF1F000000000000- <2>     db 0,255,31,0,0,0,0,0,0,0,0,0,128,255,31,0
   385 0000BF31 00000080FF1F00      <2>
   386 0000BF38 000000000000000080- <2>     db 0,0,0,0,0,0,0,0,128,255,31,0,0,0,0,0
   386 0000BF41 FF1F0000000000      <2>
   387 0000BF48 0000000080FF0F0000- <2>     db 0,0,0,0,128,255,15,0,0,0,0,0,0,0,0,0
   387 0000BF51 00000000000000      <2>
   388 0000BF58 80FF0F000000000000- <2>     db 128,255,15,0,0,0,0,0,0,0,0,0,128,255,7,0
   388 0000BF61 00000080FF0700      <2>
   389 0000BF68 000000000000000080- <2>     db 0,0,0,0,0,0,0,0,128,255,3,0,0,0,0,0
   389 0000BF71 FF030000000000      <2>
   390 0000BF78 0000000080FF070000- <2>     db 0,0,0,0,128,255,7,0,0,0,0,0,0,0,0,0
   390 0000BF81 00000000000000      <2>
   391 0000BF88 00FF0F000000000000- <2>     db 0,255,15,0,0,0,0,0,0,0,0,0,0,254,31,0
   391 0000BF91 00000000FE1F00      <2>
   392 0000BF98 000000000000000000- <2>     db 0,0,0,0,0,0,0,0,0,255,31,0,0,0,0,0
   392 0000BFA1 FF1F0000000000      <2>
   393 0000BFA8 0000000080FF1F0000- <2>     db 0,0,0,0,128,255,31,0,0,0,0,0,0,0,0,0
   393 0000BFB1 00000000000000      <2>
   394 0000BFB8 80FF1F000000000000- <2>     db 128,255,31,0,0,0,0,0,0,0,0,0,128,255,15,0
   394 0000BFC1 00000080FF0F00      <2>
   395 0000BFC8 000000000000000080- <2>     db 0,0,0,0,0,0,0,0,128,255,15,0,0,0,0,0
   395 0000BFD1 FF0F0000000000      <2>
   396 0000BFD8 0000000080FF070000- <2>     db 0,0,0,0,128,255,7,0,0,0,0,0,0,0,0,0
   396 0000BFE1 00000000000000      <2>
   397 0000BFE8 80FF03000000000000- <2>     db 128,255,3,0,0,0,0,0,0,0,0,0,128,255,7,0
   397 0000BFF1 00000080FF0700      <2>
   398 0000BFF8 000000E01FE01F0000- <2>     db 0,0,0,224,31,224,31,0,0,255,15,0,0,0,0,240
   398 0000C001 FF0F00000000F0      <2>
   399 0000C008 3FF03F0000FE1F0000- <2>     db 63,240,63,0,0,254,31,0,0,0,0,248,127,248,127,0
   399 0000C011 0000F87FF87F00      <2>
   400 0000C018 00FF1F00000000FC7F- <2>     db 0,255,31,0,0,0,0,252,127,252,127,0,128,255,31,0
   400 0000C021 FC7F0080FF1F00      <2>
   401 0000C028 000000FE7FFE7F0080- <2>     db 0,0,0,254,127,254,127,0,128,255,31,0,0,0,0,254
   401 0000C031 FF1F00000000FE      <2>
   402 0000C038 7FFE7F0080FF0F0000- <2>     db 127,254,127,0,128,255,15,0,0,0,0,254,63,254,63,0
   402 0000C041 0000FE3FFE3F00      <2>
   403 0000C048 80FF0F00000000FE3F- <2>     db 128,255,15,0,0,0,0,254,63,254,63,0,128,255,7,0
   403 0000C051 FE3F0080FF0700      <2>
   404 0000C058 000000FE1FFE1F0080- <2>     db 0,0,0,254,31,254,31,0,128,255,3,0,0,0,0,254
   404 0000C061 FF0300000000FE      <2>
   405 0000C068 0FFE0F0080FF070000- <2>     db 15,254,15,0,128,255,7,0,0,0,0,254,7,254,31,0
   405 0000C071 0000FE07FE1F00      <2>
   406 0000C078 00FF0F00000000FC03- <2>     db 0,255,15,0,0,0,0,252,3,252,63,0,0,254,31,0
   406 0000C081 FC3F0000FE1F00      <2>
   407 0000C088 0000007000F87F0000- <2>     db 0,0,0,112,0,248,127,0,0,255,31,0,0,0,0,0
   407 0000C091 FF1F0000000000      <2>
   408 0000C098 00FC7F0080FF1F0000- <2>     db 0,252,127,0,128,255,31,0,0,0,0,0,0,254,127,0
   408 0000C0A1 00000000FE7F00      <2>
   409 0000C0A8 80FF1F000000000000- <2>     db 128,255,31,0,0,0,0,0,0,254,127,0,128,255,15,0
   409 0000C0B1 FE7F0080FF0F00      <2>
   410 0000C0B8 0000000000FE3F0080- <2>     db 0,0,0,0,0,254,63,0,128,255,15,0,0,0,0,0
   410 0000C0C1 FF0F0000000000      <2>
   411 0000C0C8 00FE3F0080FF070000- <2>     db 0,254,63,0,128,255,7,0,0,0,0,0,0,254,31,0
   411 0000C0D1 00000000FE1F00      <2>
   412 0000C0D8 80FF03000000000000- <2>     db 128,255,3,0,0,0,0,0,0,254,15,0,128,255,7,0
   412 0000C0E1 FE0F0080FF0700      <2>
   413 0000C0E8 0000000000FE1F0000- <2>     db 0,0,0,0,0,254,31,0,0,255,15,0,0,0,0,0
   413 0000C0F1 FF0F0000000000      <2>
   414 0000C0F8 00FC3F0000FE1F0000- <2>     db 0,252,63,0,0,254,31,0,0,0,0,0,0,248,127,0
   414 0000C101 00000000F87F00      <2>
   415 0000C108 00FF1F000000000000- <2>     db 0,255,31,0,0,0,0,0,0,252,127,0,128,255,31,0
   415 0000C111 FC7F0080FF1F00      <2>
   416 0000C118 0000000000FE7F0080- <2>     db 0,0,0,0,0,254,127,0,128,255,31,0,0,0,0,0
   416 0000C121 FF1F0000000000      <2>
   417 0000C128 00FE7F0080FF0F0000- <2>     db 0,254,127,0,128,255,15,0,0,0,0,0,0,254,63,0
   417 0000C131 00000000FE3F00      <2>
   418 0000C138 80FF0F000000000000- <2>     db 128,255,15,0,0,0,0,0,0,254,63,0,128,255,7,0
   418 0000C141 FE3F0080FF0700      <2>
   419 0000C148 0000000000FE1F0080- <2>     db 0,0,0,0,0,254,31,0,128,255,3,0,0,0,0,0
   419 0000C151 FF030000000000      <2>
   420 0000C158 00FE0F0080FF01F807- <2>     db 0,254,15,0,128,255,1,248,7,240,15,224,31,254,31,0
   420 0000C161 F00FE01FFE1F00      <2>
   421 0000C168 00FF00FC0FF81FF03F- <2>     db 0,255,0,252,15,248,31,240,63,252,63,0,0,28,0,254
   421 0000C171 FC3F00001C00FE      <2>
   422 0000C178 1FFC3FF87FF87F0000- <2>     db 31,252,63,248,127,248,127,0,0,0,0,255,31,254,63,252
   422 0000C181 0000FF1FFE3FFC      <2>
   423 0000C188 7FFC7F00000080FF1F- <2>     db 127,252,127,0,0,0,128,255,31,255,63,254,127,254,127,0
   423 0000C191 FF3FFE7FFE7F00      <2>
   424 0000C198 000080FF1FFF3FFE7F- <2>     db 0,0,128,255,31,255,63,254,127,254,127,0,0,0,128,255
   424 0000C1A1 FE7F00000080FF      <2>
   425 0000C1A8 0FFF1FFE3FFE3F0000- <2>     db 15,255,31,254,63,254,63,0,0,0,128,255,15,255,31,254
   425 0000C1B1 0080FF0FFF1FFE      <2>
   426 0000C1B8 3FFE3F00000080FF07- <2>     db 63,254,63,0,0,0,128,255,7,255,15,254,31,254,31,0
   426 0000C1C1 FF0FFE1FFE1F00      <2>
   427 0000C1C8 000080FF03FF07FE0F- <2>     db 0,0,128,255,3,255,7,254,15,254,15,0,0,0,128,255
   427 0000C1D1 FE0F00000080FF      <2>
   428 0000C1D8 01FF03FE07FE070000- <2>     db 1,255,3,254,7,254,7,0,0,0,0,255,0,254,1,252
   428 0000C1E1 0000FF00FE01FC      <2>
   429 0000C1E8 03FC03000000001C00- <2>     db 3,252,3,0,0,0,0,28,0,56,0,112,0,112,0,0
   429 0000C1F1 38007000700000      <2>
   430 0000C1F8 000000000000000000- <2>     db 0,0,0,0,0,0,0,0,0,0,0,0,0,0,0,0
   430 0000C201 00000000000000      <2>
   431 0000C208 000000000000000000- <2>     db 0,0,0,0,0,0,0,0,0,0,0,0,0,0,0,0
   431 0000C211 00000000000000      <2>
   432 0000C218 000000000000000000- <2>     db 0,0,0,0,0,0,0,0,0,0,0,0,0,0,0,0
   432 0000C221 00000000000000      <2>
   433 0000C228 000000000000000000- <2>     db 0,0,0,0,0,0,0,0,0,0,0,0,0,0,0,0
   433 0000C231 00000000000000      <2>
   434 0000C238 000000000000000000- <2>     db 0,0,0,0,0,0,0,0,0,0,0,0,0,0,0,0
   434 0000C241 00000000000000      <2>
   435 0000C248 000000000000000000- <2>     db 0,0,0,0,0,0,0,0,0,0,0,0,0,0,0,0
   435 0000C251 00000000000000      <2>
   436 0000C258 000000000000000000- <2>     db 0,0,0,0,0,0,0,0,0,0,0,0,0,0,0,0
   436 0000C261 00000000000000      <2>
   437 0000C268 0000000000000000    <2>     db 0,0,0,0,0,0,0,0
   438                              <2>     ; G level 2
   439 0000C270 000000000000000000- <2>     db 0,0,0,0,0,0,0,0,0,0,0,0,0,0,0,0
   439 0000C279 00000000000000      <2>
   440 0000C280 000000000000000000- <2>     db 0,0,0,0,0,0,0,0,0,0,0,0,0,0,0,0
   440 0000C289 00000000000000      <2>
   441 0000C290 000000000000000000- <2>     db 0,0,0,0,0,0,0,0,0,0,0,0,0,0,0,0
   441 0000C299 00000000000000      <2>
   442 0000C2A0 000000000000000000- <2>     db 0,0,0,0,0,0,0,0,0,0,0,0,0,0,0,0
   442 0000C2A9 00000000000000      <2>
   443 0000C2B0 000000000000000000- <2>     db 0,0,0,0,0,0,0,0,0,0,0,0,0,0,0,0
   443 0000C2B9 00000000000000      <2>
   444 0000C2C0 00000000000000F803- <2>     db 0,0,0,0,0,0,0,248,3,240,7,224,15,224,15,0
   444 0000C2C9 F007E00FE00F00      <2>
   445 0000C2D0 000000FC07F80FF01F- <2>     db 0,0,0,252,7,248,15,240,31,240,31,0,0,0,0,254
   445 0000C2D9 F01F00000000FE      <2>
   446 0000C2E0 07FC0FF81FF81F0000- <2>     db 7,252,15,248,31,248,31,0,0,0,0,255,7,254,15,252
   446 0000C2E9 0000FF07FE0FFC      <2>
   447 0000C2F0 1FFC1F00000080FF07- <2>     db 31,252,31,0,0,0,128,255,7,255,15,254,31,254,31,0
   447 0000C2F9 FF0FFE1FFE1F00      <2>
   448 0000C300 000080FF03FF07FE0F- <2>     db 0,0,128,255,3,255,7,254,15,254,15,0,0,0,128,255
   448 0000C309 FE0F00000080FF      <2>
   449 0000C310 03FF07FE0FFE0F0000- <2>     db 3,255,7,254,15,254,15,0,0,0,128,255,1,255,3,254
   449 0000C319 0080FF01FF03FE      <2>
   450 0000C320 07FE0700000080FF00- <2>     db 7,254,7,0,0,0,128,255,0,255,1,254,3,254,3,0
   450 0000C329 FF01FE03FE0300      <2>
   451 0000C330 0000007F00FE00FC01- <2>     db 0,0,0,127,0,254,0,252,1,252,1,0,0,248,3,4
   451 0000C339 FC010000F80304      <2>
   452 0000C340 000800100010000000- <2>     db 0,8,0,16,0,16,0,0,0,252,7,0,0,0,0,0
   452 0000C349 FC070000000000      <2>
   453 0000C350 0000000000FE070000- <2>     db 0,0,0,0,0,254,7,0,0,0,0,0,0,0,0,0
   453 0000C359 00000000000000      <2>
   454 0000C360 00FF07000000000000- <2>     db 0,255,7,0,0,0,0,0,0,0,0,0,128,255,7,0
   454 0000C369 00000080FF0700      <2>
   455 0000C370 000000000000000080- <2>     db 0,0,0,0,0,0,0,0,128,255,3,0,0,0,0,0
   455 0000C379 FF030000000000      <2>
   456 0000C380 0000000080FF030000- <2>     db 0,0,0,0,128,255,3,0,0,0,0,0,0,0,0,0
   456 0000C389 00000000000000      <2>
   457 0000C390 80FF01000000000000- <2>     db 128,255,1,0,0,0,0,0,0,0,0,0,128,255,0,0
   457 0000C399 00000080FF0000      <2>
   458 0000C3A0 000000000000000000- <2>     db 0,0,0,0,0,0,0,0,0,127,0,0,0,0,0,0
   458 0000C3A9 7F000000000000      <2>
   459 0000C3B0 0000000000FC030000- <2>     db 0,0,0,0,0,252,3,0,0,0,0,0,0,0,0,0
   459 0000C3B9 00000000000000      <2>
   460 0000C3C0 00FC07000000000000- <2>     db 0,252,7,0,0,0,0,0,0,0,0,0,0,254,7,0
   460 0000C3C9 00000000FE0700      <2>
   461 0000C3D0 000000000000000000- <2>     db 0,0,0,0,0,0,0,0,0,255,7,0,0,0,0,0
   461 0000C3D9 FF070000000000      <2>
   462 0000C3E0 0000000080FF070000- <2>     db 0,0,0,0,128,255,7,0,0,0,0,0,0,0,0,0
   462 0000C3E9 00000000000000      <2>
   463 0000C3F0 80FF03000000000000- <2>     db 128,255,3,0,0,0,0,0,0,0,0,0,128,255,3,0
   463 0000C3F9 00000080FF0300      <2>
   464 0000C400 000000000000000080- <2>     db 0,0,0,0,0,0,0,0,128,255,1,0,0,0,0,0
   464 0000C409 FF010000000000      <2>
   465 0000C410 0000000080FF000000- <2>     db 0,0,0,0,128,255,0,0,0,0,0,0,0,0,0,0
   465 0000C419 00000000000000      <2>
   466 0000C420 007F00000000000000- <2>     db 0,127,0,0,0,0,0,0,0,0,0,0,0,252,3,0
   466 0000C429 00000000FC0300      <2>
   467 0000C430 000000E00FE00F0000- <2>     db 0,0,0,224,15,224,15,0,0,252,7,0,0,0,0,240
   467 0000C439 FC0700000000F0      <2>
   468 0000C440 1FF01F0000FE070000- <2>     db 31,240,31,0,0,254,7,0,0,0,0,248,31,248,31,0
   468 0000C449 0000F81FF81F00      <2>
   469 0000C450 00FF0700000000FC1F- <2>     db 0,255,7,0,0,0,0,252,31,252,31,0,128,255,7,0
   469 0000C459 FC1F0080FF0700      <2>
   470 0000C460 000000FE1FFE1F0080- <2>     db 0,0,0,254,31,254,31,0,128,255,3,0,0,0,0,254
   470 0000C469 FF0300000000FE      <2>
   471 0000C470 0FFE0F0080FF030000- <2>     db 15,254,15,0,128,255,3,0,0,0,0,254,15,254,15,0
   471 0000C479 0000FE0FFE0F00      <2>
   472 0000C480 80FF0100000000FE07- <2>     db 128,255,1,0,0,0,0,254,7,254,7,0,128,255,0,0
   472 0000C489 FE070080FF0000      <2>
   473 0000C490 000000FE03FE030000- <2>     db 0,0,0,254,3,254,3,0,0,127,0,0,0,0,0,252
   473 0000C499 7F0000000000FC      <2>
   474 0000C4A0 01FC010000FC030000- <2>     db 1,252,1,0,0,252,3,0,0,0,0,16,0,240,15,0
   474 0000C4A9 00001000F00F00      <2>
   475 0000C4B0 00FC07000000000000- <2>     db 0,252,7,0,0,0,0,0,0,240,31,0,0,254,7,0
   475 0000C4B9 F01F0000FE0700      <2>
   476 0000C4C0 0000000000F81F0000- <2>     db 0,0,0,0,0,248,31,0,0,255,7,0,0,0,0,0
   476 0000C4C9 FF070000000000      <2>
   477 0000C4D0 00FC1F0080FF070000- <2>     db 0,252,31,0,128,255,7,0,0,0,0,0,0,254,31,0
   477 0000C4D9 00000000FE1F00      <2>
   478 0000C4E0 80FF03000000000000- <2>     db 128,255,3,0,0,0,0,0,0,254,15,0,128,255,3,0
   478 0000C4E9 FE0F0080FF0300      <2>
   479 0000C4F0 0000000000FE0F0080- <2>     db 0,0,0,0,0,254,15,0,128,255,1,0,0,0,0,0
   479 0000C4F9 FF010000000000      <2>
   480 0000C500 00FE070080FF000000- <2>     db 0,254,7,0,128,255,0,0,0,0,0,0,0,254,3,0
   480 0000C509 00000000FE0300      <2>
   481 0000C510 007F00000000000000- <2>     db 0,127,0,0,0,0,0,0,0,252,1,0,0,252,3,0
   481 0000C519 FC010000FC0300      <2>
   482 0000C520 0000000000F00F0000- <2>     db 0,0,0,0,0,240,15,0,0,252,7,0,0,0,0,0
   482 0000C529 FC070000000000      <2>
   483 0000C530 00F01F0000FE070000- <2>     db 0,240,31,0,0,254,7,0,0,0,0,0,0,248,31,0
   483 0000C539 00000000F81F00      <2>
   484 0000C540 00FF07000000000000- <2>     db 0,255,7,0,0,0,0,0,0,252,31,0,128,255,7,0
   484 0000C549 FC1F0080FF0700      <2>
   485 0000C550 0000000000FE1F0080- <2>     db 0,0,0,0,0,254,31,0,128,255,3,0,0,0,0,0
   485 0000C559 FF030000000000      <2>
   486 0000C560 00FE0F0080FF030000- <2>     db 0,254,15,0,128,255,3,0,0,0,0,0,0,254,15,0
   486 0000C569 00000000FE0F00      <2>
   487 0000C570 80FF01000000000000- <2>     db 128,255,1,0,0,0,0,0,0,254,7,0,128,255,0,0
   487 0000C579 FE070080FF0000      <2>
   488 0000C580 0000000000FE030000- <2>     db 0,0,0,0,0,254,3,0,0,127,0,0,0,0,0,0
   488 0000C589 7F000000000000      <2>
   489 0000C590 00FC0100000400F803- <2>     db 0,252,1,0,0,4,0,248,3,240,7,224,15,240,15,0
   489 0000C599 F007E00FF00F00      <2>
   490 0000C5A0 000000FC07F80FF01F- <2>     db 0,0,0,252,7,248,15,240,31,240,31,0,0,0,0,254
   490 0000C5A9 F01F00000000FE      <2>
   491 0000C5B0 07FC0FF81FF81F0000- <2>     db 7,252,15,248,31,248,31,0,0,0,0,255,7,254,15,252
   491 0000C5B9 0000FF07FE0FFC      <2>
   492 0000C5C0 1FFC1F00000080FF07- <2>     db 31,252,31,0,0,0,128,255,7,255,15,254,31,254,31,0
   492 0000C5C9 FF0FFE1FFE1F00      <2>
   493 0000C5D0 000080FF03FF07FE0F- <2>     db 0,0,128,255,3,255,7,254,15,254,15,0,0,0,128,255
   493 0000C5D9 FE0F00000080FF      <2>
   494 0000C5E0 03FF07FE0FFE0F0000- <2>     db 3,255,7,254,15,254,15,0,0,0,128,255,1,255,3,254
   494 0000C5E9 0080FF01FF03FE      <2>
   495 0000C5F0 07FE0700000080FF00- <2>     db 7,254,7,0,0,0,128,255,0,255,1,254,3,254,3,0
   495 0000C5F9 FF01FE03FE0300      <2>
   496 0000C600 0000007F00FE00FC01- <2>     db 0,0,0,127,0,254,0,252,1,252,1,0,0,0,0,4
   496 0000C609 FC010000000004      <2>
   497 0000C610 000800100010000000- <2>     db 0,8,0,16,0,16,0,0,0,0,0,0,0,0,0,0
   497 0000C619 00000000000000      <2>
   498 0000C620 000000000000000000- <2>     db 0,0,0,0,0,0,0,0,0,0,0,0,0,0,0,0
   498 0000C629 00000000000000      <2>
   499 0000C630 000000000000000000- <2>     db 0,0,0,0,0,0,0,0,0,0,0,0,0,0,0,0
   499 0000C639 00000000000000      <2>
   500 0000C640 000000000000000000- <2>     db 0,0,0,0,0,0,0,0,0,0,0,0,0,0,0,0
   500 0000C649 00000000000000      <2>
   501 0000C650 000000000000000000- <2>     db 0,0,0,0,0,0,0,0,0,0,0,0,0,0,0,0
   501 0000C659 00000000000000      <2>
   502 0000C660 000000000000000000- <2>     db 0,0,0,0,0,0,0,0,0,0,0,0,0,0,0,0
   502 0000C669 00000000000000      <2>
   503 0000C670 000000000000000000- <2>     db 0,0,0,0,0,0,0,0,0,0,0,0,0,0,0,0
   503 0000C679 00000000000000      <2>
   504 0000C680 000000000000000000- <2>     db 0,0,0,0,0,0,0,0,0,0,0,0,0,0,0,0
   504 0000C689 00000000000000      <2>
   505 0000C690 000000000000000000- <2>     db 0,0,0,0,0,0,0,0,0,0,0,0,0,0,0,0
   505 0000C699 00000000000000      <2>
   506 0000C6A0 0000000000000000    <2>     db 0,0,0,0,0,0,0,0
   507                              <2>     ; G level 3
   508 0000C6A8 000000000000000000- <2>     db 0,0,0,0,0,0,0,0,0,0,0,0,0,0,0,0
   508 0000C6B1 00000000000000      <2>
   509 0000C6B8 000000000000000000- <2>     db 0,0,0,0,0,0,0,0,0,0,0,0,0,0,0,0
   509 0000C6C1 00000000000000      <2>
   510 0000C6C8 000000000000000000- <2>     db 0,0,0,0,0,0,0,0,0,0,0,0,0,0,0,0
   510 0000C6D1 00000000000000      <2>
   511 0000C6D8 000000000000000000- <2>     db 0,0,0,0,0,0,0,0,0,0,0,0,0,0,0,0
   511 0000C6E1 00000000000000      <2>
   512 0000C6E8 000000000000000000- <2>     db 0,0,0,0,0,0,0,0,0,0,0,0,0,0,0,0
   512 0000C6F1 00000000000000      <2>
   513 0000C6F8 00000000000000F800- <2>     db 0,0,0,0,0,0,0,248,0,240,1,224,3,224,3,0
   513 0000C701 F001E003E00300      <2>
   514 0000C708 000000FC00F801F003- <2>     db 0,0,0,252,0,248,1,240,3,240,3,0,0,0,0,254
   514 0000C711 F00300000000FE      <2>
   515 0000C718 01FC03F807F8070000- <2>     db 1,252,3,248,7,248,7,0,0,0,0,255,1,254,3,252
   515 0000C721 0000FF01FE03FC      <2>
   516 0000C728 07FC0700000000FF00- <2>     db 7,252,7,0,0,0,0,255,0,254,1,252,3,252,3,0
   516 0000C731 FE01FC03FC0300      <2>
   517 0000C738 000000FF00FE01FC03- <2>     db 0,0,0,255,0,254,1,252,3,252,3,0,0,0,0,127
   517 0000C741 FC03000000007F      <2>
   518 0000C748 00FE00FC01FC010000- <2>     db 0,254,0,252,1,252,1,0,0,0,0,30,0,60,0,120
   518 0000C751 00001E003C0078      <2>
   519 0000C758 007800000000000000- <2>     db 0,120,0,0,0,0,0,0,0,0,0,0,0,0,0,0
   519 0000C761 00000000000000      <2>
   520 0000C768 000000000000000000- <2>     db 0,0,0,0,0,0,0,0,0,0,0,0,0,248,0,0
   520 0000C771 00000000F80000      <2>
   521 0000C778 000000000000000000- <2>     db 0,0,0,0,0,0,0,0,0,252,0,0,0,0,0,0
   521 0000C781 FC000000000000      <2>
   522 0000C788 0000000000FE010000- <2>     db 0,0,0,0,0,254,1,0,0,0,0,0,0,0,0,0
   522 0000C791 00000000000000      <2>
   523 0000C798 00FF01000000000000- <2>     db 0,255,1,0,0,0,0,0,0,0,0,0,0,255,0,0
   523 0000C7A1 00000000FF0000      <2>
   524 0000C7A8 000000000000000000- <2>     db 0,0,0,0,0,0,0,0,0,255,0,0,0,0,0,0
   524 0000C7B1 FF000000000000      <2>
   525 0000C7B8 00000000007F000000- <2>     db 0,0,0,0,0,127,0,0,0,0,0,0,0,0,0,0
   525 0000C7C1 00000000000000      <2>
   526 0000C7C8 001E00000000000000- <2>     db 0,30,0,0,0,0,0,0,0,0,0,0,0,0,0,0
   526 0000C7D1 00000000000000      <2>
   527 0000C7D8 000000000000000000- <2>     db 0,0,0,0,0,0,0,0,0,0,0,0,0,0,0,0
   527 0000C7E1 00000000000000      <2>
   528 0000C7E8 0000000000F8000000- <2>     db 0,0,0,0,0,248,0,0,0,0,0,0,0,0,0,0
   528 0000C7F1 00000000000000      <2>
   529 0000C7F8 00FC00000000000000- <2>     db 0,252,0,0,0,0,0,0,0,0,0,0,0,254,1,0
   529 0000C801 00000000FE0100      <2>
   530 0000C808 000000000000000000- <2>     db 0,0,0,0,0,0,0,0,0,255,1,0,0,0,0,0
   530 0000C811 FF010000000000      <2>
   531 0000C818 0000000000FF000000- <2>     db 0,0,0,0,0,255,0,0,0,0,0,0,0,0,0,0
   531 0000C821 00000000000000      <2>
   532 0000C828 00FF00000000000000- <2>     db 0,255,0,0,0,0,0,0,0,0,0,0,0,127,0,0
   532 0000C831 000000007F0000      <2>
   533 0000C838 000000000000000000- <2>     db 0,0,0,0,0,0,0,0,0,30,0,0,0,0,0,0
   533 0000C841 1E000000000000      <2>
   534 0000C848 000000000000000000- <2>     db 0,0,0,0,0,0,0,0,0,0,0,0,0,0,0,0
   534 0000C851 00000000000000      <2>
   535 0000C858 000000000000000000- <2>     db 0,0,0,0,0,0,0,0,0,0,0,0,0,248,0,0
   535 0000C861 00000000F80000      <2>
   536 0000C868 000000E003E0030000- <2>     db 0,0,0,224,3,224,3,0,0,252,0,0,0,0,0,240
   536 0000C871 FC0000000000F0      <2>
   537 0000C878 03F0030000FE010000- <2>     db 3,240,3,0,0,254,1,0,0,0,0,248,7,248,7,0
   537 0000C881 0000F807F80700      <2>
   538 0000C888 00FF0100000000FC07- <2>     db 0,255,1,0,0,0,0,252,7,252,7,0,0,255,0,0
   538 0000C891 FC070000FF0000      <2>
   539 0000C898 000000FC03FC030000- <2>     db 0,0,0,252,3,252,3,0,0,255,0,0,0,0,0,252
   539 0000C8A1 FF0000000000FC      <2>
   540 0000C8A8 03FC0300007F000000- <2>     db 3,252,3,0,0,127,0,0,0,0,0,252,1,252,1,0
   540 0000C8B1 0000FC01FC0100      <2>
   541 0000C8B8 001E00000000007800- <2>     db 0,30,0,0,0,0,0,120,0,120,0,0,0,0,0,0
   541 0000C8C1 78000000000000      <2>
   542 0000C8C8 000000000000000000- <2>     db 0,0,0,0,0,0,0,0,0,0,0,0,0,0,0,0
   542 0000C8D1 00000000000000      <2>
   543 0000C8D8 0000000000F8000000- <2>     db 0,0,0,0,0,248,0,0,0,0,0,0,0,224,3,0
   543 0000C8E1 00000000E00300      <2>
   544 0000C8E8 00FC00000000000000- <2>     db 0,252,0,0,0,0,0,0,0,240,3,0,0,254,1,0
   544 0000C8F1 F0030000FE0100      <2>
   545 0000C8F8 0000000000F8070000- <2>     db 0,0,0,0,0,248,7,0,0,255,1,0,0,0,0,0
   545 0000C901 FF010000000000      <2>
   546 0000C908 00FC070000FF000000- <2>     db 0,252,7,0,0,255,0,0,0,0,0,0,0,252,3,0
   546 0000C911 00000000FC0300      <2>
   547 0000C918 00FF00000000000000- <2>     db 0,255,0,0,0,0,0,0,0,252,3,0,0,127,0,0
   547 0000C921 FC0300007F0000      <2>
   548 0000C928 0000000000FC010000- <2>     db 0,0,0,0,0,252,1,0,0,30,0,0,0,0,0,0
   548 0000C931 1E000000000000      <2>
   549 0000C938 007800000000000000- <2>     db 0,120,0,0,0,0,0,0,0,0,0,0,0,0,0,0
   549 0000C941 00000000000000      <2>
   550 0000C948 000000000000000000- <2>     db 0,0,0,0,0,0,0,0,0,0,0,0,0,248,0,0
   550 0000C951 00000000F80000      <2>
   551 0000C958 0000000000E0030000- <2>     db 0,0,0,0,0,224,3,0,0,252,0,0,0,0,0,0
   551 0000C961 FC000000000000      <2>
   552 0000C968 00F0030000FE010000- <2>     db 0,240,3,0,0,254,1,0,0,0,0,0,0,248,7,0
   552 0000C971 00000000F80700      <2>
   553 0000C978 00FF01000000000000- <2>     db 0,255,1,0,0,0,0,0,0,252,7,0,0,255,0,0
   553 0000C981 FC070000FF0000      <2>
   554 0000C988 0000000000FC030000- <2>     db 0,0,0,0,0,252,3,0,0,255,0,0,0,0,0,0
   554 0000C991 FF000000000000      <2>
   555 0000C998 00FC0300007F000000- <2>     db 0,252,3,0,0,127,0,0,0,0,0,0,0,252,1,0
   555 0000C9A1 00000000FC0100      <2>
   556 0000C9A8 001E00000000000000- <2>     db 0,30,0,0,0,0,0,0,0,120,0,0,0,0,0,0
   556 0000C9B1 78000000000000      <2>
   557 0000C9B8 000000000000000000- <2>     db 0,0,0,0,0,0,0,0,0,0,0,0,0,0,0,0
   557 0000C9C1 00000000000000      <2>
   558 0000C9C8 00000000000000F800- <2>     db 0,0,0,0,0,0,0,248,0,240,1,224,3,224,3,0
   558 0000C9D1 F001E003E00300      <2>
   559 0000C9D8 000000FC00F801F003- <2>     db 0,0,0,252,0,248,1,240,3,240,3,0,0,0,0,254
   559 0000C9E1 F00300000000FE      <2>
   560 0000C9E8 01FC03F807F8070000- <2>     db 1,252,3,248,7,248,7,0,0,0,0,255,1,254,3,252
   560 0000C9F1 0000FF01FE03FC      <2>
   561 0000C9F8 07FC0700000000FF00- <2>     db 7,252,7,0,0,0,0,255,0,254,1,252,3,252,3,0
   561 0000CA01 FE01FC03FC0300      <2>
   562 0000CA08 000000FF00FE01FC03- <2>     db 0,0,0,255,0,254,1,252,3,252,3,0,0,0,0,127
   562 0000CA11 FC03000000007F      <2>
   563 0000CA18 00FE00FC01FC010000- <2>     db 0,254,0,252,1,252,1,0,0,0,0,30,0,60,0,120
   563 0000CA21 00001E003C0078      <2>
   564 0000CA28 007800000000000000- <2>     db 0,120,0,0,0,0,0,0,0,0,0,0,0,0,0,0
   564 0000CA31 00000000000000      <2>
   565 0000CA38 000000000000000000- <2>     db 0,0,0,0,0,0,0,0,0,0,0,0,0,0,0,0
   565 0000CA41 00000000000000      <2>
   566 0000CA48 000000000000000000- <2>     db 0,0,0,0,0,0,0,0,0,0,0,0,0,0,0,0
   566 0000CA51 00000000000000      <2>
   567 0000CA58 000000000000000000- <2>     db 0,0,0,0,0,0,0,0,0,0,0,0,0,0,0,0
   567 0000CA61 00000000000000      <2>
   568 0000CA68 000000000000000000- <2>     db 0,0,0,0,0,0,0,0,0,0,0,0,0,0,0,0
   568 0000CA71 00000000000000      <2>
   569 0000CA78 000000000000000000- <2>     db 0,0,0,0,0,0,0,0,0,0,0,0,0,0,0,0
   569 0000CA81 00000000000000      <2>
   570 0000CA88 000000000000000000- <2>     db 0,0,0,0,0,0,0,0,0,0,0,0,0,0,0,0
   570 0000CA91 00000000000000      <2>
   571 0000CA98 000000000000000000- <2>     db 0,0,0,0,0,0,0,0,0,0,0,0,0,0,0,0
   571 0000CAA1 00000000000000      <2>
   572 0000CAA8 000000000000000000- <2>     db 0,0,0,0,0,0,0,0,0,0,0,0,0,0,0,0
   572 0000CAB1 00000000000000      <2>
   573 0000CAB8 000000000000000000- <2>     db 0,0,0,0,0,0,0,0,0,0,0,0,0,0,0,0
   573 0000CAC1 00000000000000      <2>
   574 0000CAC8 000000000000000000- <2>     db 0,0,0,0,0,0,0,0,0,0,0,0,0,0,0,0
   574 0000CAD1 00000000000000      <2>
   575 0000CAD8 0000000000000000    <2>     db 0,0,0,0,0,0,0,0
   576                              <2>     ; A level 0
   577 0000CAE0 000000000000000000- <2>     db 0,0,0,0,0,0,0,0,0,0,0,0,0,0,0,0
   577 0000CAE9 00000000000000      <2>
   578 0000CAF0 000000000000000000- <2>     db 0,0,0,0,0,0,0,0,0,0,0,0,0,0,0,0
   578 0000CAF9 00000000000000      <2>
   579 0000CB00 000000000000000000- <2>     db 0,0,0,0,0,0,0,0,0,0,0,0,0,0,0,0
   579 0000CB09 00000000000000      <2>
   580 0000CB10 000000000000000000- <2>     db 0,0,0,0,0,0,0,0,0,0,0,0,0,0,0,0
   580 0000CB19 00000000000000      <2>
   581 0000CB20 000000000000000000- <2>     db 0,0,0,0,0,0,0,0,0,0,0,0,0,0,0,0
   581 0000CB29 00000000000000      <2>
   582 0000CB30 00000000000000F807- <2>     db 0,0,0,0,0,0,0,248,7,240,15,224,31,0,0,0
   582 0000CB39 F00FE01F000000      <2>
   583 0000CB40 000000FC0FF81FF03F- <2>     db 0,0,0,252,15,248,31,240,63,0,0,0,0,0,0,254
   583 0000CB49 000000000000FE      <2>
   584 0000CB50 1FFC3FF87F00000000- <2>     db 31,252,63,248,127,0,0,0,0,0,0,255,63,254,127,252
   584 0000CB59 0000FF3FFE7FFC      <2>
   585 0000CB60 FF000000000080FF7F- <2>     db 255,0,0,0,0,0,128,255,127,255,255,254,255,1,0,0
   585 0000CB69 FFFFFEFF010000      <2>
   586 0000CB70 000080FF7FFFFFFEFF- <2>     db 0,0,128,255,127,255,255,254,255,1,0,0,0,0,128,255
   586 0000CB79 010000000080FF      <2>
   587 0000CB80 7FFFFFFEFF01000000- <2>     db 127,255,255,254,255,1,0,0,0,0,128,255,127,255,255,254
   587 0000CB89 0080FF7FFFFFFE      <2>
   588 0000CB90 FF010000000080FF7F- <2>     db 255,1,0,0,0,0,128,255,127,255,255,254,255,1,0,0
   588 0000CB99 FFFFFEFF010000      <2>
   589 0000CBA0 000080FF7FFFFFFEFF- <2>     db 0,0,128,255,127,255,255,254,255,1,0,0,0,248,135,255
   589 0000CBA9 01000000F887FF      <2>
   590 0000CBB0 7FFFFFFEFFE11F0000- <2>     db 127,255,255,254,255,225,31,0,0,252,143,255,127,255,255,254
   590 0000CBB9 FC8FFF7FFFFFFE      <2>
   591 0000CBC0 FFF13F0000FE1FFF3F- <2>     db 255,241,63,0,0,254,31,255,63,254,127,252,255,248,127,0
   591 0000CBC9 FE7FFCFFF87F00      <2>
   592 0000CBD0 00FF3FFE1FFC3FF87F- <2>     db 0,255,63,254,31,252,63,248,127,252,255,0,128,255,127,252
   592 0000CBD9 FCFF0080FF7FFC      <2>
   593 0000CBE0 0FF81FF03FFEFF0180- <2>     db 15,248,31,240,63,254,255,1,128,255,127,248,7,240,15,224
   593 0000CBE9 FF7FF807F00FE0      <2>
   594 0000CBF0 1FFEFF0180FF7F0000- <2>     db 31,254,255,1,128,255,127,0,0,0,0,0,0,254,255,1
   594 0000CBF9 00000000FEFF01      <2>
   595 0000CC00 80FF7F000000000000- <2>     db 128,255,127,0,0,0,0,0,0,254,255,1,128,255,127,0
   595 0000CC09 FEFF0180FF7F00      <2>
   596 0000CC10 0000000000FEFF0180- <2>     db 0,0,0,0,0,254,255,1,128,255,127,0,0,0,0,0
   596 0000CC19 FF7F0000000000      <2>
   597 0000CC20 00FEFF0180FF7F0000- <2>     db 0,254,255,1,128,255,127,0,0,0,0,0,0,254,255,1
   597 0000CC29 00000000FEFF01      <2>
   598 0000CC30 80FF7F000000000000- <2>     db 128,255,127,0,0,0,0,0,0,254,255,1,0,255,63,0
   598 0000CC39 FEFF0100FF3F00      <2>
   599 0000CC40 0000000000FCFF0000- <2>     db 0,0,0,0,0,252,255,0,0,255,63,0,0,0,0,0
   599 0000CC49 FF3F0000000000      <2>
   600 0000CC50 00FCFF0080FF7F0000- <2>     db 0,252,255,0,128,255,127,0,0,0,0,0,0,254,255,1
   600 0000CC59 00000000FEFF01      <2>
   601 0000CC60 80FF7F000000000000- <2>     db 128,255,127,0,0,0,0,0,0,254,255,1,128,255,127,0
   601 0000CC69 FEFF0180FF7F00      <2>
   602 0000CC70 0000000000FEFF0180- <2>     db 0,0,0,0,0,254,255,1,128,255,127,0,0,0,0,0
   602 0000CC79 FF7F0000000000      <2>
   603 0000CC80 00FEFF0180FF7F0000- <2>     db 0,254,255,1,128,255,127,0,0,0,0,0,0,254,255,1
   603 0000CC89 00000000FEFF01      <2>
   604 0000CC90 80FF7F000000000000- <2>     db 128,255,127,0,0,0,0,0,0,254,255,1,128,255,127,248
   604 0000CC99 FEFF0180FF7FF8      <2>
   605 0000CCA0 07F00FE01FFEFF0180- <2>     db 7,240,15,224,31,254,255,1,128,255,127,252,15,248,31,240
   605 0000CCA9 FF7FFC0FF81FF0      <2>
   606 0000CCB0 3FFEFF0100FF3FFE1F- <2>     db 63,254,255,1,0,255,63,254,31,252,63,248,127,252,255,0
   606 0000CCB9 FC3FF87FFCFF00      <2>
   607 0000CCC0 00FF3FFF3FFE7FFCFF- <2>     db 0,255,63,255,63,254,127,252,255,252,255,0,128,255,255,255
   607 0000CCC9 FCFF0080FFFFFF      <2>
   608 0000CCD0 7FFFFFFEFFFFFF0180- <2>     db 127,255,255,254,255,255,255,1,128,255,255,255,127,255,255,254
   608 0000CCD9 FFFFFF7FFFFFFE      <2>
   609 0000CCE0 FFFFFF0180FFFFFF7F- <2>     db 255,255,255,1,128,255,255,255,127,255,255,254,255,255,255,1
   609 0000CCE9 FFFFFEFFFFFF01      <2>
   610 0000CCF0 80FFFFFF7FFFFFFEFF- <2>     db 128,255,255,255,127,255,255,254,255,255,255,1,128,255,255,255
   610 0000CCF9 FFFF0180FFFFFF      <2>
   611 0000CD00 7FFFFFFEFFFFFF0180- <2>     db 127,255,255,254,255,255,255,1,128,255,255,255,127,255,255,254
   611 0000CD09 FFFFFF7FFFFFFE      <2>
   612 0000CD10 FFFFFF0180FFFFFF7F- <2>     db 255,255,255,1,128,255,255,255,127,255,255,254,255,255,255,1
   612 0000CD19 FFFFFEFFFFFF01      <2>
   613 0000CD20 80FFFFFF7FFFFFFEFF- <2>     db 128,255,255,255,127,255,255,254,255,255,255,1,0,255,63,255
   613 0000CD29 FFFF0100FF3FFF      <2>
   614 0000CD30 3FFE7FFCFFFCFF0000- <2>     db 63,254,127,252,255,252,255,0,0,255,63,254,31,252,63,248
   614 0000CD39 FF3FFE1FFC3FF8      <2>
   615 0000CD40 7FFCFF0080FF7FFC0F- <2>     db 127,252,255,0,128,255,127,252,15,248,31,240,63,254,255,1
   615 0000CD49 F81FF03FFEFF01      <2>
   616 0000CD50 80FF7FF807F00FE01F- <2>     db 128,255,127,248,7,240,15,224,31,254,255,1,128,255,127,0
   616 0000CD59 FEFF0180FF7F00      <2>
   617 0000CD60 0000000000FEFF0180- <2>     db 0,0,0,0,0,254,255,1,128,255,127,0,0,0,0,0
   617 0000CD69 FF7F0000000000      <2>
   618 0000CD70 00FEFF0180FF7F0000- <2>     db 0,254,255,1,128,255,127,0,0,0,0,0,0,254,255,1
   618 0000CD79 00000000FEFF01      <2>
   619 0000CD80 80FF7F000000000000- <2>     db 128,255,127,0,0,0,0,0,0,254,255,1,128,255,127,0
   619 0000CD89 FEFF0180FF7F00      <2>
   620 0000CD90 0000000000FEFF0180- <2>     db 0,0,0,0,0,254,255,1,128,255,127,0,0,0,0,0
   620 0000CD99 FF7F0000000000      <2>
   621 0000CDA0 00FEFF0100FF3F0000- <2>     db 0,254,255,1,0,255,63,0,0,0,0,0,0,252,255,0
   621 0000CDA9 00000000FCFF00      <2>
   622 0000CDB0 00FF3F000000000000- <2>     db 0,255,63,0,0,0,0,0,0,252,255,0,128,255,127,0
   622 0000CDB9 FCFF0080FF7F00      <2>
   623 0000CDC0 0000000000FEFF0180- <2>     db 0,0,0,0,0,254,255,1,128,255,127,0,0,0,0,0
   623 0000CDC9 FF7F0000000000      <2>
   624 0000CDD0 00FEFF0180FF7F0000- <2>     db 0,254,255,1,128,255,127,0,0,0,0,0,0,254,255,1
   624 0000CDD9 00000000FEFF01      <2>
   625 0000CDE0 80FF7F000000000000- <2>     db 128,255,127,0,0,0,0,0,0,254,255,1,128,255,127,0
   625 0000CDE9 FEFF0180FF7F00      <2>
   626 0000CDF0 0000000000FEFF0180- <2>     db 0,0,0,0,0,254,255,1,128,255,127,0,0,0,0,0
   626 0000CDF9 FF7F0000000000      <2>
   627 0000CE00 00FEFF0180FF7F0000- <2>     db 0,254,255,1,128,255,127,0,0,0,0,0,0,254,255,1
   627 0000CE09 00000000FEFF01      <2>
   628 0000CE10 80FF7F000000000000- <2>     db 128,255,127,0,0,0,0,0,0,254,255,1,0,255,63,0
   628 0000CE19 FEFF0100FF3F00      <2>
   629 0000CE20 0000000000FCFF0000- <2>     db 0,0,0,0,0,252,255,0,0,255,63,0,0,0,0,0
   629 0000CE29 FF3F0000000000      <2>
   630 0000CE30 00FCFF0080FF7F0000- <2>     db 0,252,255,0,128,255,127,0,0,0,0,0,0,254,255,1
   630 0000CE39 00000000FEFF01      <2>
   631 0000CE40 80FF7F000000000000- <2>     db 128,255,127,0,0,0,0,0,0,254,255,1,128,255,127,0
   631 0000CE49 FEFF0180FF7F00      <2>
   632 0000CE50 0000000000FEFF0180- <2>     db 0,0,0,0,0,254,255,1,128,255,127,0,0,0,0,0
   632 0000CE59 FF7F0000000000      <2>
   633 0000CE60 00FEFF0180FF7F0000- <2>     db 0,254,255,1,128,255,127,0,0,0,0,0,0,254,255,1
   633 0000CE69 00000000FEFF01      <2>
   634 0000CE70 80FF7F000000000000- <2>     db 128,255,127,0,0,0,0,0,0,254,255,1,128,255,127,0
   634 0000CE79 FEFF0180FF7F00      <2>
   635 0000CE80 0000000000FEFF0180- <2>     db 0,0,0,0,0,254,255,1,128,255,127,0,0,0,0,0
   635 0000CE89 FF7F0000000000      <2>
   636 0000CE90 00FEFF0100FF3F0000- <2>     db 0,254,255,1,0,255,63,0,0,0,0,0,0,252,255,0
   636 0000CE99 00000000FCFF00      <2>
   637 0000CEA0 00FE1F000000000000- <2>     db 0,254,31,0,0,0,0,0,0,248,127,0,0,252,15,0
   637 0000CEA9 F87F0000FC0F00      <2>
   638 0000CEB0 0000000000F03F0000- <2>     db 0,0,0,0,0,240,63,0,0,248,7,0,0,0,0,0
   638 0000CEB9 F8070000000000      <2>
   639 0000CEC0 00E01F000000000000- <2>     db 0,224,31,0,0,0,0,0,0,0,0,0,0,0,0,0
   639 0000CEC9 00000000000000      <2>
   640 0000CED0 000000000000000000- <2>     db 0,0,0,0,0,0,0,0,0,0,0,0,0,0,0,0
   640 0000CED9 00000000000000      <2>
   641 0000CEE0 000000000000000000- <2>     db 0,0,0,0,0,0,0,0,0,0,0,0,0,0,0,0
   641 0000CEE9 00000000000000      <2>
   642 0000CEF0 000000000000000000- <2>     db 0,0,0,0,0,0,0,0,0,0,0,0,0,0,0,0
   642 0000CEF9 00000000000000      <2>
   643 0000CF00 000000000000000000- <2>     db 0,0,0,0,0,0,0,0,0,0,0,0,0,0,0,0
   643 0000CF09 00000000000000      <2>
   644 0000CF10 0000000000000000    <2>     db 0,0,0,0,0,0,0,0
   645                              <2>     ; A level 1
   646 0000CF18 000000000000000000- <2>     db 0,0,0,0,0,0,0,0,0,0,0,0,0,0,0,0
   646 0000CF21 00000000000000      <2>
   647 0000CF28 000000000000000000- <2>     db 0,0,0,0,0,0,0,0,0,0,0,0,0,0,0,0
   647 0000CF31 00000000000000      <2>
   648 0000CF38 000000000000000000- <2>     db 0,0,0,0,0,0,0,0,0,0,0,0,0,0,0,0
   648 0000CF41 00000000000000      <2>
   649 0000CF48 000000000000000000- <2>     db 0,0,0,0,0,0,0,0,0,0,0,0,0,0,0,0
   649 0000CF51 00000000000000      <2>
   650 0000CF58 000000000000000000- <2>     db 0,0,0,0,0,0,0,0,0,0,0,0,0,0,0,0
   650 0000CF61 00000000000000      <2>
   651 0000CF68 00000000000000F807- <2>     db 0,0,0,0,0,0,0,248,7,240,15,224,31,0,0,0
   651 0000CF71 F00FE01F000000      <2>
   652 0000CF78 000000FC0FF81FF03F- <2>     db 0,0,0,252,15,248,31,240,63,0,0,0,0,0,0,254
   652 0000CF81 000000000000FE      <2>
   653 0000CF88 1FFC3FF87F00000000- <2>     db 31,252,63,248,127,0,0,0,0,0,0,255,31,254,63,252
   653 0000CF91 0000FF1FFE3FFC      <2>
   654 0000CF98 7F000000000080FF1F- <2>     db 127,0,0,0,0,0,128,255,31,255,63,254,127,0,0,0
   654 0000CFA1 FF3FFE7F000000      <2>
   655 0000CFA8 000080FF1FFF3FFE7F- <2>     db 0,0,128,255,31,255,63,254,127,0,0,0,0,0,128,255
   655 0000CFB1 000000000080FF      <2>
   656 0000CFB8 0FFF1FFE3F00000000- <2>     db 15,255,31,254,63,0,0,0,0,0,128,255,15,255,31,254
   656 0000CFC1 0080FF0FFF1FFE      <2>
   657 0000CFC8 3F000000000080FF07- <2>     db 63,0,0,0,0,0,128,255,7,255,15,254,31,0,0,0
   657 0000CFD1 FF0FFE1F000000      <2>
   658 0000CFD8 000080FF03FF07FE0F- <2>     db 0,0,128,255,3,255,7,254,15,0,0,0,0,248,135,255
   658 0000CFE1 00000000F887FF      <2>
   659 0000CFE8 01FF03FE07E01F0000- <2>     db 1,255,3,254,7,224,31,0,0,252,15,255,0,254,1,252
   659 0000CFF1 FC0FFF00FE01FC      <2>
   660 0000CFF8 03F03F0000FE1F1C00- <2>     db 3,240,63,0,0,254,31,28,0,56,0,112,0,248,127,0
   660 0000D001 38007000F87F00      <2>
   661 0000D008 00FF1F000000000000- <2>     db 0,255,31,0,0,0,0,0,0,252,127,0,128,255,31,0
   661 0000D011 FC7F0080FF1F00      <2>
   662 0000D018 0000000000FE7F0080- <2>     db 0,0,0,0,0,254,127,0,128,255,31,0,0,0,0,0
   662 0000D021 FF1F0000000000      <2>
   663 0000D028 00FE7F0080FF0F0000- <2>     db 0,254,127,0,128,255,15,0,0,0,0,0,0,254,63,0
   663 0000D031 00000000FE3F00      <2>
   664 0000D038 80FF0F000000000000- <2>     db 128,255,15,0,0,0,0,0,0,254,63,0,128,255,7,0
   664 0000D041 FE3F0080FF0700      <2>
   665 0000D048 0000000000FE1F0080- <2>     db 0,0,0,0,0,254,31,0,128,255,3,0,0,0,0,0
   665 0000D051 FF030000000000      <2>
   666 0000D058 00FE0F0080FF070000- <2>     db 0,254,15,0,128,255,7,0,0,0,0,0,0,254,31,0
   666 0000D061 00000000FE1F00      <2>
   667 0000D068 00FF0F000000000000- <2>     db 0,255,15,0,0,0,0,0,0,252,63,0,0,254,31,0
   667 0000D071 FC3F0000FE1F00      <2>
   668 0000D078 0000000000F87F0000- <2>     db 0,0,0,0,0,248,127,0,0,255,31,0,0,0,0,0
   668 0000D081 FF1F0000000000      <2>
   669 0000D088 00FC7F0080FF1F0000- <2>     db 0,252,127,0,128,255,31,0,0,0,0,0,0,254,127,0
   669 0000D091 00000000FE7F00      <2>
   670 0000D098 80FF1F000000000000- <2>     db 128,255,31,0,0,0,0,0,0,254,127,0,128,255,15,0
   670 0000D0A1 FE7F0080FF0F00      <2>
   671 0000D0A8 0000000000FE3F0080- <2>     db 0,0,0,0,0,254,63,0,128,255,15,0,0,0,0,0
   671 0000D0B1 FF0F0000000000      <2>
   672 0000D0B8 00FE3F0080FF070000- <2>     db 0,254,63,0,128,255,7,0,0,0,0,0,0,254,31,0
   672 0000D0C1 00000000FE1F00      <2>
   673 0000D0C8 80FF03000000000000- <2>     db 128,255,3,0,0,0,0,0,0,254,15,0,128,255,7,248
   673 0000D0D1 FE0F0080FF07F8      <2>
   674 0000D0D8 07F00FE01FFE1F0000- <2>     db 7,240,15,224,31,254,31,0,0,255,15,252,15,248,31,240
   674 0000D0E1 FF0FFC0FF81FF0      <2>
   675 0000D0E8 3FFC3F0000FE1FFE1F- <2>     db 63,252,63,0,0,254,31,254,31,252,63,248,127,248,127,0
   675 0000D0F1 FC3FF87FF87F00      <2>
   676 0000D0F8 00FF1FFF1FFE3FFC7F- <2>     db 0,255,31,255,31,254,63,252,127,252,127,0,128,255,159,255
   676 0000D101 FC7F0080FF9FFF      <2>
   677 0000D108 1FFF3FFE7FFE7F0080- <2>     db 31,255,63,254,127,254,127,0,128,255,159,255,31,255,63,254
   677 0000D111 FF9FFF1FFF3FFE      <2>
   678 0000D118 7FFE7F0080FF8FFF0F- <2>     db 127,254,127,0,128,255,143,255,15,255,31,254,63,254,63,0
   678 0000D121 FF1FFE3FFE3F00      <2>
   679 0000D128 80FF8FFF0FFF1FFE3F- <2>     db 128,255,143,255,15,255,31,254,63,254,63,0,128,255,135,255
   679 0000D131 FE3F0080FF87FF      <2>
   680 0000D138 07FF0FFE1FFE1F0080- <2>     db 7,255,15,254,31,254,31,0,128,255,131,255,3,255,7,254
   680 0000D141 FF83FF03FF07FE      <2>
   681 0000D148 0FFE0F0080FF87FF01- <2>     db 15,254,15,0,128,255,135,255,1,255,3,254,7,254,31,0
   681 0000D151 FF03FE07FE1F00      <2>
   682 0000D158 00FF0FFF00FE01FC03- <2>     db 0,255,15,255,0,254,1,252,3,252,63,0,0,254,31,28
   682 0000D161 FC3F0000FE1F1C      <2>
   683 0000D168 0038007000F87F0000- <2>     db 0,56,0,112,0,248,127,0,0,255,31,0,0,0,0,0
   683 0000D171 FF1F0000000000      <2>
   684 0000D178 00FC7F0080FF1F0000- <2>     db 0,252,127,0,128,255,31,0,0,0,0,0,0,254,127,0
   684 0000D181 00000000FE7F00      <2>
   685 0000D188 80FF1F000000000000- <2>     db 128,255,31,0,0,0,0,0,0,254,127,0,128,255,15,0
   685 0000D191 FE7F0080FF0F00      <2>
   686 0000D198 0000000000FE3F0080- <2>     db 0,0,0,0,0,254,63,0,128,255,15,0,0,0,0,0
   686 0000D1A1 FF0F0000000000      <2>
   687 0000D1A8 00FE3F0080FF070000- <2>     db 0,254,63,0,128,255,7,0,0,0,0,0,0,254,31,0
   687 0000D1B1 00000000FE1F00      <2>
   688 0000D1B8 80FF03000000000000- <2>     db 128,255,3,0,0,0,0,0,0,254,15,0,128,255,7,0
   688 0000D1C1 FE0F0080FF0700      <2>
   689 0000D1C8 0000000000FE1F0000- <2>     db 0,0,0,0,0,254,31,0,0,255,15,0,0,0,0,0
   689 0000D1D1 FF0F0000000000      <2>
   690 0000D1D8 00FC3F0000FE1F0000- <2>     db 0,252,63,0,0,254,31,0,0,0,0,0,0,248,127,0
   690 0000D1E1 00000000F87F00      <2>
   691 0000D1E8 00FF1F000000000000- <2>     db 0,255,31,0,0,0,0,0,0,252,127,0,128,255,31,0
   691 0000D1F1 FC7F0080FF1F00      <2>
   692 0000D1F8 0000000000FE7F0080- <2>     db 0,0,0,0,0,254,127,0,128,255,31,0,0,0,0,0
   692 0000D201 FF1F0000000000      <2>
   693 0000D208 00FE7F0080FF0F0000- <2>     db 0,254,127,0,128,255,15,0,0,0,0,0,0,254,63,0
   693 0000D211 00000000FE3F00      <2>
   694 0000D218 80FF0F000000000000- <2>     db 128,255,15,0,0,0,0,0,0,254,63,0,128,255,7,0
   694 0000D221 FE3F0080FF0700      <2>
   695 0000D228 0000000000FE1F0080- <2>     db 0,0,0,0,0,254,31,0,128,255,3,0,0,0,0,0
   695 0000D231 FF030000000000      <2>
   696 0000D238 00FE0F0080FF070000- <2>     db 0,254,15,0,128,255,7,0,0,0,0,0,0,254,31,0
   696 0000D241 00000000FE1F00      <2>
   697 0000D248 00FF0F000000000000- <2>     db 0,255,15,0,0,0,0,0,0,252,63,0,0,254,31,0
   697 0000D251 FC3F0000FE1F00      <2>
   698 0000D258 0000000000F87F0000- <2>     db 0,0,0,0,0,248,127,0,0,255,31,0,0,0,0,0
   698 0000D261 FF1F0000000000      <2>
   699 0000D268 00FC7F0080FF1F0000- <2>     db 0,252,127,0,128,255,31,0,0,0,0,0,0,254,127,0
   699 0000D271 00000000FE7F00      <2>
   700 0000D278 80FF1F000000000000- <2>     db 128,255,31,0,0,0,0,0,0,254,127,0,128,255,15,0
   700 0000D281 FE7F0080FF0F00      <2>
   701 0000D288 0000000000FE3F0080- <2>     db 0,0,0,0,0,254,63,0,128,255,15,0,0,0,0,0
   701 0000D291 FF0F0000000000      <2>
   702 0000D298 00FE3F0080FF070000- <2>     db 0,254,63,0,128,255,7,0,0,0,0,0,0,254,31,0
   702 0000D2A1 00000000FE1F00      <2>
   703 0000D2A8 80FF03000000000000- <2>     db 128,255,3,0,0,0,0,0,0,254,15,0,128,255,1,0
   703 0000D2B1 FE0F0080FF0100      <2>
   704 0000D2B8 0000000000FE070000- <2>     db 0,0,0,0,0,254,7,0,0,255,0,0,0,0,0,0
   704 0000D2C1 FF000000000000      <2>
   705 0000D2C8 00FC0300001C000000- <2>     db 0,252,3,0,0,28,0,0,0,0,0,0,0,112,0,0
   705 0000D2D1 00000000700000      <2>
   706 0000D2D8 000000000000000000- <2>     db 0,0,0,0,0,0,0,0,0,0,0,0,0,0,0,0
   706 0000D2E1 00000000000000      <2>
   707 0000D2E8 000000000000000000- <2>     db 0,0,0,0,0,0,0,0,0,0,0,0,0,0,0,0
   707 0000D2F1 00000000000000      <2>
   708 0000D2F8 000000000000000000- <2>     db 0,0,0,0,0,0,0,0,0,0,0,0,0,0,0,0
   708 0000D301 00000000000000      <2>
   709 0000D308 000000000000000000- <2>     db 0,0,0,0,0,0,0,0,0,0,0,0,0,0,0,0
   709 0000D311 00000000000000      <2>
   710 0000D318 000000000000000000- <2>     db 0,0,0,0,0,0,0,0,0,0,0,0,0,0,0,0
   710 0000D321 00000000000000      <2>
   711 0000D328 000000000000000000- <2>     db 0,0,0,0,0,0,0,0,0,0,0,0,0,0,0,0
   711 0000D331 00000000000000      <2>
   712 0000D338 000000000000000000- <2>     db 0,0,0,0,0,0,0,0,0,0,0,0,0,0,0,0
   712 0000D341 00000000000000      <2>
   713 0000D348 0000000000000000    <2>     db 0,0,0,0,0,0,0,0
   714                              <2>     ; A level 2
   715 0000D350 000000000000000000- <2>     db 0,0,0,0,0,0,0,0,0,0,0,0,0,0,0,0
   715 0000D359 00000000000000      <2>
   716 0000D360 000000000000000000- <2>     db 0,0,0,0,0,0,0,0,0,0,0,0,0,0,0,0
   716 0000D369 00000000000000      <2>
   717 0000D370 000000000000000000- <2>     db 0,0,0,0,0,0,0,0,0,0,0,0,0,0,0,0
   717 0000D379 00000000000000      <2>
   718 0000D380 000000000000000000- <2>     db 0,0,0,0,0,0,0,0,0,0,0,0,0,0,0,0
   718 0000D389 00000000000000      <2>
   719 0000D390 000000000000000000- <2>     db 0,0,0,0,0,0,0,0,0,0,0,0,0,0,0,0
   719 0000D399 00000000000000      <2>
   720 0000D3A0 00000000000000F803- <2>     db 0,0,0,0,0,0,0,248,3,240,7,224,15,0,0,0
   720 0000D3A9 F007E00F000000      <2>
   721 0000D3B0 000000FC07F80FF01F- <2>     db 0,0,0,252,7,248,15,240,31,0,0,0,0,0,0,254
   721 0000D3B9 000000000000FE      <2>
   722 0000D3C0 07FC0FF81F00000000- <2>     db 7,252,15,248,31,0,0,0,0,0,0,255,7,254,15,252
   722 0000D3C9 0000FF07FE0FFC      <2>
   723 0000D3D0 1F000000000080FF07- <2>     db 31,0,0,0,0,0,128,255,7,255,15,254,31,0,0,0
   723 0000D3D9 FF0FFE1F000000      <2>
   724 0000D3E0 000080FF03FF07FE0F- <2>     db 0,0,128,255,3,255,7,254,15,0,0,0,0,0,128,255
   724 0000D3E9 000000000080FF      <2>
   725 0000D3F0 03FF07FE0F00000000- <2>     db 3,255,7,254,15,0,0,0,0,0,128,255,1,255,3,254
   725 0000D3F9 0080FF01FF03FE      <2>
   726 0000D400 07000000000080FF00- <2>     db 7,0,0,0,0,0,128,255,0,255,1,254,3,0,0,0
   726 0000D409 FF01FE03000000      <2>
   727 0000D410 0000007F00FE00FC01- <2>     db 0,0,0,127,0,254,0,252,1,0,0,0,0,248,3,4
   727 0000D419 00000000F80304      <2>
   728 0000D420 0008001000E00F0000- <2>     db 0,8,0,16,0,224,15,0,0,252,7,0,0,0,0,0
   728 0000D429 FC070000000000      <2>
   729 0000D430 00F01F0000FE070000- <2>     db 0,240,31,0,0,254,7,0,0,0,0,0,0,248,31,0
   729 0000D439 00000000F81F00      <2>
   730 0000D440 00FF07000000000000- <2>     db 0,255,7,0,0,0,0,0,0,252,31,0,128,255,7,0
   730 0000D449 FC1F0080FF0700      <2>
   731 0000D450 0000000000FE1F0080- <2>     db 0,0,0,0,0,254,31,0,128,255,3,0,0,0,0,0
   731 0000D459 FF030000000000      <2>
   732 0000D460 00FE0F0080FF030000- <2>     db 0,254,15,0,128,255,3,0,0,0,0,0,0,254,15,0
   732 0000D469 00000000FE0F00      <2>
   733 0000D470 80FF01000000000000- <2>     db 128,255,1,0,0,0,0,0,0,254,7,0,128,255,0,0
   733 0000D479 FE070080FF0000      <2>
   734 0000D480 0000000000FE030000- <2>     db 0,0,0,0,0,254,3,0,0,127,0,0,0,0,0,0
   734 0000D489 7F000000000000      <2>
   735 0000D490 00FC010000FC030000- <2>     db 0,252,1,0,0,252,3,0,0,0,0,0,0,240,15,0
   735 0000D499 00000000F00F00      <2>
   736 0000D4A0 00FC07000000000000- <2>     db 0,252,7,0,0,0,0,0,0,240,31,0,0,254,7,0
   736 0000D4A9 F01F0000FE0700      <2>
   737 0000D4B0 0000000000F81F0000- <2>     db 0,0,0,0,0,248,31,0,0,255,7,0,0,0,0,0
   737 0000D4B9 FF070000000000      <2>
   738 0000D4C0 00FC1F0080FF070000- <2>     db 0,252,31,0,128,255,7,0,0,0,0,0,0,254,31,0
   738 0000D4C9 00000000FE1F00      <2>
   739 0000D4D0 80FF03000000000000- <2>     db 128,255,3,0,0,0,0,0,0,254,15,0,128,255,3,0
   739 0000D4D9 FE0F0080FF0300      <2>
   740 0000D4E0 0000000000FE0F0080- <2>     db 0,0,0,0,0,254,15,0,128,255,1,0,0,0,0,0
   740 0000D4E9 FF010000000000      <2>
   741 0000D4F0 00FE070080FF000000- <2>     db 0,254,7,0,128,255,0,0,0,0,0,0,0,254,3,0
   741 0000D4F9 00000000FE0300      <2>
   742 0000D500 007F00000000000000- <2>     db 0,127,0,0,0,0,0,0,0,252,1,0,0,252,3,248
   742 0000D509 FC010000FC03F8      <2>
   743 0000D510 03F007E00FF00F0000- <2>     db 3,240,7,224,15,240,15,0,0,252,7,252,7,248,15,240
   743 0000D519 FC07FC07F80FF0      <2>
   744 0000D520 1FF01F0000FE07FE07- <2>     db 31,240,31,0,0,254,7,254,7,252,15,248,31,248,31,0
   744 0000D529 FC0FF81FF81F00      <2>
   745 0000D530 00FF07FF07FE0FFC1F- <2>     db 0,255,7,255,7,254,15,252,31,252,31,0,128,255,135,255
   745 0000D539 FC1F0080FF87FF      <2>
   746 0000D540 07FF0FFE1FFE1F0080- <2>     db 7,255,15,254,31,254,31,0,128,255,131,255,3,255,7,254
   746 0000D549 FF83FF03FF07FE      <2>
   747 0000D550 0FFE0F0080FF83FF03- <2>     db 15,254,15,0,128,255,131,255,3,255,7,254,15,254,15,0
   747 0000D559 FF07FE0FFE0F00      <2>
   748 0000D560 80FF81FF01FF03FE07- <2>     db 128,255,129,255,1,255,3,254,7,254,7,0,128,255,128,255
   748 0000D569 FE070080FF80FF      <2>
   749 0000D570 00FF01FE03FE030000- <2>     db 0,255,1,254,3,254,3,0,0,127,0,127,0,254,0,252
   749 0000D579 7F007F00FE00FC      <2>
   750 0000D580 01FC010000FC030400- <2>     db 1,252,1,0,0,252,3,4,0,8,0,16,0,240,15,0
   750 0000D589 08001000F00F00      <2>
   751 0000D590 00FC07000000000000- <2>     db 0,252,7,0,0,0,0,0,0,240,31,0,0,254,7,0
   751 0000D599 F01F0000FE0700      <2>
   752 0000D5A0 0000000000F81F0000- <2>     db 0,0,0,0,0,248,31,0,0,255,7,0,0,0,0,0
   752 0000D5A9 FF070000000000      <2>
   753 0000D5B0 00FC1F0080FF070000- <2>     db 0,252,31,0,128,255,7,0,0,0,0,0,0,254,31,0
   753 0000D5B9 00000000FE1F00      <2>
   754 0000D5C0 80FF03000000000000- <2>     db 128,255,3,0,0,0,0,0,0,254,15,0,128,255,3,0
   754 0000D5C9 FE0F0080FF0300      <2>
   755 0000D5D0 0000000000FE0F0080- <2>     db 0,0,0,0,0,254,15,0,128,255,1,0,0,0,0,0
   755 0000D5D9 FF010000000000      <2>
   756 0000D5E0 00FE070080FF000000- <2>     db 0,254,7,0,128,255,0,0,0,0,0,0,0,254,3,0
   756 0000D5E9 00000000FE0300      <2>
   757 0000D5F0 007F00000000000000- <2>     db 0,127,0,0,0,0,0,0,0,252,1,0,0,252,3,0
   757 0000D5F9 FC010000FC0300      <2>
   758 0000D600 0000000000F00F0000- <2>     db 0,0,0,0,0,240,15,0,0,252,7,0,0,0,0,0
   758 0000D609 FC070000000000      <2>
   759 0000D610 00F01F0000FE070000- <2>     db 0,240,31,0,0,254,7,0,0,0,0,0,0,248,31,0
   759 0000D619 00000000F81F00      <2>
   760 0000D620 00FF07000000000000- <2>     db 0,255,7,0,0,0,0,0,0,252,31,0,128,255,7,0
   760 0000D629 FC1F0080FF0700      <2>
   761 0000D630 0000000000FE1F0080- <2>     db 0,0,0,0,0,254,31,0,128,255,3,0,0,0,0,0
   761 0000D639 FF030000000000      <2>
   762 0000D640 00FE0F0080FF030000- <2>     db 0,254,15,0,128,255,3,0,0,0,0,0,0,254,15,0
   762 0000D649 00000000FE0F00      <2>
   763 0000D650 80FF01000000000000- <2>     db 128,255,1,0,0,0,0,0,0,254,7,0,128,255,0,0
   763 0000D659 FE070080FF0000      <2>
   764 0000D660 0000000000FE030000- <2>     db 0,0,0,0,0,254,3,0,0,127,0,0,0,0,0,0
   764 0000D669 7F000000000000      <2>
   765 0000D670 00FC010000FC030000- <2>     db 0,252,1,0,0,252,3,0,0,0,0,0,0,240,15,0
   765 0000D679 00000000F00F00      <2>
   766 0000D680 00FC07000000000000- <2>     db 0,252,7,0,0,0,0,0,0,240,31,0,0,254,7,0
   766 0000D689 F01F0000FE0700      <2>
   767 0000D690 0000000000F81F0000- <2>     db 0,0,0,0,0,248,31,0,0,255,7,0,0,0,0,0
   767 0000D699 FF070000000000      <2>
   768 0000D6A0 00FC1F0080FF070000- <2>     db 0,252,31,0,128,255,7,0,0,0,0,0,0,254,31,0
   768 0000D6A9 00000000FE1F00      <2>
   769 0000D6B0 80FF03000000000000- <2>     db 128,255,3,0,0,0,0,0,0,254,15,0,128,255,3,0
   769 0000D6B9 FE0F0080FF0300      <2>
   770 0000D6C0 0000000000FE0F0080- <2>     db 0,0,0,0,0,254,15,0,128,255,1,0,0,0,0,0
   770 0000D6C9 FF010000000000      <2>
   771 0000D6D0 00FE070080FF000000- <2>     db 0,254,7,0,128,255,0,0,0,0,0,0,0,254,3,0
   771 0000D6D9 00000000FE0300      <2>
   772 0000D6E0 007F00000000000000- <2>     db 0,127,0,0,0,0,0,0,0,252,1,0,0,4,0,0
   772 0000D6E9 FC010000040000      <2>
   773 0000D6F0 000000000010000000- <2>     db 0,0,0,0,0,16,0,0,0,0,0,0,0,0,0,0
   773 0000D6F9 00000000000000      <2>
   774 0000D700 000000000000000000- <2>     db 0,0,0,0,0,0,0,0,0,0,0,0,0,0,0,0
   774 0000D709 00000000000000      <2>
   775 0000D710 000000000000000000- <2>     db 0,0,0,0,0,0,0,0,0,0,0,0,0,0,0,0
   775 0000D719 00000000000000      <2>
   776 0000D720 000000000000000000- <2>     db 0,0,0,0,0,0,0,0,0,0,0,0,0,0,0,0
   776 0000D729 00000000000000      <2>
   777 0000D730 000000000000000000- <2>     db 0,0,0,0,0,0,0,0,0,0,0,0,0,0,0,0
   777 0000D739 00000000000000      <2>
   778 0000D740 000000000000000000- <2>     db 0,0,0,0,0,0,0,0,0,0,0,0,0,0,0,0
   778 0000D749 00000000000000      <2>
   779 0000D750 000000000000000000- <2>     db 0,0,0,0,0,0,0,0,0,0,0,0,0,0,0,0
   779 0000D759 00000000000000      <2>
   780 0000D760 000000000000000000- <2>     db 0,0,0,0,0,0,0,0,0,0,0,0,0,0,0,0
   780 0000D769 00000000000000      <2>
   781 0000D770 000000000000000000- <2>     db 0,0,0,0,0,0,0,0,0,0,0,0,0,0,0,0
   781 0000D779 00000000000000      <2>
   782 0000D780 0000000000000000    <2>     db 0,0,0,0,0,0,0,0
   783                              <2>     ; A level 3
   784 0000D788 000000000000000000- <2>     db 0,0,0,0,0,0,0,0,0,0,0,0,0,0,0,0
   784 0000D791 00000000000000      <2>
   785 0000D798 000000000000000000- <2>     db 0,0,0,0,0,0,0,0,0,0,0,0,0,0,0,0
   785 0000D7A1 00000000000000      <2>
   786 0000D7A8 000000000000000000- <2>     db 0,0,0,0,0,0,0,0,0,0,0,0,0,0,0,0
   786 0000D7B1 00000000000000      <2>
   787 0000D7B8 000000000000000000- <2>     db 0,0,0,0,0,0,0,0,0,0,0,0,0,0,0,0
   787 0000D7C1 00000000000000      <2>
   788 0000D7C8 000000000000000000- <2>     db 0,0,0,0,0,0,0,0,0,0,0,0,0,0,0,0
   788 0000D7D1 00000000000000      <2>
   789 0000D7D8 00000000000000F800- <2>     db 0,0,0,0,0,0,0,248,0,240,1,224,3,0,0,0
   789 0000D7E1 F001E003000000      <2>
   790 0000D7E8 000000FC00F801F003- <2>     db 0,0,0,252,0,248,1,240,3,0,0,0,0,0,0,254
   790 0000D7F1 000000000000FE      <2>
   791 0000D7F8 01FC03F80700000000- <2>     db 1,252,3,248,7,0,0,0,0,0,0,255,1,254,3,252
   791 0000D801 0000FF01FE03FC      <2>
   792 0000D808 07000000000000FF00- <2>     db 7,0,0,0,0,0,0,255,0,254,1,252,3,0,0,0
   792 0000D811 FE01FC03000000      <2>
   793 0000D818 000000FF00FE01FC03- <2>     db 0,0,0,255,0,254,1,252,3,0,0,0,0,0,0,127
   793 0000D821 0000000000007F      <2>
   794 0000D828 00FE00FC0100000000- <2>     db 0,254,0,252,1,0,0,0,0,0,0,30,0,60,0,120
   794 0000D831 00001E003C0078      <2>
   795 0000D838 000000000000000000- <2>     db 0,0,0,0,0,0,0,0,0,0,0,0,0,0,0,0
   795 0000D841 00000000000000      <2>
   796 0000D848 000000000000000000- <2>     db 0,0,0,0,0,0,0,0,0,0,0,0,0,248,0,0
   796 0000D851 00000000F80000      <2>
   797 0000D858 0000000000E0030000- <2>     db 0,0,0,0,0,224,3,0,0,252,0,0,0,0,0,0
   797 0000D861 FC000000000000      <2>
   798 0000D868 00F0030000FE010000- <2>     db 0,240,3,0,0,254,1,0,0,0,0,0,0,248,7,0
   798 0000D871 00000000F80700      <2>
   799 0000D878 00FF01000000000000- <2>     db 0,255,1,0,0,0,0,0,0,252,7,0,0,255,0,0
   799 0000D881 FC070000FF0000      <2>
   800 0000D888 0000000000FC030000- <2>     db 0,0,0,0,0,252,3,0,0,255,0,0,0,0,0,0
   800 0000D891 FF000000000000      <2>
   801 0000D898 00FC0300007F000000- <2>     db 0,252,3,0,0,127,0,0,0,0,0,0,0,252,1,0
   801 0000D8A1 00000000FC0100      <2>
   802 0000D8A8 001E00000000000000- <2>     db 0,30,0,0,0,0,0,0,0,120,0,0,0,0,0,0
   802 0000D8B1 78000000000000      <2>
   803 0000D8B8 000000000000000000- <2>     db 0,0,0,0,0,0,0,0,0,0,0,0,0,0,0,0
   803 0000D8C1 00000000000000      <2>
   804 0000D8C8 0000000000F8000000- <2>     db 0,0,0,0,0,248,0,0,0,0,0,0,0,224,3,0
   804 0000D8D1 00000000E00300      <2>
   805 0000D8D8 00FC00000000000000- <2>     db 0,252,0,0,0,0,0,0,0,240,3,0,0,254,1,0
   805 0000D8E1 F0030000FE0100      <2>
   806 0000D8E8 0000000000F8070000- <2>     db 0,0,0,0,0,248,7,0,0,255,1,0,0,0,0,0
   806 0000D8F1 FF010000000000      <2>
   807 0000D8F8 00FC070000FF000000- <2>     db 0,252,7,0,0,255,0,0,0,0,0,0,0,252,3,0
   807 0000D901 00000000FC0300      <2>
   808 0000D908 00FF00000000000000- <2>     db 0,255,0,0,0,0,0,0,0,252,3,0,0,127,0,0
   808 0000D911 FC0300007F0000      <2>
   809 0000D918 0000000000FC010000- <2>     db 0,0,0,0,0,252,1,0,0,30,0,0,0,0,0,0
   809 0000D921 1E000000000000      <2>
   810 0000D928 007800000000000000- <2>     db 0,120,0,0,0,0,0,0,0,0,0,0,0,0,0,0
   810 0000D931 00000000000000      <2>
   811 0000D938 000000000000000000- <2>     db 0,0,0,0,0,0,0,0,0,0,0,0,0,248,0,248
   811 0000D941 00000000F800F8      <2>
   812 0000D948 00F001E003E0030000- <2>     db 0,240,1,224,3,224,3,0,0,252,0,252,0,248,1,240
   812 0000D951 FC00FC00F801F0      <2>
   813 0000D958 03F0030000FE01FE01- <2>     db 3,240,3,0,0,254,1,254,1,252,3,248,7,248,7,0
   813 0000D961 FC03F807F80700      <2>
   814 0000D968 00FF01FF01FE03FC07- <2>     db 0,255,1,255,1,254,3,252,7,252,7,0,0,255,0,255
   814 0000D971 FC070000FF00FF      <2>
   815 0000D978 00FE01FC03FC030000- <2>     db 0,254,1,252,3,252,3,0,0,255,0,255,0,254,1,252
   815 0000D981 FF00FF00FE01FC      <2>
   816 0000D988 03FC0300007F007F00- <2>     db 3,252,3,0,0,127,0,127,0,254,0,252,1,252,1,0
   816 0000D991 FE00FC01FC0100      <2>
   817 0000D998 001E001E003C007800- <2>     db 0,30,0,30,0,60,0,120,0,120,0,0,0,0,0,0
   817 0000D9A1 78000000000000      <2>
   818 0000D9A8 000000000000000000- <2>     db 0,0,0,0,0,0,0,0,0,0,0,0,0,0,0,0
   818 0000D9B1 00000000000000      <2>
   819 0000D9B8 0000000000F8000000- <2>     db 0,0,0,0,0,248,0,0,0,0,0,0,0,224,3,0
   819 0000D9C1 00000000E00300      <2>
   820 0000D9C8 00FC00000000000000- <2>     db 0,252,0,0,0,0,0,0,0,240,3,0,0,254,1,0
   820 0000D9D1 F0030000FE0100      <2>
   821 0000D9D8 0000000000F8070000- <2>     db 0,0,0,0,0,248,7,0,0,255,1,0,0,0,0,0
   821 0000D9E1 FF010000000000      <2>
   822 0000D9E8 00FC070000FF000000- <2>     db 0,252,7,0,0,255,0,0,0,0,0,0,0,252,3,0
   822 0000D9F1 00000000FC0300      <2>
   823 0000D9F8 00FF00000000000000- <2>     db 0,255,0,0,0,0,0,0,0,252,3,0,0,127,0,0
   823 0000DA01 FC0300007F0000      <2>
   824 0000DA08 0000000000FC010000- <2>     db 0,0,0,0,0,252,1,0,0,30,0,0,0,0,0,0
   824 0000DA11 1E000000000000      <2>
   825 0000DA18 007800000000000000- <2>     db 0,120,0,0,0,0,0,0,0,0,0,0,0,0,0,0
   825 0000DA21 00000000000000      <2>
   826 0000DA28 000000000000000000- <2>     db 0,0,0,0,0,0,0,0,0,0,0,0,0,248,0,0
   826 0000DA31 00000000F80000      <2>
   827 0000DA38 0000000000E0030000- <2>     db 0,0,0,0,0,224,3,0,0,252,0,0,0,0,0,0
   827 0000DA41 FC000000000000      <2>
   828 0000DA48 00F0030000FE010000- <2>     db 0,240,3,0,0,254,1,0,0,0,0,0,0,248,7,0
   828 0000DA51 00000000F80700      <2>
   829 0000DA58 00FF01000000000000- <2>     db 0,255,1,0,0,0,0,0,0,252,7,0,0,255,0,0
   829 0000DA61 FC070000FF0000      <2>
   830 0000DA68 0000000000FC030000- <2>     db 0,0,0,0,0,252,3,0,0,255,0,0,0,0,0,0
   830 0000DA71 FF000000000000      <2>
   831 0000DA78 00FC0300007F000000- <2>     db 0,252,3,0,0,127,0,0,0,0,0,0,0,252,1,0
   831 0000DA81 00000000FC0100      <2>
   832 0000DA88 001E00000000000000- <2>     db 0,30,0,0,0,0,0,0,0,120,0,0,0,0,0,0
   832 0000DA91 78000000000000      <2>
   833 0000DA98 000000000000000000- <2>     db 0,0,0,0,0,0,0,0,0,0,0,0,0,0,0,0
   833 0000DAA1 00000000000000      <2>
   834 0000DAA8 0000000000F8000000- <2>     db 0,0,0,0,0,248,0,0,0,0,0,0,0,224,3,0
   834 0000DAB1 00000000E00300      <2>
   835 0000DAB8 00FC00000000000000- <2>     db 0,252,0,0,0,0,0,0,0,240,3,0,0,254,1,0
   835 0000DAC1 F0030000FE0100      <2>
   836 0000DAC8 0000000000F8070000- <2>     db 0,0,0,0,0,248,7,0,0,255,1,0,0,0,0,0
   836 0000DAD1 FF010000000000      <2>
   837 0000DAD8 00FC070000FF000000- <2>     db 0,252,7,0,0,255,0,0,0,0,0,0,0,252,3,0
   837 0000DAE1 00000000FC0300      <2>
   838 0000DAE8 00FF00000000000000- <2>     db 0,255,0,0,0,0,0,0,0,252,3,0,0,127,0,0
   838 0000DAF1 FC0300007F0000      <2>
   839 0000DAF8 0000000000FC010000- <2>     db 0,0,0,0,0,252,1,0,0,30,0,0,0,0,0,0
   839 0000DB01 1E000000000000      <2>
   840 0000DB08 007800000000000000- <2>     db 0,120,0,0,0,0,0,0,0,0,0,0,0,0,0,0
   840 0000DB11 00000000000000      <2>
   841 0000DB18 000000000000000000- <2>     db 0,0,0,0,0,0,0,0,0,0,0,0,0,0,0,0
   841 0000DB21 00000000000000      <2>
   842 0000DB28 000000000000000000- <2>     db 0,0,0,0,0,0,0,0,0,0,0,0,0,0,0,0
   842 0000DB31 00000000000000      <2>
   843 0000DB38 000000000000000000- <2>     db 0,0,0,0,0,0,0,0,0,0,0,0,0,0,0,0
   843 0000DB41 00000000000000      <2>
   844 0000DB48 000000000000000000- <2>     db 0,0,0,0,0,0,0,0,0,0,0,0,0,0,0,0
   844 0000DB51 00000000000000      <2>
   845 0000DB58 000000000000000000- <2>     db 0,0,0,0,0,0,0,0,0,0,0,0,0,0,0,0
   845 0000DB61 00000000000000      <2>
   846 0000DB68 000000000000000000- <2>     db 0,0,0,0,0,0,0,0,0,0,0,0,0,0,0,0
   846 0000DB71 00000000000000      <2>
   847 0000DB78 000000000000000000- <2>     db 0,0,0,0,0,0,0,0,0,0,0,0,0,0,0,0
   847 0000DB81 00000000000000      <2>
   848 0000DB88 000000000000000000- <2>     db 0,0,0,0,0,0,0,0,0,0,0,0,0,0,0,0
   848 0000DB91 00000000000000      <2>
   849 0000DB98 000000000000000000- <2>     db 0,0,0,0,0,0,0,0,0,0,0,0,0,0,0,0
   849 0000DBA1 00000000000000      <2>
   850 0000DBA8 000000000000000000- <2>     db 0,0,0,0,0,0,0,0,0,0,0,0,0,0,0,0
   850 0000DBB1 00000000000000      <2>
   851 0000DBB8 0000000000000000    <2>     db 0,0,0,0,0,0,0,0
   852                              <2> %ifdef XDEMO2
   853                              <2> xdemo2_scroll_mask:
   854 0000DBC0 FFFF00000000000F00- <2>     db 255,255,0,0,0,0,0,15,0,0,0,0,0,0,0,0
   854 0000DBC9 00000000000000      <2>
   855 0000DBD0 0000FFFF0F00000000- <2>     db 0,0,255,255,15,0,0,0,0,15,0,15,0,0,0,0
   855 0000DBD9 0F000F00000000      <2>
   856 0000DBE0 00000000000000F0FF- <2>     db 0,0,0,0,0,0,0,240,255,0,240,255,0,240,255,0
   856 0000DBE9 00F0FF00F0FF00      <2>
   857 0000DBF0 00FF00000000000000- <2>     db 0,255,0,0,0,0,0,0,0,0,0,0,0,0,0,0
   857 0000DBF9 00000000000000      <2>
   858 0000DC00 000000000000000000- <2>     db 0,0,0,0,0,0,0,0,0,0,0,0,0,0,0,0
   858 0000DC09 00000000000000      <2>
   859 0000DC10 000000000000000000- <2>     db 0,0,0,0,0,0,0,0,0,0,0,0,0,0,0,0
   859 0000DC19 00000000000000      <2>
   860 0000DC20 000000000000000000- <2>     db 0,0,0,0,0,0,0,0,0,0,0,0,0,0,0,0
   860 0000DC29 00000000000000      <2>
   861 0000DC30 000000000000000000- <2>     db 0,0,0,0,0,0,0,0,0,0,0,0,0,0,0,0
   861 0000DC39 00000000000000      <2>
   862 0000DC40 000000000000000000- <2>     db 0,0,0,0,0,0,0,0,0,0,0,0,0,0,0,0
   862 0000DC49 00000000000000      <2>
   863 0000DC50 000000000000000000- <2>     db 0,0,0,0,0,0,0,0,0,0,0,0,0,0,0,0
   863 0000DC59 00000000000000      <2>
   864 0000DC60 000000000000000000- <2>     db 0,0,0,0,0,0,0,0,0,0,0,0,0,0,0,0
   864 0000DC69 00000000000000      <2>
   865 0000DC70 000000000000000000- <2>     db 0,0,0,0,0,0,0,0,0,0,0,0,0,0,0,0
   865 0000DC79 00000000000000      <2>
   866 0000DC80 000000000000000000- <2>     db 0,0,0,0,0,0,0,0,0,0,0,0,15,0,15,0
   866 0000DC89 0000000F000F00      <2>
   867 0000DC90 0000000F0000000000- <2>     db 0,0,0,15,0,0,0,0,0,0,0,0,0,0,15,0
   867 0000DC99 00000000000F00      <2>
   868 0000DCA0 000000000000000F00- <2>     db 0,0,0,0,0,0,0,15,0,0,0,0,0,0,0,0
   868 0000DCA9 00000000000000      <2>
   869 0000DCB0 0000000F000F0F000F- <2>     db 0,0,0,15,0,15,15,0,15,15,0,15,240,0,0,0
   869 0000DCB9 0F000FF0000000      <2>
   870 0000DCC0 000000000000000000- <2>     db 0,0,0,0,0,0,0,0,0,0,0,0,0,0,0,0
   870 0000DCC9 00000000000000      <2>
   871 0000DCD0 000000000000000000- <2>     db 0,0,0,0,0,0,0,0,0,0,0,0,0,0,0,0
   871 0000DCD9 00000000000000      <2>
   872 0000DCE0 000000000000000000- <2>     db 0,0,0,0,0,0,0,0,0,0,0,0,0,0,0,0
   872 0000DCE9 00000000000000      <2>
   873 0000DCF0 000000000000000000- <2>     db 0,0,0,0,0,0,0,0,0,0,0,0,0,0,0,0
   873 0000DCF9 00000000000000      <2>
   874 0000DD00 000000000000000000- <2>     db 0,0,0,0,0,0,0,0,0,0,0,0,0,0,0,0
   874 0000DD09 00000000000000      <2>
   875 0000DD10 000000000000000000- <2>     db 0,0,0,0,0,0,0,0,0,0,0,0,0,0,0,0
   875 0000DD19 00000000000000      <2>
   876 0000DD20 000000000000000000- <2>     db 0,0,0,0,0,0,0,0,0,0,0,0,0,0,0,0
   876 0000DD29 00000000000000      <2>
   877 0000DD30 000000000000000000- <2>     db 0,0,0,0,0,0,0,0,0,0,0,0,0,0,0,0
   877 0000DD39 00000000000000      <2>
   878 0000DD40 000000000000000000- <2>     db 0,0,0,0,0,0,0,0,0,0,0,0,0,0,0,0
   878 0000DD49 00000000000000      <2>
   879 0000DD50 00000000000000000F- <2>     db 0,0,0,0,0,0,0,0,15,0,15,240,255,0,255,255
   879 0000DD59 000FF0FF00FFFF      <2>
   880 0000DD60 0F0FFF00F0FF000000- <2>     db 15,15,255,0,240,255,0,0,0,0,15,0,0,15,255,0
   880 0000DD69 000F00000FFF00      <2>
   881 0000DD70 F00F000FF000000000- <2>     db 240,15,0,15,240,0,0,0,0,0,0,0,0,0,0,0
   881 0000DD79 00000000000000      <2>
   882 0000DD80 000F0FF00F00000F0F- <2>     db 0,15,15,240,15,0,0,15,15,0,0,0,0,0,0,0
   882 0000DD89 00000000000000      <2>
   883 0000DD90 000000000000000000- <2>     db 0,0,0,0,0,0,0,0,0,0,0,0,0,0,0,0
   883 0000DD99 00000000000000      <2>
   884 0000DDA0 000000000000000000- <2>     db 0,0,0,0,0,0,0,0,0,0,0,0,0,0,0,0
   884 0000DDA9 00000000000000      <2>
   885 0000DDB0 000000000000000000- <2>     db 0,0,0,0,0,0,0,0,0,0,0,0,0,0,0,0
   885 0000DDB9 00000000000000      <2>
   886 0000DDC0 000000000000000000- <2>     db 0,0,0,0,0,0,0,0,0,0,0,0,0,0,0,0
   886 0000DDC9 00000000000000      <2>
   887 0000DDD0 000000000000000000- <2>     db 0,0,0,0,0,0,0,0,0,0,0,0,0,0,0,0
   887 0000DDD9 00000000000000      <2>
   888 0000DDE0 000000000000000000- <2>     db 0,0,0,0,0,0,0,0,0,0,0,0,0,0,0,0
   888 0000DDE9 00000000000000      <2>
   889 0000DDF0 000000000000000000- <2>     db 0,0,0,0,0,0,0,0,0,0,0,0,0,0,0,0
   889 0000DDF9 00000000000000      <2>
   890 0000DE00 000000000000000000- <2>     db 0,0,0,0,0,0,0,0,0,0,0,0,0,0,0,0
   890 0000DE09 00000000000000      <2>
   891 0000DE10 000000000000000000- <2>     db 0,0,0,0,0,0,0,0,0,0,0,0,0,0,0,0
   891 0000DE19 00000000000000      <2>
   892 0000DE20 00000000FFFF000F00- <2>     db 0,0,0,0,255,255,0,15,0,15,0,15,0,255,0,15
   892 0000DE29 0F000F00FF000F      <2>
   893 0000DE30 0F000F000000FFFF00- <2>     db 15,0,15,0,0,0,255,255,0,255,0,15,0,15,0,15
   893 0000DE39 FF000F000F000F      <2>
   894 0000DE40 0F00000000FFFF0F00- <2>     db 15,0,0,0,0,255,255,15,0,0,0,0,240,0,15,15
   894 0000DE49 000000F0000F0F      <2>
   895 0000DE50 0F00F000FFFF000000- <2>     db 15,0,240,0,255,255,0,0,0,0,0,0,0,0,0,0
   895 0000DE59 00000000000000      <2>
   896 0000DE60 000000000000000000- <2>     db 0,0,0,0,0,0,0,0,0,0,0,0,0,0,0,0
   896 0000DE69 00000000000000      <2>
   897 0000DE70 000000000000000000- <2>     db 0,0,0,0,0,0,0,0,0,0,0,0,0,0,0,0
   897 0000DE79 00000000000000      <2>
   898 0000DE80 000000000000000000- <2>     db 0,0,0,0,0,0,0,0,0,0,0,0,0,0,0,0
   898 0000DE89 00000000000000      <2>
   899 0000DE90 000000000000000000- <2>     db 0,0,0,0,0,0,0,0,0,0,0,0,0,0,0,0
   899 0000DE99 00000000000000      <2>
   900 0000DEA0 000000000000000000- <2>     db 0,0,0,0,0,0,0,0,0,0,0,0,0,0,0,0
   900 0000DEA9 00000000000000      <2>
   901 0000DEB0 000000000000000000- <2>     db 0,0,0,0,0,0,0,0,0,0,0,0,0,0,0,0
   901 0000DEB9 00000000000000      <2>
   902 0000DEC0 000000000000000000- <2>     db 0,0,0,0,0,0,0,0,0,0,0,0,0,0,0,0
   902 0000DEC9 00000000000000      <2>
   903 0000DED0 000000000000000000- <2>     db 0,0,0,0,0,0,0,0,0,0,0,0,0,0,0,0
   903 0000DED9 00000000000000      <2>
   904 0000DEE0 000000000000000000- <2>     db 0,0,0,0,0,0,0,0,0,0,0,0,0,0,0,0
   904 0000DEE9 00000000000000      <2>
   905 0000DEF0 0F0F00FFFF0F000F00- <2>     db 15,15,0,255,255,15,0,15,0,15,0,0,15,0,15,0
   905 0000DEF9 0F00000F000F00      <2>
   906 0000DF00 00000F00000F000000- <2>     db 0,0,15,0,0,15,0,0,0,15,0,255,0,0,0,0
   906 0000DF09 0F00FF00000000      <2>
   907 0000DF10 00000000000000000F- <2>     db 0,0,0,0,0,0,0,0,15,0,255,0,15,0,15,0
   907 0000DF19 00FF000F000F00      <2>
   908 0000DF20 0F000F000000000000- <2>     db 15,0,15,0,0,0,0,0,0,0,0,0,0,0,0,0
   908 0000DF29 00000000000000      <2>
   909 0000DF30 000000000000000000- <2>     db 0,0,0,0,0,0,0,0,0,0,0,0,0,0,0,0
   909 0000DF39 00000000000000      <2>
   910 0000DF40 000000000000000000- <2>     db 0,0,0,0,0,0,0,0,0,0,0,0,0,0,0,0
   910 0000DF49 00000000000000      <2>
   911 0000DF50 000000000000000000- <2>     db 0,0,0,0,0,0,0,0,0,0,0,0,0,0,0,0
   911 0000DF59 00000000000000      <2>
   912 0000DF60 000000000000000000- <2>     db 0,0,0,0,0,0,0,0,0,0,0,0,0,0,0,0
   912 0000DF69 00000000000000      <2>
   913 0000DF70 000000000000000000- <2>     db 0,0,0,0,0,0,0,0,0,0,0,0,0,0,0,0
   913 0000DF79 00000000000000      <2>
   914 0000DF80 000000000000000000- <2>     db 0,0,0,0,0,0,0,0,0,0,0,0,0,0,0,0
   914 0000DF89 00000000000000      <2>
   915 0000DF90 000000000000000000- <2>     db 0,0,0,0,0,0,0,0,0,0,0,0,0,0,0,0
   915 0000DF99 00000000000000      <2>
   916 0000DFA0 000000000000000000- <2>     db 0,0,0,0,0,0,0,0,0,0,0,0,0,0,0,0
   916 0000DFA9 00000000000000      <2>
   917 0000DFB0 000000000000000000- <2>     db 0,0,0,0,0,0,0,0,0,0,0,0,15,240,0,15
   917 0000DFB9 0000000FF0000F      <2>
   918 0000DFC0 0000000F000F00000F- <2>     db 0,0,0,15,0,15,0,0,15,0,15,0,0,0,15,0
   918 0000DFC9 000F0000000F00      <2>
   919 0000DFD0 000F0000000F000F0F- <2>     db 0,15,0,0,0,15,0,15,15,0,0,0,0,0,0,0
   919 0000DFD9 00000000000000      <2>
   920 0000DFE0 000000F000000F000F- <2>     db 0,0,0,240,0,0,15,0,15,240,0,0,15,0,15,0
   920 0000DFE9 F000000F000F00      <2>
   921 0000DFF0 000000000000000000- <2>     db 0,0,0,0,0,0,0,0,0,0,0,0,0,0,0,0
   921 0000DFF9 00000000000000      <2>
   922 0000E000 000000000000000000- <2>     db 0,0,0,0,0,0,0,0,0,0,0,0,0,0,0,0
   922 0000E009 00000000000000      <2>
   923 0000E010 000000000000000000- <2>     db 0,0,0,0,0,0,0,0,0,0,0,0,0,0,0,0
   923 0000E019 00000000000000      <2>
   924 0000E020 000000000000000000- <2>     db 0,0,0,0,0,0,0,0,0,0,0,0,0,0,0,0
   924 0000E029 00000000000000      <2>
   925 0000E030 000000000000000000- <2>     db 0,0,0,0,0,0,0,0,0,0,0,0,0,0,0,0
   925 0000E039 00000000000000      <2>
   926 0000E040 000000000000000000- <2>     db 0,0,0,0,0,0,0,0,0,0,0,0,0,0,0,0
   926 0000E049 00000000000000      <2>
   927 0000E050 000000000000000000- <2>     db 0,0,0,0,0,0,0,0,0,0,0,0,0,0,0,0
   927 0000E059 00000000000000      <2>
   928 0000E060 000000000000000000- <2>     db 0,0,0,0,0,0,0,0,0,0,0,0,0,0,0,0
   928 0000E069 00000000000000      <2>
   929 0000E070 000000000000000000- <2>     db 0,0,0,0,0,0,0,0,0,0,0,0,0,0,0,0
   929 0000E079 00000000000000      <2>
   930 0000E080 00000000000000000F- <2>     db 0,0,0,0,0,0,0,0,15,0,15,240,255,15,0,240
   930 0000E089 000FF0FF0F00F0      <2>
   931 0000E090 0F0F0000F0FF000000- <2>     db 15,15,0,0,240,255,0,0,0,0,255,255,15,15,0,0
   931 0000E099 00FFFF0F0F0000      <2>
   932 0000E0A0 F0FF000FF000000000- <2>     db 240,255,0,15,240,0,0,0,0,0,0,0,0,0,0,255
   932 0000E0A9 000000000000FF      <2>
   933 0000E0B0 FF0FF0FF00FFFF0FF0- <2>     db 255,15,240,255,0,255,255,15,240,255,0
   933 0000E0B9 FF00                <2>
   934                              <2> xdemo_scroll_segments:
   935                              <2> xdemo_scroll_segments_end:
   936                              <2> %else
   937                              <2> xdemo_scroll_segments:
   938                              <2>     dw 0,15,0
   939                              <2>     dw 0,3,4
   940                              <2>     dw 16,19,4
   941                              <2>     dw 0,3,8
   942                              <2>     dw 16,19,8
   943                              <2>     dw 0,15,12
   944                              <2>     dw 0,3,16
   945                              <2>     dw 8,11,16
   946                              <2>     dw 0,3,20
   947                              <2>     dw 12,15,20
   948                              <2>     dw 0,3,24
   949                              <2>     dw 16,19,24
   950                              <2>     dw 24,43,0
   951                              <2>     dw 24,27,4
   952                              <2>     dw 24,27,8
   953                              <2>     dw 24,39,12
   954                              <2>     dw 24,27,16
   955                              <2>     dw 24,27,20
   956                              <2>     dw 24,43,24
   957                              <2>     dw 48,67,0
   958                              <2>     dw 56,59,4
   959                              <2>     dw 56,59,8
   960                              <2>     dw 56,59,12
   961                              <2>     dw 56,59,16
   962                              <2>     dw 56,59,20
   963                              <2>     dw 56,59,24
   964                              <2>     dw 72,87,0
   965                              <2>     dw 72,75,4
   966                              <2>     dw 88,91,4
   967                              <2>     dw 72,75,8
   968                              <2>     dw 88,91,8
   969                              <2>     dw 72,87,12
   970                              <2>     dw 72,75,16
   971                              <2>     dw 80,83,16
   972                              <2>     dw 72,75,20
   973                              <2>     dw 84,87,20
   974                              <2>     dw 72,75,24
   975                              <2>     dw 88,91,24
   976                              <2>     dw 100,111,0
   977                              <2>     dw 96,99,4
   978                              <2>     dw 112,115,4
   979                              <2>     dw 96,99,8
   980                              <2>     dw 112,115,8
   981                              <2>     dw 96,99,12
   982                              <2>     dw 112,115,12
   983                              <2>     dw 96,99,16
   984                              <2>     dw 112,115,16
   985                              <2>     dw 96,99,20
   986                              <2>     dw 112,115,20
   987                              <2>     dw 100,111,24
   988                              <2>     dw 144,163,0
   989                              <2>     dw 144,147,4
   990                              <2>     dw 144,147,8
   991                              <2>     dw 144,159,12
   992                              <2>     dw 144,147,16
   993                              <2>     dw 144,147,20
   994                              <2>     dw 144,163,24
   995                              <2>     dw 168,183,0
   996                              <2>     dw 168,171,4
   997                              <2>     dw 184,187,4
   998                              <2>     dw 168,171,8
   999                              <2>     dw 184,187,8
  1000                              <2>     dw 168,183,12
  1001                              <2>     dw 168,171,16
  1002                              <2>     dw 176,179,16
  1003                              <2>     dw 168,171,20
  1004                              <2>     dw 180,183,20
  1005                              <2>     dw 168,171,24
  1006                              <2>     dw 184,187,24
  1007                              <2>     dw 192,211,0
  1008                              <2>     dw 200,203,4
  1009                              <2>     dw 200,203,8
  1010                              <2>     dw 200,203,12
  1011                              <2>     dw 200,203,16
  1012                              <2>     dw 200,203,20
  1013                              <2>     dw 192,211,24
  1014                              <2>     dw 216,219,0
  1015                              <2>     dw 232,235,0
  1016                              <2>     dw 216,219,4
  1017                              <2>     dw 228,231,4
  1018                              <2>     dw 216,219,8
  1019                              <2>     dw 224,227,8
  1020                              <2>     dw 216,223,12
  1021                              <2>     dw 216,219,16
  1022                              <2>     dw 224,227,16
  1023                              <2>     dw 216,219,20
  1024                              <2>     dw 228,231,20
  1025                              <2>     dw 216,219,24
  1026                              <2>     dw 232,235,24
  1027                              <2>     dw 268,279,0
  1028                              <2>     dw 264,267,4
  1029                              <2>     dw 280,283,4
  1030                              <2>     dw 280,283,8
  1031                              <2>     dw 276,279,12
  1032                              <2>     dw 272,275,16
  1033                              <2>     dw 268,271,20
  1034                              <2>     dw 264,283,24
  1035                              <2>     dw 292,303,0
  1036                              <2>     dw 288,291,4
  1037                              <2>     dw 304,307,4
  1038                              <2>     dw 288,291,8
  1039                              <2>     dw 300,307,8
  1040                              <2>     dw 288,291,12
  1041                              <2>     dw 296,299,12
  1042                              <2>     dw 304,307,12
  1043                              <2>     dw 288,295,16
  1044                              <2>     dw 304,307,16
  1045                              <2>     dw 288,291,20
  1046                              <2>     dw 304,307,20
  1047                              <2>     dw 292,303,24
  1048                              <2>     dw 316,327,0
  1049                              <2>     dw 312,315,4
  1050                              <2>     dw 328,331,4
  1051                              <2>     dw 328,331,8
  1052                              <2>     dw 324,327,12
  1053                              <2>     dw 320,323,16
  1054                              <2>     dw 316,319,20
  1055                              <2>     dw 312,331,24
  1056                              <2>     dw 344,351,0
  1057                              <2>     dw 340,343,4
  1058                              <2>     dw 336,339,8
  1059                              <2>     dw 336,351,12
  1060                              <2>     dw 336,339,16
  1061                              <2>     dw 352,355,16
  1062                              <2>     dw 336,339,20
  1063                              <2>     dw 352,355,20
  1064                              <2>     dw 340,351,24
  1065                              <2> xdemo_scroll_segments_end:
  1066                              <2> %endif
  2178                              <1> %endif
  2179                              <1> %ifdef XDEMO2
  2180 0000E0BB 00<rep 400h>        <1> xdemo2_stack times 1024 db 0
  2181                              <1> xdemo2_stack_top:
  2182                              <1> %endif
