     1                                  ; XGA vector demo: cube, octahedron, polygon stress, torus, Boing Ball, crystal.
     2                                  ; By Dag Erik Hagesæter / Retro Erik using Codex in VS Code
     3                                  ; Build: nasm -f bin xga_vector.asm -o bin/v2/XVECTOR.COM
     4                                  cpu 386
     5                                  bits 16
     6                                  org 0x100
     7                                  
     8                                  SCREEN_W equ 640
     9                                  SCREEN_H equ 480
    10                                  SCREEN_BYTES equ SCREEN_W * SCREEN_H
    11                                  BACK_BASE equ SCREEN_BYTES
    12                                  MASK_BASE equ 2 * SCREEN_BYTES
    13                                  GRID_BASE equ MASK_BASE + SCREEN_BYTES / 8 ; 1-bit boundary map ends here
    14                                  MESH_MASK_W equ 128
    15                                  MESH_MASK_H equ 128
    16                                  LINE_OP equ 0x05118000       ; IBM XGA guide example: line draw, all pixels
    17                                  AREA_BOUNDARY_LINE_OP equ 0x05138030 ; area boundary, mask scissoring disabled
    18                                  AREA_FILL_OP equ 0x0A313000 ; map C to A, octant 0: left-to-right fill
    19                                  MASKED_SOLID_OP equ 0x08113000 ; fixed color through 1-bit pattern map C
    20                                  SOLID_A equ 0x08118000
    21                                  OCTA_FACES equ 8
    22                                  STRESS_MAX equ 512
    23                                  STRESS_W equ 30
    24                                  STRESS_H equ 22
    25                                  TORUS_VERTS equ 128
    26                                  TORUS_QUADS equ 128
    27                                  BOING_QUADS equ 112
    28                                  CRYSTAL_VERTS equ 120
    29                                  CRYSTAL_FACETS equ 100
    30                                  
    31                                  %ifdef XDEMO
    32                                  %include "xdemo_scene.inc"
    33                                  %else
    34                                  start:
    35 00000000 0E                          push cs
    36 00000001 1F                          pop ds
    37 00000002 B40F                        mov ah, 0x0f
    38 00000004 CD10                        int 0x10
    39 00000006 A2[911C]                    mov [old_mode], al
    40 00000009 BA[8F8F]                    mov dx, msg_start
    41 0000000C E81C02                      call puts
    42 0000000F E80E91                      call detect_xga
    43 00000012 0F820A02                    jc .no_xga
    44 00000016 66833E[891C]00              cmp dword [aperture], 0
    45 0000001C 0F84FB01                    je .no_aperture
    46 00000020 E8FB91                      call set_xga_mode
    47 00000023 C606[921C]01                mov byte [mode_active], 1
    48 00000028 E81D92                      call probe_vram
    49 0000002B 0F82E101                    jc .no_vram
    50 0000002F E8FE01                      call set_palette
    51 00000032 E82602                      call setup_maps
    52 00000035 E8DF03                      call enter_back_buffer
    53 00000038 E8F703                      call prerender_room_grid
    54 0000003B 0F82C601                    jc .cp_timeout
    55 0000003F C606[841C]01                mov byte [vsync_enabled], 1
    56 00000044 E83893                      call setup_sprite_hud
    57                                  .frame:
    58 00000047 803E[831C]04                cmp byte [demo_mode], 4
    59 0000004C 7505                        jne .clear_frame
    60 0000004E E82004                      call restore_room_grid
    61 00000051 EB03                        jmp .frame_ready
    62                                  .clear_frame:
    63 00000053 E85F05                      call clear_back_buffer
    64                                  .frame_ready:
    65 00000056 0F82AB01                    jc .cp_timeout
    66 0000005A 803E[831C]00                cmp byte [demo_mode], 0
    67 0000005F 7505                        jne .other_demo
    68 00000061 E8B206                      call draw_cube
    69 00000064 EB35                        jmp .draw_done
    70                                  .other_demo:
    71 00000066 803E[831C]01                cmp byte [demo_mode], 1
    72 0000006B 7429                        je .solid
    73 0000006D 803E[831C]02                cmp byte [demo_mode], 2
    74 00000072 741D                        je .polygon_stress
    75 00000074 803E[831C]04                cmp byte [demo_mode], 4
    76 00000079 7411                        je .boing
    77 0000007B 803E[831C]05                cmp byte [demo_mode], 5
    78 00000080 7405                        je .crystal
    79 00000082 E8E40B                      call draw_torus
    80 00000085 EB14                        jmp .draw_done
    81                                  .crystal:
    82 00000087 E80C0C                      call draw_crystal
    83 0000008A EB0F                        jmp .draw_done
    84                                  .boing:
    85 0000008C E8340C                      call draw_boing
    86 0000008F EB0A                        jmp .draw_done
    87                                  .polygon_stress:
    88 00000091 E8E509                      call draw_polygon_stress
    89 00000094 EB05                        jmp .draw_done
    90                                  .solid:
    91 00000096 E8FA08                      call draw_solid
    92 00000099 EB00                        jmp .draw_done
    93                                  .draw_done:
    94 0000009B 0F826601                    jc .cp_timeout
    95 0000009F E80392                      call wait_cp
    96 000000A2 0F825F01                    jc .cp_timeout
    97 000000A6 803E[841C]00                cmp byte [vsync_enabled], 0
    98 000000AB 7403                        je .no_sync
    99 000000AD E8C904                      call wait_vsync
   100                                  .no_sync:
   101 000000B0 E83804                      call present_back_frame
   102 000000B3 0F824E01                    jc .cp_timeout
   103 000000B7 C606[D196]0F                mov byte [hud_text_balls+6], 15 ; no mesh fill marker
   104 000000BC 803E[831C]01                cmp byte [demo_mode], 1
   105 000000C1 7429                        je .hud_solid
   106 000000C3 803E[831C]02                cmp byte [demo_mode], 2
   107 000000C8 742F                        je .hud_stress
   108 000000CA 803E[831C]03                cmp byte [demo_mode], 3
   109 000000CF 7435                        je .hud_torus
   110 000000D1 803E[831C]04                cmp byte [demo_mode], 4
   111 000000D6 742E                        je .hud_torus
   112 000000D8 803E[831C]05                cmp byte [demo_mode], 5
   113 000000DD 7427                        je .hud_torus
   114 000000DF C706[A01C]0C00              mov word [visible_balls], 12
   115 000000E5 C606[A21C]10                mov byte [hud_count_label], 16 ; B = vector command count
   116 000000EA EB31                        jmp .hud_ready
   117                                  .hud_solid:
   118 000000EC C706[A01C]0800              mov word [visible_balls], OCTA_FACES
   119 000000F2 C606[A21C]01                mov byte [hud_count_label], 1 ; P = face count
   120 000000F7 EB24                        jmp .hud_ready
   121                                  .hud_stress:
   122 000000F9 A1[A915]                    mov ax, [stress_count]
   123 000000FC A3[A01C]                    mov [visible_balls], ax
   124 000000FF C606[A21C]01                mov byte [hud_count_label], 1 ; P = filled polygon count
   125 00000104 EB17                        jmp .hud_ready
   126                                  .hud_torus:
   127 00000106 A1[BC15]                    mov ax, [mesh_drawn]
   128 00000109 A3[A01C]                    mov [visible_balls], ax
   129 0000010C C606[A21C]01                mov byte [hud_count_label], 1 ; P = visible mesh facets filled
   130 00000111 803E[5416]00                cmp byte [mesh_area_mode], 0
   131 00000116 7405                        je .hud_ready
   132 00000118 C606[D196]15                mov byte [hud_text_balls+6], 21 ; A = hybrid XGA Area Fill
   133                                  .hud_ready:
   134 0000011D E84293                      call update_fps
   135 00000120 E8BA92                      call update_sprite_hud
   136 00000123 B401                        mov ah, 1
   137 00000125 CD16                        int 0x16
   138 00000127 0F84B800                    jz .animate
   139 0000012B 30E4                        xor ah, ah
   140 0000012D CD16                        int 0x16
   141 0000012F 3C1B                        cmp al, 27
   142 00000131 0F84C500                    je .quit
   143 00000135 3C31                        cmp al, '1'
   144 00000137 720B                        jb .key_space
   145 00000139 3C36                        cmp al, '6'
   146 0000013B 7707                        ja .key_space
   147 0000013D 2C31                        sub al, '1'
   148 0000013F A2[831C]                    mov [demo_mode], al
   149 00000142 EB14                        jmp .mode_changed
   150                                  .key_space:
   151 00000144 3C20                        cmp al, ' '
   152 00000146 752E                        jne .key_v
   153 00000148 FE06[831C]                  inc byte [demo_mode]
   154 0000014C 803E[831C]06                cmp byte [demo_mode], 6
   155 00000151 7205                        jb .mode_changed
   156 00000153 C606[831C]00                mov byte [demo_mode], 0
   157                                  .mode_changed:
   158 00000158 C606[D415]00                mov byte [speaker_frames], 0
   159 0000015D E8570D                      call stop_speaker
   160 00000160 E8F80A                      call init_mesh_order
   161 00000163 E8C001                      call set_mask_map_for_mode
   162 00000166 0F829B00                    jc .cp_timeout
   163 0000016A E85302                      call reset_frame_page
   164 0000016D 0F829400                    jc .cp_timeout
   165 00000171 E8EE93                      call reset_fps
   166 00000174 EB6D                        jmp .animate
   167                                  .key_v:
   168 00000176 3C76                        cmp al, 'v'
   169 00000178 7449                        je .toggle_sync
   170 0000017A 3C56                        cmp al, 'V'
   171 0000017C 7445                        je .toggle_sync
   172 0000017E 3C6D                        cmp al, 'm'
   173 00000180 744B                        je .toggle_mesh_renderer
   174 00000182 3C4D                        cmp al, 'M'
   175 00000184 7447                        je .toggle_mesh_renderer
   176 00000186 3C2B                        cmp al, '+'
   177 00000188 740A                        je .increase_count
   178 0000018A 3C3D                        cmp al, '='
   179 0000018C 7406                        je .increase_count
   180 0000018E 3C2D                        cmp al, '-'
   181 00000190 741A                        je .decrease_count
   182 00000192 EB4F                        jmp .animate
   183                                  .increase_count:
   184 00000194 803E[831C]02                cmp byte [demo_mode], 2
   185 00000199 7548                        jne .animate
   186 0000019B 813E[A915]0002              cmp word [stress_count], STRESS_MAX
   187 000001A1 7340                        jae .animate
   188 000001A3 D126[A915]                  shl word [stress_count], 1
   189 000001A7 E8B893                      call reset_fps
   190 000001AA EB37                        jmp .animate
   191                                  .decrease_count:
   192 000001AC 803E[831C]02                cmp byte [demo_mode], 2
   193 000001B1 7530                        jne .animate
   194 000001B3 833E[A915]08                cmp word [stress_count], 8
   195 000001B8 7629                        jbe .animate
   196 000001BA D12E[A915]                  shr word [stress_count], 1
   197 000001BE E8A193                      call reset_fps
   198 000001C1 EB20                        jmp .animate
   199                                  .toggle_sync:
   200 000001C3 8036[841C]01                xor byte [vsync_enabled], 1
   201 000001C8 E89793                      call reset_fps
   202                                  .toggle_done:
   203 000001CB EB16                        jmp .animate
   204                                  .toggle_mesh_renderer:
   205 000001CD 803E[831C]03                cmp byte [demo_mode], 3
   206 000001D2 720F                        jb .animate
   207 000001D4 8036[5416]01                xor byte [mesh_area_mode], 1
   208 000001D9 E84A01                      call set_mask_map_for_mode
   209 000001DC 7227                        jc .cp_timeout
   210 000001DE E88193                      call reset_fps
   211 000001E1 EBE8                        jmp .toggle_done
   212                                  .animate:
   213 000001E3 FF06[A715]                  inc word [rotation]
   214 000001E7 803E[831C]04                cmp byte [demo_mode], 4
   215 000001EC 0F8557FE                    jne .frame
   216 000001F0 FF06[D215]                  inc word [boing_frame]
   217 000001F4 E8320C                      call update_boing_motion
   218 000001F7 E94DFE                      jmp .frame
   219                                  .quit:
   220 000001FA E8BA0C                      call stop_speaker
   221 000001FD E82891                      call restore_mode
   222 00000200 B8004C                      mov ax, 0x4c00
   223 00000203 CD21                        int 0x21
   224                                  .cp_timeout:
   225 00000205 E8AF0C                      call stop_speaker
   226 00000208 E81D91                      call restore_mode
   227 0000020B BA[6390]                    mov dx, msg_cp_timeout
   228 0000020E EB13                        jmp .error
   229                                  .no_vram:
   230 00000210 E8A40C                      call stop_speaker
   231 00000213 E81291                      call restore_mode
   232 00000216 BA[3990]                    mov dx, msg_no_vram
   233 00000219 EB08                        jmp .error
   234                                  .no_aperture:
   235 0000021B BA[1890]                    mov dx, msg_no_aperture
   236 0000021E EB03                        jmp .error
   237                                  .no_xga:
   238 00000220 BA[F88F]                    mov dx, msg_no_xga
   239                                  .error:
   240 00000223 E80500                      call puts
   241 00000226 B8014C                      mov ax, 0x4c01
   242 00000229 CD21                        int 0x21
   243                                  %endif
   244                                  
   245                                  puts:
   246 0000022B B409                        mov ah, 9
   247 0000022D CD21                        int 0x21
   248 0000022F C3                          ret
   249                                  
   250                                  set_palette:
   251 00000230 8B16[851C]                  mov dx, [io_base]
   252 00000234 83C20A                      add dx, 0x0a
   253 00000237 B86400                      mov ax, 0x0064
   254 0000023A EF                          out dx, ax
   255 0000023B B86600                      mov ax, 0x0066
   256 0000023E EF                          out dx, ax
   257 0000023F B86000                      mov ax, 0x0060
   258 00000242 EF                          out dx, ax
   259 00000243 B86100                      mov ax, 0x0061
   260 00000246 EF                          out dx, ax
   261 00000247 B065                        mov al, 0x65
   262 00000249 EE                          out dx, al
   263 0000024A 42                          inc dx
   264                                  %ifdef XDEMO
   265                                      mov si, xdemo_palette
   266                                      mov cx, 144 ; 16 base CGA colors + 8 lanes x 4 shades
   267                                  %else
   268 0000024B BE[A61C]                    mov si, vector_palette
   269 0000024E B93C00                      mov cx, 60
   270                                  %endif
   271                                  .color:
   272 00000251 AC                          lodsb
   273 00000252 EE                          out dx, al
   274 00000253 E2FC                        loop .color
   275 00000255 4A                          dec dx
   276 00000256 B864FF                      mov ax, 0xff64
   277 00000259 EF                          out dx, ax
   278 0000025A C3                          ret
   279                                  
   280                                  setup_maps:
   281 0000025B A1[871C]                    mov ax, [cp_seg]
   282 0000025E 8EC0                        mov es, ax
   283 00000260 26C606110000                mov byte [es:0x11], 0
   284 00000266 26C606120001                mov byte [es:0x12], 1
   285 0000026C 66A1[8D1C]                  mov eax, [cp_aperture]
   286 00000270 2666A31400                  mov [es:0x14], eax
   287 00000275 26C70618007F02              mov word [es:0x18], SCREEN_W-1
   288 0000027C 26C7061A00DF01              mov word [es:0x1a], SCREEN_H-1
   289 00000283 26C6061C0003                mov byte [es:0x1c], 3
   290 00000289 26C606480003                mov byte [es:0x48], 3
   291 0000028F 26C606490005                mov byte [es:0x49], 5
   292 00000295 26C6064A0004                mov byte [es:0x4a], 4
   293 0000029B 2666C7065000FF0000-         mov dword [es:0x50], 0xff
   293 000002A4 00                 
   294 000002A5 2666C7065400FF0000-         mov dword [es:0x54], 0xff
   294 000002AE 00                 
   295 000002AF 2666C7065C00000000-         mov dword [es:0x5c], 0
   295 000002B8 00                 
   296 000002B9 26C606120000                mov byte [es:0x12], 0
   297 000002BF 66A1[8D1C]                  mov eax, [cp_aperture]
   298 000002C3 660500600900                add eax, MASK_BASE
   299 000002C9 2666A31400                  mov [es:0x14], eax
   300 000002CE 26C70618007F02              mov word [es:0x18], SCREEN_W-1
   301 000002D5 26C7061A00DF01              mov word [es:0x1a], SCREEN_H-1
   302 000002DC 26C6061C0000                mov byte [es:0x1c], 0
   303 000002E2 26C7066C000000              mov word [es:0x6c], 0
   304 000002E9 26C7066E000000              mov word [es:0x6e], 0
   305 000002F0 26C606120001                mov byte [es:0x12], 1
   306 000002F6 26C606120003                mov byte [es:0x12], 3
   307 000002FC 66A1[8D1C]                  mov eax, [cp_aperture]
   308 00000300 660500600900                add eax, MASK_BASE
   309 00000306 2666A31400                  mov [es:0x14], eax
   310 0000030B 26C70618007F02              mov word [es:0x18], SCREEN_W-1
   311 00000312 26C7061A00DF01              mov word [es:0x1a], SCREEN_H-1
   312 00000319 26C6061C0000                mov byte [es:0x1c], 0
   313 0000031F 26C606120001                mov byte [es:0x12], 1
   314 00000325 C3                          ret
   315                                  
   316                                  ; Map C points to VRAM for Area Fill and to the conventional-RAM mask for
   317                                  ; the proven fallback. Keep its active source so consecutive quads avoid
   318                                  ; redundant map setup.
   319                                  set_mask_map_for_mode:
   320 00000326 803E[831C]03                cmp byte [demo_mode], 3
   321 0000032B 7209                        jb select_mesh_vram_map
   322 0000032D 803E[5416]00                cmp byte [mesh_area_mode], 0
   323 00000332 7502                        jne select_mesh_vram_map
   324 00000334 EB42                        jmp select_mesh_ram_map
   325                                  
   326                                  select_mesh_vram_map:
   327 00000336 803E[5516]00                cmp byte [mesh_map_ram], 0
   328 0000033B 7439                        je .ready
   329 0000033D E8658F                      call wait_cp
   330 00000340 7235                        jc .done
   331 00000342 26C606120003                mov byte [es:0x12], 3
   332 00000348 66A1[8D1C]                  mov eax, [cp_aperture]
   333 0000034C 660500600900                add eax, MASK_BASE
   334 00000352 2666A31400                  mov [es:0x14], eax
   335 00000357 26C70618007F02              mov word [es:0x18], SCREEN_W-1
   336 0000035E 26C7061A00DF01              mov word [es:0x1a], SCREEN_H-1
   337 00000365 26C6061C0000                mov byte [es:0x1c], 0
   338 0000036B 26C606120001                mov byte [es:0x12], 1
   339 00000371 C606[5516]00                mov byte [mesh_map_ram], 0
   340                                  .ready:
   341 00000376 F8                          clc
   342                                  .done:
   343 00000377 C3                          ret
   344                                  
   345                                  select_mesh_ram_map:
   346 00000378 803E[5516]01                cmp byte [mesh_map_ram], 1
   347 0000037D 743F                        je .ready
   348 0000037F E8238F                      call wait_cp
   349 00000382 723B                        jc .done
   350 00000384 26C606120003                mov byte [es:0x12], 3
   351 0000038A 8CC8                        mov ax, cs
   352 0000038C 660FB7C0                    movzx eax, ax
   353 00000390 66C1E004                    shl eax, 4
   354 00000394 6605[8E9F0000]              add eax, mesh_mask_ram
   355 0000039A 2666A31400                  mov [es:0x14], eax
   356 0000039F 26C70618007F00              mov word [es:0x18], MESH_MASK_W-1
   357 000003A6 26C7061A007F00              mov word [es:0x1a], MESH_MASK_H-1
   358 000003AD 26C6061C0000                mov byte [es:0x1c], 0
   359 000003B3 26C606120001                mov byte [es:0x12], 1
   360 000003B9 C606[5516]01                mov byte [mesh_map_ram], 1
   361                                  .ready:
   362 000003BE F8                          clc
   363                                  .done:
   364 000003BF C3                          ret
   365                                  
   366                                  ; Return to the fixed hidden page whenever the demo changes.
   367                                  reset_frame_page:
   368 000003C0 E8E28E                      call wait_cp
   369 000003C3 7225                        jc .done
   370 000003C5 6631C0                      xor eax, eax
   371 000003C8 E82000                      call set_view_start
   372 000003CB 66C706[5916]00B004-         mov dword [draw_page_base], BACK_BASE
   372 000003D3 00                 
   373 000003D4 26C606120001                mov byte [es:0x12], 1
   374 000003DA 66A1[8D1C]                  mov eax, [cp_aperture]
   375 000003DE 660500B00400                add eax, BACK_BASE
   376 000003E4 2666A31400                  mov [es:0x14], eax
   377 000003E9 F8                          clc
   378                                  .done:
   379 000003EA C3                          ret
   380                                  
   381                                  ; XGA display start is expressed in four-byte units. Register 42h latches
   382                                  ; the new address, allowing a completed hidden page to become visible.
   383                                  set_view_start:
   384 000003EB 6653                        push ebx
   385 000003ED 52                          push dx
   386 000003EE 66C1E802                    shr eax, 2
   387 000003F2 6689C3                      mov ebx, eax
   388 000003F5 8B16[851C]                  mov dx, [io_base]
   389 000003F9 83C20A                      add dx, 0x0a
   390 000003FC 88DC                        mov ah, bl
   391 000003FE B040                        mov al, 0x40
   392 00000400 EF                          out dx, ax
   393 00000401 66C1EB08                    shr ebx, 8
   394 00000405 88DC                        mov ah, bl
   395 00000407 B041                        mov al, 0x41
   396 00000409 EF                          out dx, ax
   397 0000040A 66C1EB08                    shr ebx, 8
   398 0000040E 88DC                        mov ah, bl
   399 00000410 B042                        mov al, 0x42
   400 00000412 EF                          out dx, ax
   401 00000413 5A                          pop dx
   402 00000414 665B                        pop ebx
   403 00000416 C3                          ret
   404                                  
   405                                  enter_back_buffer:
   406 00000417 E88B8E                      call wait_cp
   407 0000041A 7215                        jc .done
   408 0000041C 26C606120001                mov byte [es:0x12], 1
   409 00000422 66A1[8D1C]                  mov eax, [cp_aperture]
   410 00000426 660500B00400                add eax, BACK_BASE
   411 0000042C 2666A31400                  mov [es:0x14], eax
   412                                  .done:
   413 00000431 C3                          ret
   414                                  
   415                                  ; Store the static Boing room in spare 8-bit VRAM (652800..959999).
   416                                  ; This replaces about 50 line commands with one XGA BitBlt per frame.
   417                                  prerender_room_grid:
   418 00000432 E8708E                      call wait_cp
   419 00000435 7239                        jc .done
   420 00000437 26C606120001                mov byte [es:0x12], 1
   421 0000043D 66A1[8D1C]                  mov eax, [cp_aperture]
   422 00000441 660500F60900                add eax, GRID_BASE
   423 00000447 2666A31400                  mov [es:0x14], eax
   424 0000044C E86601                      call clear_back_buffer
   425 0000044F 7208                        jc .restore
   426 00000451 E81009                      call draw_room_grid
   427 00000454 7203                        jc .restore
   428 00000456 E84C8E                      call wait_cp
   429                                  .restore:
   430 00000459 9C                          pushf
   431 0000045A 26C606120001                mov byte [es:0x12], 1
   432 00000460 66A1[8D1C]                  mov eax, [cp_aperture]
   433 00000464 660500B00400                add eax, BACK_BASE
   434 0000046A 2666A31400                  mov [es:0x14], eax
   435 0000046F 9D                          popf
   436                                  .done:
   437 00000470 C3                          ret
   438                                  
   439                                  restore_room_grid:
   440 00000471 E8318E                      call wait_cp
   441 00000474 7274                        jc .done
   442 00000476 26C606120002                mov byte [es:0x12], 2
   443 0000047C 66A1[8D1C]                  mov eax, [cp_aperture]
   444 00000480 660500F60900                add eax, GRID_BASE
   445 00000486 2666A31400                  mov [es:0x14], eax
   446 0000048B 26C70618007F02              mov word [es:0x18], SCREEN_W-1
   447 00000492 26C7061A00DF01              mov word [es:0x1a], SCREEN_H-1
   448 00000499 26C6061C0003                mov byte [es:0x1c], 3
   449 0000049F 26C70670000000              mov word [es:0x70], 0
   450 000004A6 26C70672000000              mov word [es:0x72], 0
   451 000004AD 26C606120001                mov byte [es:0x12], 1
   452 000004B3 66A1[8D1C]                  mov eax, [cp_aperture]
   453 000004B7 660306[5916]                add eax, [draw_page_base]
   454 000004BC 2666A31400                  mov [es:0x14], eax
   455 000004C1 26C70678000000              mov word [es:0x78], 0
   456 000004C8 26C7067A000000              mov word [es:0x7a], 0
   457 000004CF 26C70660007F02              mov word [es:0x60], SCREEN_W-1
   458 000004D6 26C7066200DF01              mov word [es:0x62], SCREEN_H-1
   459 000004DD 2666C7067C00008021-         mov dword [es:0x7c], 0xA8218000
   459 000004E6 A8                 
   460 000004E7 E8BB8D                      call wait_cp
   461                                  .done:
   462 000004EA C3                          ret
   463                                  
   464                                  present_back_frame:
   465 000004EB E8B78D                      call wait_cp
   466 000004EE 0F828600                    jc .done
   467 000004F2 26C606120002                mov byte [es:0x12], 2
   468 000004F8 66A1[8D1C]                  mov eax, [cp_aperture]
   469 000004FC 660500B00400                add eax, BACK_BASE
   470 00000502 2666A31400                  mov [es:0x14], eax
   471 00000507 26C70618007F02              mov word [es:0x18], SCREEN_W-1
   472 0000050E 26C7061A00DF01              mov word [es:0x1a], SCREEN_H-1
   473 00000515 26C6061C0003                mov byte [es:0x1c], 3
   474 0000051B 26C70670000000              mov word [es:0x70], 0
   475 00000522 26C70672000000              mov word [es:0x72], 0
   476 00000529 26C606120001                mov byte [es:0x12], 1
   477 0000052F 66A1[8D1C]                  mov eax, [cp_aperture]
   478 00000533 2666A31400                  mov [es:0x14], eax
   479 00000538 26C70678000000              mov word [es:0x78], 0
   480 0000053F 26C7067A000000              mov word [es:0x7a], 0
   481 00000546 26C70660007F02              mov word [es:0x60], SCREEN_W-1
   482 0000054D 26C7066200DF01              mov word [es:0x62], SCREEN_H-1
   483 00000554 2666C7067C00008021-         mov dword [es:0x7c], 0xA8218000
   483 0000055D A8                 
   484 0000055E E8448D                      call wait_cp
   485 00000561 7215                        jc .done
   486 00000563 26C606120001                mov byte [es:0x12], 1
   487 00000569 66A1[8D1C]                  mov eax, [cp_aperture]
   488 0000056D 660500B00400                add eax, BACK_BASE
   489 00000573 2666A31400                  mov [es:0x14], eax
   490                                  .done:
   491 00000578 C3                          ret
   492                                  
   493                                  wait_vsync:
   494 00000579 50                          push ax
   495 0000057A 53                          push bx
   496 0000057B 51                          push cx
   497 0000057C 52                          push dx
   498 0000057D E8938D                      call read_pit
   499 00000580 A3[9A1C]                    mov [vsync_wait_start], ax
   500 00000583 BADA03                      mov dx, 0x3da
   501 00000586 B9FFFF                      mov cx, 0xffff
   502                                  .leave:
   503 00000589 EC                          in al, dx
   504 0000058A A808                        test al, 8
   505 0000058C 7404                        jz .rise_start
   506 0000058E E2F9                        loop .leave
   507 00000590 EB0A                        jmp .done
   508                                  .rise_start:
   509 00000592 B9FFFF                      mov cx, 0xffff
   510                                  .rise:
   511 00000595 EC                          in al, dx
   512 00000596 A808                        test al, 8
   513 00000598 7502                        jnz .done
   514 0000059A E2F9                        loop .rise
   515                                  .done:
   516 0000059C E8748D                      call read_pit
   517 0000059F 8B1E[9A1C]                  mov bx, [vsync_wait_start]
   518 000005A3 29C3                        sub bx, ax
   519 000005A5 D1EB                        shr bx, 1
   520 000005A7 660FB7DB                    movzx ebx, bx
   521 000005AB 66011E[BE96]                add [wait_pit_ticks], ebx
   522 000005B0 5A                          pop dx
   523 000005B1 59                          pop cx
   524 000005B2 5B                          pop bx
   525 000005B3 58                          pop ax
   526 000005B4 C3                          ret
   527                                  
   528                                  clear_back_buffer:
   529 000005B5 E8ED8C                      call wait_cp
   530 000005B8 7233                        jc .done
   531 000005BA 2666C7065800000000-         mov dword [es:0x58], 0
   531 000005C3 00                 
   532 000005C4 26C70660007F02              mov word [es:0x60], SCREEN_W-1
   533 000005CB 26C7066200DF01              mov word [es:0x62], SCREEN_H-1
   534 000005D2 26C70678000000              mov word [es:0x78], 0
   535 000005D9 26C7067A000000              mov word [es:0x7a], 0
   536 000005E0 2666C7067C00008011-         mov dword [es:0x7c], SOLID_A
   536 000005E9 08                 
   537 000005EA E8B88C                      call wait_cp
   538                                  .done:
   539 000005ED C3                          ret
   540                                  
   541                                  clear_boundary_map:
   542 000005EE E8B48C                      call wait_cp
   543 000005F1 7273                        jc .done
   544 000005F3 26C606120003                mov byte [es:0x12], 3
   545 000005F9 66A1[8D1C]                  mov eax, [cp_aperture]
   546 000005FD 660500600900                add eax, MASK_BASE
   547 00000603 2666A31400                  mov [es:0x14], eax
   548 00000608 26C70618007F02              mov word [es:0x18], SCREEN_W-1
   549 0000060F 26C7061A00DF01              mov word [es:0x1a], SCREEN_H-1
   550 00000616 26C6061C0000                mov byte [es:0x1c], 0
   551 0000061C 2666C7065800000000-         mov dword [es:0x58], 0
   551 00000625 00                 
   552 00000626 26C70660007F02              mov word [es:0x60], SCREEN_W-1
   553 0000062D 26C7066200DF01              mov word [es:0x62], SCREEN_H-1
   554 00000634 26C70678000000              mov word [es:0x78], 0
   555 0000063B 26C7067A000000              mov word [es:0x7a], 0
   556 00000642 2666C7067C00008013-         mov dword [es:0x7c], 0x08138000
   556 0000064B 08                 
   557 0000064C E8568C                      call wait_cp
   558 0000064F 7215                        jc .done
   559 00000651 26C606120001                mov byte [es:0x12], 1
   560 00000657 66A1[8D1C]                  mov eax, [cp_aperture]
   561 0000065B 660500B00400                add eax, BACK_BASE
   562 00000661 2666A31400                  mov [es:0x14], eax
   563                                  .done:
   564 00000666 C3                          ret
   565                                  
   566                                  ; Convert two endpoints to XGA's normalized Bresenham line parameters.
   567                                  draw_line:
   568 00000667 50                          push ax
   569 00000668 52                          push dx
   570 00000669 53                          push bx
   571 0000066A 51                          push cx
   572 0000066B 56                          push si
   573 0000066C 57                          push di
   574 0000066D 55                          push bp
   575 0000066E 89C6                        mov si, ax
   576 00000670 89D7                        mov di, dx
   577 00000672 89DD                        mov bp, bx
   578 00000674 C606[9C1C]00                mov byte [line_octant], 0
   579 00000679 29C3                        sub bx, ax
   580 0000067B 7907                        jns .x_positive
   581 0000067D F7DB                        neg bx
   582 0000067F 800E[9C1C]04                or byte [line_octant], 4
   583                                  .x_positive:
   584 00000684 29D1                        sub cx, dx
   585 00000686 7907                        jns .y_positive
   586 00000688 F7D9                        neg cx
   587 0000068A 800E[9C1C]02                or byte [line_octant], 2
   588                                  .y_positive:
   589 0000068F 39CB                        cmp bx, cx
   590 00000691 7307                        jae .x_major
   591 00000693 87D9                        xchg bx, cx
   592 00000695 800E[9C1C]01                or byte [line_octant], 1
   593                                  .x_major:
   594 0000069A 89DD                        mov bp, bx
   595 0000069C 660FB606[9E1C]              movzx eax, byte [line_color]
   596 000006A2 2666A35800                  mov [es:0x58], eax
   597 000006A7 31C0                        xor ax, ax
   598 000006A9 01C8                        add ax, cx
   599 000006AB 01C8                        add ax, cx
   600 000006AD 29D8                        sub ax, bx
   601 000006AF 26A32000                    mov [es:0x20], ax
   602 000006B3 89C8                        mov ax, cx
   603 000006B5 01C8                        add ax, cx
   604 000006B7 26A32400                    mov [es:0x24], ax
   605 000006BB 89C8                        mov ax, cx
   606 000006BD 29D8                        sub ax, bx
   607 000006BF 01C8                        add ax, cx
   608 000006C1 29D8                        sub ax, bx
   609 000006C3 26A32800                    mov [es:0x28], ax
   610 000006C7 26892E6000                  mov [es:0x60], bp
   611 000006CC 26C70662000000              mov word [es:0x62], 0
   612 000006D3 2689367800                  mov [es:0x78], si
   613 000006D8 26893E7A00                  mov [es:0x7a], di
   614 000006DD 66B800801105                mov eax, LINE_OP
   615 000006E3 803E[9D1C]00                cmp byte [line_flags], 0
   616 000006E8 7406                        je .normal_line
   617 000006EA 66B830801305                mov eax, AREA_BOUNDARY_LINE_OP
   618                                  .normal_line:
   619 000006F0 6683E0F8                    and eax, 0xfffffff8
   620 000006F4 660FB61E[9C1C]              movzx ebx, byte [line_octant]
   621 000006FA 6609D8                      or eax, ebx
   622 000006FD 660FB61E[9D1C]              movzx ebx, byte [line_flags]
   623 00000703 6609D8                      or eax, ebx
   624 00000706 2666A37C00                  mov [es:0x7c], eax
   625 0000070B E8978B                      call wait_cp
   626                                  .done:
   627 0000070E 5D                          pop bp
   628 0000070F 5F                          pop di
   629 00000710 5E                          pop si
   630 00000711 59                          pop cx
   631 00000712 5B                          pop bx
   632 00000713 5A                          pop dx
   633 00000714 58                          pop ax
   634 00000715 C3                          ret
   635                                  
   636                                  ; Rotate all eight cube vertices around Y and X before drawing 12 edges.
   637                                  ; Each angle uses the full 256-entry sine cycle, with no sawtooth reset.
   638                                  draw_cube:
   639 00000716 A1[A715]                    mov ax, [rotation]
   640 00000719 25FF00                      and ax, 255
   641 0000071C 89C3                        mov bx, ax
   642 0000071E 0FBE87[4F8E]                movsx ax, byte [sine_table+bx]
   643 00000723 A3[7B1C]                    mov [cube_sin_y], ax
   644 00000726 83C340                      add bx, 64
   645 00000729 81E3FF00                    and bx, 255
   646 0000072D 0FBE87[4F8E]                movsx ax, byte [sine_table+bx]
   647 00000732 A3[7D1C]                    mov [cube_cos_y], ax
   648 00000735 A1[A715]                    mov ax, [rotation]
   649 00000738 D1E8                        shr ax, 1
   650 0000073A 83C020                      add ax, 32
   651 0000073D 25FF00                      and ax, 255
   652 00000740 89C3                        mov bx, ax
   653 00000742 0FBE87[4F8E]                movsx ax, byte [sine_table+bx]
   654 00000747 A3[7F1C]                    mov [cube_sin_x], ax
   655 0000074A 83C340                      add bx, 64
   656 0000074D 81E3FF00                    and bx, 255
   657 00000751 0FBE87[4F8E]                movsx ax, byte [sine_table+bx]
   658 00000756 A3[811C]                    mov [cube_cos_x], ax
   659 00000759 31F6                        xor si, si
   660                                  .vertex:
   661 0000075B 89F3                        mov bx, si
   662 0000075D D1E3                        shl bx, 1
   663 0000075F 89DF                        mov di, bx
   664 00000761 D1E3                        shl bx, 1
   665 00000763 01FB                        add bx, di                  ; six bytes per 3D vertex
   666 00000765 D1E7                        shl di, 1                  ; four bytes per projected vertex
   667 00000767 8B87[E21C]                  mov ax, [cube_points+bx]
   668 0000076B A3[CF1D]                    mov [tmp_x], ax
   669 0000076E 8B87[E41C]                  mov ax, [cube_points+bx+2]
   670 00000772 A3[D11D]                    mov [tmp_y], ax
   671 00000775 8B87[E61C]                  mov ax, [cube_points+bx+4]
   672 00000779 A3[D31D]                    mov [tmp_z], ax
   673 0000077C A1[CF1D]                    mov ax, [tmp_x]
   674 0000077F F72E[7D1C]                  imul word [cube_cos_y]
   675 00000783 C1F807                      sar ax, 7
   676 00000786 A3[D71D]                    mov [tmp1], ax
   677 00000789 A1[D31D]                    mov ax, [tmp_z]
   678 0000078C F72E[7B1C]                  imul word [cube_sin_y]
   679 00000790 C1F807                      sar ax, 7
   680 00000793 2906[D71D]                  sub [tmp1], ax
   681 00000797 A1[D71D]                    mov ax, [tmp1]
   682 0000079A 054001                      add ax, 320
   683 0000079D 8985[121D]                  mov [projected_points+di], ax
   684 000007A1 A1[CF1D]                    mov ax, [tmp_x]
   685 000007A4 F72E[7B1C]                  imul word [cube_sin_y]
   686 000007A8 C1F807                      sar ax, 7
   687 000007AB A3[D91D]                    mov [tmp2], ax
   688 000007AE A1[D31D]                    mov ax, [tmp_z]
   689 000007B1 F72E[7D1C]                  imul word [cube_cos_y]
   690 000007B5 C1F807                      sar ax, 7
   691 000007B8 0306[D91D]                  add ax, [tmp2]
   692 000007BC A3[D51D]                    mov [tmp_zrot], ax
   693 000007BF A1[D11D]                    mov ax, [tmp_y]
   694 000007C2 F72E[811C]                  imul word [cube_cos_x]
   695 000007C6 C1F807                      sar ax, 7
   696 000007C9 A3[D91D]                    mov [tmp2], ax
   697 000007CC A1[D51D]                    mov ax, [tmp_zrot]
   698 000007CF F72E[7F1C]                  imul word [cube_sin_x]
   699 000007D3 C1F807                      sar ax, 7
   700 000007D6 2906[D91D]                  sub [tmp2], ax
   701 000007DA A1[D91D]                    mov ax, [tmp2]
   702 000007DD 05F000                      add ax, 240
   703 000007E0 8985[141D]                  mov [projected_points+di+2], ax
   704 000007E4 46                          inc si
   705 000007E5 83FE08                      cmp si, 8
   706 000007E8 0F826FFF                    jb .vertex
   707 000007EC 31F6                        xor si, si
   708                                  .edge:
   709 000007EE 0FB69C[321D]                movzx bx, byte [cube_edges+si]
   710 000007F3 C1E302                      shl bx, 2
   711 000007F6 8B87[121D]                  mov ax, [projected_points+bx]
   712 000007FA 8B97[141D]                  mov dx, [projected_points+bx+2]
   713 000007FE 0FB69C[331D]                movzx bx, byte [cube_edges+si+1]
   714 00000803 C1E302                      shl bx, 2
   715 00000806 8B8F[141D]                  mov cx, [projected_points+bx+2]
   716 0000080A 8B9F[121D]                  mov bx, [projected_points+bx]
   717 0000080E E856FE                      call draw_line
   718 00000811 7208                        jc .done
   719 00000813 83C602                      add si, 2
   720 00000816 83FE18                      cmp si, cube_edges_end-cube_edges
   721 00000819 72D3                        jb .edge
   722                                  .done:
   723 0000081B C3                          ret
   724                                  
   725                                  finish_area:
   726 0000081C 7260                        jc .done
   727 0000081E C606[9D1C]00                mov byte [line_flags], 0
   728 00000823 E87F8A                      call wait_cp
   729 00000826 7256                        jc .done
   730 00000828 26C606480003                mov byte [es:0x48], 3   ; source mix for the color fill
   731 0000082E 660FB606[9F1C]              movzx eax, byte [fill_color]
   732 00000834 2666A35800                  mov [es:0x58], eax
   733 00000839 26C70660007F02              mov word [es:0x60], SCREEN_W-1
   734 00000840 26C7066200DF01              mov word [es:0x62], SCREEN_H-1
   735 00000847 26C70670000000              mov word [es:0x70], 0       ; force a known source/pattern read origin;
   736 0000084E 26C70672000000              mov word [es:0x72], 0       ; a prior BitBlt/fill can leave these
   737 00000855 26C70674000000              mov word [es:0x74], 0       ; auto-incremented, misaligning this fill's
   738 0000085C 26C70676000000              mov word [es:0x76], 0       ; read of the boundary map
   739 00000863 26C70678000000              mov word [es:0x78], 0
   740 0000086A 26C7067A000000              mov word [es:0x7a], 0
   741 00000871 2666C7067C00003031-         mov dword [es:0x7c], AREA_FILL_OP
   741 0000087A 0A                 
   742 0000087B E8278A                      call wait_cp
   743                                  .done:
   744 0000087E C3                          ret
   745                                  
   746                                  ; Single Y-axis rotation, then orthographic screen projection; keeps
   747                                  ; rotated Z per vertex for the painter's-algorithm face sort that follows.
   748                                  rotate_octa:
   749 0000087F A1[A715]                    mov ax, [rotation]
   750 00000882 25FF00                      and ax, 255
   751 00000885 89C3                        mov bx, ax
   752 00000887 0FBE87[4F8E]                movsx ax, byte [sine_table+bx]
   753 0000088C A3[CB1D]                    mov [rot_sin], ax
   754 0000088F 83C340                      add bx, 64
   755 00000892 81E3FF00                    and bx, 255
   756 00000896 0FBE87[4F8E]                movsx ax, byte [sine_table+bx]
   757 0000089B A3[CD1D]                    mov [rot_cos], ax
   758 0000089E 31F6                        xor si, si
   759                                  .vert:
   760 000008A0 89F3                        mov bx, si
   761 000008A2 01DB                        add bx, bx
   762 000008A4 01F3                        add bx, si
   763 000008A6 01DB                        add bx, bx
   764 000008A8 89F7                        mov di, si
   765 000008AA 01FF                        add di, di
   766 000008AC 8B87[4A1D]                  mov ax, [octa_verts+bx]
   767 000008B0 A3[CF1D]                    mov [tmp_x], ax
   768 000008B3 8B87[4E1D]                  mov ax, [octa_verts+bx+4]
   769 000008B7 A3[D31D]                    mov [tmp_z], ax
   770 000008BA A1[CF1D]                    mov ax, [tmp_x]
   771 000008BD F72E[CD1D]                  imul word [rot_cos]
   772 000008C1 C1F807                      sar ax, 7
   773 000008C4 A3[D71D]                    mov [tmp1], ax
   774 000008C7 A1[D31D]                    mov ax, [tmp_z]
   775 000008CA F72E[CB1D]                  imul word [rot_sin]
   776 000008CE C1F807                      sar ax, 7
   777 000008D1 A3[D91D]                    mov [tmp2], ax
   778 000008D4 A1[D71D]                    mov ax, [tmp1]
   779 000008D7 2B06[D91D]                  sub ax, [tmp2]
   780 000008DB 054001                      add ax, 320
   781 000008DE 8985[8E1D]                  mov [octa_screen_x+di], ax
   782 000008E2 A1[CF1D]                    mov ax, [tmp_x]
   783 000008E5 F72E[CB1D]                  imul word [rot_sin]
   784 000008E9 C1F807                      sar ax, 7
   785 000008EC A3[D71D]                    mov [tmp1], ax
   786 000008EF A1[D31D]                    mov ax, [tmp_z]
   787 000008F2 F72E[CD1D]                  imul word [rot_cos]
   788 000008F6 C1F807                      sar ax, 7
   789 000008F9 A3[D91D]                    mov [tmp2], ax
   790 000008FC A1[D71D]                    mov ax, [tmp1]
   791 000008FF 0306[D91D]                  add ax, [tmp2]
   792 00000903 8985[A61D]                  mov [octa_rot_z+di], ax
   793 00000907 8B87[4C1D]                  mov ax, [octa_verts+bx+2]
   794                                  %ifdef XDEMO
   795                                      mov cx, 310
   796                                  %else
   797 0000090B B9F000                      mov cx, 240
   798                                  %endif
   799 0000090E 29C1                        sub cx, ax
   800 00000910 898D[9A1D]                  mov [octa_screen_y+di], cx ; equatorial vertices share one scan line
   801 00000914 46                          inc si
   802 00000915 83FE06                      cmp si, 6
   803 00000918 7286                        jb .vert
   804 0000091A C3                          ret
   805                                  
   806                                  ; Per-face depth is the sum of its three rotated vertex Z values.
   807                                  build_depth:
   808 0000091B 31DB                        xor bx, bx
   809                                  .face:
   810 0000091D 89DE                        mov si, bx
   811 0000091F C1E602                      shl si, 2
   812 00000922 0FB6BC[6E1D]                movzx di, byte [octa_faces+si]
   813 00000927 01FF                        add di, di
   814 00000929 8B85[A61D]                  mov ax, [octa_rot_z+di]
   815 0000092D 0FB6BC[6F1D]                movzx di, byte [octa_faces+si+1]
   816 00000932 01FF                        add di, di
   817 00000934 0385[A61D]                  add ax, [octa_rot_z+di]
   818 00000938 0FB6BC[701D]                movzx di, byte [octa_faces+si+2]
   819 0000093D 01FF                        add di, di
   820 0000093F 0385[A61D]                  add ax, [octa_rot_z+di]
   821 00000943 89DF                        mov di, bx
   822 00000945 01FF                        add di, di
   823 00000947 8985[B21D]                  mov [octa_depth+di], ax
   824 0000094B 43                          inc bx
   825 0000094C 83FB08                      cmp bx, OCTA_FACES
   826 0000094F 72CC                        jb .face
   827 00000951 C3                          ret
   828                                  
   829                                  ; Bubble sort octa_order back-to-front by depth; no z-buffer in the XGA,
   830                                  ; so faces must be drawn farthest first for correct opaque overdraw.
   831                                  sort_faces:
   832 00000952 B90700                      mov cx, OCTA_FACES - 1
   833                                  .pass:
   834 00000955 51                          push cx
   835 00000956 31DB                        xor bx, bx
   836                                  .compare:
   837 00000958 89DE                        mov si, bx
   838 0000095A 46                          inc si
   839 0000095B 0FB687[C21D]                movzx ax, byte [octa_order+bx]
   840 00000960 01C0                        add ax, ax
   841 00000962 89C7                        mov di, ax
   842 00000964 8B85[B21D]                  mov ax, [octa_depth+di]
   843 00000968 0FB694[C21D]                movzx dx, byte [octa_order+si]
   844 0000096D 01D2                        add dx, dx
   845 0000096F 89D7                        mov di, dx
   846 00000971 8B95[B21D]                  mov dx, [octa_depth+di]
   847 00000975 39D0                        cmp ax, dx
   848 00000977 7D10                        jge .no_swap
   849 00000979 8A87[C21D]                  mov al, [octa_order+bx]
   850 0000097D 8AA4[C21D]                  mov ah, [octa_order+si]
   851 00000981 88A7[C21D]                  mov [octa_order+bx], ah
   852 00000985 8884[C21D]                  mov [octa_order+si], al
   853                                  .no_swap:
   854 00000989 43                          inc bx
   855 0000098A 83FB07                      cmp bx, OCTA_FACES-1
   856 0000098D 72C9                        jb .compare
   857 0000098F 59                          pop cx
   858 00000990 E2C3                        loop .pass
   859 00000992 C3                          ret
   860                                  
   861                                  ; Rotate, depth-sort, then draw each triangular face: boundary edges into
   862                                  ; the 1-bit map, one Area Fill per face, farthest face first.
   863                                  draw_solid:
   864 00000993 E8E9FE                      call rotate_octa
   865 00000996 E882FF                      call build_depth
   866 00000999 E8B6FF                      call sort_faces
   867 0000099C C606[CA1D]00                mov byte [solid_pos], 0
   868                                  .face:
   869 000009A1 0FB61E[CA1D]                movzx bx, byte [solid_pos]
   870 000009A6 0FB6B7[C21D]                movzx si, byte [octa_order+bx]
   871 000009AB C1E602                      shl si, 2
   872                                      ; Each face has two equatorial vertices. Skip an edge-on projection
   873                                      ; rather than asking Area Fill to scan a zero- or one-pixel-wide wedge.
   874 000009AE 0FB69C[6E1D]                movzx bx, byte [octa_faces+si]
   875 000009B3 83FB02                      cmp bx, 2
   876 000009B6 7205                        jb .equator_ready
   877 000009B8 0FB69C[6F1D]                movzx bx, byte [octa_faces+si+1]
   878                                  .equator_ready:
   879 000009BD 01DB                        add bx, bx
   880 000009BF 8B87[8E1D]                  mov ax, [octa_screen_x+bx]
   881 000009C3 0FB69C[701D]                movzx bx, byte [octa_faces+si+2]
   882 000009C8 01DB                        add bx, bx
   883 000009CA 2B87[8E1D]                  sub ax, [octa_screen_x+bx]
   884 000009CE 83F801                      cmp ax, 1
   885 000009D1 0F849500                    je .next_face
   886 000009D5 83F8FF                      cmp ax, -1
   887 000009D8 0F848E00                    je .next_face
   888 000009DC 09C0                        or ax, ax
   889 000009DE 0F848800                    jz .next_face
   890 000009E2 E809FC                      call clear_boundary_map
   891 000009E5 0F828F00                    jc .done
   892 000009E9 26C606480006                mov byte [es:0x48], 6
   893 000009EF C606[9D1C]30                mov byte [line_flags], 0x30
   894 000009F4 0FB69C[6E1D]                movzx bx, byte [octa_faces+si]
   895 000009F9 01DB                        add bx, bx
   896 000009FB 8B87[8E1D]                  mov ax, [octa_screen_x+bx]
   897 000009FF 8B97[9A1D]                  mov dx, [octa_screen_y+bx]
   898 00000A03 0FB69C[6F1D]                movzx bx, byte [octa_faces+si+1]
   899 00000A08 01DB                        add bx, bx
   900 00000A0A 8B8F[9A1D]                  mov cx, [octa_screen_y+bx]
   901 00000A0E 8B9F[8E1D]                  mov bx, [octa_screen_x+bx]
   902 00000A12 E852FC                      call draw_line
   903 00000A15 7261                        jc .done
   904 00000A17 0FB69C[6F1D]                movzx bx, byte [octa_faces+si+1]
   905 00000A1C 01DB                        add bx, bx
   906 00000A1E 8B87[8E1D]                  mov ax, [octa_screen_x+bx]
   907 00000A22 8B97[9A1D]                  mov dx, [octa_screen_y+bx]
   908 00000A26 0FB69C[701D]                movzx bx, byte [octa_faces+si+2]
   909 00000A2B 01DB                        add bx, bx
   910 00000A2D 8B8F[9A1D]                  mov cx, [octa_screen_y+bx]
   911 00000A31 8B9F[8E1D]                  mov bx, [octa_screen_x+bx]
   912 00000A35 E82FFC                      call draw_line
   913 00000A38 723E                        jc .done
   914 00000A3A 0FB69C[701D]                movzx bx, byte [octa_faces+si+2]
   915 00000A3F 01DB                        add bx, bx
   916 00000A41 8B87[8E1D]                  mov ax, [octa_screen_x+bx]
   917 00000A45 8B97[9A1D]                  mov dx, [octa_screen_y+bx]
   918 00000A49 0FB69C[6E1D]                movzx bx, byte [octa_faces+si]
   919 00000A4E 01DB                        add bx, bx
   920 00000A50 8B8F[9A1D]                  mov cx, [octa_screen_y+bx]
   921 00000A54 8B9F[8E1D]                  mov bx, [octa_screen_x+bx]
   922 00000A58 E80CFC                      call draw_line
   923 00000A5B 721B                        jc .done
   924 00000A5D 0FB684[711D]                movzx ax, byte [octa_faces+si+3]
   925 00000A62 A2[9F1C]                    mov [fill_color], al
   926 00000A65 E8B4FD                      call finish_area
   927 00000A68 720E                        jc .done
   928                                  .next_face:
   929 00000A6A FE06[CA1D]                  inc byte [solid_pos]
   930 00000A6E 803E[CA1D]08                cmp byte [solid_pos], OCTA_FACES
   931 00000A73 0F822AFF                    jb .face
   932 00000A77 F8                          clc
   933                                  .done:
   934 00000A78 C3                          ret
   935                                  
   936                                  ; Fill two moving triangles per cell in a permuted 16x16 grid. The CPU
   937                                  ; selects vertices and color; XGA clears map C and fills map A.
   938                                  draw_polygon_stress:
   939 00000A79 C706[AB15]0000              mov word [stress_index], 0
   940                                  .polygon:
   941 00000A7F E8A400                      call position_stress_polygon
   942 00000A82 E83A01                      call clear_stress_boundary
   943 00000A85 0F829C00                    jc .done
   944 00000A89 26C606480006                mov byte [es:0x48], 6
   945 00000A8F C606[9D1C]30                mov byte [line_flags], 0x30
   946 00000A94 F606[AB15]01                test byte [stress_index], 1
   947 00000A99 753C                        jnz .second
   948 00000A9B A1[B315]                    mov ax, [stress_xmid]
   949 00000A9E 8B16[B515]                  mov dx, [stress_y0]
   950 00000AA2 8B1E[B115]                  mov bx, [stress_x1]
   951 00000AA6 8B0E[B915]                  mov cx, [stress_ymid]
   952 00000AAA E8BAFB                      call draw_line
   953 00000AAD 7276                        jc .done
   954 00000AAF A1[B115]                    mov ax, [stress_x1]
   955 00000AB2 8B16[B915]                  mov dx, [stress_ymid]
   956 00000AB6 8B1E[AF15]                  mov bx, [stress_x0]
   957 00000ABA 89D1                        mov cx, dx
   958 00000ABC E8A8FB                      call draw_line
   959 00000ABF 7264                        jc .done
   960 00000AC1 A1[AF15]                    mov ax, [stress_x0]
   961 00000AC4 8B16[B915]                  mov dx, [stress_ymid]
   962 00000AC8 8B1E[B315]                  mov bx, [stress_xmid]
   963 00000ACC 8B0E[B515]                  mov cx, [stress_y0]
   964 00000AD0 E894FB                      call draw_line
   965 00000AD3 7250                        jc .done
   966 00000AD5 EB3A                        jmp .fill
   967                                  .second:
   968 00000AD7 A1[AF15]                    mov ax, [stress_x0]
   969 00000ADA 8B16[B915]                  mov dx, [stress_ymid]
   970 00000ADE 8B1E[B115]                  mov bx, [stress_x1]
   971 00000AE2 89D1                        mov cx, dx
   972 00000AE4 E880FB                      call draw_line
   973 00000AE7 723C                        jc .done
   974 00000AE9 A1[B115]                    mov ax, [stress_x1]
   975 00000AEC 8B16[B915]                  mov dx, [stress_ymid]
   976 00000AF0 8B1E[B315]                  mov bx, [stress_xmid]
   977 00000AF4 8B0E[B715]                  mov cx, [stress_y1]
   978 00000AF8 E86CFB                      call draw_line
   979 00000AFB 7228                        jc .done
   980 00000AFD A1[B315]                    mov ax, [stress_xmid]
   981 00000B00 8B16[B715]                  mov dx, [stress_y1]
   982 00000B04 8B1E[AF15]                  mov bx, [stress_x0]
   983 00000B08 8B0E[B915]                  mov cx, [stress_ymid]
   984 00000B0C E858FB                      call draw_line
   985 00000B0F 7214                        jc .done
   986                                  .fill:
   987 00000B11 E8F200                      call fill_stress_polygon
   988 00000B14 720F                        jc .done
   989 00000B16 FF06[AB15]                  inc word [stress_index]
   990 00000B1A A1[AB15]                    mov ax, [stress_index]
   991 00000B1D 3B06[A915]                  cmp ax, [stress_count]
   992 00000B21 0F825AFF                    jb .polygon
   993                                  .done:
   994 00000B25 C3                          ret
   995                                  
   996                                  position_stress_polygon:
   997 00000B26 A1[AB15]                    mov ax, [stress_index]
   998 00000B29 D1E8                        shr ax, 1
   999 00000B2B BB4900                      mov bx, 73                  ; odd multiplier visits all 256 cells
  1000 00000B2E F7E3                        mul bx
  1001 00000B30 25FF00                      and ax, 255
  1002 00000B33 A3[AD15]                    mov [stress_cell], ax
  1003 00000B36 89C3                        mov bx, ax
  1004 00000B38 83E30F                      and bx, 15
  1005 00000B3B C1E305                      shl bx, 5
  1006 00000B3E 83C340                      add bx, 64
  1007 00000B41 891E[AF15]                  mov [stress_x0], bx
  1008 00000B45 83C31D                      add bx, STRESS_W-1
  1009 00000B48 891E[B115]                  mov [stress_x1], bx
  1010 00000B4C C1E804                      shr ax, 4
  1011 00000B4F 89C3                        mov bx, ax
  1012 00000B51 C1E303                      shl bx, 3
  1013 00000B54 C1E004                      shl ax, 4
  1014 00000B57 01D8                        add ax, bx                  ; row * 24
  1015 00000B59 83C040                      add ax, 64
  1016 00000B5C A3[B515]                    mov [stress_y0], ax
  1017 00000B5F 83C015                      add ax, STRESS_H-1
  1018 00000B62 A3[B715]                    mov [stress_y1], ax
  1019 00000B65 8B1E[AD15]                  mov bx, [stress_cell]
  1020 00000B69 89D8                        mov ax, bx
  1021 00000B6B C1E304                      shl bx, 4
  1022 00000B6E 01C3                        add bx, ax                  ; cell * 17 gives each diamond a phase
  1023 00000B70 A1[A715]                    mov ax, [rotation]
  1024 00000B73 D1E0                        shl ax, 1
  1025 00000B75 01C3                        add bx, ax
  1026 00000B77 81E3FF00                    and bx, 255
  1027 00000B7B 0FBE87[4F8E]                movsx ax, byte [sine_table+bx]
  1028 00000B80 C1F804                      sar ax, 4                   ; horizontal movement: -8 to +7 pixels
  1029 00000B83 0106[AF15]                  add [stress_x0], ax
  1030 00000B87 0106[B115]                  add [stress_x1], ax
  1031 00000B8B 83C340                      add bx, 64
  1032 00000B8E 81E3FF00                    and bx, 255
  1033 00000B92 0FBE87[4F8E]                movsx ax, byte [sine_table+bx]
  1034 00000B97 C1F804                      sar ax, 4                   ; vertical movement: -8 to +7 pixels
  1035 00000B9A 0106[B515]                  add [stress_y0], ax
  1036 00000B9E 0106[B715]                  add [stress_y1], ax
  1037 00000BA2 A1[AF15]                    mov ax, [stress_x0]
  1038 00000BA5 83C00F                      add ax, STRESS_W/2
  1039 00000BA8 A3[B315]                    mov [stress_xmid], ax
  1040 00000BAB A1[B515]                    mov ax, [stress_y0]
  1041 00000BAE 83C00B                      add ax, STRESS_H/2
  1042 00000BB1 A3[B915]                    mov [stress_ymid], ax
  1043 00000BB4 A1[AB15]                    mov ax, [stress_index]
  1044 00000BB7 2407                        and al, 7
  1045 00000BB9 0402                        add al, 2                   ; palette entries 2 through 9
  1046 00000BBB A2[9F1C]                    mov [fill_color], al
  1047 00000BBE C3                          ret
  1048                                  
  1049                                  clear_stress_boundary:
  1050 00000BBF E8E386                      call wait_cp
  1051 00000BC2 7241                        jc .done
  1052 00000BC4 26C606120003                mov byte [es:0x12], 3      ; 1-bit map C
  1053 00000BCA 2666C7065800000000-         mov dword [es:0x58], 0
  1053 00000BD3 00                 
  1054 00000BD4 26C70660001D00              mov word [es:0x60], STRESS_W-1
  1055 00000BDB 26C70662001500              mov word [es:0x62], STRESS_H-1
  1056 00000BE2 A1[AF15]                    mov ax, [stress_x0]
  1057 00000BE5 26A37800                    mov [es:0x78], ax
  1058 00000BE9 A1[B515]                    mov ax, [stress_y0]
  1059 00000BEC 26A37A00                    mov [es:0x7a], ax
  1060 00000BF0 2666C7067C00008013-         mov dword [es:0x7c], 0x08138000
  1060 00000BF9 08                 
  1061 00000BFA E8A886                      call wait_cp
  1062 00000BFD 7206                        jc .done
  1063 00000BFF 26C606120001                mov byte [es:0x12], 1      ; restore hidden 8-bit map A
  1064                                  .done:
  1065 00000C05 C3                          ret
  1066                                  
  1067                                  fill_stress_polygon:
  1068 00000C06 C606[9D1C]00                mov byte [line_flags], 0
  1069 00000C0B E89786                      call wait_cp
  1070 00000C0E 724A                        jc .done
  1071 00000C10 26C606480003                mov byte [es:0x48], 3
  1072 00000C16 660FB606[9F1C]              movzx eax, byte [fill_color]
  1073 00000C1C 2666A35800                  mov [es:0x58], eax
  1074 00000C21 26C70660001D00              mov word [es:0x60], STRESS_W-1
  1075 00000C28 26C70662001500              mov word [es:0x62], STRESS_H-1
  1076 00000C2F A1[AF15]                    mov ax, [stress_x0]
  1077 00000C32 26A37000                    mov [es:0x70], ax
  1078 00000C36 26A37400                    mov [es:0x74], ax           ; pattern and destination start together
  1079 00000C3A 26A37800                    mov [es:0x78], ax
  1080 00000C3E A1[B515]                    mov ax, [stress_y0]
  1081 00000C41 26A37200                    mov [es:0x72], ax
  1082 00000C45 26A37600                    mov [es:0x76], ax
  1083 00000C49 26A37A00                    mov [es:0x7a], ax
  1084 00000C4D 2666C7067C00003031-         mov dword [es:0x7c], AREA_FILL_OP
  1084 00000C56 0A                 
  1085 00000C57 E84B86                      call wait_cp
  1086                                  .done:
  1087 00000C5A C3                          ret
  1088                                  
  1089                                  ; Rebuild the shared sort order whenever the active mesh changes.
  1090                                  init_mesh_order:
  1091 00000C5B 31DB                        xor bx, bx
  1092                                  .next:
  1093 00000C5D 889F[5B23]                  mov [torus_order+bx], bl
  1094 00000C61 43                          inc bx
  1095 00000C62 81FB8000                    cmp bx, TORUS_QUADS
  1096 00000C66 72F5                        jb .next
  1097 00000C68 C3                          ret
  1098                                  
  1099                                  ; Painter's order for a closed mesh: far quads first.
  1100                                  draw_torus:
  1101 00000C69 C706[BE15][DB1D]            mov word [mesh_vertices], torus_vertices
  1102 00000C6F C706[C015][DB20]            mov word [mesh_quads], torus_quads
  1103 00000C75 C706[5716][CF2D]            mov word [mesh_area_table], torus_area_unsafe
  1104 00000C7B C706[C215]8000              mov word [mesh_quad_count], TORUS_QUADS
  1105 00000C81 C706[C415]8000              mov word [mesh_vertex_count], TORUS_VERTS
  1106 00000C87 C706[C815]4001              mov word [mesh_center_x], 320
  1107 00000C8D C706[CA15]F000              mov word [mesh_center_y], 240
  1108 00000C93 E92802                      jmp draw_mesh
  1109                                  
  1110                                  ; Convex crystal: backface culling makes painter sorting unnecessary.
  1111                                  draw_crystal:
  1112 00000C96 C706[BE15][0B29]            mov word [mesh_vertices], crystal_vertices
  1113 00000C9C C706[C015][DB2B]            mov word [mesh_quads], crystal_quads
  1114 00000CA2 C706[5716][CF6D]            mov word [mesh_area_table], crystal_area_unsafe
  1115 00000CA8 C706[C215]6400              mov word [mesh_quad_count], CRYSTAL_FACETS
  1116 00000CAE C706[C415]7800              mov word [mesh_vertex_count], CRYSTAL_VERTS
  1117 00000CB4 C706[C815]4001              mov word [mesh_center_x], 320
  1118 00000CBA C706[CA15]F000              mov word [mesh_center_y], 240
  1119 00000CC0 E9FB01                      jmp draw_mesh
  1120                                  
  1121                                  ; XGA-native Boing Ball: draw the room as hardware lines and the spinning
  1122                                  ; checker sphere as depth-sorted, XGA-filled polygon faces.
  1123                                  draw_boing:
  1124 00000CC3 E83000                      call draw_shadow
  1125 00000CC6 722D                        jc .done
  1126 00000CC8 C706[BE15][DB23]            mov word [mesh_vertices], boing_vertices
  1127 00000CCE C706[C015][DB26]            mov word [mesh_quads], boing_quads
  1128 00000CD4 C706[5716][CF4D]            mov word [mesh_area_table], boing_area_unsafe
  1129 00000CDA C706[C215]7000              mov word [mesh_quad_count], BOING_QUADS
  1130 00000CE0 C706[C415]8000              mov word [mesh_vertex_count], TORUS_VERTS
  1131 00000CE6 A1[CC15]                    mov ax, [boing_x]
  1132 00000CE9 A3[C815]                    mov [mesh_center_x], ax
  1133 00000CEC A1[CE15]                    mov ax, [boing_y]
  1134 00000CEF A3[CA15]                    mov [mesh_center_y], ax
  1135 00000CF2 E8C901                      call draw_mesh
  1136                                  .done:
  1137 00000CF5 C3                          ret
  1138                                  
  1139                                  ; Nine gray XGA lines form a flattened floor shadow. It shrinks at the apex.
  1140                                  draw_shadow:
  1141 00000CF6 B82C01                      mov ax, 300
  1142 00000CF9 2B06[CE15]                  sub ax, [boing_y]
  1143 00000CFD C1E802                      shr ax, 2
  1144 00000D00 A3[F115]                    mov [shadow_shrink], ax
  1145 00000D03 26C606480003                mov byte [es:0x48], 3
  1146 00000D09 C606[9D1C]00                mov byte [line_flags], 0
  1147 00000D0E C606[9E1C]09                mov byte [line_color], 9
  1148 00000D13 C706[ED15]0000              mov word [shadow_row], 0
  1149                                  .row:
  1150 00000D19 8B36[ED15]                  mov si, [shadow_row]
  1151 00000D1D D1E6                        shl si, 1
  1152 00000D1F 8B84[F315]                  mov ax, [shadow_widths+si]
  1153 00000D23 2B06[F115]                  sub ax, [shadow_shrink]
  1154 00000D27 83F806                      cmp ax, 6
  1155 00000D2A 7303                        jae .width_ok
  1156 00000D2C B80600                      mov ax, 6
  1157                                  .width_ok:
  1158 00000D2F A3[EF15]                    mov [shadow_half], ax
  1159 00000D32 8B1E[CC15]                  mov bx, [boing_x]
  1160 00000D36 83C30A                      add bx, 10
  1161 00000D39 89D8                        mov ax, bx
  1162 00000D3B 2B06[EF15]                  sub ax, [shadow_half]
  1163 00000D3F 031E[EF15]                  add bx, [shadow_half]
  1164 00000D43 8B16[ED15]                  mov dx, [shadow_row]
  1165 00000D47 81C26601                    add dx, 358
  1166 00000D4B 89D1                        mov cx, dx
  1167 00000D4D E817F9                      call draw_line
  1168 00000D50 720C                        jc .done
  1169 00000D52 FF06[ED15]                  inc word [shadow_row]
  1170 00000D56 833E[ED15]09                cmp word [shadow_row], 9
  1171 00000D5B 72BC                        jb .row
  1172 00000D5D F8                          clc
  1173                                  .done:
  1174 00000D5E C606[9E1C]01                mov byte [line_color], 1
  1175 00000D63 C3                          ret
  1176                                  
  1177                                  draw_room_grid:
  1178 00000D64 26C606480003                mov byte [es:0x48], 3
  1179 00000D6A C606[9D1C]00                mov byte [line_flags], 0
  1180 00000D6F C606[9E1C]06                mov byte [line_color], 6
  1181 00000D74 C706[D715]0000              mov word [grid_index], 0
  1182                                  .wall_vertical:
  1183 00000D7A A1[D715]                    mov ax, [grid_index]
  1184 00000D7D BB1A00                      mov bx, 26
  1185 00000D80 F7E3                        mul bx
  1186 00000D82 83C07C                      add ax, 124
  1187 00000D85 89C3                        mov bx, ax
  1188 00000D87 BA0000                      mov dx, 0
  1189 00000D8A B94A01                      mov cx, 330
  1190 00000D8D E8D7F8                      call draw_line
  1191 00000D90 0F828F00                    jc .done
  1192 00000D94 FF06[D715]                  inc word [grid_index]
  1193 00000D98 833E[D715]10                cmp word [grid_index], 16
  1194 00000D9D 72DB                        jb .wall_vertical
  1195 00000D9F C706[D715]0000              mov word [grid_index], 0
  1196                                  .wall_horizontal:
  1197 00000DA5 A1[D715]                    mov ax, [grid_index]
  1198 00000DA8 BB1600                      mov bx, 22
  1199 00000DAB F7E3                        mul bx
  1200 00000DAD 89C2                        mov dx, ax
  1201 00000DAF 89C1                        mov cx, ax
  1202 00000DB1 B87C00                      mov ax, 124
  1203 00000DB4 BB0202                      mov bx, 514
  1204 00000DB7 E8ADF8                      call draw_line
  1205 00000DBA 7267                        jc .done
  1206 00000DBC FF06[D715]                  inc word [grid_index]
  1207 00000DC0 833E[D715]10                cmp word [grid_index], 16
  1208 00000DC5 72DE                        jb .wall_horizontal
  1209 00000DC7 C706[D715]0000              mov word [grid_index], 0
  1210                                  .floor_vertical:
  1211 00000DCD A1[D715]                    mov ax, [grid_index]
  1212 00000DD0 BB1A00                      mov bx, 26
  1213 00000DD3 F7E3                        mul bx
  1214 00000DD5 83C07C                      add ax, 124
  1215 00000DD8 A3[D915]                    mov [grid_top_x], ax
  1216 00000DDB A1[D715]                    mov ax, [grid_index]
  1217 00000DDE BB2800                      mov bx, 40
  1218 00000DE1 F7E3                        mul bx
  1219 00000DE3 83C010                      add ax, 16
  1220 00000DE6 89C3                        mov bx, ax
  1221 00000DE8 A1[D915]                    mov ax, [grid_top_x]
  1222 00000DEB BA4A01                      mov dx, 330
  1223 00000DEE B97C01                      mov cx, 380
  1224 00000DF1 E873F8                      call draw_line
  1225 00000DF4 722D                        jc .done
  1226 00000DF6 FF06[D715]                  inc word [grid_index]
  1227 00000DFA 833E[D715]10                cmp word [grid_index], 16
  1228 00000DFF 72CC                        jb .floor_vertical
  1229 00000E01 BE[DB15]                    mov si, floor_rows
  1230 00000E04 C706[D715]0300              mov word [grid_index], 3
  1231                                  .floor_horizontal:
  1232 00000E0A 8B04                        mov ax, [si]
  1233 00000E0C 8B5402                      mov dx, [si+2]
  1234 00000E0F 8B5C04                      mov bx, [si+4]
  1235 00000E12 89D1                        mov cx, dx
  1236 00000E14 E850F8                      call draw_line
  1237 00000E17 720A                        jc .done
  1238 00000E19 83C606                      add si, 6
  1239 00000E1C FF0E[D715]                  dec word [grid_index]
  1240 00000E20 75E8                        jnz .floor_horizontal
  1241 00000E22 F8                          clc
  1242                                  .done:
  1243 00000E23 C606[9E1C]01                mov byte [line_color], 1
  1244 00000E28 C3                          ret
  1245                                  
  1246                                  update_boing_motion:
  1247 00000E29 8B1E[D215]                  mov bx, [boing_frame]
  1248 00000E2D 83E33F                      and bx, 63
  1249 00000E30 83FB00                      cmp bx, 0
  1250 00000E33 7503                        jne .no_impact
  1251 00000E35 E85E00                      call start_boing_sound
  1252                                  .no_impact:
  1253 00000E38 D1E3                        shl bx, 1
  1254 00000E3A 8B87[CF8D]                  mov ax, [boing_bounce+bx]
  1255 00000E3E BB6E00                      mov bx, 110
  1256 00000E41 F7E3                        mul bx
  1257 00000E43 C1E808                      shr ax, 8
  1258 00000E46 BB2C01                      mov bx, 300
  1259 00000E49 29C3                        sub bx, ax
  1260 00000E4B 891E[CE15]                  mov [boing_y], bx
  1261 00000E4F A1[CC15]                    mov ax, [boing_x]
  1262 00000E52 0306[D015]                  add ax, [boing_dx]
  1263 00000E56 A3[CC15]                    mov [boing_x], ax
  1264 00000E59 83F864                      cmp ax, 100
  1265 00000E5C 7F09                        jg .right
  1266 00000E5E C706[D015]0500              mov word [boing_dx], 5
  1267 00000E64 E82F00                      call start_boing_sound
  1268                                  .right:
  1269 00000E67 3D1C02                      cmp ax, 540
  1270 00000E6A 7C09                        jl .sound
  1271 00000E6C C706[D015]FBFF              mov word [boing_dx], -5
  1272 00000E72 E82100                      call start_boing_sound
  1273                                  .sound:
  1274 00000E75 803E[D415]00                cmp byte [speaker_frames], 0
  1275 00000E7A 7419                        je .done
  1276 00000E7C FE0E[D415]                  dec byte [speaker_frames]
  1277 00000E80 7504                        jnz .pitch
  1278 00000E82 E83200                      call stop_speaker
  1279 00000E85 C3                          ret
  1280                                  .pitch:
  1281 00000E86 A1[D515]                    mov ax, [speaker_divisor]
  1282 00000E89 05DC00                      add ax, 220
  1283 00000E8C A3[D515]                    mov [speaker_divisor], ax
  1284 00000E8F E642                        out 0x42, al
  1285 00000E91 88E0                        mov al, ah
  1286 00000E93 E642                        out 0x42, al
  1287                                  .done:
  1288 00000E95 C3                          ret
  1289                                  
  1290                                  start_boing_sound:
  1291 00000E96 50                          push ax
  1292 00000E97 C606[D415]04                mov byte [speaker_frames], 4
  1293 00000E9C C706[D515]0807              mov word [speaker_divisor], 1800
  1294 00000EA2 B0B6                        mov al, 0xb6
  1295 00000EA4 E643                        out 0x43, al
  1296 00000EA6 B80807                      mov ax, 1800
  1297 00000EA9 E642                        out 0x42, al
  1298 00000EAB 88E0                        mov al, ah
  1299 00000EAD E642                        out 0x42, al
  1300 00000EAF E461                        in al, 0x61
  1301 00000EB1 0C03                        or al, 3
  1302 00000EB3 E661                        out 0x61, al
  1303 00000EB5 58                          pop ax
  1304 00000EB6 C3                          ret
  1305                                  
  1306                                  stop_speaker:
  1307 00000EB7 E461                        in al, 0x61
  1308 00000EB9 24FC                        and al, 0xfc
  1309 00000EBB E661                        out 0x61, al
  1310 00000EBD C3                          ret
  1311                                  
  1312                                  draw_mesh:
  1313 00000EBE C606[9E1C]01                mov byte [line_color], 1
  1314 00000EC3 E84605                      call project_torus
  1315 00000EC6 803E[831C]04                cmp byte [demo_mode], 4
  1316 00000ECB 740D                        je .order_ready             ; convex sphere needs only backface culling
  1317 00000ECD 803E[831C]05                cmp byte [demo_mode], 5
  1318 00000ED2 7406                        je .order_ready             ; convex crystal also needs no sort
  1319 00000ED4 E83D06                      call build_torus_depth
  1320 00000ED7 E87E06                      call sort_torus_quads
  1321                                  .order_ready:
  1322 00000EDA C606[BB15]00                mov byte [torus_pos], 0
  1323 00000EDF C706[BC15]0000              mov word [mesh_drawn], 0
  1324                                  .quad:
  1325 00000EE5 0FB61E[BB15]                movzx bx, byte [torus_pos]
  1326 00000EEA 0FB687[5B23]                movzx ax, byte [torus_order+bx]
  1327 00000EEF A2[5616]                    mov [mesh_quad_index], al
  1328 00000EF2 89C3                        mov bx, ax
  1329 00000EF4 C1E302                      shl bx, 2
  1330 00000EF7 01C3                        add bx, ax
  1331 00000EF9 031E[C015]                  add bx, [mesh_quads]
  1332 00000EFD 891E[0516]                  mov [torus_quad_offset], bx
  1333 00000F01 8A4704                      mov al, [bx+4]
  1334 00000F04 A2[9F1C]                    mov [fill_color], al
  1335 00000F07 8A07                        mov al, [bx]
  1336 00000F09 A2[1216]                    mov [tri_a], al
  1337 00000F0C 8A4701                      mov al, [bx+1]
  1338 00000F0F A2[1316]                    mov [tri_b], al
  1339 00000F12 8A4702                      mov al, [bx+2]
  1340 00000F15 A2[1416]                    mov [tri_c], al
  1341 00000F18 8A4703                      mov al, [bx+3]
  1342 00000F1B A2[1516]                    mov [tri_d], al
  1343 00000F1E E81000                      call render_mesh_quad
  1344 00000F21 720D                        jc .done
  1345 00000F23 FE06[BB15]                  inc byte [torus_pos]
  1346 00000F27 A0[BB15]                    mov al, [torus_pos]
  1347 00000F2A 3A06[C215]                  cmp al, byte [mesh_quad_count]
  1348 00000F2E 72B5                        jb .quad
  1349                                  .done:
  1350 00000F30 C3                          ret
  1351                                  
  1352                                  ; Backface cull one projected checker or torus quad. A precomputed bit
  1353                                  ; selects XGA Area Fill or the proven CPU-mask/XGA BitBlt fallback.
  1354                                  render_mesh_quad:
  1355 00000F31 0FB636[1216]                movzx si, byte [tri_a]
  1356 00000F36 D1E6                        shl si, 1
  1357 00000F38 8B84[7B18]                  mov ax, [torus_screen_x+si]
  1358 00000F3C A3[1616]                    mov [tri_x0], ax
  1359 00000F3F 8B84[7B19]                  mov ax, [torus_screen_y+si]
  1360 00000F43 A3[1816]                    mov [tri_y0], ax
  1361 00000F46 0FB636[1316]                movzx si, byte [tri_b]
  1362 00000F4B D1E6                        shl si, 1
  1363 00000F4D 8B84[7B18]                  mov ax, [torus_screen_x+si]
  1364 00000F51 A3[1A16]                    mov [tri_x1], ax
  1365 00000F54 8B84[7B19]                  mov ax, [torus_screen_y+si]
  1366 00000F58 A3[1C16]                    mov [tri_y1], ax
  1367 00000F5B 0FB636[1416]                movzx si, byte [tri_c]
  1368 00000F60 D1E6                        shl si, 1
  1369 00000F62 8B84[7B18]                  mov ax, [torus_screen_x+si]
  1370 00000F66 A3[1E16]                    mov [tri_x2], ax
  1371 00000F69 8B84[7B19]                  mov ax, [torus_screen_y+si]
  1372 00000F6D A3[2016]                    mov [tri_y2], ax
  1373 00000F70 0FB636[1516]                movzx si, byte [tri_d]
  1374 00000F75 D1E6                        shl si, 1
  1375 00000F77 8B84[7B18]                  mov ax, [torus_screen_x+si]
  1376 00000F7B A3[2216]                    mov [tri_x3], ax
  1377 00000F7E 8B84[7B19]                  mov ax, [torus_screen_y+si]
  1378 00000F82 A3[2416]                    mov [tri_y3], ax
  1379 00000F85 A1[1A16]                    mov ax, [tri_x1]
  1380 00000F88 2B06[1616]                  sub ax, [tri_x0]
  1381 00000F8C A3[2A16]                    mov [tri_dx1], ax
  1382 00000F8F A1[1C16]                    mov ax, [tri_y1]
  1383 00000F92 2B06[1816]                  sub ax, [tri_y0]
  1384 00000F96 A3[2C16]                    mov [tri_dy1], ax
  1385 00000F99 A1[1E16]                    mov ax, [tri_x2]
  1386 00000F9C 2B06[1616]                  sub ax, [tri_x0]
  1387 00000FA0 A3[2E16]                    mov [tri_dx2], ax
  1388 00000FA3 A1[2016]                    mov ax, [tri_y2]
  1389 00000FA6 2B06[1816]                  sub ax, [tri_y0]
  1390 00000FAA A3[3016]                    mov [tri_dy2], ax
  1391 00000FAD A1[2216]                    mov ax, [tri_x3]
  1392 00000FB0 2B06[1616]                  sub ax, [tri_x0]
  1393 00000FB4 A3[3216]                    mov [tri_dx3], ax
  1394 00000FB7 A1[2416]                    mov ax, [tri_y3]
  1395 00000FBA 2B06[1816]                  sub ax, [tri_y0]
  1396 00000FBE A3[3416]                    mov [tri_dy3], ax
  1397 00000FC1 A1[2A16]                    mov ax, [tri_dx1]
  1398 00000FC4 F72E[3016]                  imul word [tri_dy2]
  1399 00000FC8 A3[3616]                    mov [tri_cross], ax
  1400 00000FCB A1[2C16]                    mov ax, [tri_dy1]
  1401 00000FCE F72E[2E16]                  imul word [tri_dx2]
  1402 00000FD2 2906[3616]                  sub [tri_cross], ax
  1403 00000FD6 A1[2E16]                    mov ax, [tri_dx2]
  1404 00000FD9 F72E[3416]                  imul word [tri_dy3]
  1405 00000FDD A3[3816]                    mov [quad_cross2], ax
  1406 00000FE0 A1[3016]                    mov ax, [tri_dy2]
  1407 00000FE3 F72E[3216]                  imul word [tri_dx3]
  1408 00000FE7 2906[3816]                  sub [quad_cross2], ax
  1409 00000FEB A1[3616]                    mov ax, [tri_cross]
  1410 00000FEE 3306[3816]                  xor ax, [quad_cross2]
  1411 00000FF2 0F885701                    js .skip                     ; twisted projected quad near the silhouette
  1412 00000FF6 A1[3816]                    mov ax, [quad_cross2]
  1413 00000FF9 0106[3616]                  add [tri_cross], ax
  1414 00000FFD 833E[3616]04                cmp word [tri_cross], 4     ; a,b,c,d winding faces toward +Z
  1415 00001002 0F8E4701                    jle .skip
  1416 00001006 A1[1616]                    mov ax, [tri_x0]
  1417 00001009 A3[3A16]                    mov [tri_min_x], ax
  1418 0000100C A3[3C16]                    mov [tri_max_x], ax
  1419 0000100F A1[1816]                    mov ax, [tri_y0]
  1420 00001012 A3[3E16]                    mov [tri_min_y], ax
  1421 00001015 A3[4016]                    mov [tri_max_y], ax
  1422 00001018 A1[1A16]                    mov ax, [tri_x1]
  1423 0000101B 3B06[3A16]                  cmp ax, [tri_min_x]
  1424 0000101F 7D03                        jge .x1_min_done
  1425 00001021 A3[3A16]                    mov [tri_min_x], ax
  1426                                  .x1_min_done:
  1427 00001024 3B06[3C16]                  cmp ax, [tri_max_x]
  1428 00001028 7E03                        jle .x1_max_done
  1429 0000102A A3[3C16]                    mov [tri_max_x], ax
  1430                                  .x1_max_done:
  1431 0000102D A1[1E16]                    mov ax, [tri_x2]
  1432 00001030 3B06[3A16]                  cmp ax, [tri_min_x]
  1433 00001034 7D03                        jge .x2_min_done
  1434 00001036 A3[3A16]                    mov [tri_min_x], ax
  1435                                  .x2_min_done:
  1436 00001039 3B06[3C16]                  cmp ax, [tri_max_x]
  1437 0000103D 7E03                        jle .x2_max_done
  1438 0000103F A3[3C16]                    mov [tri_max_x], ax
  1439                                  .x2_max_done:
  1440 00001042 A1[2216]                    mov ax, [tri_x3]
  1441 00001045 3B06[3A16]                  cmp ax, [tri_min_x]
  1442 00001049 7D03                        jge .x3_min_done
  1443 0000104B A3[3A16]                    mov [tri_min_x], ax
  1444                                  .x3_min_done:
  1445 0000104E 3B06[3C16]                  cmp ax, [tri_max_x]
  1446 00001052 7E03                        jle .x3_max_done
  1447 00001054 A3[3C16]                    mov [tri_max_x], ax
  1448                                  .x3_max_done:
  1449 00001057 A1[1C16]                    mov ax, [tri_y1]
  1450 0000105A 3B06[3E16]                  cmp ax, [tri_min_y]
  1451 0000105E 7D03                        jge .y1_min_done
  1452 00001060 A3[3E16]                    mov [tri_min_y], ax
  1453                                  .y1_min_done:
  1454 00001063 3B06[4016]                  cmp ax, [tri_max_y]
  1455 00001067 7E03                        jle .y1_max_done
  1456 00001069 A3[4016]                    mov [tri_max_y], ax
  1457                                  .y1_max_done:
  1458 0000106C A1[2016]                    mov ax, [tri_y2]
  1459 0000106F 3B06[3E16]                  cmp ax, [tri_min_y]
  1460 00001073 7D03                        jge .y2_min_done
  1461 00001075 A3[3E16]                    mov [tri_min_y], ax
  1462                                  .y2_min_done:
  1463 00001078 3B06[4016]                  cmp ax, [tri_max_y]
  1464 0000107C 7E03                        jle .y2_max_done
  1465 0000107E A3[4016]                    mov [tri_max_y], ax
  1466                                  .y2_max_done:
  1467 00001081 A1[2416]                    mov ax, [tri_y3]
  1468 00001084 3B06[3E16]                  cmp ax, [tri_min_y]
  1469 00001088 7D03                        jge .y3_min_done
  1470 0000108A A3[3E16]                    mov [tri_min_y], ax
  1471                                  .y3_min_done:
  1472 0000108D 3B06[4016]                  cmp ax, [tri_max_y]
  1473 00001091 7E03                        jle .y3_max_done
  1474 00001093 A3[4016]                    mov [tri_max_y], ax
  1475                                  .y3_max_done:
  1476 00001096 A1[3C16]                    mov ax, [tri_max_x]
  1477 00001099 2B06[3A16]                  sub ax, [tri_min_x]
  1478 0000109D 83F801                      cmp ax, 1
  1479 000010A0 0F86A900                    jbe .skip
  1480 000010A4 83F87F                      cmp ax, MESH_MASK_W-1
  1481 000010A7 0F87A200                    ja .skip
  1482 000010AB A3[4216]                    mov [tri_width], ax
  1483 000010AE A1[4016]                    mov ax, [tri_max_y]
  1484 000010B1 2B06[3E16]                  sub ax, [tri_min_y]
  1485 000010B5 83F801                      cmp ax, 1
  1486 000010B8 0F869100                    jbe .skip
  1487 000010BC 83F87F                      cmp ax, MESH_MASK_H-1
  1488 000010BF 0F878A00                    ja .skip
  1489 000010C3 A3[4416]                    mov [tri_height], ax
  1490 000010C6 803E[831C]04                cmp byte [demo_mode], 4
  1491 000010CB 7530                        jne .shade_done
  1492 000010CD A1[1816]                    mov ax, [tri_y0]
  1493 000010D0 0306[1C16]                  add ax, [tri_y1]
  1494 000010D4 0306[2016]                  add ax, [tri_y2]
  1495 000010D8 0306[2416]                  add ax, [tri_y3]
  1496 000010DC C1E802                      shr ax, 2
  1497 000010DF 8B1E[CE15]                  mov bx, [boing_y]
  1498 000010E3 83C314                      add bx, 20
  1499 000010E6 39D8                        cmp ax, bx
  1500 000010E8 7E13                        jle .shade_done
  1501 000010EA 803E[9F1C]07                cmp byte [fill_color], 7
  1502 000010EF 7507                        jne .shade_white
  1503 000010F1 C606[9F1C]0A                mov byte [fill_color], 10 ; shaded magenta
  1504 000010F6 EB05                        jmp .shade_done
  1505                                  .shade_white:
  1506 000010F8 C606[9F1C]0B                mov byte [fill_color], 11 ; shaded white
  1507                                  .shade_done:
  1508 000010FD 803E[5416]00                cmp byte [mesh_area_mode], 0
  1509 00001102 7428                        je .mask_fill
  1510 00001104 8B1E[A715]                  mov bx, [rotation]
  1511 00001108 81E3FF01                    and bx, 511
  1512 0000110C C1E304                      shl bx, 4
  1513 0000110F 0FB606[5616]                movzx ax, byte [mesh_quad_index]
  1514 00001114 C1E803                      shr ax, 3
  1515 00001117 01C3                        add bx, ax
  1516 00001119 8B36[5716]                  mov si, [mesh_area_table]
  1517 0000111D 8A00                        mov al, [si+bx]
  1518 0000111F 8A0E[5616]                  mov cl, [mesh_quad_index]
  1519 00001123 80E107                      and cl, 7
  1520 00001126 D2E8                        shr al, cl
  1521 00001128 A801                        test al, 1
  1522 0000112A 7411                        jz .area_fill
  1523                                  .mask_fill:
  1524 0000112C E849F2                      call select_mesh_ram_map
  1525 0000112F 721D                        jc .done
  1526 00001131 E81B01                      call raster_quad_mask
  1527 00001134 7218                        jc .done
  1528 00001136 E8AA01                      call fill_masked_quad
  1529 00001139 7213                        jc .done
  1530 0000113B EB0A                        jmp .filled
  1531                                  .area_fill:
  1532 0000113D E8F6F1                      call select_mesh_vram_map
  1533 00001140 720C                        jc .done
  1534 00001142 E8ED01                      call fill_quad_area
  1535 00001145 7207                        jc .done
  1536                                  .filled:
  1537 00001147 FF06[BC15]                  inc word [mesh_drawn]
  1538 0000114B F8                          clc
  1539 0000114C C3                          ret
  1540                                  .skip:
  1541 0000114D F8                          clc
  1542                                  .done:
  1543 0000114E C3                          ret
  1544                                  
  1545                                  ; Clear the small local mask box in conventional RAM. Only the bytes XGA
  1546                                  ; will sample are reset; the full 128x128 map never needs clearing.
  1547                                  clear_mask_box:
  1548 0000114F 50                          push ax
  1549 00001150 53                          push bx
  1550 00001151 51                          push cx
  1551 00001152 57                          push di
  1552 00001153 06                          push es
  1553 00001154 1E                          push ds
  1554 00001155 07                          pop es
  1555 00001156 A1[4216]                    mov ax, [tri_width]
  1556 00001159 C1E803                      shr ax, 3
  1557 0000115C 40                          inc ax
  1558 0000115D A3[5216]                    mov [mask_clear_bytes], ax
  1559 00001160 8B1E[4416]                  mov bx, [tri_height]
  1560 00001164 43                          inc bx
  1561 00001165 BF[8E9F]                    mov di, mesh_mask_ram
  1562 00001168 FC                          cld
  1563                                  .row:
  1564 00001169 8B0E[5216]                  mov cx, [mask_clear_bytes]
  1565 0000116D 57                          push di
  1566 0000116E 31C0                        xor ax, ax
  1567 00001170 F3AA                        rep stosb
  1568 00001172 5F                          pop di
  1569 00001173 83C710                      add di, MESH_MASK_W/8
  1570 00001176 4B                          dec bx
  1571 00001177 75F0                        jnz .row
  1572 00001179 07                          pop es
  1573 0000117A 5F                          pop di
  1574 0000117B 59                          pop cx
  1575 0000117C 5B                          pop bx
  1576 0000117D 58                          pop ax
  1577 0000117E F8                          clc
  1578 0000117F C3                          ret
  1579                                  
  1580                                  ; Build two X intersections per row in system RAM. Each edge slope uses
  1581                                  ; signed 16.16 division once; each scanline then uses addition.
  1582                                  prepare_mask_spans:
  1583 00001180 A1[1616]                    mov ax, [tri_x0]
  1584 00001183 A3[2616]                    mov [tri_x4], ax
  1585 00001186 A1[1816]                    mov ax, [tri_y0]
  1586 00001189 A3[2816]                    mov [tri_y4], ax
  1587 0000118C 8B0E[4416]                  mov cx, [tri_height]
  1588 00001190 31DB                        xor bx, bx
  1589                                  .init:
  1590 00001192 C787[6B16]8000              mov word [mask_scan_left+bx], MESH_MASK_W
  1591 00001198 C787[6B17]0000              mov word [mask_scan_right+bx], 0
  1592 0000119E 83C302                      add bx, 2
  1593 000011A1 E2EF                        loop .init
  1594 000011A3 BE[1616]                    mov si, tri_x0
  1595 000011A6 BD0400                      mov bp, 4
  1596                                  .edge:
  1597 000011A9 8B04                        mov ax, [si]              ; x0
  1598 000011AB 8B5402                      mov dx, [si+2]            ; y0
  1599 000011AE 8B5C04                      mov bx, [si+4]            ; x1
  1600 000011B1 8B4C06                      mov cx, [si+6]            ; y1
  1601 000011B4 39CA                        cmp dx, cx
  1602 000011B6 0F848C00                    je .next_edge
  1603 000011BA 7C03                        jl .ordered
  1604 000011BC 93                          xchg ax, bx
  1605 000011BD 87D1                        xchg dx, cx
  1606                                  .ordered:
  1607 000011BF 8916[5D16]                  mov [edge_y], dx
  1608 000011C3 890E[5F16]                  mov [edge_end_y], cx
  1609 000011C7 A3[6116]                    mov [edge_top_x], ax
  1610 000011CA 2B06[3A16]                  sub ax, [tri_min_x]
  1611 000011CE 6698                        cwde
  1612 000011D0 66C1E010                    shl eax, 16
  1613 000011D4 66A3[6316]                  mov [edge_x_fp], eax
  1614 000011D8 89D8                        mov ax, bx
  1615 000011DA 2B06[6116]                  sub ax, [edge_top_x]
  1616 000011DE 6698                        cwde
  1617 000011E0 66C1E010                    shl eax, 16
  1618 000011E4 6699                        cdq
  1619 000011E6 89CB                        mov bx, cx
  1620 000011E8 2B1E[5D16]                  sub bx, [edge_y]
  1621 000011EC 660FB7DB                    movzx ebx, bx
  1622 000011F0 66F7FB                      idiv ebx
  1623 000011F3 66A3[6716]                  mov [edge_slope], eax
  1624 000011F7 8B1E[5D16]                  mov bx, [edge_y]
  1625 000011FB 2B1E[3E16]                  sub bx, [tri_min_y]
  1626 000011FF D1E3                        shl bx, 1
  1627                                  .edge_row:
  1628 00001201 66A1[6316]                  mov eax, [edge_x_fp]
  1629 00001205 66C1F810                    sar eax, 16
  1630 00001209 83F800                      cmp ax, 0
  1631 0000120C 7D02                        jge .left_clamped
  1632 0000120E 31C0                        xor ax, ax
  1633                                  .left_clamped:
  1634 00001210 3B06[4216]                  cmp ax, [tri_width]
  1635 00001214 7E03                        jle .right_clamped
  1636 00001216 A1[4216]                    mov ax, [tri_width]
  1637                                  .right_clamped:
  1638 00001219 3B87[6B16]                  cmp ax, [mask_scan_left+bx]
  1639 0000121D 7D04                        jge .left_kept
  1640 0000121F 8987[6B16]                  mov [mask_scan_left+bx], ax
  1641                                  .left_kept:
  1642 00001223 3B87[6B17]                  cmp ax, [mask_scan_right+bx]
  1643 00001227 7E04                        jle .right_kept
  1644 00001229 8987[6B17]                  mov [mask_scan_right+bx], ax
  1645                                  .right_kept:
  1646 0000122D 66A1[6716]                  mov eax, [edge_slope]
  1647 00001231 660106[6316]                add [edge_x_fp], eax
  1648 00001236 83C302                      add bx, 2
  1649 00001239 FF06[5D16]                  inc word [edge_y]
  1650 0000123D A1[5D16]                    mov ax, [edge_y]
  1651 00001240 3B06[5F16]                  cmp ax, [edge_end_y]
  1652 00001244 7CBB                        jl .edge_row
  1653                                  .next_edge:
  1654 00001246 83C604                      add si, 4
  1655 00001249 4D                          dec bp
  1656 0000124A 0F855BFF                    jnz .edge
  1657 0000124E C3                          ret
  1658                                  
  1659                                  ; Write covered span bytes into the local mask in conventional RAM.
  1660                                  raster_quad_mask:
  1661 0000124F E8FDFE                      call clear_mask_box
  1662 00001252 E82BFF                      call prepare_mask_spans
  1663 00001255 06                          push es
  1664 00001256 8CD8                        mov ax, ds
  1665 00001258 8EC0                        mov es, ax
  1666 0000125A FC                          cld
  1667 0000125B C706[4616]0000              mov word [mask_y], 0
  1668                                  .row:
  1669 00001261 A1[4616]                    mov ax, [mask_y]
  1670 00001264 D1E0                        shl ax, 1
  1671 00001266 89C6                        mov si, ax
  1672 00001268 8B84[6B16]                  mov ax, [mask_scan_left+si]
  1673 0000126C 8B9C[6B17]                  mov bx, [mask_scan_right+si]
  1674 00001270 39D8                        cmp ax, bx
  1675 00001272 775F                        ja .advance
  1676 00001274 A3[4A16]                    mov [mask_span_left], ax
  1677 00001277 891E[4C16]                  mov [mask_span_right], bx
  1678 0000127B A1[4616]                    mov ax, [mask_y]
  1679 0000127E C1E004                      shl ax, 4
  1680 00001281 05[8E9F]                    add ax, mesh_mask_ram
  1681 00001284 A3[4816]                    mov [mask_row_offset], ax
  1682 00001287 A1[4A16]                    mov ax, [mask_span_left]
  1683 0000128A 89C3                        mov bx, ax
  1684 0000128C 83E307                      and bx, 7
  1685 0000128F 8A97[6B18]                  mov dl, [mask_first_bits+bx]
  1686 00001293 C1E803                      shr ax, 3
  1687 00001296 A3[4E16]                    mov [mask_first_byte], ax
  1688 00001299 A1[4C16]                    mov ax, [mask_span_right]
  1689 0000129C 89C3                        mov bx, ax
  1690 0000129E 83E307                      and bx, 7
  1691 000012A1 8AB7[7318]                  mov dh, [mask_last_bits+bx]
  1692 000012A5 C1E803                      shr ax, 3
  1693 000012A8 A3[5016]                    mov [mask_last_byte], ax
  1694 000012AB 8B3E[4816]                  mov di, [mask_row_offset]
  1695 000012AF 033E[4E16]                  add di, [mask_first_byte]
  1696 000012B3 3B06[4E16]                  cmp ax, [mask_first_byte]
  1697 000012B7 7415                        je .single_byte
  1698 000012B9 88D0                        mov al, dl
  1699 000012BB AA                          stosb
  1700 000012BC 8B0E[5016]                  mov cx, [mask_last_byte]
  1701 000012C0 2B0E[4E16]                  sub cx, [mask_first_byte]
  1702 000012C4 49                          dec cx
  1703 000012C5 B0FF                        mov al, 0xff
  1704 000012C7 F3AA                        rep stosb
  1705 000012C9 88F0                        mov al, dh
  1706 000012CB AA                          stosb
  1707 000012CC EB05                        jmp .advance
  1708                                  .single_byte:
  1709 000012CE 88D0                        mov al, dl
  1710 000012D0 20F0                        and al, dh
  1711 000012D2 AA                          stosb
  1712                                  .advance:
  1713 000012D3 FF06[4616]                  inc word [mask_y]
  1714 000012D7 A1[4616]                    mov ax, [mask_y]
  1715 000012DA 3B06[4416]                  cmp ax, [tri_height]
  1716 000012DE 7281                        jb .row
  1717 000012E0 07                          pop es
  1718 000012E1 F8                          clc
  1719                                  .done:
  1720 000012E2 C3                          ret
  1721                                  
  1722                                  ; XGA paints the CPU-generated 1-bit shape from system RAM. Pattern-zero
  1723                                  ; pixels retain the destination, so no boundary line is used.
  1724                                  fill_masked_quad:
  1725 000012E3 26C606480003                mov byte [es:0x48], 3
  1726 000012E9 26C606490005                mov byte [es:0x49], 5
  1727 000012EF 660FB606[9F1C]              movzx eax, byte [fill_color]
  1728 000012F5 2666A35800                  mov [es:0x58], eax
  1729 000012FA A1[4216]                    mov ax, [tri_width]
  1730 000012FD 26A36000                    mov [es:0x60], ax
  1731 00001301 A1[4416]                    mov ax, [tri_height]
  1732 00001304 26A36200                    mov [es:0x62], ax
  1733 00001308 26C70674000000              mov word [es:0x74], 0
  1734 0000130F A1[3A16]                    mov ax, [tri_min_x]
  1735 00001312 26A37800                    mov [es:0x78], ax
  1736 00001316 26C70676000000              mov word [es:0x76], 0
  1737 0000131D A1[3E16]                    mov ax, [tri_min_y]
  1738 00001320 26A37A00                    mov [es:0x7a], ax
  1739 00001324 2666C7067C00003011-         mov dword [es:0x7c], MASKED_SOLID_OP
  1739 0000132D 08                 
  1740 0000132E E8747F                      call wait_cp
  1741 00001331 C3                          ret
  1742                                  
  1743                                  ; Clear only this quad's bounding box in the off-screen 1-bit map, draw
  1744                                  ; its four area boundaries with XGA, then fill just that box with Area Fill.
  1745                                  ; Bounding both passes prevents a bad edge from extending across the screen.
  1746                                  fill_quad_area:
  1747                                      ; The fourth edge must close this quad, regardless of the prior fill path.
  1748 00001332 A1[1616]                    mov ax, [tri_x0]
  1749 00001335 A3[2616]                    mov [tri_x4], ax
  1750 00001338 A1[1816]                    mov ax, [tri_y0]
  1751 0000133B A3[2816]                    mov [tri_y4], ax
  1752 0000133E E8647F                      call wait_cp
  1753 00001341 0F82C100                    jc .done
  1754 00001345 26C606120003                mov byte [es:0x12], 3
  1755 0000134B 2666C7065800000000-         mov dword [es:0x58], 0
  1755 00001354 00                 
  1756 00001355 A1[4216]                    mov ax, [tri_width]
  1757 00001358 26A36000                    mov [es:0x60], ax
  1758 0000135C A1[4416]                    mov ax, [tri_height]
  1759 0000135F 26A36200                    mov [es:0x62], ax
  1760 00001363 A1[3A16]                    mov ax, [tri_min_x]
  1761 00001366 26A37800                    mov [es:0x78], ax
  1762 0000136A A1[3E16]                    mov ax, [tri_min_y]
  1763 0000136D 26A37A00                    mov [es:0x7a], ax
  1764 00001371 2666C7067C00008013-         mov dword [es:0x7c], 0x08138000
  1764 0000137A 08                 
  1765 0000137B E8277F                      call wait_cp
  1766 0000137E 0F828400                    jc .done
  1767 00001382 26C606120001                mov byte [es:0x12], 1
  1768 00001388 26C606480006                mov byte [es:0x48], 6
  1769 0000138E C606[9D1C]30                mov byte [line_flags], 0x30
  1770 00001393 BE[1616]                    mov si, tri_x0
  1771 00001396 BD0400                      mov bp, 4
  1772                                  .edge:
  1773 00001399 8B04                        mov ax, [si]
  1774 0000139B 8B5402                      mov dx, [si+2]
  1775 0000139E 8B5C04                      mov bx, [si+4]
  1776 000013A1 8B4C06                      mov cx, [si+6]
  1777 000013A4 39D8                        cmp ax, bx
  1778 000013A6 7504                        jne .draw_edge
  1779 000013A8 39CA                        cmp dx, cx
  1780 000013AA 7405                        je .next_edge              ; pointed facets have one zero-length side
  1781                                  .draw_edge:
  1782 000013AC E8B8F2                      call draw_line
  1783 000013AF 7255                        jc .done
  1784                                  .next_edge:
  1785 000013B1 83C604                      add si, 4
  1786 000013B4 4D                          dec bp
  1787 000013B5 75E2                        jnz .edge
  1788 000013B7 C606[9D1C]00                mov byte [line_flags], 0
  1789 000013BC 26C606480003                mov byte [es:0x48], 3
  1790 000013C2 660FB606[9F1C]              movzx eax, byte [fill_color]
  1791 000013C8 2666A35800                  mov [es:0x58], eax
  1792 000013CD A1[4216]                    mov ax, [tri_width]
  1793 000013D0 26A36000                    mov [es:0x60], ax
  1794 000013D4 A1[4416]                    mov ax, [tri_height]
  1795 000013D7 26A36200                    mov [es:0x62], ax
  1796 000013DB A1[3A16]                    mov ax, [tri_min_x]
  1797 000013DE 26A37000                    mov [es:0x70], ax
  1798 000013E2 26A37400                    mov [es:0x74], ax
  1799 000013E6 26A37800                    mov [es:0x78], ax
  1800 000013EA A1[3E16]                    mov ax, [tri_min_y]
  1801 000013ED 26A37200                    mov [es:0x72], ax
  1802 000013F1 26A37600                    mov [es:0x76], ax
  1803 000013F5 26A37A00                    mov [es:0x7a], ax
  1804 000013F9 2666C7067C00003031-         mov dword [es:0x7c], AREA_FILL_OP
  1804 00001402 0A                 
  1805 00001403 E89F7E                      call wait_cp
  1806                                  .done:
  1807 00001406 C606[9D1C]00                mov byte [line_flags], 0
  1808 0000140B C3                          ret
  1809                                  
  1810                                  ; Rotate the selected precomputed mesh around Y and X and project it.
  1811                                  ; Z remains in torus_screen_z for the painter's-order sort.
  1812                                  project_torus:
  1813 0000140C A1[A715]                    mov ax, [rotation]
  1814 0000140F 25FF00                      and ax, 255
  1815 00001412 89C3                        mov bx, ax
  1816 00001414 0FBE87[4F8E]                movsx ax, byte [sine_table+bx]
  1817 00001419 A3[0A16]                    mov [torus_sin_y], ax
  1818 0000141C 83C340                      add bx, 64
  1819 0000141F 81E3FF00                    and bx, 255
  1820 00001423 0FBE87[4F8E]                movsx ax, byte [sine_table+bx]
  1821 00001428 A3[0C16]                    mov [torus_cos_y], ax
  1822 0000142B A1[A715]                    mov ax, [rotation]
  1823 0000142E D1E8                        shr ax, 1
  1824 00001430 83C020                      add ax, 32
  1825 00001433 25FF00                      and ax, 255
  1826 00001436 89C3                        mov bx, ax
  1827 00001438 0FBE87[4F8E]                movsx ax, byte [sine_table+bx]
  1828 0000143D A3[0E16]                    mov [torus_sin_x], ax
  1829 00001440 83C340                      add bx, 64
  1830 00001443 81E3FF00                    and bx, 255
  1831 00001447 0FBE87[4F8E]                movsx ax, byte [sine_table+bx]
  1832 0000144C A3[1016]                    mov [torus_cos_x], ax
  1833 0000144F C706[C615]0000              mov word [mesh_vertex_index], 0
  1834                                  .vertex:
  1835 00001455 8B36[C615]                  mov si, [mesh_vertex_index]
  1836 00001459 89F3                        mov bx, si
  1837 0000145B D1E3                        shl bx, 1
  1838 0000145D 89DF                        mov di, bx
  1839 0000145F D1E3                        shl bx, 1
  1840 00001461 01FB                        add bx, di                  ; six bytes per model vertex
  1841 00001463 8B36[BE15]                  mov si, [mesh_vertices]
  1842 00001467 01DE                        add si, bx
  1843 00001469 8B04                        mov ax, [si]
  1844 0000146B A3[CF1D]                    mov [tmp_x], ax
  1845 0000146E 8B4402                      mov ax, [si+2]
  1846 00001471 A3[D11D]                    mov [tmp_y], ax
  1847 00001474 8B4404                      mov ax, [si+4]
  1848 00001477 A3[D31D]                    mov [tmp_z], ax
  1849 0000147A A1[CF1D]                    mov ax, [tmp_x]
  1850 0000147D F72E[0C16]                  imul word [torus_cos_y]
  1851 00001481 C1F807                      sar ax, 7
  1852 00001484 A3[D71D]                    mov [tmp1], ax
  1853 00001487 A1[D31D]                    mov ax, [tmp_z]
  1854 0000148A F72E[0A16]                  imul word [torus_sin_y]
  1855 0000148E C1F807                      sar ax, 7
  1856 00001491 2906[D71D]                  sub [tmp1], ax
  1857 00001495 A1[D71D]                    mov ax, [tmp1]
  1858 00001498 0306[C815]                  add ax, [mesh_center_x]
  1859 0000149C 8985[7B18]                  mov [torus_screen_x+di], ax
  1860 000014A0 A1[CF1D]                    mov ax, [tmp_x]
  1861 000014A3 F72E[0A16]                  imul word [torus_sin_y]
  1862 000014A7 C1F807                      sar ax, 7
  1863 000014AA A3[D91D]                    mov [tmp2], ax
  1864 000014AD A1[D31D]                    mov ax, [tmp_z]
  1865 000014B0 F72E[0C16]                  imul word [torus_cos_y]
  1866 000014B4 C1F807                      sar ax, 7
  1867 000014B7 0306[D91D]                  add ax, [tmp2]
  1868 000014BB A3[D51D]                    mov [tmp_zrot], ax
  1869 000014BE A1[D11D]                    mov ax, [tmp_y]
  1870 000014C1 F72E[1016]                  imul word [torus_cos_x]
  1871 000014C5 C1F807                      sar ax, 7
  1872 000014C8 A3[D91D]                    mov [tmp2], ax
  1873 000014CB A1[D51D]                    mov ax, [tmp_zrot]
  1874 000014CE F72E[0E16]                  imul word [torus_sin_x]
  1875 000014D2 C1F807                      sar ax, 7
  1876 000014D5 2906[D91D]                  sub [tmp2], ax
  1877 000014D9 A1[CA15]                    mov ax, [mesh_center_y]
  1878 000014DC 2B06[D91D]                  sub ax, [tmp2]
  1879 000014E0 8985[7B19]                  mov [torus_screen_y+di], ax
  1880 000014E4 A1[D11D]                    mov ax, [tmp_y]
  1881 000014E7 F72E[0E16]                  imul word [torus_sin_x]
  1882 000014EB C1F807                      sar ax, 7
  1883 000014EE A3[D71D]                    mov [tmp1], ax
  1884 000014F1 A1[D51D]                    mov ax, [tmp_zrot]
  1885 000014F4 F72E[1016]                  imul word [torus_cos_x]
  1886 000014F8 C1F807                      sar ax, 7
  1887 000014FB 0306[D71D]                  add ax, [tmp1]
  1888 000014FF 8985[7B1A]                  mov [torus_screen_z+di], ax
  1889 00001503 FF06[C615]                  inc word [mesh_vertex_index]
  1890 00001507 8B36[C615]                  mov si, [mesh_vertex_index]
  1891 0000150B 3B36[C415]                  cmp si, [mesh_vertex_count]
  1892 0000150F 0F8242FF                    jb .vertex
  1893 00001513 C3                          ret
  1894                                  
  1895                                  ; Average the four rotated Z values of each small quad.
  1896                                  build_torus_depth:
  1897 00001514 31DB                        xor bx, bx
  1898                                  .quad:
  1899 00001516 89DE                        mov si, bx
  1900 00001518 C1E602                      shl si, 2
  1901 0000151B 01DE                        add si, bx                  ; five bytes per quad
  1902 0000151D 0336[C015]                  add si, [mesh_quads]
  1903 00001521 0FB63C                      movzx di, byte [si]
  1904 00001524 D1E7                        shl di, 1
  1905 00001526 8B85[7B1A]                  mov ax, [torus_screen_z+di]
  1906 0000152A 0FB67C01                    movzx di, byte [si+1]
  1907 0000152E D1E7                        shl di, 1
  1908 00001530 0385[7B1A]                  add ax, [torus_screen_z+di]
  1909 00001534 0FB67C02                    movzx di, byte [si+2]
  1910 00001538 D1E7                        shl di, 1
  1911 0000153A 0385[7B1A]                  add ax, [torus_screen_z+di]
  1912 0000153E 0FB67C03                    movzx di, byte [si+3]
  1913 00001542 D1E7                        shl di, 1
  1914 00001544 0385[7B1A]                  add ax, [torus_screen_z+di]
  1915 00001548 89DF                        mov di, bx
  1916 0000154A D1E7                        shl di, 1
  1917 0000154C 8985[7B1B]                  mov [torus_depth+di], ax
  1918 00001550 43                          inc bx
  1919 00001551 3B1E[C215]                  cmp bx, [mesh_quad_count]
  1920 00001555 72BF                        jb .quad
  1921 00001557 C3                          ret
  1922                                  
  1923                                  ; Insertion sort farthest first. Retaining last frame's order saves work as
  1924                                  ; each mesh moves only a small angle between frames.
  1925                                  sort_torus_quads:
  1926 00001558 BE0100                      mov si, 1
  1927                                  .next:
  1928 0000155B 8A84[5B23]                  mov al, [torus_order+si]
  1929 0000155F A2[0716]                    mov [torus_key], al
  1930 00001562 0FB6D8                      movzx bx, al
  1931 00001565 D1E3                        shl bx, 1
  1932 00001567 8B87[7B1B]                  mov ax, [torus_depth+bx]
  1933 0000156B A3[0816]                    mov [torus_key_depth], ax
  1934 0000156E 89F3                        mov bx, si
  1935                                  .shift:
  1936 00001570 09DB                        or bx, bx
  1937 00001572 7424                        jz .insert
  1938 00001574 89DF                        mov di, bx
  1939 00001576 4F                          dec di
  1940 00001577 0FB685[5B23]                movzx ax, byte [torus_order+di]
  1941 0000157C D1E0                        shl ax, 1
  1942 0000157E 89C7                        mov di, ax
  1943 00001580 8B85[7B1B]                  mov ax, [torus_depth+di]
  1944 00001584 3B06[0816]                  cmp ax, [torus_key_depth]
  1945 00001588 7E0E                        jle .insert
  1946 0000158A 89DF                        mov di, bx
  1947 0000158C 4F                          dec di
  1948 0000158D 8A85[5B23]                  mov al, [torus_order+di]
  1949 00001591 8887[5B23]                  mov [torus_order+bx], al
  1950 00001595 4B                          dec bx
  1951 00001596 EBD8                        jmp .shift
  1952                                  .insert:
  1953 00001598 A0[0716]                    mov al, [torus_key]
  1954 0000159B 8887[5B23]                  mov [torus_order+bx], al
  1955 0000159F 46                          inc si
  1956 000015A0 3B36[C215]                  cmp si, [mesh_quad_count]
  1957 000015A4 72B5                        jb .next
  1958 000015A6 C3                          ret
  1959                                  
  1960 000015A7 0000                    rotation dw 0
  1961 000015A9 4000                    stress_count dw 64
  1962 000015AB 0000                    stress_index dw 0
  1963 000015AD 0000                    stress_cell dw 0
  1964 000015AF 0000                    stress_x0 dw 0
  1965 000015B1 0000                    stress_x1 dw 0
  1966 000015B3 0000                    stress_xmid dw 0
  1967 000015B5 0000                    stress_y0 dw 0
  1968 000015B7 0000                    stress_y1 dw 0
  1969 000015B9 0000                    stress_ymid dw 0
  1970 000015BB 00                      torus_pos db 0
  1971 000015BC 0000                    mesh_drawn dw 0
  1972 000015BE [DB1D]                  mesh_vertices dw torus_vertices
  1973 000015C0 [DB20]                  mesh_quads dw torus_quads
  1974 000015C2 8000                    mesh_quad_count dw TORUS_QUADS
  1975 000015C4 8000                    mesh_vertex_count dw TORUS_VERTS
  1976 000015C6 0000                    mesh_vertex_index dw 0
  1977 000015C8 4001                    mesh_center_x dw 320
  1978 000015CA F000                    mesh_center_y dw 240
  1979 000015CC 4001                    boing_x dw 320
  1980 000015CE 2C01                    boing_y dw 300
  1981 000015D0 0500                    boing_dx dw 5
  1982 000015D2 0000                    boing_frame dw 0
  1983 000015D4 00                      speaker_frames db 0
  1984 000015D5 0807                    speaker_divisor dw 1800
  1985 000015D7 0000                    grid_index dw 0
  1986 000015D9 0000                    grid_top_x dw 0
  1987 000015DB 640056011A023E0066-     floor_rows dw 100,342,538, 62,358,576, 16,380,616
  1987 000015E4 01400210007C016802 
  1988 000015ED 0000                    shadow_row dw 0
  1989 000015EF 0000                    shadow_half dw 0
  1990 000015F1 0000                    shadow_shrink dw 0
  1991 000015F3 1800200026002A002C-     shadow_widths dw 24,32,38,42,44,42,38,32,24
  1991 000015FC 002A00260020001800 
  1992 00001605 0000                    torus_quad_offset dw 0
  1993 00001607 00                      torus_key db 0
  1994 00001608 0000                    torus_key_depth dw 0
  1995 0000160A 0000                    torus_sin_y dw 0
  1996 0000160C 0000                    torus_cos_y dw 0
  1997 0000160E 0000                    torus_sin_x dw 0
  1998 00001610 0000                    torus_cos_x dw 0
  1999 00001612 00                      tri_a db 0
  2000 00001613 00                      tri_b db 0
  2001 00001614 00                      tri_c db 0
  2002 00001615 00                      tri_d db 0
  2003 00001616 0000                    tri_x0 dw 0
  2004 00001618 0000                    tri_y0 dw 0
  2005 0000161A 0000                    tri_x1 dw 0
  2006 0000161C 0000                    tri_y1 dw 0
  2007 0000161E 0000                    tri_x2 dw 0
  2008 00001620 0000                    tri_y2 dw 0
  2009 00001622 0000                    tri_x3 dw 0
  2010 00001624 0000                    tri_y3 dw 0
  2011 00001626 0000                    tri_x4 dw 0
  2012 00001628 0000                    tri_y4 dw 0
  2013 0000162A 0000                    tri_dx1 dw 0
  2014 0000162C 0000                    tri_dy1 dw 0
  2015 0000162E 0000                    tri_dx2 dw 0
  2016 00001630 0000                    tri_dy2 dw 0
  2017 00001632 0000                    tri_dx3 dw 0
  2018 00001634 0000                    tri_dy3 dw 0
  2019 00001636 0000                    tri_cross dw 0
  2020 00001638 0000                    quad_cross2 dw 0
  2021 0000163A 0000                    tri_min_x dw 0
  2022 0000163C 0000                    tri_max_x dw 0
  2023 0000163E 0000                    tri_min_y dw 0
  2024 00001640 0000                    tri_max_y dw 0
  2025 00001642 0000                    tri_width dw 0
  2026 00001644 0000                    tri_height dw 0
  2027 00001646 0000                    mask_y dw 0
  2028 00001648 0000                    mask_row_offset dw 0
  2029 0000164A 0000                    mask_span_left dw 0
  2030 0000164C 0000                    mask_span_right dw 0
  2031 0000164E 0000                    mask_first_byte dw 0
  2032 00001650 0000                    mask_last_byte dw 0
  2033 00001652 0000                    mask_clear_bytes dw 0
  2034 00001654 01                      mesh_area_mode db 1
  2035 00001655 00                      mesh_map_ram db 0
  2036 00001656 00                      mesh_quad_index db 0
  2037 00001657 [CF2D]                  mesh_area_table dw torus_area_unsafe
  2038 00001659 00B00400                draw_page_base dd BACK_BASE
  2039 0000165D 0000                    edge_y dw 0
  2040 0000165F 0000                    edge_end_y dw 0
  2041 00001661 0000                    edge_top_x dw 0
  2042 00001663 00000000                edge_x_fp dd 0
  2043 00001667 00000000                edge_slope dd 0
  2044 0000166B 0000<rep 80h>           mask_scan_left times 128 dw 0
  2045 0000176B 0000<rep 80h>           mask_scan_right times 128 dw 0
  2046 0000186B FFFEFCF8F0E0C080        mask_first_bits db 0xff,0xfe,0xfc,0xf8,0xf0,0xe0,0xc0,0x80
  2047 00001873 0103070F1F3F7FFF        mask_last_bits db 0x01,0x03,0x07,0x0f,0x1f,0x3f,0x7f,0xff
  2048 0000187B 0000<rep 80h>           torus_screen_x times TORUS_VERTS dw 0
  2049 0000197B 0000<rep 80h>           torus_screen_y times TORUS_VERTS dw 0
  2050 00001A7B 0000<rep 80h>           torus_screen_z times TORUS_VERTS dw 0
  2051 00001B7B 0000<rep 80h>           torus_depth times TORUS_QUADS dw 0
  2052 00001C7B 0000                    cube_sin_y dw 0
  2053 00001C7D 0000                    cube_cos_y dw 0
  2054 00001C7F 0000                    cube_sin_x dw 0
  2055 00001C81 0000                    cube_cos_x dw 0
  2056 00001C83 00                      demo_mode db 0
  2057 00001C84 01                      vsync_enabled db 1
  2058 00001C85 0000                    io_base dw 0
  2059 00001C87 0000                    cp_seg dw 0
  2060 00001C89 00000000                aperture dd 0
  2061 00001C8D 00000000                cp_aperture dd 0
  2062 00001C91 03                      old_mode db 3
  2063 00001C92 00                      mode_active db 0
  2064 00001C93 0000                    pos_base dw 0
  2065 00001C95 0000                    card_id dw 0
  2066 00001C97 00                      pos1 db 0
  2067 00001C98 00                      pos3 db 0
  2068 00001C99 00                      pos4 db 0
  2069 00001C9A 0000                    vsync_wait_start dw 0
  2070 00001C9C 00                      line_octant db 0
  2071 00001C9D 00                      line_flags db 0
  2072 00001C9E 01                      line_color db 1
  2073 00001C9F 02                      fill_color db 2
  2074 00001CA0 0C00                    visible_balls dw 12
  2075 00001CA2 10                      hud_count_label db 16
  2076 00001CA3 00                      effect db 0
  2077 00001CA4 00                      mask_enabled db 0
  2078 00001CA5 00                      background_mode db 0
  2079 00001CA6 0000003F3F3F3F0000-     vector_palette db 0,0,0, 63,63,63, 63,0,0, 0,63,0, 0,0,63, 63,63,0, 0,63,63, 63,0,63, 63,32,0, 32,32,32
  2079 00001CAF 003F0000003F3F3F00-
  2079 00001CB8 003F3F3F003F3F2000-
  2079 00001CC1 202020             
  2080 00001CC4 260026282828                           db 38,0,38, 40,40,40
  2081 00001CCA 000012020823061233-                    db 0,0,18, 2,8,35, 6,18,51, 10,35,63, 18,53,63, 40,62,63, 28,19,57, 60,63,63
  2081 00001CD3 0A233F12353F283E3F-
  2081 00001CDC 1C13393C3F3F       
  2082 00001CE2 B0FFB0FFB0FF5000B0-     cube_points dw -80,-80,-80, 80,-80,-80, 80,80,-80, -80,80,-80
  2082 00001CEB FFB0FF50005000B0FF-
  2082 00001CF4 B0FF5000B0FF       
  2083 00001CFA B0FFB0FF50005000B0-                  dw -80,-80,80, 80,-80,80, 80,80,80, -80,80,80
  2083 00001D03 FF5000500050005000-
  2083 00001D0C B0FF50005000       
  2084 00001D12 0000<rep 10h>           projected_points times 16 dw 0
  2085 00001D32 000101020203030004-     cube_edges db 0,1, 1,2, 2,3, 3,0, 4,5, 5,6, 6,7, 7,4
  2085 00001D3B 05050606070704     
  2086 00001D42 0004010502060307                    db 0,4, 1,5, 2,6, 3,7
  2087                                  cube_edges_end:
  2088 00001D4A 6400000000009CFF00-     octa_verts dw 100,0,0, -100,0,0, 0,100,0, 0,-100,0, 0,0,100, 0,0,-100
  2088 00001D53 000000000064000000-
  2088 00001D5C 00009CFF0000000000-
  2088 00001D65 006400000000009CFF 
  2089 00001D6E 000204020201040301-     octa_faces db 0,2,4,2, 2,1,4,3, 1,3,4,4, 3,0,4,5, 2,0,5,6, 1,2,5,7, 3,1,5,8, 0,3,5,9
  2089 00001D77 030404030004050200-
  2089 00001D80 050601020507030105-
  2089 00001D89 0800030509         
  2090 00001D8E 0000<rep 6h>            octa_screen_x times 6 dw 0
  2091 00001D9A 0000<rep 6h>            octa_screen_y times 6 dw 0
  2092 00001DA6 0000<rep 6h>            octa_rot_z times 6 dw 0
  2093 00001DB2 0000<rep 8h>            octa_depth times 8 dw 0
  2094 00001DC2 0001020304050607        octa_order db 0,1,2,3,4,5,6,7
  2095 00001DCA 00                      solid_pos db 0
  2096 00001DCB 0000                    rot_sin dw 0
  2097 00001DCD 0000                    rot_cos dw 0
  2098 00001DCF 0000                    tmp_x dw 0
  2099 00001DD1 0000                    tmp_y dw 0
  2100 00001DD3 0000                    tmp_z dw 0
  2101 00001DD5 0000                    tmp_zrot dw 0
  2102 00001DD7 0000                    tmp1 dw 0
  2103 00001DD9 0000                    tmp2 dw 0
  2104                                  %include "xga_torus_mesh.inc"
     1                              <1> ; Generated by make_vector_torus.py; 16 major x 8 tube segments.
     2                              <1> ; By Dag Erik Hagesæter / Retro Erik using Codex in VS Code
     3                              <1> torus_vertices:
     4 00001DDB 960000000000        <1>     dw 150,0,0
     5 00001DE1 8A001E000000        <1>     dw 138,30,0
     6 00001DE7 6C002A000000        <1>     dw 108,42,0
     7 00001DED 4E001E000000        <1>     dw 78,30,0
     8 00001DF3 420000000000        <1>     dw 66,0,0
     9 00001DF9 4E00E2FF0000        <1>     dw 78,-30,0
    10 00001DFF 6C00D6FF0000        <1>     dw 108,-42,0
    11 00001E05 8A00E2FF0000        <1>     dw 138,-30,0
    12 00001E0B 8B0000003900        <1>     dw 139,0,57
    13 00001E11 7F001E003500        <1>     dw 127,30,53
    14 00001E17 64002A002900        <1>     dw 100,42,41
    15 00001E1D 48001E001E00        <1>     dw 72,30,30
    16 00001E23 3D0000001900        <1>     dw 61,0,25
    17 00001E29 4800E2FF1E00        <1>     dw 72,-30,30
    18 00001E2F 6400D6FF2900        <1>     dw 100,-42,41
    19 00001E35 7F00E2FF3500        <1>     dw 127,-30,53
    20 00001E3B 6A0000006A00        <1>     dw 106,0,106
    21 00001E41 61001E006100        <1>     dw 97,30,97
    22 00001E47 4C002A004C00        <1>     dw 76,42,76
    23 00001E4D 37001E003700        <1>     dw 55,30,55
    24 00001E53 2F0000002F00        <1>     dw 47,0,47
    25 00001E59 3700E2FF3700        <1>     dw 55,-30,55
    26 00001E5F 4C00D6FF4C00        <1>     dw 76,-42,76
    27 00001E65 6100E2FF6100        <1>     dw 97,-30,97
    28 00001E6B 390000008B00        <1>     dw 57,0,139
    29 00001E71 35001E007F00        <1>     dw 53,30,127
    30 00001E77 29002A006400        <1>     dw 41,42,100
    31 00001E7D 1E001E004800        <1>     dw 30,30,72
    32 00001E83 190000003D00        <1>     dw 25,0,61
    33 00001E89 1E00E2FF4800        <1>     dw 30,-30,72
    34 00001E8F 2900D6FF6400        <1>     dw 41,-42,100
    35 00001E95 3500E2FF7F00        <1>     dw 53,-30,127
    36 00001E9B 000000009600        <1>     dw 0,0,150
    37 00001EA1 00001E008A00        <1>     dw 0,30,138
    38 00001EA7 00002A006C00        <1>     dw 0,42,108
    39 00001EAD 00001E004E00        <1>     dw 0,30,78
    40 00001EB3 000000004200        <1>     dw 0,0,66
    41 00001EB9 0000E2FF4E00        <1>     dw 0,-30,78
    42 00001EBF 0000D6FF6C00        <1>     dw 0,-42,108
    43 00001EC5 0000E2FF8A00        <1>     dw 0,-30,138
    44 00001ECB C7FF00008B00        <1>     dw -57,0,139
    45 00001ED1 CBFF1E007F00        <1>     dw -53,30,127
    46 00001ED7 D7FF2A006400        <1>     dw -41,42,100
    47 00001EDD E2FF1E004800        <1>     dw -30,30,72
    48 00001EE3 E7FF00003D00        <1>     dw -25,0,61
    49 00001EE9 E2FFE2FF4800        <1>     dw -30,-30,72
    50 00001EEF D7FFD6FF6400        <1>     dw -41,-42,100
    51 00001EF5 CBFFE2FF7F00        <1>     dw -53,-30,127
    52 00001EFB 96FF00006A00        <1>     dw -106,0,106
    53 00001F01 9FFF1E006100        <1>     dw -97,30,97
    54 00001F07 B4FF2A004C00        <1>     dw -76,42,76
    55 00001F0D C9FF1E003700        <1>     dw -55,30,55
    56 00001F13 D1FF00002F00        <1>     dw -47,0,47
    57 00001F19 C9FFE2FF3700        <1>     dw -55,-30,55
    58 00001F1F B4FFD6FF4C00        <1>     dw -76,-42,76
    59 00001F25 9FFFE2FF6100        <1>     dw -97,-30,97
    60 00001F2B 75FF00003900        <1>     dw -139,0,57
    61 00001F31 81FF1E003500        <1>     dw -127,30,53
    62 00001F37 9CFF2A002900        <1>     dw -100,42,41
    63 00001F3D B8FF1E001E00        <1>     dw -72,30,30
    64 00001F43 C3FF00001900        <1>     dw -61,0,25
    65 00001F49 B8FFE2FF1E00        <1>     dw -72,-30,30
    66 00001F4F 9CFFD6FF2900        <1>     dw -100,-42,41
    67 00001F55 81FFE2FF3500        <1>     dw -127,-30,53
    68 00001F5B 6AFF00000000        <1>     dw -150,0,0
    69 00001F61 76FF1E000000        <1>     dw -138,30,0
    70 00001F67 94FF2A000000        <1>     dw -108,42,0
    71 00001F6D B2FF1E000000        <1>     dw -78,30,0
    72 00001F73 BEFF00000000        <1>     dw -66,0,0
    73 00001F79 B2FFE2FF0000        <1>     dw -78,-30,0
    74 00001F7F 94FFD6FF0000        <1>     dw -108,-42,0
    75 00001F85 76FFE2FF0000        <1>     dw -138,-30,0
    76 00001F8B 75FF0000C7FF        <1>     dw -139,0,-57
    77 00001F91 81FF1E00CBFF        <1>     dw -127,30,-53
    78 00001F97 9CFF2A00D7FF        <1>     dw -100,42,-41
    79 00001F9D B8FF1E00E2FF        <1>     dw -72,30,-30
    80 00001FA3 C3FF0000E7FF        <1>     dw -61,0,-25
    81 00001FA9 B8FFE2FFE2FF        <1>     dw -72,-30,-30
    82 00001FAF 9CFFD6FFD7FF        <1>     dw -100,-42,-41
    83 00001FB5 81FFE2FFCBFF        <1>     dw -127,-30,-53
    84 00001FBB 96FF000096FF        <1>     dw -106,0,-106
    85 00001FC1 9FFF1E009FFF        <1>     dw -97,30,-97
    86 00001FC7 B4FF2A00B4FF        <1>     dw -76,42,-76
    87 00001FCD C9FF1E00C9FF        <1>     dw -55,30,-55
    88 00001FD3 D1FF0000D1FF        <1>     dw -47,0,-47
    89 00001FD9 C9FFE2FFC9FF        <1>     dw -55,-30,-55
    90 00001FDF B4FFD6FFB4FF        <1>     dw -76,-42,-76
    91 00001FE5 9FFFE2FF9FFF        <1>     dw -97,-30,-97
    92 00001FEB C7FF000075FF        <1>     dw -57,0,-139
    93 00001FF1 CBFF1E0081FF        <1>     dw -53,30,-127
    94 00001FF7 D7FF2A009CFF        <1>     dw -41,42,-100
    95 00001FFD E2FF1E00B8FF        <1>     dw -30,30,-72
    96 00002003 E7FF0000C3FF        <1>     dw -25,0,-61
    97 00002009 E2FFE2FFB8FF        <1>     dw -30,-30,-72
    98 0000200F D7FFD6FF9CFF        <1>     dw -41,-42,-100
    99 00002015 CBFFE2FF81FF        <1>     dw -53,-30,-127
   100 0000201B 000000006AFF        <1>     dw 0,0,-150
   101 00002021 00001E0076FF        <1>     dw 0,30,-138
   102 00002027 00002A0094FF        <1>     dw 0,42,-108
   103 0000202D 00001E00B2FF        <1>     dw 0,30,-78
   104 00002033 00000000BEFF        <1>     dw 0,0,-66
   105 00002039 0000E2FFB2FF        <1>     dw 0,-30,-78
   106 0000203F 0000D6FF94FF        <1>     dw 0,-42,-108
   107 00002045 0000E2FF76FF        <1>     dw 0,-30,-138
   108 0000204B 3900000075FF        <1>     dw 57,0,-139
   109 00002051 35001E0081FF        <1>     dw 53,30,-127
   110 00002057 29002A009CFF        <1>     dw 41,42,-100
   111 0000205D 1E001E00B8FF        <1>     dw 30,30,-72
   112 00002063 19000000C3FF        <1>     dw 25,0,-61
   113 00002069 1E00E2FFB8FF        <1>     dw 30,-30,-72
   114 0000206F 2900D6FF9CFF        <1>     dw 41,-42,-100
   115 00002075 3500E2FF81FF        <1>     dw 53,-30,-127
   116 0000207B 6A00000096FF        <1>     dw 106,0,-106
   117 00002081 61001E009FFF        <1>     dw 97,30,-97
   118 00002087 4C002A00B4FF        <1>     dw 76,42,-76
   119 0000208D 37001E00C9FF        <1>     dw 55,30,-55
   120 00002093 2F000000D1FF        <1>     dw 47,0,-47
   121 00002099 3700E2FFC9FF        <1>     dw 55,-30,-55
   122 0000209F 4C00D6FFB4FF        <1>     dw 76,-42,-76
   123 000020A5 6100E2FF9FFF        <1>     dw 97,-30,-97
   124 000020AB 8B000000C7FF        <1>     dw 139,0,-57
   125 000020B1 7F001E00CBFF        <1>     dw 127,30,-53
   126 000020B7 64002A00D7FF        <1>     dw 100,42,-41
   127 000020BD 48001E00E2FF        <1>     dw 72,30,-30
   128 000020C3 3D000000E7FF        <1>     dw 61,0,-25
   129 000020C9 4800E2FFE2FF        <1>     dw 72,-30,-30
   130 000020CF 6400D6FFD7FF        <1>     dw 100,-42,-41
   131 000020D5 7F00E2FFCBFF        <1>     dw 127,-30,-53
   132                              <1> torus_quads:
   133 000020DB 0008090102          <1>     db 0,8,9,1,2
   134 000020E0 01090A0204          <1>     db 1,9,10,2,4
   135 000020E5 020A0B0306          <1>     db 2,10,11,3,6
   136 000020EA 030B0C0408          <1>     db 3,11,12,4,8
   137 000020EF 040C0D0502          <1>     db 4,12,13,5,2
   138 000020F4 050D0E0604          <1>     db 5,13,14,6,4
   139 000020F9 060E0F0706          <1>     db 6,14,15,7,6
   140 000020FE 070F080008          <1>     db 7,15,8,0,8
   141 00002103 0810110903          <1>     db 8,16,17,9,3
   142 00002108 0911120A05          <1>     db 9,17,18,10,5
   143 0000210D 0A12130B07          <1>     db 10,18,19,11,7
   144 00002112 0B13140C09          <1>     db 11,19,20,12,9
   145 00002117 0C14150D03          <1>     db 12,20,21,13,3
   146 0000211C 0D15160E05          <1>     db 13,21,22,14,5
   147 00002121 0E16170F07          <1>     db 14,22,23,15,7
   148 00002126 0F17100809          <1>     db 15,23,16,8,9
   149 0000212B 1018191104          <1>     db 16,24,25,17,4
   150 00002130 11191A1206          <1>     db 17,25,26,18,6
   151 00002135 121A1B1308          <1>     db 18,26,27,19,8
   152 0000213A 131B1C1402          <1>     db 19,27,28,20,2
   153 0000213F 141C1D1504          <1>     db 20,28,29,21,4
   154 00002144 151D1E1606          <1>     db 21,29,30,22,6
   155 00002149 161E1F1708          <1>     db 22,30,31,23,8
   156 0000214E 171F181002          <1>     db 23,31,24,16,2
   157 00002153 1820211905          <1>     db 24,32,33,25,5
   158 00002158 1921221A07          <1>     db 25,33,34,26,7
   159 0000215D 1A22231B09          <1>     db 26,34,35,27,9
   160 00002162 1B23241C03          <1>     db 27,35,36,28,3
   161 00002167 1C24251D05          <1>     db 28,36,37,29,5
   162 0000216C 1D25261E07          <1>     db 29,37,38,30,7
   163 00002171 1E26271F09          <1>     db 30,38,39,31,9
   164 00002176 1F27201803          <1>     db 31,39,32,24,3
   165 0000217B 2028292106          <1>     db 32,40,41,33,6
   166 00002180 21292A2208          <1>     db 33,41,42,34,8
   167 00002185 222A2B2302          <1>     db 34,42,43,35,2
   168 0000218A 232B2C2404          <1>     db 35,43,44,36,4
   169 0000218F 242C2D2506          <1>     db 36,44,45,37,6
   170 00002194 252D2E2608          <1>     db 37,45,46,38,8
   171 00002199 262E2F2702          <1>     db 38,46,47,39,2
   172 0000219E 272F282004          <1>     db 39,47,40,32,4
   173 000021A3 2830312907          <1>     db 40,48,49,41,7
   174 000021A8 2931322A09          <1>     db 41,49,50,42,9
   175 000021AD 2A32332B03          <1>     db 42,50,51,43,3
   176 000021B2 2B33342C05          <1>     db 43,51,52,44,5
   177 000021B7 2C34352D07          <1>     db 44,52,53,45,7
   178 000021BC 2D35362E09          <1>     db 45,53,54,46,9
   179 000021C1 2E36372F03          <1>     db 46,54,55,47,3
   180 000021C6 2F37302805          <1>     db 47,55,48,40,5
   181 000021CB 3038393108          <1>     db 48,56,57,49,8
   182 000021D0 31393A3202          <1>     db 49,57,58,50,2
   183 000021D5 323A3B3304          <1>     db 50,58,59,51,4
   184 000021DA 333B3C3406          <1>     db 51,59,60,52,6
   185 000021DF 343C3D3508          <1>     db 52,60,61,53,8
   186 000021E4 353D3E3602          <1>     db 53,61,62,54,2
   187 000021E9 363E3F3704          <1>     db 54,62,63,55,4
   188 000021EE 373F383006          <1>     db 55,63,56,48,6
   189 000021F3 3840413909          <1>     db 56,64,65,57,9
   190 000021F8 3941423A03          <1>     db 57,65,66,58,3
   191 000021FD 3A42433B05          <1>     db 58,66,67,59,5
   192 00002202 3B43443C07          <1>     db 59,67,68,60,7
   193 00002207 3C44453D09          <1>     db 60,68,69,61,9
   194 0000220C 3D45463E03          <1>     db 61,69,70,62,3
   195 00002211 3E46473F05          <1>     db 62,70,71,63,5
   196 00002216 3F47403807          <1>     db 63,71,64,56,7
   197 0000221B 4048494102          <1>     db 64,72,73,65,2
   198 00002220 41494A4204          <1>     db 65,73,74,66,4
   199 00002225 424A4B4306          <1>     db 66,74,75,67,6
   200 0000222A 434B4C4408          <1>     db 67,75,76,68,8
   201 0000222F 444C4D4502          <1>     db 68,76,77,69,2
   202 00002234 454D4E4604          <1>     db 69,77,78,70,4
   203 00002239 464E4F4706          <1>     db 70,78,79,71,6
   204 0000223E 474F484008          <1>     db 71,79,72,64,8
   205 00002243 4850514903          <1>     db 72,80,81,73,3
   206 00002248 4951524A05          <1>     db 73,81,82,74,5
   207 0000224D 4A52534B07          <1>     db 74,82,83,75,7
   208 00002252 4B53544C09          <1>     db 75,83,84,76,9
   209 00002257 4C54554D03          <1>     db 76,84,85,77,3
   210 0000225C 4D55564E05          <1>     db 77,85,86,78,5
   211 00002261 4E56574F07          <1>     db 78,86,87,79,7
   212 00002266 4F57504809          <1>     db 79,87,80,72,9
   213 0000226B 5058595104          <1>     db 80,88,89,81,4
   214 00002270 51595A5206          <1>     db 81,89,90,82,6
   215 00002275 525A5B5308          <1>     db 82,90,91,83,8
   216 0000227A 535B5C5402          <1>     db 83,91,92,84,2
   217 0000227F 545C5D5504          <1>     db 84,92,93,85,4
   218 00002284 555D5E5606          <1>     db 85,93,94,86,6
   219 00002289 565E5F5708          <1>     db 86,94,95,87,8
   220 0000228E 575F585002          <1>     db 87,95,88,80,2
   221 00002293 5860615905          <1>     db 88,96,97,89,5
   222 00002298 5961625A07          <1>     db 89,97,98,90,7
   223 0000229D 5A62635B09          <1>     db 90,98,99,91,9
   224 000022A2 5B63645C03          <1>     db 91,99,100,92,3
   225 000022A7 5C64655D05          <1>     db 92,100,101,93,5
   226 000022AC 5D65665E07          <1>     db 93,101,102,94,7
   227 000022B1 5E66675F09          <1>     db 94,102,103,95,9
   228 000022B6 5F67605803          <1>     db 95,103,96,88,3
   229 000022BB 6068696106          <1>     db 96,104,105,97,6
   230 000022C0 61696A6208          <1>     db 97,105,106,98,8
   231 000022C5 626A6B6302          <1>     db 98,106,107,99,2
   232 000022CA 636B6C6404          <1>     db 99,107,108,100,4
   233 000022CF 646C6D6506          <1>     db 100,108,109,101,6
   234 000022D4 656D6E6608          <1>     db 101,109,110,102,8
   235 000022D9 666E6F6702          <1>     db 102,110,111,103,2
   236 000022DE 676F686004          <1>     db 103,111,104,96,4
   237 000022E3 6870716907          <1>     db 104,112,113,105,7
   238 000022E8 6971726A09          <1>     db 105,113,114,106,9
   239 000022ED 6A72736B03          <1>     db 106,114,115,107,3
   240 000022F2 6B73746C05          <1>     db 107,115,116,108,5
   241 000022F7 6C74756D07          <1>     db 108,116,117,109,7
   242 000022FC 6D75766E09          <1>     db 109,117,118,110,9
   243 00002301 6E76776F03          <1>     db 110,118,119,111,3
   244 00002306 6F77706805          <1>     db 111,119,112,104,5
   245 0000230B 7078797108          <1>     db 112,120,121,113,8
   246 00002310 71797A7202          <1>     db 113,121,122,114,2
   247 00002315 727A7B7304          <1>     db 114,122,123,115,4
   248 0000231A 737B7C7406          <1>     db 115,123,124,116,6
   249 0000231F 747C7D7508          <1>     db 116,124,125,117,8
   250 00002324 757D7E7602          <1>     db 117,125,126,118,2
   251 00002329 767E7F7704          <1>     db 118,126,127,119,4
   252 0000232E 777F787006          <1>     db 119,127,120,112,6
   253 00002333 7800017909          <1>     db 120,0,1,121,9
   254 00002338 7901027A03          <1>     db 121,1,2,122,3
   255 0000233D 7A02037B05          <1>     db 122,2,3,123,5
   256 00002342 7B03047C07          <1>     db 123,3,4,124,7
   257 00002347 7C04057D09          <1>     db 124,4,5,125,9
   258 0000234C 7D05067E03          <1>     db 125,5,6,126,3
   259 00002351 7E06077F05          <1>     db 126,6,7,127,5
   260 00002356 7F07007807          <1>     db 127,7,0,120,7
   261                              <1> torus_quads_end:
   262                              <1> torus_order:
   263 0000235B 000102030405060708- <1>     db 0,1,2,3,4,5,6,7,8,9,10,11,12,13,14,15
   263 00002364 090A0B0C0D0E0F      <1>
   264 0000236B 101112131415161718- <1>     db 16,17,18,19,20,21,22,23,24,25,26,27,28,29,30,31
   264 00002374 191A1B1C1D1E1F      <1>
   265 0000237B 202122232425262728- <1>     db 32,33,34,35,36,37,38,39,40,41,42,43,44,45,46,47
   265 00002384 292A2B2C2D2E2F      <1>
   266 0000238B 303132333435363738- <1>     db 48,49,50,51,52,53,54,55,56,57,58,59,60,61,62,63
   266 00002394 393A3B3C3D3E3F      <1>
   267 0000239B 404142434445464748- <1>     db 64,65,66,67,68,69,70,71,72,73,74,75,76,77,78,79
   267 000023A4 494A4B4C4D4E4F      <1>
   268 000023AB 505152535455565758- <1>     db 80,81,82,83,84,85,86,87,88,89,90,91,92,93,94,95
   268 000023B4 595A5B5C5D5E5F      <1>
   269 000023BB 606162636465666768- <1>     db 96,97,98,99,100,101,102,103,104,105,106,107,108,109,110,111
   269 000023C4 696A6B6C6D6E6F      <1>
   270 000023CB 707172737475767778- <1>     db 112,113,114,115,116,117,118,119,120,121,122,123,124,125,126,127
   270 000023D4 797A7B7C7D7E7F      <1>
  2105                                  %include "xga_boing_mesh.inc"
     1                              <1> ; Generated by make_vector_boing.py; 16 longitudes x 8 latitudes.
     2                              <1> ; By Dag Erik Hagesæter / Retro Erik using Codex in VS Code
     3                              <1> boing_vertices:
     4 000023DB 0000B6FF0000        <1>     dw 0,-74,0
     5 000023E1 2000BDFF0000        <1>     dw 32,-67,0
     6 000023E7 3A00D2FF0000        <1>     dw 58,-46,0
     7 000023ED 4800F0FF0000        <1>     dw 72,-16,0
     8 000023F3 480010000000        <1>     dw 72,16,0
     9 000023F9 3A002E000000        <1>     dw 58,46,0
    10 000023FF 200043000000        <1>     dw 32,67,0
    11 00002405 00004A000000        <1>     dw 0,74,0
    12 0000240B 0000B6FF0000        <1>     dw 0,-74,0
    13 00002411 1E00BDFF0C00        <1>     dw 30,-67,12
    14 00002417 3500D2FF1600        <1>     dw 53,-46,22
    15 0000241D 4300F0FF1C00        <1>     dw 67,-16,28
    16 00002423 430010001C00        <1>     dw 67,16,28
    17 00002429 35002E001600        <1>     dw 53,46,22
    18 0000242F 1E0043000C00        <1>     dw 30,67,12
    19 00002435 00004A000000        <1>     dw 0,74,0
    20 0000243B 0000B6FF0000        <1>     dw 0,-74,0
    21 00002441 1700BDFF1700        <1>     dw 23,-67,23
    22 00002447 2900D2FF2900        <1>     dw 41,-46,41
    23 0000244D 3300F0FF3300        <1>     dw 51,-16,51
    24 00002453 330010003300        <1>     dw 51,16,51
    25 00002459 29002E002900        <1>     dw 41,46,41
    26 0000245F 170043001700        <1>     dw 23,67,23
    27 00002465 00004A000000        <1>     dw 0,74,0
    28 0000246B 0000B6FF0000        <1>     dw 0,-74,0
    29 00002471 0C00BDFF1E00        <1>     dw 12,-67,30
    30 00002477 1600D2FF3500        <1>     dw 22,-46,53
    31 0000247D 1C00F0FF4300        <1>     dw 28,-16,67
    32 00002483 1C0010004300        <1>     dw 28,16,67
    33 00002489 16002E003500        <1>     dw 22,46,53
    34 0000248F 0C0043001E00        <1>     dw 12,67,30
    35 00002495 00004A000000        <1>     dw 0,74,0
    36 0000249B 0000B6FF0000        <1>     dw 0,-74,0
    37 000024A1 0000BDFF2000        <1>     dw 0,-67,32
    38 000024A7 0000D2FF3A00        <1>     dw 0,-46,58
    39 000024AD 0000F0FF4800        <1>     dw 0,-16,72
    40 000024B3 000010004800        <1>     dw 0,16,72
    41 000024B9 00002E003A00        <1>     dw 0,46,58
    42 000024BF 000043002000        <1>     dw 0,67,32
    43 000024C5 00004A000000        <1>     dw 0,74,0
    44 000024CB 0000B6FF0000        <1>     dw 0,-74,0
    45 000024D1 F4FFBDFF1E00        <1>     dw -12,-67,30
    46 000024D7 EAFFD2FF3500        <1>     dw -22,-46,53
    47 000024DD E4FFF0FF4300        <1>     dw -28,-16,67
    48 000024E3 E4FF10004300        <1>     dw -28,16,67
    49 000024E9 EAFF2E003500        <1>     dw -22,46,53
    50 000024EF F4FF43001E00        <1>     dw -12,67,30
    51 000024F5 00004A000000        <1>     dw 0,74,0
    52 000024FB 0000B6FF0000        <1>     dw 0,-74,0
    53 00002501 E9FFBDFF1700        <1>     dw -23,-67,23
    54 00002507 D7FFD2FF2900        <1>     dw -41,-46,41
    55 0000250D CDFFF0FF3300        <1>     dw -51,-16,51
    56 00002513 CDFF10003300        <1>     dw -51,16,51
    57 00002519 D7FF2E002900        <1>     dw -41,46,41
    58 0000251F E9FF43001700        <1>     dw -23,67,23
    59 00002525 00004A000000        <1>     dw 0,74,0
    60 0000252B 0000B6FF0000        <1>     dw 0,-74,0
    61 00002531 E2FFBDFF0C00        <1>     dw -30,-67,12
    62 00002537 CBFFD2FF1600        <1>     dw -53,-46,22
    63 0000253D BDFFF0FF1C00        <1>     dw -67,-16,28
    64 00002543 BDFF10001C00        <1>     dw -67,16,28
    65 00002549 CBFF2E001600        <1>     dw -53,46,22
    66 0000254F E2FF43000C00        <1>     dw -30,67,12
    67 00002555 00004A000000        <1>     dw 0,74,0
    68 0000255B 0000B6FF0000        <1>     dw 0,-74,0
    69 00002561 E0FFBDFF0000        <1>     dw -32,-67,0
    70 00002567 C6FFD2FF0000        <1>     dw -58,-46,0
    71 0000256D B8FFF0FF0000        <1>     dw -72,-16,0
    72 00002573 B8FF10000000        <1>     dw -72,16,0
    73 00002579 C6FF2E000000        <1>     dw -58,46,0
    74 0000257F E0FF43000000        <1>     dw -32,67,0
    75 00002585 00004A000000        <1>     dw 0,74,0
    76 0000258B 0000B6FF0000        <1>     dw 0,-74,0
    77 00002591 E2FFBDFFF4FF        <1>     dw -30,-67,-12
    78 00002597 CBFFD2FFEAFF        <1>     dw -53,-46,-22
    79 0000259D BDFFF0FFE4FF        <1>     dw -67,-16,-28
    80 000025A3 BDFF1000E4FF        <1>     dw -67,16,-28
    81 000025A9 CBFF2E00EAFF        <1>     dw -53,46,-22
    82 000025AF E2FF4300F4FF        <1>     dw -30,67,-12
    83 000025B5 00004A000000        <1>     dw 0,74,0
    84 000025BB 0000B6FF0000        <1>     dw 0,-74,0
    85 000025C1 E9FFBDFFE9FF        <1>     dw -23,-67,-23
    86 000025C7 D7FFD2FFD7FF        <1>     dw -41,-46,-41
    87 000025CD CDFFF0FFCDFF        <1>     dw -51,-16,-51
    88 000025D3 CDFF1000CDFF        <1>     dw -51,16,-51
    89 000025D9 D7FF2E00D7FF        <1>     dw -41,46,-41
    90 000025DF E9FF4300E9FF        <1>     dw -23,67,-23
    91 000025E5 00004A000000        <1>     dw 0,74,0
    92 000025EB 0000B6FF0000        <1>     dw 0,-74,0
    93 000025F1 F4FFBDFFE2FF        <1>     dw -12,-67,-30
    94 000025F7 EAFFD2FFCBFF        <1>     dw -22,-46,-53
    95 000025FD E4FFF0FFBDFF        <1>     dw -28,-16,-67
    96 00002603 E4FF1000BDFF        <1>     dw -28,16,-67
    97 00002609 EAFF2E00CBFF        <1>     dw -22,46,-53
    98 0000260F F4FF4300E2FF        <1>     dw -12,67,-30
    99 00002615 00004A000000        <1>     dw 0,74,0
   100 0000261B 0000B6FF0000        <1>     dw 0,-74,0
   101 00002621 0000BDFFE0FF        <1>     dw 0,-67,-32
   102 00002627 0000D2FFC6FF        <1>     dw 0,-46,-58
   103 0000262D 0000F0FFB8FF        <1>     dw 0,-16,-72
   104 00002633 00001000B8FF        <1>     dw 0,16,-72
   105 00002639 00002E00C6FF        <1>     dw 0,46,-58
   106 0000263F 00004300E0FF        <1>     dw 0,67,-32
   107 00002645 00004A000000        <1>     dw 0,74,0
   108 0000264B 0000B6FF0000        <1>     dw 0,-74,0
   109 00002651 0C00BDFFE2FF        <1>     dw 12,-67,-30
   110 00002657 1600D2FFCBFF        <1>     dw 22,-46,-53
   111 0000265D 1C00F0FFBDFF        <1>     dw 28,-16,-67
   112 00002663 1C001000BDFF        <1>     dw 28,16,-67
   113 00002669 16002E00CBFF        <1>     dw 22,46,-53
   114 0000266F 0C004300E2FF        <1>     dw 12,67,-30
   115 00002675 00004A000000        <1>     dw 0,74,0
   116 0000267B 0000B6FF0000        <1>     dw 0,-74,0
   117 00002681 1700BDFFE9FF        <1>     dw 23,-67,-23
   118 00002687 2900D2FFD7FF        <1>     dw 41,-46,-41
   119 0000268D 3300F0FFCDFF        <1>     dw 51,-16,-51
   120 00002693 33001000CDFF        <1>     dw 51,16,-51
   121 00002699 29002E00D7FF        <1>     dw 41,46,-41
   122 0000269F 17004300E9FF        <1>     dw 23,67,-23
   123 000026A5 00004A000000        <1>     dw 0,74,0
   124 000026AB 0000B6FF0000        <1>     dw 0,-74,0
   125 000026B1 1E00BDFFF4FF        <1>     dw 30,-67,-12
   126 000026B7 3500D2FFEAFF        <1>     dw 53,-46,-22
   127 000026BD 4300F0FFE4FF        <1>     dw 67,-16,-28
   128 000026C3 43001000E4FF        <1>     dw 67,16,-28
   129 000026C9 35002E00EAFF        <1>     dw 53,46,-22
   130 000026CF 1E004300F4FF        <1>     dw 30,67,-12
   131 000026D5 00004A000000        <1>     dw 0,74,0
   132                              <1> boing_quads:
   133 000026DB 0008090101          <1>     db 0,8,9,1,1
   134 000026E0 01090A0207          <1>     db 1,9,10,2,7
   135 000026E5 020A0B0301          <1>     db 2,10,11,3,1
   136 000026EA 030B0C0407          <1>     db 3,11,12,4,7
   137 000026EF 040C0D0501          <1>     db 4,12,13,5,1
   138 000026F4 050D0E0607          <1>     db 5,13,14,6,7
   139 000026F9 060E0F0701          <1>     db 6,14,15,7,1
   140 000026FE 0810110907          <1>     db 8,16,17,9,7
   141 00002703 0911120A01          <1>     db 9,17,18,10,1
   142 00002708 0A12130B07          <1>     db 10,18,19,11,7
   143 0000270D 0B13140C01          <1>     db 11,19,20,12,1
   144 00002712 0C14150D07          <1>     db 12,20,21,13,7
   145 00002717 0D15160E01          <1>     db 13,21,22,14,1
   146 0000271C 0E16170F07          <1>     db 14,22,23,15,7
   147 00002721 1018191101          <1>     db 16,24,25,17,1
   148 00002726 11191A1207          <1>     db 17,25,26,18,7
   149 0000272B 121A1B1301          <1>     db 18,26,27,19,1
   150 00002730 131B1C1407          <1>     db 19,27,28,20,7
   151 00002735 141C1D1501          <1>     db 20,28,29,21,1
   152 0000273A 151D1E1607          <1>     db 21,29,30,22,7
   153 0000273F 161E1F1701          <1>     db 22,30,31,23,1
   154 00002744 1820211907          <1>     db 24,32,33,25,7
   155 00002749 1921221A01          <1>     db 25,33,34,26,1
   156 0000274E 1A22231B07          <1>     db 26,34,35,27,7
   157 00002753 1B23241C01          <1>     db 27,35,36,28,1
   158 00002758 1C24251D07          <1>     db 28,36,37,29,7
   159 0000275D 1D25261E01          <1>     db 29,37,38,30,1
   160 00002762 1E26271F07          <1>     db 30,38,39,31,7
   161 00002767 2028292101          <1>     db 32,40,41,33,1
   162 0000276C 21292A2207          <1>     db 33,41,42,34,7
   163 00002771 222A2B2301          <1>     db 34,42,43,35,1
   164 00002776 232B2C2407          <1>     db 35,43,44,36,7
   165 0000277B 242C2D2501          <1>     db 36,44,45,37,1
   166 00002780 252D2E2607          <1>     db 37,45,46,38,7
   167 00002785 262E2F2701          <1>     db 38,46,47,39,1
   168 0000278A 2830312907          <1>     db 40,48,49,41,7
   169 0000278F 2931322A01          <1>     db 41,49,50,42,1
   170 00002794 2A32332B07          <1>     db 42,50,51,43,7
   171 00002799 2B33342C01          <1>     db 43,51,52,44,1
   172 0000279E 2C34352D07          <1>     db 44,52,53,45,7
   173 000027A3 2D35362E01          <1>     db 45,53,54,46,1
   174 000027A8 2E36372F07          <1>     db 46,54,55,47,7
   175 000027AD 3038393101          <1>     db 48,56,57,49,1
   176 000027B2 31393A3207          <1>     db 49,57,58,50,7
   177 000027B7 323A3B3301          <1>     db 50,58,59,51,1
   178 000027BC 333B3C3407          <1>     db 51,59,60,52,7
   179 000027C1 343C3D3501          <1>     db 52,60,61,53,1
   180 000027C6 353D3E3607          <1>     db 53,61,62,54,7
   181 000027CB 363E3F3701          <1>     db 54,62,63,55,1
   182 000027D0 3840413907          <1>     db 56,64,65,57,7
   183 000027D5 3941423A01          <1>     db 57,65,66,58,1
   184 000027DA 3A42433B07          <1>     db 58,66,67,59,7
   185 000027DF 3B43443C01          <1>     db 59,67,68,60,1
   186 000027E4 3C44453D07          <1>     db 60,68,69,61,7
   187 000027E9 3D45463E01          <1>     db 61,69,70,62,1
   188 000027EE 3E46473F07          <1>     db 62,70,71,63,7
   189 000027F3 4048494101          <1>     db 64,72,73,65,1
   190 000027F8 41494A4207          <1>     db 65,73,74,66,7
   191 000027FD 424A4B4301          <1>     db 66,74,75,67,1
   192 00002802 434B4C4407          <1>     db 67,75,76,68,7
   193 00002807 444C4D4501          <1>     db 68,76,77,69,1
   194 0000280C 454D4E4607          <1>     db 69,77,78,70,7
   195 00002811 464E4F4701          <1>     db 70,78,79,71,1
   196 00002816 4850514907          <1>     db 72,80,81,73,7
   197 0000281B 4951524A01          <1>     db 73,81,82,74,1
   198 00002820 4A52534B07          <1>     db 74,82,83,75,7
   199 00002825 4B53544C01          <1>     db 75,83,84,76,1
   200 0000282A 4C54554D07          <1>     db 76,84,85,77,7
   201 0000282F 4D55564E01          <1>     db 77,85,86,78,1
   202 00002834 4E56574F07          <1>     db 78,86,87,79,7
   203 00002839 5058595101          <1>     db 80,88,89,81,1
   204 0000283E 51595A5207          <1>     db 81,89,90,82,7
   205 00002843 525A5B5301          <1>     db 82,90,91,83,1
   206 00002848 535B5C5407          <1>     db 83,91,92,84,7
   207 0000284D 545C5D5501          <1>     db 84,92,93,85,1
   208 00002852 555D5E5607          <1>     db 85,93,94,86,7
   209 00002857 565E5F5701          <1>     db 86,94,95,87,1
   210 0000285C 5860615907          <1>     db 88,96,97,89,7
   211 00002861 5961625A01          <1>     db 89,97,98,90,1
   212 00002866 5A62635B07          <1>     db 90,98,99,91,7
   213 0000286B 5B63645C01          <1>     db 91,99,100,92,1
   214 00002870 5C64655D07          <1>     db 92,100,101,93,7
   215 00002875 5D65665E01          <1>     db 93,101,102,94,1
   216 0000287A 5E66675F07          <1>     db 94,102,103,95,7
   217 0000287F 6068696101          <1>     db 96,104,105,97,1
   218 00002884 61696A6207          <1>     db 97,105,106,98,7
   219 00002889 626A6B6301          <1>     db 98,106,107,99,1
   220 0000288E 636B6C6407          <1>     db 99,107,108,100,7
   221 00002893 646C6D6501          <1>     db 100,108,109,101,1
   222 00002898 656D6E6607          <1>     db 101,109,110,102,7
   223 0000289D 666E6F6701          <1>     db 102,110,111,103,1
   224 000028A2 6870716907          <1>     db 104,112,113,105,7
   225 000028A7 6971726A01          <1>     db 105,113,114,106,1
   226 000028AC 6A72736B07          <1>     db 106,114,115,107,7
   227 000028B1 6B73746C01          <1>     db 107,115,116,108,1
   228 000028B6 6C74756D07          <1>     db 108,116,117,109,7
   229 000028BB 6D75766E01          <1>     db 109,117,118,110,1
   230 000028C0 6E76776F07          <1>     db 110,118,119,111,7
   231 000028C5 7078797101          <1>     db 112,120,121,113,1
   232 000028CA 71797A7207          <1>     db 113,121,122,114,7
   233 000028CF 727A7B7301          <1>     db 114,122,123,115,1
   234 000028D4 737B7C7407          <1>     db 115,123,124,116,7
   235 000028D9 747C7D7501          <1>     db 116,124,125,117,1
   236 000028DE 757D7E7607          <1>     db 117,125,126,118,7
   237 000028E3 767E7F7701          <1>     db 118,126,127,119,1
   238 000028E8 7800017907          <1>     db 120,0,1,121,7
   239 000028ED 7901027A01          <1>     db 121,1,2,122,1
   240 000028F2 7A02037B07          <1>     db 122,2,3,123,7
   241 000028F7 7B03047C01          <1>     db 123,3,4,124,1
   242 000028FC 7C04057D07          <1>     db 124,4,5,125,7
   243 00002901 7D05067E01          <1>     db 125,5,6,126,1
   244 00002906 7E06077F07          <1>     db 126,6,7,127,7
  2106                                  %include "xga_crystal_mesh.inc"
     1                              <1> ; Generated by make_vector_crystal.py; 20 sectors, 6 profile rings.
     2                              <1> ; By Dag Erik Hagesæter / Retro Erik using Codex in VS Code
     3                              <1> crystal_vertices:
     4 0000290B 000068000000        <1>     dw 0,104,0
     5 00002911 000068000000        <1>     dw 0,104,0
     6 00002917 000068000000        <1>     dw 0,104,0
     7 0000291D 000068000000        <1>     dw 0,104,0
     8 00002923 000068000000        <1>     dw 0,104,0
     9 00002929 000068000000        <1>     dw 0,104,0
    10 0000292F 000068000000        <1>     dw 0,104,0
    11 00002935 000068000000        <1>     dw 0,104,0
    12 0000293B 000068000000        <1>     dw 0,104,0
    13 00002941 000068000000        <1>     dw 0,104,0
    14 00002947 000068000000        <1>     dw 0,104,0
    15 0000294D 000068000000        <1>     dw 0,104,0
    16 00002953 000068000000        <1>     dw 0,104,0
    17 00002959 000068000000        <1>     dw 0,104,0
    18 0000295F 000068000000        <1>     dw 0,104,0
    19 00002965 000068000000        <1>     dw 0,104,0
    20 0000296B 000068000000        <1>     dw 0,104,0
    21 00002971 000068000000        <1>     dw 0,104,0
    22 00002977 000068000000        <1>     dw 0,104,0
    23 0000297D 000068000000        <1>     dw 0,104,0
    24 00002983 2B0044000000        <1>     dw 43,68,0
    25 00002989 290044000D00        <1>     dw 41,68,13
    26 0000298F 230044001900        <1>     dw 35,68,25
    27 00002995 190044002300        <1>     dw 25,68,35
    28 0000299B 0D0044002900        <1>     dw 13,68,41
    29 000029A1 000044002B00        <1>     dw 0,68,43
    30 000029A7 F3FF44002900        <1>     dw -13,68,41
    31 000029AD E7FF44002300        <1>     dw -25,68,35
    32 000029B3 DDFF44001900        <1>     dw -35,68,25
    33 000029B9 D7FF44000D00        <1>     dw -41,68,13
    34 000029BF D5FF44000000        <1>     dw -43,68,0
    35 000029C5 D7FF4400F3FF        <1>     dw -41,68,-13
    36 000029CB DDFF4400E7FF        <1>     dw -35,68,-25
    37 000029D1 E7FF4400DDFF        <1>     dw -25,68,-35
    38 000029D7 F3FF4400D7FF        <1>     dw -13,68,-41
    39 000029DD 00004400D5FF        <1>     dw 0,68,-43
    40 000029E3 0D004400D7FF        <1>     dw 13,68,-41
    41 000029E9 19004400DDFF        <1>     dw 25,68,-35
    42 000029EF 23004400E7FF        <1>     dw 35,68,-25
    43 000029F5 29004400F3FF        <1>     dw 41,68,-13
    44 000029FB 600013000000        <1>     dw 96,19,0
    45 00002A01 5B0013001E00        <1>     dw 91,19,30
    46 00002A07 4E0013003800        <1>     dw 78,19,56
    47 00002A0D 380013004E00        <1>     dw 56,19,78
    48 00002A13 1E0013005B00        <1>     dw 30,19,91
    49 00002A19 000013006000        <1>     dw 0,19,96
    50 00002A1F E2FF13005B00        <1>     dw -30,19,91
    51 00002A25 C8FF13004E00        <1>     dw -56,19,78
    52 00002A2B B2FF13003800        <1>     dw -78,19,56
    53 00002A31 A5FF13001E00        <1>     dw -91,19,30
    54 00002A37 A0FF13000000        <1>     dw -96,19,0
    55 00002A3D A5FF1300E2FF        <1>     dw -91,19,-30
    56 00002A43 B2FF1300C8FF        <1>     dw -78,19,-56
    57 00002A49 C8FF1300B2FF        <1>     dw -56,19,-78
    58 00002A4F E2FF1300A5FF        <1>     dw -30,19,-91
    59 00002A55 00001300A0FF        <1>     dw 0,19,-96
    60 00002A5B 1E001300A5FF        <1>     dw 30,19,-91
    61 00002A61 38001300B2FF        <1>     dw 56,19,-78
    62 00002A67 4E001300C8FF        <1>     dw 78,19,-56
    63 00002A6D 5B001300E2FF        <1>     dw 91,19,-30
    64 00002A73 6000ECFF0000        <1>     dw 96,-20,0
    65 00002A79 5B00ECFF1E00        <1>     dw 91,-20,30
    66 00002A7F 4E00ECFF3800        <1>     dw 78,-20,56
    67 00002A85 3800ECFF4E00        <1>     dw 56,-20,78
    68 00002A8B 1E00ECFF5B00        <1>     dw 30,-20,91
    69 00002A91 0000ECFF6000        <1>     dw 0,-20,96
    70 00002A97 E2FFECFF5B00        <1>     dw -30,-20,91
    71 00002A9D C8FFECFF4E00        <1>     dw -56,-20,78
    72 00002AA3 B2FFECFF3800        <1>     dw -78,-20,56
    73 00002AA9 A5FFECFF1E00        <1>     dw -91,-20,30
    74 00002AAF A0FFECFF0000        <1>     dw -96,-20,0
    75 00002AB5 A5FFECFFE2FF        <1>     dw -91,-20,-30
    76 00002ABB B2FFECFFC8FF        <1>     dw -78,-20,-56
    77 00002AC1 C8FFECFFB2FF        <1>     dw -56,-20,-78
    78 00002AC7 E2FFECFFA5FF        <1>     dw -30,-20,-91
    79 00002ACD 0000ECFFA0FF        <1>     dw 0,-20,-96
    80 00002AD3 1E00ECFFA5FF        <1>     dw 30,-20,-91
    81 00002AD9 3800ECFFB2FF        <1>     dw 56,-20,-78
    82 00002ADF 4E00ECFFC8FF        <1>     dw 78,-20,-56
    83 00002AE5 5B00ECFFE2FF        <1>     dw 91,-20,-30
    84 00002AEB 2B00BBFF0000        <1>     dw 43,-69,0
    85 00002AF1 2900BBFF0D00        <1>     dw 41,-69,13
    86 00002AF7 2300BBFF1900        <1>     dw 35,-69,25
    87 00002AFD 1900BBFF2300        <1>     dw 25,-69,35
    88 00002B03 0D00BBFF2900        <1>     dw 13,-69,41
    89 00002B09 0000BBFF2B00        <1>     dw 0,-69,43
    90 00002B0F F3FFBBFF2900        <1>     dw -13,-69,41
    91 00002B15 E7FFBBFF2300        <1>     dw -25,-69,35
    92 00002B1B DDFFBBFF1900        <1>     dw -35,-69,25
    93 00002B21 D7FFBBFF0D00        <1>     dw -41,-69,13
    94 00002B27 D5FFBBFF0000        <1>     dw -43,-69,0
    95 00002B2D D7FFBBFFF3FF        <1>     dw -41,-69,-13
    96 00002B33 DDFFBBFFE7FF        <1>     dw -35,-69,-25
    97 00002B39 E7FFBBFFDDFF        <1>     dw -25,-69,-35
    98 00002B3F F3FFBBFFD7FF        <1>     dw -13,-69,-41
    99 00002B45 0000BBFFD5FF        <1>     dw 0,-69,-43
   100 00002B4B 0D00BBFFD7FF        <1>     dw 13,-69,-41
   101 00002B51 1900BBFFDDFF        <1>     dw 25,-69,-35
   102 00002B57 2300BBFFE7FF        <1>     dw 35,-69,-25
   103 00002B5D 2900BBFFF3FF        <1>     dw 41,-69,-13
   104 00002B63 000098FF0000        <1>     dw 0,-104,0
   105 00002B69 000098FF0000        <1>     dw 0,-104,0
   106 00002B6F 000098FF0000        <1>     dw 0,-104,0
   107 00002B75 000098FF0000        <1>     dw 0,-104,0
   108 00002B7B 000098FF0000        <1>     dw 0,-104,0
   109 00002B81 000098FF0000        <1>     dw 0,-104,0
   110 00002B87 000098FF0000        <1>     dw 0,-104,0
   111 00002B8D 000098FF0000        <1>     dw 0,-104,0
   112 00002B93 000098FF0000        <1>     dw 0,-104,0
   113 00002B99 000098FF0000        <1>     dw 0,-104,0
   114 00002B9F 000098FF0000        <1>     dw 0,-104,0
   115 00002BA5 000098FF0000        <1>     dw 0,-104,0
   116 00002BAB 000098FF0000        <1>     dw 0,-104,0
   117 00002BB1 000098FF0000        <1>     dw 0,-104,0
   118 00002BB7 000098FF0000        <1>     dw 0,-104,0
   119 00002BBD 000098FF0000        <1>     dw 0,-104,0
   120 00002BC3 000098FF0000        <1>     dw 0,-104,0
   121 00002BC9 000098FF0000        <1>     dw 0,-104,0
   122 00002BCF 000098FF0000        <1>     dw 0,-104,0
   123 00002BD5 000098FF0000        <1>     dw 0,-104,0
   124                              <1> crystal_quads:
   125 00002BDB 001415010C          <1>     db 0,20,21,1,12
   126 00002BE0 011516020C          <1>     db 1,21,22,2,12
   127 00002BE5 021617030D          <1>     db 2,22,23,3,13
   128 00002BEA 031718040D          <1>     db 3,23,24,4,13
   129 00002BEF 041819050E          <1>     db 4,24,25,5,14
   130 00002BF4 05191A060E          <1>     db 5,25,26,6,14
   131 00002BF9 061A1B070F          <1>     db 6,26,27,7,15
   132 00002BFE 071B1C080F          <1>     db 7,27,28,8,15
   133 00002C03 081C1D0910          <1>     db 8,28,29,9,16
   134 00002C08 091D1E0A10          <1>     db 9,29,30,10,16
   135 00002C0D 0A1E1F0B11          <1>     db 10,30,31,11,17
   136 00002C12 0B1F200C11          <1>     db 11,31,32,12,17
   137 00002C17 0C20210D12          <1>     db 12,32,33,13,18
   138 00002C1C 0D21220E12          <1>     db 13,33,34,14,18
   139 00002C21 0E22230F13          <1>     db 14,34,35,15,19
   140 00002C26 0F23241013          <1>     db 15,35,36,16,19
   141 00002C2B 102425110C          <1>     db 16,36,37,17,12
   142 00002C30 112526120C          <1>     db 17,37,38,18,12
   143 00002C35 122627130D          <1>     db 18,38,39,19,13
   144 00002C3A 132714000D          <1>     db 19,39,20,0,13
   145 00002C3F 142829150F          <1>     db 20,40,41,21,15
   146 00002C44 15292A160F          <1>     db 21,41,42,22,15
   147 00002C49 162A2B1710          <1>     db 22,42,43,23,16
   148 00002C4E 172B2C1810          <1>     db 23,43,44,24,16
   149 00002C53 182C2D1911          <1>     db 24,44,45,25,17
   150 00002C58 192D2E1A11          <1>     db 25,45,46,26,17
   151 00002C5D 1A2E2F1B12          <1>     db 26,46,47,27,18
   152 00002C62 1B2F301C12          <1>     db 27,47,48,28,18
   153 00002C67 1C30311D13          <1>     db 28,48,49,29,19
   154 00002C6C 1D31321E13          <1>     db 29,49,50,30,19
   155 00002C71 1E32331F0C          <1>     db 30,50,51,31,12
   156 00002C76 1F3334200C          <1>     db 31,51,52,32,12
   157 00002C7B 203435210D          <1>     db 32,52,53,33,13
   158 00002C80 213536220D          <1>     db 33,53,54,34,13
   159 00002C85 223637230E          <1>     db 34,54,55,35,14
   160 00002C8A 233738240E          <1>     db 35,55,56,36,14
   161 00002C8F 243839250F          <1>     db 36,56,57,37,15
   162 00002C94 25393A260F          <1>     db 37,57,58,38,15
   163 00002C99 263A3B2710          <1>     db 38,58,59,39,16
   164 00002C9E 273B281410          <1>     db 39,59,40,20,16
   165 00002CA3 283C3D2912          <1>     db 40,60,61,41,18
   166 00002CA8 293D3E2A12          <1>     db 41,61,62,42,18
   167 00002CAD 2A3E3F2B13          <1>     db 42,62,63,43,19
   168 00002CB2 2B3F402C13          <1>     db 43,63,64,44,19
   169 00002CB7 2C40412D0C          <1>     db 44,64,65,45,12
   170 00002CBC 2D41422E0C          <1>     db 45,65,66,46,12
   171 00002CC1 2E42432F0D          <1>     db 46,66,67,47,13
   172 00002CC6 2F4344300D          <1>     db 47,67,68,48,13
   173 00002CCB 304445310E          <1>     db 48,68,69,49,14
   174 00002CD0 314546320E          <1>     db 49,69,70,50,14
   175 00002CD5 324647330F          <1>     db 50,70,71,51,15
   176 00002CDA 334748340F          <1>     db 51,71,72,52,15
   177 00002CDF 3448493510          <1>     db 52,72,73,53,16
   178 00002CE4 35494A3610          <1>     db 53,73,74,54,16
   179 00002CE9 364A4B3711          <1>     db 54,74,75,55,17
   180 00002CEE 374B4C3811          <1>     db 55,75,76,56,17
   181 00002CF3 384C4D3912          <1>     db 56,76,77,57,18
   182 00002CF8 394D4E3A12          <1>     db 57,77,78,58,18
   183 00002CFD 3A4E4F3B13          <1>     db 58,78,79,59,19
   184 00002D02 3B4F3C2813          <1>     db 59,79,60,40,19
   185 00002D07 3C50513D0D          <1>     db 60,80,81,61,13
   186 00002D0C 3D51523E0D          <1>     db 61,81,82,62,13
   187 00002D11 3E52533F0E          <1>     db 62,82,83,63,14
   188 00002D16 3F5354400E          <1>     db 63,83,84,64,14
   189 00002D1B 405455410F          <1>     db 64,84,85,65,15
   190 00002D20 415556420F          <1>     db 65,85,86,66,15
   191 00002D25 4256574310          <1>     db 66,86,87,67,16
   192 00002D2A 4357584410          <1>     db 67,87,88,68,16
   193 00002D2F 4458594511          <1>     db 68,88,89,69,17
   194 00002D34 45595A4611          <1>     db 69,89,90,70,17
   195 00002D39 465A5B4712          <1>     db 70,90,91,71,18
   196 00002D3E 475B5C4812          <1>     db 71,91,92,72,18
   197 00002D43 485C5D4913          <1>     db 72,92,93,73,19
   198 00002D48 495D5E4A13          <1>     db 73,93,94,74,19
   199 00002D4D 4A5E5F4B0C          <1>     db 74,94,95,75,12
   200 00002D52 4B5F604C0C          <1>     db 75,95,96,76,12
   201 00002D57 4C60614D0D          <1>     db 76,96,97,77,13
   202 00002D5C 4D61624E0D          <1>     db 77,97,98,78,13
   203 00002D61 4E62634F0E          <1>     db 78,98,99,79,14
   204 00002D66 4F63503C0E          <1>     db 79,99,80,60,14
   205 00002D6B 5064655110          <1>     db 80,100,101,81,16
   206 00002D70 5165665210          <1>     db 81,101,102,82,16
   207 00002D75 5266675311          <1>     db 82,102,103,83,17
   208 00002D7A 5367685411          <1>     db 83,103,104,84,17
   209 00002D7F 5468695512          <1>     db 84,104,105,85,18
   210 00002D84 55696A5612          <1>     db 85,105,106,86,18
   211 00002D89 566A6B5713          <1>     db 86,106,107,87,19
   212 00002D8E 576B6C5813          <1>     db 87,107,108,88,19
   213 00002D93 586C6D590C          <1>     db 88,108,109,89,12
   214 00002D98 596D6E5A0C          <1>     db 89,109,110,90,12
   215 00002D9D 5A6E6F5B0D          <1>     db 90,110,111,91,13
   216 00002DA2 5B6F705C0D          <1>     db 91,111,112,92,13
   217 00002DA7 5C70715D0E          <1>     db 92,112,113,93,14
   218 00002DAC 5D71725E0E          <1>     db 93,113,114,94,14
   219 00002DB1 5E72735F0F          <1>     db 94,114,115,95,15
   220 00002DB6 5F7374600F          <1>     db 95,115,116,96,15
   221 00002DBB 6074756110          <1>     db 96,116,117,97,16
   222 00002DC0 6175766210          <1>     db 97,117,118,98,16
   223 00002DC5 6276776311          <1>     db 98,118,119,99,17
   224 00002DCA 6377645011          <1>     db 99,119,100,80,17
   225                              <1> crystal_quads_end:
  2107                                  %include "xga_area_safety.inc"
     1                              <1> ; XGA area-fill fallback bits: 512 rotation phases, 16 bytes per phase.
     2                              <1> ; By Dag Erik Hagesæter / Retro Erik using Codex in VS Code
     3                              <1> torus_area_unsafe:
     4 00002DCF 020404008787000406- <1>     db 0x02,0x04,0x04,0x00,0x87,0x87,0x00,0x04,0x06,0x02,0x02,0x16,0x1e,0x1e,0x02,0x02
     4 00002DD8 0202161E1E0202      <1>
     5 00002DDF 020404838783000406- <1>     db 0x02,0x04,0x04,0x83,0x87,0x83,0x00,0x04,0x06,0x02,0x02,0x1e,0x1e,0x1a,0x00,0x02
     5 00002DE8 02021E1E1A0002      <1>
     6 00002DEF 020404878700000406- <1>     db 0x02,0x04,0x04,0x87,0x87,0x00,0x00,0x04,0x06,0x02,0x02,0x1e,0x1e,0x10,0x00,0x02
     6 00002DF8 02021E1E100002      <1>
     7 00002DFF 060404878700040406- <1>     db 0x06,0x04,0x04,0x87,0x87,0x00,0x04,0x04,0x06,0x02,0x02,0x1e,0x1e,0x00,0x00,0x02
     7 00002E08 02021E1E000002      <1>
     8 00002E0F 060404878700040406- <1>     db 0x06,0x04,0x04,0x87,0x87,0x00,0x04,0x04,0x06,0x02,0x02,0x1e,0x1e,0x00,0x02,0x02
     8 00002E18 02021E1E000202      <1>
     9 00002E1F 060404878700040406- <1>     db 0x06,0x04,0x04,0x87,0x87,0x00,0x04,0x04,0x06,0x02,0x00,0x1e,0x1e,0x00,0x02,0x02
     9 00002E28 02001E1E000202      <1>
    10 00002E2F 060400878700040406- <1>     db 0x06,0x04,0x00,0x87,0x87,0x00,0x04,0x04,0x06,0x02,0x00,0x1e,0x1e,0x00,0x02,0x06
    10 00002E38 02001E1E000206      <1>
    11 00002E3F 060400878700040406- <1>     db 0x06,0x04,0x00,0x87,0x87,0x00,0x04,0x04,0x06,0x02,0x00,0x00,0x1e,0x00,0x02,0x02
    11 00002E48 0200001E000202      <1>
    12 00002E4F 060400048700040406- <1>     db 0x06,0x04,0x00,0x04,0x87,0x00,0x04,0x04,0x06,0x02,0x00,0x02,0x1e,0x00,0x02,0x06
    12 00002E58 0200021E000206      <1>
    13 00002E5F 060400838700040606- <1>     db 0x06,0x04,0x00,0x83,0x87,0x00,0x04,0x06,0x06,0x02,0x00,0x1e,0x1e,0x02,0x02,0x02
    13 00002E68 02001E1E020202      <1>
    14 00002E6F 060400878700040606- <1>     db 0x06,0x04,0x00,0x87,0x87,0x00,0x04,0x06,0x06,0x02,0x00,0x1e,0x1e,0x00,0x02,0x06
    14 00002E78 02001E1E000206      <1>
    15 00002E7F 060400878700040606- <1>     db 0x06,0x04,0x00,0x87,0x87,0x00,0x04,0x06,0x06,0x02,0x00,0x1e,0x1e,0x00,0x02,0x06
    15 00002E88 02001E1E000206      <1>
    16 00002E8F 060400878700040602- <1>     db 0x06,0x04,0x00,0x87,0x87,0x00,0x04,0x06,0x02,0x02,0x00,0x1e,0x1e,0x02,0x02,0x02
    16 00002E98 02001E1E020202      <1>
    17 00002E9F 040480878700040602- <1>     db 0x04,0x04,0x80,0x87,0x87,0x00,0x04,0x06,0x02,0x02,0x00,0x1e,0x1e,0x02,0x02,0x02
    17 00002EA8 02001E1E020202      <1>
    18 00002EAF 060400878300040602- <1>     db 0x06,0x04,0x00,0x87,0x83,0x00,0x04,0x06,0x02,0x02,0x00,0x1e,0x1e,0x02,0x02,0x06
    18 00002EB8 02001E1E020206      <1>
    19 00002EBF 040480870000040602- <1>     db 0x04,0x04,0x80,0x87,0x00,0x00,0x04,0x06,0x02,0x00,0x00,0x1e,0x1c,0x02,0x02,0x06
    19 00002EC8 00001E1C020206      <1>
    20 00002ECF 040480870004040602- <1>     db 0x04,0x04,0x80,0x87,0x00,0x04,0x04,0x06,0x02,0x00,0x1c,0x1e,0x00,0x02,0x02,0x06
    20 00002ED8 001C1E00020206      <1>
    21 00002EDF 040481870004040602- <1>     db 0x04,0x04,0x81,0x87,0x00,0x04,0x04,0x06,0x02,0x00,0x18,0x1e,0x00,0x02,0x02,0x06
    21 00002EE8 00181E00020206      <1>
    22 00002EEF 040087870004040602- <1>     db 0x04,0x00,0x87,0x87,0x00,0x04,0x04,0x06,0x02,0x00,0x1e,0x1e,0x00,0x02,0x02,0x06
    22 00002EF8 001E1E00020206      <1>
    23 00002EFF 040087870004040602- <1>     db 0x04,0x00,0x87,0x87,0x00,0x04,0x04,0x06,0x02,0x00,0x1e,0x1e,0x00,0x02,0x02,0x06
    23 00002F08 001E1E00020206      <1>
    24 00002F0F 040087870004040602- <1>     db 0x04,0x00,0x87,0x87,0x00,0x04,0x04,0x06,0x02,0x00,0x1e,0x1e,0x00,0x02,0x06,0x06
    24 00002F18 001E1E00020606      <1>
    25 00002F1F 040087870000060602- <1>     db 0x04,0x00,0x87,0x87,0x00,0x00,0x06,0x06,0x02,0x00,0x1e,0x1e,0x00,0x02,0x06,0x06
    25 00002F28 001E1E00020606      <1>
    26 00002F2F 040087870000060602- <1>     db 0x04,0x00,0x87,0x87,0x00,0x00,0x06,0x06,0x02,0x00,0x1e,0x1e,0x00,0x00,0x06,0x06
    26 00002F38 001E1E00000606      <1>
    27 00002F3F 040087870000060602- <1>     db 0x04,0x00,0x87,0x87,0x00,0x00,0x06,0x06,0x02,0x00,0x1e,0x1e,0x00,0x00,0x06,0x06
    27 00002F48 001E1E00000606      <1>
    28 00002F4F 040083870004060602- <1>     db 0x04,0x00,0x83,0x87,0x00,0x04,0x06,0x06,0x02,0x00,0x18,0x1e,0x00,0x02,0x06,0x06
    28 00002F58 00181E00020606      <1>
    29 00002F5F 040081870004040602- <1>     db 0x04,0x00,0x81,0x87,0x00,0x04,0x04,0x06,0x02,0x00,0x18,0x1e,0x00,0x02,0x06,0x06
    29 00002F68 00181E00020606      <1>
    30 00002F6F 040087870004060602- <1>     db 0x04,0x00,0x87,0x87,0x00,0x04,0x06,0x06,0x02,0x00,0x1e,0x1e,0x00,0x02,0x06,0x06
    30 00002F78 001E1E00020606      <1>
    31 00002F7F 040087870004060600- <1>     db 0x04,0x00,0x87,0x87,0x00,0x04,0x06,0x06,0x00,0x00,0x1e,0x1e,0x00,0x02,0x06,0x06
    31 00002F88 001E1E00020606      <1>
    32 00002F8F 000087870804060600- <1>     db 0x00,0x00,0x87,0x87,0x08,0x04,0x06,0x06,0x00,0x00,0x1e,0x0e,0x00,0x02,0x06,0x06
    32 00002F98 001E0E00020606      <1>
    33 00002F9F 0000870F0004060200- <1>     db 0x00,0x00,0x87,0x0f,0x00,0x04,0x06,0x02,0x00,0x00,0x1e,0x0d,0x01,0x02,0x06,0x06
    33 00002FA8 001E0D01020606      <1>
    34 00002FAF 0080870C0804060200- <1>     db 0x00,0x80,0x87,0x0c,0x08,0x04,0x06,0x02,0x00,0x01,0x1e,0x01,0x01,0x03,0x06,0x06
    34 00002FB8 011E0101030606      <1>
    35 00002FBF 000087080804060200- <1>     db 0x00,0x00,0x87,0x08,0x08,0x04,0x06,0x02,0x00,0x00,0x1e,0x01,0x01,0x02,0x06,0x06
    35 00002FC8 001E0101020606      <1>
    36 00002FCF 008087080004060200- <1>     db 0x00,0x80,0x87,0x08,0x00,0x04,0x06,0x02,0x00,0x01,0x0f,0x00,0x03,0x02,0x06,0x06
    36 00002FD8 010F0003020606      <1>
    37 00002FDF 008007080804060200- <1>     db 0x00,0x80,0x07,0x08,0x08,0x04,0x06,0x02,0x00,0x10,0x0e,0x01,0x03,0x03,0x06,0x04
    37 00002FE8 100E0103030604      <1>
    38 00002FEF 008F0F080806060200- <1>     db 0x00,0x8f,0x0f,0x08,0x08,0x06,0x06,0x02,0x00,0x17,0x0f,0x01,0x03,0x06,0x06,0x04
    38 00002FF8 170F0103060604      <1>
    39 00002FFF 080F0F080806060300- <1>     db 0x08,0x0f,0x0f,0x08,0x08,0x06,0x06,0x03,0x00,0x1f,0x0f,0x01,0x03,0x07,0x06,0x04
    39 00003008 1F0F0103070604      <1>
    40 0000300F 080F0F080806060201- <1>     db 0x08,0x0f,0x0f,0x08,0x08,0x06,0x06,0x02,0x01,0x0f,0x0f,0x01,0x03,0x07,0x06,0x0c
    40 00003018 0F0F010307060C      <1>
    41 0000301F 00070F080806060200- <1>     db 0x00,0x07,0x0f,0x08,0x08,0x06,0x06,0x02,0x00,0x0f,0x0f,0x01,0x03,0x02,0x06,0x0c
    41 00003028 0F0F010302060C      <1>
    42 0000302F 000F0F080C04060301- <1>     db 0x00,0x0f,0x0f,0x08,0x0c,0x04,0x06,0x03,0x01,0x0f,0x0f,0x01,0x03,0x02,0x06,0x04
    42 00003038 0F0F0103020604      <1>
    43 0000303F 00090F080C06060201- <1>     db 0x00,0x09,0x0f,0x08,0x0c,0x06,0x06,0x02,0x01,0x09,0x0f,0x01,0x03,0x07,0x06,0x04
    43 00003048 090F0103070604      <1>
    44 0000304F 080B0F080C06060301- <1>     db 0x08,0x0b,0x0f,0x08,0x0c,0x06,0x06,0x03,0x01,0x0b,0x0f,0x01,0x03,0x07,0x06,0x0c
    44 00003058 0B0F010307060C      <1>
    45 0000305F 080F0F080C06070301- <1>     db 0x08,0x0f,0x0f,0x08,0x0c,0x06,0x07,0x03,0x01,0x0f,0x0f,0x01,0x03,0x07,0x0e,0x08
    45 00003068 0F0F0103070E08      <1>
    46 0000306F 080F0F080C0E060101- <1>     db 0x08,0x0f,0x0f,0x08,0x0c,0x0e,0x06,0x01,0x01,0x0f,0x0f,0x01,0x03,0x07,0x0e,0x08
    46 00003078 0F0F0103070E08      <1>
    47 0000307F 080F0F080C06060100- <1>     db 0x08,0x0f,0x0f,0x08,0x0c,0x06,0x06,0x01,0x00,0x0f,0x0f,0x01,0x03,0x07,0x06,0x08
    47 00003088 0F0F0103070608      <1>
    48 0000308F 000F03080C06070100- <1>     db 0x00,0x0f,0x03,0x08,0x0c,0x06,0x07,0x01,0x00,0x0f,0x03,0x01,0x03,0x07,0x06,0x00
    48 00003098 0F030103070600      <1>
    49 0000309F 000F08080C06070100- <1>     db 0x00,0x0f,0x08,0x08,0x0c,0x06,0x07,0x01,0x00,0x0f,0x00,0x01,0x03,0x07,0x0e,0x08
    49 000030A8 0F000103070E08      <1>
    50 000030AF 000F00080E0E070100- <1>     db 0x00,0x0f,0x00,0x08,0x0e,0x0e,0x07,0x01,0x00,0x0f,0x00,0x01,0x03,0x07,0x0c,0x08
    50 000030B8 0F000103070C08      <1>
    51 000030BF 000F00080E07070101- <1>     db 0x00,0x0f,0x00,0x08,0x0e,0x07,0x07,0x01,0x01,0x0f,0x00,0x01,0x07,0x07,0x0c,0x08
    51 000030C8 0F000107070C08      <1>
    52 000030CF 000F00080E06020001- <1>     db 0x00,0x0f,0x00,0x08,0x0e,0x06,0x02,0x00,0x01,0x0f,0x00,0x00,0x07,0x0f,0x0e,0x08
    52 000030D8 0F0000070F0E08      <1>
    53 000030DF 000F00000E0F030001- <1>     db 0x00,0x0f,0x00,0x00,0x0e,0x0f,0x03,0x00,0x01,0x0f,0x00,0x01,0x07,0x0f,0x0c,0x08
    53 000030E8 0F0001070F0C08      <1>
    54 000030EF 0E0F00080C07030003- <1>     db 0x0e,0x0f,0x00,0x08,0x0c,0x07,0x03,0x00,0x03,0x0f,0x00,0x01,0x07,0x0f,0x0c,0x08
    54 000030F8 0F0001070F0C08      <1>
    55 000030FF 0F0F00080E0703000F- <1>     db 0x0f,0x0f,0x00,0x08,0x0e,0x07,0x03,0x00,0x0f,0x0f,0x00,0x01,0x07,0x0f,0x0c,0x08
    55 00003108 0F0001070F0C08      <1>
    56 0000310F 0F0F00080E0703000F- <1>     db 0x0f,0x0f,0x00,0x08,0x0e,0x07,0x03,0x00,0x0f,0x0f,0x00,0x00,0x07,0x0f,0x0c,0x00
    56 00003118 0F0000070F0C00      <1>
    57 0000311F 0F0F00080E0703000F- <1>     db 0x0f,0x0f,0x00,0x08,0x0e,0x07,0x03,0x00,0x0f,0x0f,0x00,0x01,0x07,0x0f,0x0c,0x00
    57 00003128 0F0001070F0C00      <1>
    58 0000312F 0F0F00000E0F03000F- <1>     db 0x0f,0x0f,0x00,0x00,0x0e,0x0f,0x03,0x00,0x0f,0x0f,0x00,0x00,0x07,0x0f,0x08,0x00
    58 00003138 0F0000070F0800      <1>
    59 0000313F 0B0F0000060703000F- <1>     db 0x0b,0x0f,0x00,0x00,0x06,0x07,0x03,0x00,0x0f,0x0f,0x00,0x01,0x07,0x0f,0x08,0x00
    59 00003148 0F0001070F0800      <1>
    60 0000314F 0C0F00080F0F010007- <1>     db 0x0c,0x0f,0x00,0x08,0x0f,0x0f,0x01,0x00,0x07,0x0f,0x00,0x03,0x07,0x07,0x00,0x00
    60 00003158 0F000307070000      <1>
    61 0000315F 0F0F00000E0F010001- <1>     db 0x0f,0x0f,0x00,0x00,0x0e,0x0f,0x01,0x00,0x01,0x0f,0x00,0x02,0x0f,0x0f,0x00,0x00
    61 00003168 0F00020F0F0000      <1>
    62 0000316F 0F0F0000060600000F- <1>     db 0x0f,0x0f,0x00,0x00,0x06,0x06,0x00,0x00,0x0f,0x0f,0x00,0x02,0x0f,0x0f,0x08,0x00
    62 00003178 0F00020F0F0800      <1>
    63 0000317F 0F0D00080E0600000F- <1>     db 0x0f,0x0d,0x00,0x08,0x0e,0x06,0x00,0x00,0x0f,0x0f,0x00,0x07,0x0f,0x0f,0x00,0x00
    63 00003188 0F00070F0F0000      <1>
    64 0000318F 0F0400060F0700000F- <1>     db 0x0f,0x04,0x00,0x06,0x0f,0x07,0x00,0x00,0x0f,0x08,0x00,0x07,0x0f,0x0f,0x00,0x00
    64 00003198 0800070F0F0000      <1>
    65 0000319F 0F0000060F0F00000F- <1>     db 0x0f,0x00,0x00,0x06,0x0f,0x0f,0x00,0x00,0x0f,0x00,0x00,0x06,0x0f,0x0f,0x00,0x00
    65 000031A8 0000060F0F0000      <1>
    66 000031AF 0F0000070F0F00000F- <1>     db 0x0f,0x00,0x00,0x07,0x0f,0x0f,0x00,0x00,0x0f,0x00,0x00,0x07,0x0f,0x0f,0x00,0x00
    66 000031B8 0000070F0F0000      <1>
    67 000031BF 0F0000060F0F00000F- <1>     db 0x0f,0x00,0x00,0x06,0x0f,0x0f,0x00,0x00,0x0f,0x00,0x00,0x06,0x0f,0x0f,0x00,0x00
    67 000031C8 0000060F0F0000      <1>
    68 000031CF 0F0000000F0F00000F- <1>     db 0x0f,0x00,0x00,0x00,0x0f,0x0f,0x00,0x00,0x0f,0x00,0x00,0x00,0x0f,0x0f,0x00,0x00
    68 000031D8 0000000F0F0000      <1>
    69 000031DF 0F0000060F0F00010F- <1>     db 0x0f,0x00,0x00,0x06,0x0f,0x0f,0x00,0x01,0x0f,0x00,0x00,0x06,0x0f,0x0f,0x00,0x00
    69 000031E8 0000060F0F0000      <1>
    70 000031EF 0F00000F0F0C000F0F- <1>     db 0x0f,0x00,0x00,0x0f,0x0f,0x0c,0x00,0x0f,0x0f,0x00,0x00,0x0e,0x0f,0x07,0x00,0x01
    70 000031F8 00000E0F070001      <1>
    71 000031FF 0F0000070F04000F0F- <1>     db 0x0f,0x00,0x00,0x07,0x0f,0x04,0x00,0x0f,0x0f,0x00,0x00,0x0e,0x0f,0x07,0x00,0x03
    71 00003208 00000E0F070003      <1>
    72 0000320F 0F00000F0F08000F0F- <1>     db 0x0f,0x00,0x00,0x0f,0x0f,0x08,0x00,0x0f,0x0f,0x00,0x00,0x0e,0x0f,0x01,0x00,0x0f
    72 00003218 00000E0F01000F      <1>
    73 0000321F 0F00000F0F08000F0F- <1>     db 0x0f,0x00,0x00,0x0f,0x0f,0x08,0x00,0x0f,0x0f,0x00,0x08,0x0f,0x0f,0x01,0x00,0x0f
    73 00003228 00080F0F01000F      <1>
    74 0000322F 0F00010F0F08000F0F- <1>     db 0x0f,0x00,0x01,0x0f,0x0f,0x08,0x00,0x0f,0x0f,0x00,0x08,0x0f,0x0f,0x01,0x00,0x0f
    74 00003238 00080F0F01000F      <1>
    75 0000323F 0F00010F0F0800010F- <1>     db 0x0f,0x00,0x01,0x0f,0x0f,0x08,0x00,0x01,0x0f,0x00,0x00,0x0f,0x0f,0x01,0x00,0x0f
    75 00003248 00000F0F01000F      <1>
    76 0000324F 0F0001070E0000070F- <1>     db 0x0f,0x00,0x01,0x07,0x0e,0x00,0x00,0x07,0x0f,0x00,0x08,0x0e,0x0f,0x01,0x00,0x0c
    76 00003258 00080E0F01000C      <1>
    77 0000325F 0F0001070F08000F0F- <1>     db 0x0f,0x00,0x01,0x07,0x0f,0x08,0x00,0x0f,0x0f,0x00,0x04,0x07,0x0f,0x01,0x00,0x0b
    77 00003268 0004070F01000B      <1>
    78 0000326F 0F00030F0E08000F0F- <1>     db 0x0f,0x00,0x03,0x0f,0x0e,0x08,0x00,0x0f,0x0f,0x08,0x0c,0x0f,0x07,0x01,0x00,0x0f
    78 00003278 080C0F0701000F      <1>
    79 0000327F 0F00030F0E08000F0F- <1>     db 0x0f,0x00,0x03,0x0f,0x0e,0x08,0x00,0x0f,0x0f,0x00,0x0c,0x0f,0x07,0x01,0x00,0x0f
    79 00003288 000C0F0701000F      <1>
    80 0000328F 000103070E08000F0F- <1>     db 0x00,0x01,0x03,0x07,0x0e,0x08,0x00,0x0f,0x0f,0x08,0x0c,0x0f,0x07,0x01,0x00,0x0f
    80 00003298 080C0F0701000F      <1>
    81 0000329F 0000070E0E08000F0C- <1>     db 0x00,0x00,0x07,0x0e,0x0e,0x08,0x00,0x0f,0x0c,0x08,0x0c,0x0e,0x07,0x01,0x00,0x0f
    81 000032A8 080C0E0701000F      <1>
    82 000032AF 000005070E08000F00- <1>     db 0x00,0x00,0x05,0x07,0x0e,0x08,0x00,0x0f,0x00,0x08,0x0e,0x0e,0x07,0x01,0x00,0x0f
    82 000032B8 080E0E0701000F      <1>
    83 000032BF 0001070E0E08000F00- <1>     db 0x00,0x01,0x07,0x0e,0x0e,0x08,0x00,0x0f,0x00,0x08,0x0e,0x0e,0x07,0x01,0x00,0x0f
    83 000032C8 080E0E0701000F      <1>
    84 000032CF 000107060E08000F00- <1>     db 0x00,0x01,0x07,0x06,0x0e,0x08,0x00,0x0f,0x00,0x08,0x0e,0x0f,0x03,0x01,0x01,0x0f
    84 000032D8 080E0F0301010F      <1>
    85 000032DF 0001070E0C08000F00- <1>     db 0x00,0x01,0x07,0x0e,0x0c,0x08,0x00,0x0f,0x00,0x08,0x0e,0x0f,0x03,0x01,0x01,0x0f
    85 000032E8 080E0F0301010F      <1>
    86 000032EF 000107060C080E0F08- <1>     db 0x00,0x01,0x07,0x06,0x0c,0x08,0x0e,0x0f,0x08,0x08,0x0e,0x06,0x03,0x01,0x09,0x0f
    86 000032F8 080E060301090F      <1>
    87 000032FF 010107060C080F0F08- <1>     db 0x01,0x01,0x07,0x06,0x0c,0x08,0x0f,0x0f,0x08,0x08,0x0e,0x06,0x03,0x01,0x0b,0x0f
    87 00003308 080E0603010B0F      <1>
    88 0000330F 000107060C080F0F08- <1>     db 0x00,0x01,0x07,0x06,0x0c,0x08,0x0f,0x0f,0x08,0x0c,0x0e,0x06,0x03,0x01,0x0f,0x0f
    88 00003318 0C0E0603010F0F      <1>
    89 0000331F 000106060C080F0F00- <1>     db 0x00,0x01,0x06,0x06,0x0c,0x08,0x0f,0x0f,0x00,0x0c,0x0c,0x06,0x03,0x01,0x0f,0x0f
    89 00003328 0C0C0603010F0F      <1>
    90 0000332F 010307060C080F0F08- <1>     db 0x01,0x03,0x07,0x06,0x0c,0x08,0x0f,0x0f,0x08,0x0c,0x06,0x06,0x03,0x01,0x0f,0x0f
    90 00003338 0C060603010F0F      <1>
    91 0000333F 000306060C080F0F08- <1>     db 0x00,0x03,0x06,0x06,0x0c,0x08,0x0f,0x0f,0x08,0x0c,0x06,0x06,0x03,0x01,0x0f,0x0f
    91 00003348 0C060603010F0F      <1>
    92 0000334F 0103060604000B0F08- <1>     db 0x01,0x03,0x06,0x06,0x04,0x00,0x0b,0x0f,0x08,0x0c,0x04,0x06,0x03,0x01,0x0b,0x0f
    92 00003358 0C040603010B0F      <1>
    93 0000335F 010107060808090F08- <1>     db 0x01,0x01,0x07,0x06,0x08,0x08,0x09,0x0f,0x08,0x0c,0x06,0x06,0x03,0x01,0x09,0x0f
    93 00003368 0C06060301090F      <1>
    94 0000336F 010106060000070F08- <1>     db 0x01,0x01,0x06,0x06,0x00,0x00,0x07,0x0f,0x08,0x08,0x06,0x06,0x00,0x00,0x0f,0x0f
    94 00003378 08060600000F0F      <1>
    95 0000337F 010306060000070F08- <1>     db 0x01,0x03,0x06,0x06,0x00,0x00,0x07,0x0f,0x08,0x08,0x06,0x06,0x00,0x00,0x0f,0x0f
    95 00003388 08060600000F0F      <1>
    96 0000338F 0102060600000F0808- <1>     db 0x01,0x02,0x06,0x06,0x00,0x00,0x0f,0x08,0x08,0x0c,0x06,0x06,0x00,0x00,0x0f,0x0f
    96 00003398 0C060600000F0F      <1>
    97 0000339F 010306060000070808- <1>     db 0x01,0x03,0x06,0x06,0x00,0x00,0x07,0x08,0x08,0x04,0x06,0x06,0x00,0x00,0x0f,0x01
    97 000033A8 04060600000F01      <1>
    98 000033AF 010306040000070808- <1>     db 0x01,0x03,0x06,0x04,0x00,0x00,0x07,0x08,0x08,0x04,0x06,0x02,0x00,0x00,0x0e,0x0d
    98 000033B8 04060200000E0D      <1>
    99 000033BF 010206040000070808- <1>     db 0x01,0x02,0x06,0x04,0x00,0x00,0x07,0x08,0x08,0x0c,0x06,0x02,0x00,0x00,0x0e,0x01
    99 000033C8 0C060200000E01      <1>
   100 000033CF 000206040000070808- <1>     db 0x00,0x02,0x06,0x04,0x00,0x00,0x07,0x08,0x08,0x04,0x06,0x02,0x00,0x00,0x0e,0x08
   100 000033D8 04060200000E08      <1>
   101 000033DF 010206040003070800- <1>     db 0x01,0x02,0x06,0x04,0x00,0x03,0x07,0x08,0x00,0x06,0x06,0x02,0x00,0x10,0x0e,0x01
   101 000033E8 06060200100E01      <1>
   102 000033EF 000206040087070808- <1>     db 0x00,0x02,0x06,0x04,0x00,0x87,0x07,0x08,0x08,0x06,0x06,0x02,0x00,0x16,0x0e,0x01
   102 000033F8 06060200160E01      <1>
   103 000033FF 00020604000707080C- <1>     db 0x00,0x02,0x06,0x04,0x00,0x07,0x07,0x08,0x0c,0x06,0x06,0x02,0x00,0x0e,0x0e,0x01
   103 00003408 060602000E0E01      <1>
   104 0000340F 020206040087870004- <1>     db 0x02,0x02,0x06,0x04,0x00,0x87,0x87,0x00,0x04,0x06,0x06,0x02,0x00,0x1e,0x1e,0x00
   104 00003418 060602001E1E00      <1>
   105 0000341F 020606040087870004- <1>     db 0x02,0x06,0x06,0x04,0x00,0x87,0x87,0x00,0x04,0x06,0x06,0x02,0x00,0x1e,0x1e,0x00
   105 00003428 060602001E1E00      <1>
   106 0000342F 020606040087870004- <1>     db 0x02,0x06,0x06,0x04,0x00,0x87,0x87,0x00,0x04,0x06,0x06,0x02,0x00,0x1e,0x1e,0x00
   106 00003438 060602001E1E00      <1>
   107 0000343F 020606040081870004- <1>     db 0x02,0x06,0x06,0x04,0x00,0x81,0x87,0x00,0x04,0x06,0x06,0x02,0x00,0x18,0x1e,0x00
   107 00003448 06060200181E00      <1>
   108 0000344F 020206040081870004- <1>     db 0x02,0x02,0x06,0x04,0x00,0x81,0x87,0x00,0x04,0x06,0x06,0x02,0x00,0x1a,0x1e,0x00
   108 00003458 060602001A1E00      <1>
   109 0000345F 020606040087870000- <1>     db 0x02,0x06,0x06,0x04,0x00,0x87,0x87,0x00,0x00,0x06,0x06,0x02,0x00,0x1e,0x1e,0x00
   109 00003468 060602001E1E00      <1>
   110 0000346F 020206040087870004- <1>     db 0x02,0x02,0x06,0x04,0x00,0x87,0x87,0x00,0x04,0x04,0x06,0x02,0x00,0x1e,0x1e,0x00
   110 00003478 040602001E1E00      <1>
   111 0000347F 020606040087870004- <1>     db 0x02,0x06,0x06,0x04,0x00,0x87,0x87,0x00,0x04,0x06,0x06,0x02,0x00,0x1e,0x1e,0x00
   111 00003488 060602001E1E00      <1>
   112 0000348F 020606000087870004- <1>     db 0x02,0x06,0x06,0x00,0x00,0x87,0x87,0x00,0x04,0x06,0x06,0x02,0x00,0x1e,0x1e,0x00
   112 00003498 060602001E1E00      <1>
   113 0000349F 020606000087870004- <1>     db 0x02,0x06,0x06,0x00,0x00,0x87,0x87,0x00,0x04,0x04,0x02,0x02,0x00,0x1e,0x1e,0x00
   113 000034A8 040202001E1E00      <1>
   114 000034AF 020604040087830404- <1>     db 0x02,0x06,0x04,0x04,0x00,0x87,0x83,0x04,0x04,0x06,0x02,0x02,0x10,0x1e,0x02,0x00
   114 000034B8 060202101E0200      <1>
   115 000034BF 020604048087040404- <1>     db 0x02,0x06,0x04,0x04,0x80,0x87,0x04,0x04,0x04,0x06,0x02,0x02,0x00,0x1e,0x16,0x02
   115 000034C8 060202001E1602      <1>
   116 000034CF 020604008087000404- <1>     db 0x02,0x06,0x04,0x00,0x80,0x87,0x00,0x04,0x04,0x06,0x02,0x02,0x04,0x1e,0x00,0x02
   116 000034D8 060202041E0002      <1>
   117 000034DF 020604008087000404- <1>     db 0x02,0x06,0x04,0x00,0x80,0x87,0x00,0x04,0x04,0x06,0x02,0x02,0x00,0x1e,0x00,0x02
   117 000034E8 060202001E0002      <1>
   118 000034EF 020604008787000404- <1>     db 0x02,0x06,0x04,0x00,0x87,0x87,0x00,0x04,0x04,0x06,0x02,0x00,0x1e,0x1e,0x00,0x02
   118 000034F8 0602001E1E0002      <1>
   119 000034FF 020604008787000406- <1>     db 0x02,0x06,0x04,0x00,0x87,0x87,0x00,0x04,0x06,0x06,0x02,0x00,0x1e,0x1e,0x00,0x02
   119 00003508 0602001E1E0002      <1>
   120 0000350F 020604008787000006- <1>     db 0x02,0x06,0x04,0x00,0x87,0x87,0x00,0x00,0x06,0x06,0x02,0x00,0x1e,0x1e,0x00,0x00
   120 00003518 0602001E1E0000      <1>
   121 0000351F 060604008787000006- <1>     db 0x06,0x06,0x04,0x00,0x87,0x87,0x00,0x00,0x06,0x06,0x02,0x00,0x1e,0x1e,0x00,0x02
   121 00003528 0602001E1E0002      <1>
   122 0000352F 020604008787000006- <1>     db 0x02,0x06,0x04,0x00,0x87,0x87,0x00,0x00,0x06,0x06,0x02,0x00,0x1e,0x1e,0x00,0x02
   122 00003538 0602001E1E0002      <1>
   123 0000353F 020604008787000406- <1>     db 0x02,0x06,0x04,0x00,0x87,0x87,0x00,0x04,0x06,0x06,0x02,0x00,0x1a,0x1e,0x00,0x02
   123 00003548 0602001A1E0002      <1>
   124 0000354F 020604008387000406- <1>     db 0x02,0x06,0x04,0x00,0x83,0x87,0x00,0x04,0x06,0x06,0x02,0x00,0x1c,0x1e,0x00,0x02
   124 00003558 0602001C1E0002      <1>
   125 0000355F 060604008187000406- <1>     db 0x06,0x06,0x04,0x00,0x81,0x87,0x00,0x04,0x06,0x06,0x02,0x00,0x1e,0x1e,0x00,0x02
   125 00003568 0602001E1E0002      <1>
   126 0000356F 060404008787040406- <1>     db 0x06,0x04,0x04,0x00,0x87,0x87,0x04,0x04,0x06,0x06,0x02,0x00,0x1e,0x1e,0x00,0x02
   126 00003578 0602001E1E0002      <1>
   127 0000357F 060404008787040406- <1>     db 0x06,0x04,0x04,0x00,0x87,0x87,0x04,0x04,0x06,0x06,0x02,0x00,0x1e,0x1e,0x02,0x02
   127 00003588 0602001E1E0202      <1>
   128 0000358F 060404008787040406- <1>     db 0x06,0x04,0x04,0x00,0x87,0x87,0x04,0x04,0x06,0x06,0x02,0x00,0x1e,0x1e,0x02,0x02
   128 00003598 0602001E1E0202      <1>
   129 0000359F 060404008787040404- <1>     db 0x06,0x04,0x04,0x00,0x87,0x87,0x04,0x04,0x04,0x02,0x02,0x00,0x1e,0x1e,0x02,0x02
   129 000035A8 0202001E1E0202      <1>
   130 000035AF 060404008787040404- <1>     db 0x06,0x04,0x04,0x00,0x87,0x87,0x04,0x04,0x04,0x02,0x02,0x00,0x1e,0x1e,0x02,0x02
   130 000035B8 0202001E1E0202      <1>
   131 000035BF 020404838787040406- <1>     db 0x02,0x04,0x04,0x83,0x87,0x87,0x04,0x04,0x06,0x02,0x02,0x06,0x1e,0x1e,0x00,0x02
   131 000035C8 0202061E1E0002      <1>
   132 000035CF 060404878787040404- <1>     db 0x06,0x04,0x04,0x87,0x87,0x87,0x04,0x04,0x04,0x02,0x02,0x08,0x1e,0x1e,0x00,0x02
   132 000035D8 0202081E1E0002      <1>
   133 000035DF 020404878783040404- <1>     db 0x02,0x04,0x04,0x87,0x87,0x83,0x04,0x04,0x04,0x02,0x02,0x0a,0x1e,0x0a,0x00,0x02
   133 000035E8 02020A1E0A0002      <1>
   134 000035EF 060404878781040404- <1>     db 0x06,0x04,0x04,0x87,0x87,0x81,0x04,0x04,0x04,0x02,0x02,0x1e,0x1e,0x1c,0x02,0x02
   134 000035F8 02021E1E1C0202      <1>
   135 000035FF 020404878700040404- <1>     db 0x02,0x04,0x04,0x87,0x87,0x00,0x04,0x04,0x04,0x02,0x02,0x1e,0x1e,0x00,0x02,0x02
   135 00003608 02021E1E000202      <1>
   136 0000360F 060404878700040406- <1>     db 0x06,0x04,0x04,0x87,0x87,0x00,0x04,0x04,0x06,0x02,0x02,0x1e,0x1e,0x18,0x02,0x02
   136 00003618 02021E1E180202      <1>
   137 0000361F 060404878700040406- <1>     db 0x06,0x04,0x04,0x87,0x87,0x00,0x04,0x04,0x06,0x02,0x02,0x1e,0x1e,0x00,0x02,0x02
   137 00003628 02021E1E000202      <1>
   138 0000362F 060404878704040406- <1>     db 0x06,0x04,0x04,0x87,0x87,0x04,0x04,0x04,0x06,0x02,0x02,0x1e,0x1e,0x02,0x02,0x02
   138 00003638 02021E1E020202      <1>
   139 0000363F 060404818704040406- <1>     db 0x06,0x04,0x04,0x81,0x87,0x04,0x04,0x04,0x06,0x02,0x02,0x1e,0x1e,0x02,0x02,0x02
   139 00003648 02021E1E020202      <1>
   140 0000364F 020404838704040404- <1>     db 0x02,0x04,0x04,0x83,0x87,0x04,0x04,0x04,0x04,0x02,0x02,0x1c,0x1e,0x00,0x02,0x02
   140 00003658 02021C1E000202      <1>
   141 0000365F 020404878700040406- <1>     db 0x02,0x04,0x04,0x87,0x87,0x00,0x04,0x04,0x06,0x02,0x02,0x18,0x1e,0x02,0x02,0x02
   141 00003668 0202181E020202      <1>
   142 0000366F 060404878704040406- <1>     db 0x06,0x04,0x04,0x87,0x87,0x04,0x04,0x04,0x06,0x02,0x02,0x1e,0x1e,0x02,0x02,0x02
   142 00003678 02021E1E020202      <1>
   143 0000367F 060400878700040406- <1>     db 0x06,0x04,0x00,0x87,0x87,0x00,0x04,0x04,0x06,0x02,0x02,0x1e,0x1e,0x00,0x02,0x02
   143 00003688 02021E1E000202      <1>
   144 0000368F 040404878704040402- <1>     db 0x04,0x04,0x04,0x87,0x87,0x04,0x04,0x04,0x02,0x02,0x02,0x1e,0x1e,0x02,0x02,0x02
   144 00003698 02021E1E020202      <1>
   145 0000369F 040404878704040602- <1>     db 0x04,0x04,0x04,0x87,0x87,0x04,0x04,0x06,0x02,0x02,0x12,0x1e,0x1e,0x02,0x02,0x02
   145 000036A8 02121E1E020202      <1>
   146 000036AF 040406878704040602- <1>     db 0x04,0x04,0x06,0x87,0x87,0x04,0x04,0x06,0x02,0x02,0x0e,0x1e,0x1e,0x02,0x02,0x02
   146 000036B8 020E1E1E020202      <1>
   147 000036BF 040487878704040602- <1>     db 0x04,0x04,0x87,0x87,0x87,0x04,0x04,0x06,0x02,0x02,0x1e,0x1e,0x1e,0x02,0x02,0x02
   147 000036C8 021E1E1E020202      <1>
   148 000036CF 040487878704040602- <1>     db 0x04,0x04,0x87,0x87,0x87,0x04,0x04,0x06,0x02,0x02,0x1e,0x1e,0x1e,0x02,0x02,0x06
   148 000036D8 021E1E1E020206      <1>
   149 000036DF 040487878704040602- <1>     db 0x04,0x04,0x87,0x87,0x87,0x04,0x04,0x06,0x02,0x02,0x1e,0x1e,0x1e,0x02,0x02,0x06
   149 000036E8 021E1E1E020206      <1>
   150 000036EF 040487878704040602- <1>     db 0x04,0x04,0x87,0x87,0x87,0x04,0x04,0x06,0x02,0x02,0x1e,0x1e,0x1e,0x02,0x02,0x06
   150 000036F8 021E1E1E020206      <1>
   151 000036FF 040487878704040602- <1>     db 0x04,0x04,0x87,0x87,0x87,0x04,0x04,0x06,0x02,0x02,0x1e,0x1e,0x1e,0x02,0x02,0x06
   151 00003708 021E1E1E020206      <1>
   152 0000370F 040487878704040602- <1>     db 0x04,0x04,0x87,0x87,0x87,0x04,0x04,0x06,0x02,0x02,0x1e,0x1e,0x1e,0x02,0x02,0x06
   152 00003718 021E1E1E020206      <1>
   153 0000371F 040487878704040602- <1>     db 0x04,0x04,0x87,0x87,0x87,0x04,0x04,0x06,0x02,0x02,0x1e,0x1e,0x1e,0x02,0x02,0x06
   153 00003728 021E1E1E020206      <1>
   154 0000372F 040487878704040602- <1>     db 0x04,0x04,0x87,0x87,0x87,0x04,0x04,0x06,0x02,0x02,0x1e,0x1e,0x1e,0x02,0x02,0x06
   154 00003738 021E1E1E020206      <1>
   155 0000373F 040487878704040602- <1>     db 0x04,0x04,0x87,0x87,0x87,0x04,0x04,0x06,0x02,0x02,0x06,0x1e,0x1e,0x02,0x02,0x06
   155 00003748 02061E1E020206      <1>
   156 0000374F 048481878704040602- <1>     db 0x04,0x84,0x81,0x87,0x87,0x04,0x04,0x06,0x02,0x02,0x18,0x1e,0x0e,0x02,0x02,0x06
   156 00003758 02181E0E020206      <1>
   157 0000375F 040681878704040602- <1>     db 0x04,0x06,0x81,0x87,0x87,0x04,0x04,0x06,0x02,0x06,0x18,0x1e,0x1e,0x02,0x02,0x06
   157 00003768 06181E1E020206      <1>
   158 0000376F 048687878704040402- <1>     db 0x04,0x86,0x87,0x87,0x87,0x04,0x04,0x04,0x02,0x06,0x1e,0x1e,0x16,0x02,0x02,0x06
   158 00003778 061E1E16020206      <1>
   159 0000377F 048787870604040202- <1>     db 0x04,0x87,0x87,0x87,0x06,0x04,0x04,0x02,0x02,0x0e,0x1e,0x1e,0x16,0x02,0x02,0x04
   159 00003788 0E1E1E16020204      <1>
   160 0000378F 008787870404040002- <1>     db 0x00,0x87,0x87,0x87,0x04,0x04,0x04,0x00,0x02,0x1e,0x1e,0x1e,0x1e,0x02,0x02,0x00
   160 00003798 1E1E1E1E020200      <1>
   161 0000379F 048787870404040202- <1>     db 0x04,0x87,0x87,0x87,0x04,0x04,0x04,0x02,0x02,0x0e,0x1e,0x1e,0x02,0x02,0x02,0x00
   161 000037A8 0E1E1E02020200      <1>
   162 000037AF 048783870404040002- <1>     db 0x04,0x87,0x83,0x87,0x04,0x04,0x04,0x00,0x02,0x1c,0x1e,0x1e,0x02,0x02,0x02,0x00
   162 000037B8 1C1E1E02020200      <1>
   163 000037BF 048787870404040202- <1>     db 0x04,0x87,0x87,0x87,0x04,0x04,0x04,0x02,0x02,0x1e,0x1c,0x1e,0x02,0x02,0x02,0x00
   163 000037C8 1E1C1E02020200      <1>
   164 000037CF 04C7C7870404040202- <1>     db 0x04,0xc7,0xc7,0x87,0x04,0x04,0x04,0x02,0x02,0x1e,0x1e,0x1e,0x02,0x02,0x02,0x00
   164 000037D8 1E1E1E02020200      <1>
   165 000037DF 048787870404040002- <1>     db 0x04,0x87,0x87,0x87,0x04,0x04,0x04,0x00,0x02,0x3c,0x1c,0x1c,0x02,0x02,0x02,0x00
   165 000037E8 3C1C1C02020200      <1>
   166 000037EF 04C383870404040002- <1>     db 0x04,0xc3,0x83,0x87,0x04,0x04,0x04,0x00,0x02,0x3c,0x1c,0x1c,0x02,0x02,0x02,0x00
   166 000037F8 3C1C1C02020200      <1>
   167 000037FF 048383870404040002- <1>     db 0x04,0x83,0x83,0x87,0x04,0x04,0x04,0x00,0x02,0x3c,0x1c,0x1c,0x02,0x02,0x02,0x00
   167 00003808 3C1C1C02020200      <1>
   168 0000380F 00C3C3870404040002- <1>     db 0x00,0xc3,0xc3,0x87,0x04,0x04,0x04,0x00,0x02,0x3c,0x3c,0x1c,0x02,0x02,0x02,0x00
   168 00003818 3C3C1C02020200      <1>
   169 0000381F 00C3C387040404000C- <1>     db 0x00,0xc3,0xc3,0x87,0x04,0x04,0x04,0x00,0x0c,0x3c,0x3c,0x1c,0x02,0x02,0x02,0x04
   169 00003828 3C3C1C02020204      <1>
   170 0000382F C1C3C387040404002C- <1>     db 0xc1,0xc3,0xc3,0x87,0x04,0x04,0x04,0x00,0x2c,0x18,0x3c,0x1c,0x02,0x02,0x02,0x04
   170 00003838 183C1C02020204      <1>
   171 0000383F C3C1C383040404002C- <1>     db 0xc3,0xc1,0xc3,0x83,0x04,0x04,0x04,0x00,0x2c,0x38,0x3c,0x1c,0x02,0x02,0x02,0x00
   171 00003848 383C1C02020200      <1>
   172 0000384F C340C383040404003C- <1>     db 0xc3,0x40,0xc3,0x83,0x04,0x04,0x04,0x00,0x3c,0x00,0x3c,0x1c,0x02,0x02,0x02,0x00
   172 00003858 003C1C02020200      <1>
   173 0000385F C3C3C383040404003C- <1>     db 0xc3,0xc3,0xc3,0x83,0x04,0x04,0x04,0x00,0x3c,0x24,0x3c,0x1c,0x02,0x02,0x02,0x00
   173 00003868 243C1C02020200      <1>
   174 0000386F C3C3C383040404003C- <1>     db 0xc3,0xc3,0xc3,0x83,0x04,0x04,0x04,0x00,0x3c,0x3c,0x3c,0x1c,0x02,0x02,0x02,0x00
   174 00003878 3C3C1C02020200      <1>
   175 0000387F C3C3C383040404003C- <1>     db 0xc3,0xc3,0xc3,0x83,0x04,0x04,0x04,0x00,0x3c,0x3c,0x3c,0x1c,0x02,0x02,0x00,0x00
   175 00003888 3C3C1C02020000      <1>
   176 0000388F C3C3C383040404003C- <1>     db 0xc3,0xc3,0xc3,0x83,0x04,0x04,0x04,0x00,0x3c,0x3c,0x3c,0x1c,0x02,0x02,0x00,0x00
   176 00003898 3C3C1C02020000      <1>
   177 0000389F C3C3C383040404003C- <1>     db 0xc3,0xc3,0xc3,0x83,0x04,0x04,0x04,0x00,0x3c,0x3c,0x3c,0x1c,0x02,0x02,0x00,0x00
   177 000038A8 3C3C1C02020000      <1>
   178 000038AF C3C3C383040404103C- <1>     db 0xc3,0xc3,0xc3,0x83,0x04,0x04,0x04,0x10,0x3c,0x3c,0x3c,0x1c,0x02,0x02,0x02,0xc0
   178 000038B8 3C3C1C020202C0      <1>
   179 000038BF C3C3C383040404103C- <1>     db 0xc3,0xc3,0xc3,0x83,0x04,0x04,0x04,0x10,0x3c,0x3c,0x3c,0x1c,0x02,0x02,0x02,0xc0
   179 000038C8 3C3C1C020202C0      <1>
   180 000038CF C3C3C3830404003C3C- <1>     db 0xc3,0xc3,0xc3,0x83,0x04,0x04,0x00,0x3c,0x3c,0x3c,0x3c,0x1c,0x02,0x02,0x00,0xc3
   180 000038D8 3C3C1C020200C3      <1>
   181 000038DF C3C3C3830404003C3C- <1>     db 0xc3,0xc3,0xc3,0x83,0x04,0x04,0x00,0x3c,0x3c,0x3c,0x3c,0x1c,0x02,0x02,0x00,0xc3
   181 000038E8 3C3C1C020200C3      <1>
   182 000038EF C3C3C3830404003C3C- <1>     db 0xc3,0xc3,0xc3,0x83,0x04,0x04,0x00,0x3c,0x3c,0x3c,0x3c,0x1c,0x02,0x02,0x00,0xc3
   182 000038F8 3C3C1C020200C3      <1>
   183 000038FF C3C3C3830404003C3C- <1>     db 0xc3,0xc3,0xc3,0x83,0x04,0x04,0x00,0x3c,0x3c,0x3c,0x3c,0x1c,0x02,0x02,0x00,0xc3
   183 00003908 3C3C1C020200C3      <1>
   184 0000390F C3C3C3830404203C3C- <1>     db 0xc3,0xc3,0xc3,0x83,0x04,0x04,0x20,0x3c,0x3c,0x3c,0x3c,0x1c,0x02,0x02,0x00,0xc3
   184 00003918 3C3C1C020200C3      <1>
   185 0000391F C3C3C3830404003C3C- <1>     db 0xc3,0xc3,0xc3,0x83,0x04,0x04,0x00,0x3c,0x3c,0x3c,0x3c,0x1c,0x02,0x02,0x00,0xc3
   185 00003928 3C3C1C020200C3      <1>
   186 0000392F 42C3C38304043C3C3C- <1>     db 0x42,0xc3,0xc3,0x83,0x04,0x04,0x3c,0x3c,0x3c,0x3c,0x3c,0x1c,0x02,0x02,0xc1,0xc3
   186 00003938 3C3C1C0202C1C3      <1>
   187 0000393F 00C3C38304043C3C18- <1>     db 0x00,0xc3,0xc3,0x83,0x04,0x04,0x3c,0x3c,0x18,0x3c,0x3c,0x1c,0x02,0x02,0x41,0xc3
   187 00003948 3C3C1C020241C3      <1>
   188 0000394F 42C3C38304043C3C18- <1>     db 0x42,0xc3,0xc3,0x83,0x04,0x04,0x3c,0x3c,0x18,0x3c,0x3c,0x1c,0x02,0x02,0xc3,0xc3
   188 00003958 3C3C1C0202C3C3      <1>
   189 0000395F 00C3C38304043C3C18- <1>     db 0x00,0xc3,0xc3,0x83,0x04,0x04,0x3c,0x3c,0x18,0x3c,0x3c,0x1c,0x02,0x02,0xc3,0xc3
   189 00003968 3C3C1C0202C3C3      <1>
   190 0000396F 00C3C3C304043C3C00- <1>     db 0x00,0xc3,0xc3,0xc3,0x04,0x04,0x3c,0x3c,0x00,0x3c,0x3c,0x1c,0x02,0xc3,0xc3,0xc3
   190 00003978 3C3C1C02C3C3C3      <1>
   191 0000397F 00C3C383041C3C3C00- <1>     db 0x00,0xc3,0xc3,0x83,0x04,0x1c,0x3c,0x3c,0x00,0x3c,0x3c,0x1c,0x02,0xc3,0xc3,0xc3
   191 00003988 3C3C1C02C3C3C3      <1>
   192 0000398F 42C3C383043C3C1818- <1>     db 0x42,0xc3,0xc3,0x83,0x04,0x3c,0x3c,0x18,0x18,0x3c,0x3c,0x1c,0x02,0xc3,0xc3,0xc3
   192 00003998 3C3C1C02C3C3C3      <1>
   193 0000399F 42C3C383043C3C3C3C- <1>     db 0x42,0xc3,0xc3,0x83,0x04,0x3c,0x3c,0x3c,0x3c,0x3c,0x3c,0x1c,0x02,0xc3,0xc3,0xc3
   193 000039A8 3C3C1C02C3C3C3      <1>
   194 000039AF 00C3C3C3043C240000- <1>     db 0x00,0xc3,0xc3,0xc3,0x04,0x3c,0x24,0x00,0x00,0x24,0x3c,0x24,0x02,0xc3,0xc3,0xc3
   194 000039B8 243C2402C3C3C3      <1>
   195 000039BF 00C3C3C3043C240000- <1>     db 0x00,0xc3,0xc3,0xc3,0x04,0x3c,0x24,0x00,0x00,0x24,0x3c,0x20,0x02,0xc3,0xc3,0xc3
   195 000039C8 243C2002C3C3C3      <1>
   196 000039CF 000040400404000000- <1>     db 0x00,0x00,0x40,0x40,0x04,0x04,0x00,0x00,0x00,0x00,0x20,0x20,0x02,0x02,0x00,0x00
   196 000039D8 00202002020000      <1>
   197 000039DF 000040400404000000- <1>     db 0x00,0x00,0x40,0x40,0x04,0x04,0x00,0x00,0x00,0x00,0x20,0x20,0x02,0x02,0x00,0x00
   197 000039E8 00202002020000      <1>
   198 000039EF C3C3C340243C240000- <1>     db 0xc3,0xc3,0xc3,0x40,0x24,0x3c,0x24,0x00,0x00,0x24,0x3c,0x20,0xc3,0xc3,0xc3,0x00
   198 000039F8 243C20C3C3C300      <1>
   199 000039FF C3C3C340243C240000- <1>     db 0xc3,0xc3,0xc3,0x40,0x24,0x3c,0x24,0x00,0x00,0x3c,0x3c,0x20,0xc3,0xc3,0xc3,0x00
   199 00003A08 3C3C20C3C3C300      <1>
   200 00003A0F C3C3C3403C3C3C0000- <1>     db 0xc3,0xc3,0xc3,0x40,0x3c,0x3c,0x3c,0x00,0x00,0x3c,0x3c,0x20,0xc1,0xc3,0xc3,0x42
   200 00003A18 3C3C20C1C3C342      <1>
   201 00003A1F C3C3C3403C3C3C0000- <1>     db 0xc3,0xc3,0xc3,0x40,0x3c,0x3c,0x3c,0x00,0x00,0x3c,0x3c,0x20,0xc1,0xc3,0xc3,0x42
   201 00003A28 3C3C20C1C3C342      <1>
   202 00003A2F C3C3C1403C3C3C003C- <1>     db 0xc3,0xc3,0xc1,0x40,0x3c,0x3c,0x3c,0x00,0x3c,0x3c,0x20,0x20,0xc1,0xc3,0xc3,0x00
   202 00003A38 3C2020C1C3C300      <1>
   203 00003A3F C3C341403C3C3C003C- <1>     db 0xc3,0xc3,0x41,0x40,0x3c,0x3c,0x3c,0x00,0x3c,0x3c,0x28,0x20,0xc1,0xc3,0xc3,0x00
   203 00003A48 3C2820C1C3C300      <1>
   204 00003A4F C3C34040383C3C003C- <1>     db 0xc3,0xc3,0x40,0x40,0x38,0x3c,0x3c,0x00,0x3c,0x3c,0x20,0x20,0xc1,0xc3,0xc3,0x42
   204 00003A58 3C2020C1C3C342      <1>
   205 00003A5F C3C34040383C3C003C- <1>     db 0xc3,0xc3,0x40,0x40,0x38,0x3c,0x3c,0x00,0x3c,0x3c,0x20,0x20,0xc1,0xc3,0xc3,0x00
   205 00003A68 3C2020C1C3C300      <1>
   206 00003A6F C3C14040383C3C243C- <1>     db 0xc3,0xc1,0x40,0x40,0x38,0x3c,0x3c,0x24,0x3c,0x1c,0x20,0x20,0xc1,0xc3,0xc3,0xc3
   206 00003A78 1C2020C1C3C3C3      <1>
   207 00003A7F C3C34040383C3C243C- <1>     db 0xc3,0xc3,0x40,0x40,0x38,0x3c,0x3c,0x24,0x3c,0x00,0x20,0x20,0xc1,0xc3,0xc3,0xc3
   207 00003A88 002020C1C3C3C3      <1>
   208 00003A8F C3004040383C3C3C3C- <1>     db 0xc3,0x00,0x40,0x40,0x38,0x3c,0x3c,0x3c,0x3c,0x00,0x20,0x20,0xc1,0xc3,0xc3,0xc3
   208 00003A98 002020C1C3C3C3      <1>
   209 00003A9F C3004040383C3C3C3C- <1>     db 0xc3,0x00,0x40,0x40,0x38,0x3c,0x3c,0x3c,0x3c,0x00,0x20,0x20,0xc1,0xc3,0xc3,0xc3
   209 00003AA8 002020C1C3C3C3      <1>
   210 00003AAF C3004040383C3C3C3C- <1>     db 0xc3,0x00,0x40,0x40,0x38,0x3c,0x3c,0x3c,0x3c,0x00,0x20,0x20,0xc1,0xc3,0xc3,0xc3
   210 00003AB8 002020C1C3C3C3      <1>
   211 00003ABF C3004040383C3C3C3C- <1>     db 0xc3,0x00,0x40,0x40,0x38,0x3c,0x3c,0x3c,0x3c,0x00,0x20,0x20,0xc1,0xc3,0xc3,0xc3
   211 00003AC8 002020C1C3C3C3      <1>
   212 00003ACF C3004040383C3C3C3C- <1>     db 0xc3,0x00,0x40,0x40,0x38,0x3c,0x3c,0x3c,0x3c,0x00,0x20,0x20,0xc1,0xc3,0xc3,0xc3
   212 00003AD8 002020C1C3C3C3      <1>
   213 00003ADF C3004040383C3C3C3C- <1>     db 0xc3,0x00,0x40,0x40,0x38,0x3c,0x3c,0x3c,0x3c,0x00,0x20,0x20,0xc1,0xc3,0xc3,0xc3
   213 00003AE8 002020C1C3C3C3      <1>
   214 00003AEF C2404040383C3C3C04- <1>     db 0xc2,0x40,0x40,0x40,0x38,0x3c,0x3c,0x3c,0x04,0x20,0x20,0x20,0xc1,0xc3,0xc3,0xc3
   214 00003AF8 202020C1C3C3C3      <1>
   215 00003AFF 02404040383C3C3C04- <1>     db 0x02,0x40,0x40,0x40,0x38,0x3c,0x3c,0x3c,0x04,0x20,0x20,0x20,0xc1,0xc3,0xc3,0xc3
   215 00003B08 202020C1C3C3C3      <1>
   216 00003B0F 02404040383C3C3C00- <1>     db 0x02,0x40,0x40,0x40,0x38,0x3c,0x3c,0x3c,0x00,0x00,0x20,0x20,0xc1,0xc3,0xc3,0xc3
   216 00003B18 002020C1C3C3C3      <1>
   217 00003B1F 00404040383C3C3C00- <1>     db 0x00,0x40,0x40,0x40,0x38,0x3c,0x3c,0x3c,0x00,0x00,0x20,0x20,0xc1,0xc3,0xc3,0xc3
   217 00003B28 002020C1C3C3C3      <1>
   218 00003B2F 00404040383C3C3C00- <1>     db 0x00,0x40,0x40,0x40,0x38,0x3c,0x3c,0x3c,0x00,0x20,0x20,0x20,0xc1,0xc3,0xc3,0xc3
   218 00003B38 202020C1C3C3C3      <1>
   219 00003B3F 00404040383C003C00- <1>     db 0x00,0x40,0x40,0x40,0x38,0x3c,0x00,0x3c,0x00,0x20,0x20,0x20,0xc1,0xc3,0xc3,0xc3
   219 00003B48 202020C1C3C3C3      <1>
   220 00003B4F 00404040383C003C00- <1>     db 0x00,0x40,0x40,0x40,0x38,0x3c,0x00,0x3c,0x00,0x20,0x20,0x20,0xc1,0xc3,0x02,0xc3
   220 00003B58 202020C1C302C3      <1>
   221 00003B5F 00404040383C003C00- <1>     db 0x00,0x40,0x40,0x40,0x38,0x3c,0x00,0x3c,0x00,0x20,0x20,0x20,0xc1,0xc3,0x00,0xc3
   221 00003B68 202020C1C300C3      <1>
   222 00003B6F 00404040383C041C00- <1>     db 0x00,0x40,0x40,0x40,0x38,0x3c,0x04,0x1c,0x00,0x20,0x20,0x20,0xe1,0xc3,0xc3,0xc3
   222 00003B78 202020E1C3C3C3      <1>
   223 00003B7F 00404040383C240400- <1>     db 0x00,0x40,0x40,0x40,0x38,0x3c,0x24,0x04,0x00,0x20,0x20,0x20,0xc1,0xc3,0xc3,0x02
   223 00003B88 202020C1C3C302      <1>
   224 00003B8F 00404040783C3C0000- <1>     db 0x00,0x40,0x40,0x40,0x78,0x3c,0x3c,0x00,0x00,0x20,0x20,0x20,0xc1,0xc3,0xc3,0x00
   224 00003B98 202020C1C3C300      <1>
   225 00003B9F 20404040783C3C0000- <1>     db 0x20,0x40,0x40,0x40,0x78,0x3c,0x3c,0x00,0x00,0x20,0x20,0x20,0xe1,0xc3,0xc3,0x20
   225 00003BA8 202020E1C3C320      <1>
   226 00003BAF 2040404078383C4000- <1>     db 0x20,0x40,0x40,0x40,0x78,0x38,0x3c,0x40,0x00,0x20,0x20,0x20,0xe1,0xc1,0xc3,0x20
   226 00003BB8 202020E1C1C320      <1>
   227 00003BBF 20404040783C384000- <1>     db 0x20,0x40,0x40,0x40,0x78,0x3c,0x38,0x40,0x00,0x20,0x20,0x20,0xc1,0xc1,0xc3,0x20
   227 00003BC8 202020C1C1C320      <1>
   228 00003BCF 004040407878784040- <1>     db 0x00,0x40,0x40,0x40,0x78,0x78,0x78,0x40,0x40,0x20,0x20,0x20,0xe1,0xe1,0xe1,0x20
   228 00003BD8 202020E1E1E120      <1>
   229 00003BDF 00404040783C384000- <1>     db 0x00,0x40,0x40,0x40,0x78,0x3c,0x38,0x40,0x00,0x20,0x20,0x20,0xe1,0xe1,0xc1,0x20
   229 00003BE8 202020E1E1C120      <1>
   230 00003BEF 004040407878384000- <1>     db 0x00,0x40,0x40,0x40,0x78,0x78,0x38,0x40,0x00,0x20,0x20,0x60,0xe1,0xc1,0xe1,0x20
   230 00003BF8 202060E1C1E120      <1>
   231 00003BFF 204040407838784000- <1>     db 0x20,0x40,0x40,0x40,0x78,0x38,0x78,0x40,0x00,0x20,0x20,0x21,0xe1,0xc1,0xe1,0x00
   231 00003C08 202021E1C1E100      <1>
   232 00003C0F 204040707878784000- <1>     db 0x20,0x40,0x40,0x70,0x78,0x78,0x78,0x40,0x00,0x20,0x20,0xa0,0xe1,0xe1,0xe1,0x20
   232 00003C18 2020A0E1E1E120      <1>
   233 00003C1F 404040687860780000- <1>     db 0x40,0x40,0x40,0x68,0x78,0x60,0x78,0x00,0x00,0x20,0x20,0xe1,0xe1,0xe1,0xe1,0x20
   233 00003C28 2020E1E1E1E120      <1>
   234 00003C2F 404040407878404020- <1>     db 0x40,0x40,0x40,0x40,0x78,0x78,0x40,0x40,0x20,0x20,0x20,0xe1,0xe1,0xe1,0xa1,0x20
   234 00003C38 2020E1E1E1A120      <1>
   235 00003C3F 404040787840400020- <1>     db 0x40,0x40,0x40,0x78,0x78,0x40,0x40,0x00,0x20,0x20,0x20,0xe1,0xe1,0x20,0x21,0x00
   235 00003C48 2020E1E1202100      <1>
   236 00003C4F 604040707800404060- <1>     db 0x60,0x40,0x40,0x70,0x78,0x00,0x40,0x40,0x60,0x20,0x20,0xe1,0xe1,0x81,0x20,0x20
   236 00003C58 2020E1E1812020      <1>
   237 00003C5F 604040787878404060- <1>     db 0x60,0x40,0x40,0x78,0x78,0x78,0x40,0x40,0x60,0x20,0x20,0xe1,0xe1,0xe1,0x20,0x20
   237 00003C68 2020E1E1E12020      <1>
   238 00003C6F 604040787878404060- <1>     db 0x60,0x40,0x40,0x78,0x78,0x78,0x40,0x40,0x60,0x20,0x20,0xe1,0xe1,0xe1,0x20,0x20
   238 00003C78 2020E1E1E12020      <1>
   239 00003C7F 604040787878404020- <1>     db 0x60,0x40,0x40,0x78,0x78,0x78,0x40,0x40,0x20,0x20,0x20,0xe1,0xe1,0xe1,0x20,0x20
   239 00003C88 2020E1E1E12020      <1>
   240 00003C8F 604040787878404060- <1>     db 0x60,0x40,0x40,0x78,0x78,0x78,0x40,0x40,0x60,0x20,0x20,0xe1,0xe1,0xe1,0x20,0x20
   240 00003C98 2020E1E1E12020      <1>
   241 00003C9F 604040787878404020- <1>     db 0x60,0x40,0x40,0x78,0x78,0x78,0x40,0x40,0x20,0x20,0x20,0xe1,0xe1,0xe1,0x20,0x20
   241 00003CA8 2020E1E1E12020      <1>
   242 00003CAF 604040787878404060- <1>     db 0x60,0x40,0x40,0x78,0x78,0x78,0x40,0x40,0x60,0x20,0x20,0xe1,0xe1,0xe1,0x20,0x20
   242 00003CB8 2020E1E1E12020      <1>
   243 00003CBF 604040787878404020- <1>     db 0x60,0x40,0x40,0x78,0x78,0x78,0x40,0x40,0x20,0x20,0x20,0xe1,0xe1,0xe1,0x20,0x20
   243 00003CC8 2020E1E1E12020      <1>
   244 00003CCF 604040787878404020- <1>     db 0x60,0x40,0x40,0x78,0x78,0x78,0x40,0x40,0x20,0x20,0x20,0xe1,0xe1,0xe1,0x20,0x20
   244 00003CD8 2020E1E1E12020      <1>
   245 00003CDF 404040787878404020- <1>     db 0x40,0x40,0x40,0x78,0x78,0x78,0x40,0x40,0x20,0x20,0x20,0xe1,0xe1,0x60,0x20,0x20
   245 00003CE8 2020E1E1602020      <1>
   246 00003CEF 604040787878404020- <1>     db 0x60,0x40,0x40,0x78,0x78,0x78,0x40,0x40,0x20,0x20,0x20,0xe1,0xe1,0x60,0x20,0x20
   246 00003CF8 2020E1E1602020      <1>
   247 00003CFF 404040787858404020- <1>     db 0x40,0x40,0x40,0x78,0x78,0x58,0x40,0x40,0x20,0x20,0x20,0xe1,0xe1,0x61,0x20,0x20
   247 00003D08 2020E1E1612020      <1>
   248 00003D0F 604040787840404020- <1>     db 0x60,0x40,0x40,0x78,0x78,0x40,0x40,0x40,0x20,0x20,0x20,0xe1,0xe1,0x20,0x20,0x60
   248 00003D18 2020E1E1202060      <1>
   249 00003D1F 404040787840404020- <1>     db 0x40,0x40,0x40,0x78,0x78,0x40,0x40,0x40,0x20,0x20,0x20,0xe1,0xe1,0x20,0x20,0x40
   249 00003D28 2020E1E1202040      <1>
   250 00003D2F 604040787840406020- <1>     db 0x60,0x40,0x40,0x78,0x78,0x40,0x40,0x60,0x20,0x20,0x20,0xe1,0xe1,0x20,0x20,0x60
   250 00003D38 2020E1E1202060      <1>
   251 00003D3F 404000780040406020- <1>     db 0x40,0x40,0x00,0x78,0x00,0x40,0x40,0x60,0x20,0x20,0x20,0xe1,0xe1,0x20,0x20,0x40
   251 00003D48 2020E1E1202040      <1>
   252 00003D4F 404000783840402020- <1>     db 0x40,0x40,0x00,0x78,0x38,0x40,0x40,0x20,0x20,0x20,0x20,0xe1,0xc1,0x20,0x20,0x40
   252 00003D58 2020E1C1202040      <1>
   253 00003D5F 404040787840406020- <1>     db 0x40,0x40,0x40,0x78,0x78,0x40,0x40,0x60,0x20,0x20,0x20,0xe1,0x81,0x20,0x20,0x40
   253 00003D68 2020E181202040      <1>
   254 00003D6F 404040787840406020- <1>     db 0x40,0x40,0x40,0x78,0x78,0x40,0x40,0x60,0x20,0x20,0x20,0xe1,0xe1,0x20,0x20,0x60
   254 00003D78 2020E1E1202060      <1>
   255 00003D7F 404000787840406020- <1>     db 0x40,0x40,0x00,0x78,0x78,0x40,0x40,0x60,0x20,0x20,0x20,0xe1,0xe1,0x20,0x20,0x60
   255 00003D88 2020E1E1202060      <1>
   256 00003D8F 404018787840406020- <1>     db 0x40,0x40,0x18,0x78,0x78,0x40,0x40,0x60,0x20,0x20,0x20,0xe1,0xe1,0x20,0x20,0x60
   256 00003D98 2020E1E1202060      <1>
   257 00003D9F 404000787840402020- <1>     db 0x40,0x40,0x00,0x78,0x78,0x40,0x40,0x20,0x20,0x20,0x81,0xe1,0xe1,0x20,0x20,0x60
   257 00003DA8 2081E1E1202060      <1>
   258 00003DAF 404018787840402020- <1>     db 0x40,0x40,0x18,0x78,0x78,0x40,0x40,0x20,0x20,0x20,0xa1,0xe1,0xe1,0x20,0x20,0x60
   258 00003DB8 20A1E1E1202060      <1>
   259 00003DBF 404078787840402020- <1>     db 0x40,0x40,0x78,0x78,0x78,0x40,0x40,0x20,0x20,0x20,0xe1,0xe1,0xe1,0x20,0x20,0x60
   259 00003DC8 20E1E1E1202060      <1>
   260 00003DCF 400078785840402020- <1>     db 0x40,0x00,0x78,0x78,0x58,0x40,0x40,0x20,0x20,0x20,0xe1,0xe1,0x41,0x20,0x20,0x60
   260 00003DD8 20E1E141202060      <1>
   261 00003DDF 400078780040402020- <1>     db 0x40,0x00,0x78,0x78,0x00,0x40,0x40,0x20,0x20,0x00,0xe1,0xe1,0x60,0x20,0x20,0x60
   261 00003DE8 00E1E160202060      <1>
   262 00003DEF 404078780040402020- <1>     db 0x40,0x40,0x78,0x78,0x00,0x40,0x40,0x20,0x20,0x20,0xe1,0xe1,0x20,0x20,0x20,0x60
   262 00003DF8 20E1E120202060      <1>
   263 00003DFF 404078780040402020- <1>     db 0x40,0x40,0x78,0x78,0x00,0x40,0x40,0x20,0x20,0x20,0xe1,0xe1,0x00,0x20,0x20,0x60
   263 00003E08 20E1E100202060      <1>
   264 00003E0F 404078780040606020- <1>     db 0x40,0x40,0x78,0x78,0x00,0x40,0x60,0x60,0x20,0x20,0xe1,0xe1,0x00,0x20,0x20,0x60
   264 00003E18 20E1E100202060      <1>
   265 00003E1F 404078780040606020- <1>     db 0x40,0x40,0x78,0x78,0x00,0x40,0x60,0x60,0x20,0x20,0xe1,0xe1,0x00,0x20,0x60,0x60
   265 00003E28 20E1E100206060      <1>
   266 00003E2F 404078780040606020- <1>     db 0x40,0x40,0x78,0x78,0x00,0x40,0x60,0x60,0x20,0x00,0xe1,0xe1,0x00,0x20,0x60,0x60
   266 00003E38 00E1E100206060      <1>
   267 00003E3F 404078600040606020- <1>     db 0x40,0x40,0x78,0x60,0x00,0x40,0x60,0x60,0x20,0x00,0xe1,0x81,0x00,0x20,0x60,0x60
   267 00003E48 00E18100206060      <1>
   268 00003E4F 404078380040602020- <1>     db 0x40,0x40,0x78,0x38,0x00,0x40,0x60,0x20,0x20,0x00,0xe1,0xc1,0x00,0x20,0x60,0x40
   268 00003E58 00E1C100206040      <1>
   269 00003E5F 400078400040602020- <1>     db 0x40,0x00,0x78,0x40,0x00,0x40,0x60,0x20,0x20,0x00,0xe1,0xe1,0x00,0x20,0x60,0x40
   269 00003E68 00E1E100206040      <1>
   270 00003E6F 400078780040606000- <1>     db 0x40,0x00,0x78,0x78,0x00,0x40,0x60,0x60,0x00,0x00,0xe1,0xe1,0x00,0x20,0x60,0x60
   270 00003E78 00E1E100206060      <1>
   271 00003E7F 000078780040602020- <1>     db 0x00,0x00,0x78,0x78,0x00,0x40,0x60,0x20,0x20,0x00,0xe1,0xe1,0x00,0x20,0x60,0x60
   271 00003E88 00E1E100206060      <1>
   272 00003E8F 000078780040602000- <1>     db 0x00,0x00,0x78,0x78,0x00,0x40,0x60,0x20,0x00,0x00,0xe1,0xe1,0x00,0x20,0x60,0x40
   272 00003E98 00E1E100206040      <1>
   273 00003E9F 400078780040602020- <1>     db 0x40,0x00,0x78,0x78,0x00,0x40,0x60,0x20,0x20,0x00,0xe1,0xe1,0x00,0x20,0x60,0x40
   273 00003EA8 00E1E100206040      <1>
   274 00003EAF 400078780040602020- <1>     db 0x40,0x00,0x78,0x78,0x00,0x40,0x60,0x20,0x20,0x00,0xe1,0x60,0x00,0x20,0x60,0x40
   274 00003EB8 00E16000206040      <1>
   275 00003EBF 400078384040602020- <1>     db 0x40,0x00,0x78,0x38,0x40,0x40,0x60,0x20,0x20,0x00,0xe1,0x00,0x00,0x20,0x60,0x40
   275 00003EC8 00E10000206040      <1>
   276 00003ECF 400078784040602020- <1>     db 0x40,0x00,0x78,0x78,0x40,0x40,0x60,0x20,0x20,0x00,0xe1,0x01,0x00,0x20,0x60,0x40
   276 00003ED8 00E10100206040      <1>
   277 00003EDF 407878004040602020- <1>     db 0x40,0x78,0x78,0x00,0x40,0x40,0x60,0x20,0x20,0x60,0xe1,0x01,0x20,0x20,0x60,0x40
   277 00003EE8 60E10120206040      <1>
   278 00003EEF 002078004040602000- <1>     db 0x00,0x20,0x78,0x00,0x40,0x40,0x60,0x20,0x00,0xe1,0xe1,0x00,0x20,0x20,0x60,0x40
   278 00003EF8 E1E10020206040      <1>
   279 00003EFF 407878004040202000- <1>     db 0x40,0x78,0x78,0x00,0x40,0x40,0x20,0x20,0x00,0xe1,0xe1,0x00,0x20,0x60,0x60,0x40
   279 00003F08 E1E10020606040      <1>
   280 00003F0F 007878004060602000- <1>     db 0x00,0x78,0x78,0x00,0x40,0x60,0x60,0x20,0x00,0xe1,0xe1,0x00,0x20,0x60,0x60,0x40
   280 00003F18 E1E10020606040      <1>
   281 00003F1F 007878004060602000- <1>     db 0x00,0x78,0x78,0x00,0x40,0x60,0x60,0x20,0x00,0xe1,0xe1,0x00,0x20,0x60,0x60,0x40
   281 00003F28 E1E10020606040      <1>
   282 00003F2F 007878004060202000- <1>     db 0x00,0x78,0x78,0x00,0x40,0x60,0x20,0x20,0x00,0xe1,0xe1,0x00,0x20,0x60,0x40,0x40
   282 00003F38 E1E10020604040      <1>
   283 00003F3F 007878004060202000- <1>     db 0x00,0x78,0x78,0x00,0x40,0x60,0x20,0x20,0x00,0xe1,0xe1,0x00,0x20,0x60,0x40,0x40
   283 00003F48 E1E10020604040      <1>
   284 00003F4F 807840004060602000- <1>     db 0x80,0x78,0x40,0x00,0x40,0x60,0x60,0x20,0x00,0xe1,0xc1,0x00,0x20,0x60,0x60,0x40
   284 00003F58 E1C10020606040      <1>
   285 00003F5F 007800004060202000- <1>     db 0x00,0x78,0x00,0x00,0x40,0x60,0x20,0x20,0x00,0xe1,0x81,0x00,0x20,0x60,0x60,0x40
   285 00003F68 E1810020606040      <1>
   286 00003F6F 007878004060602000- <1>     db 0x00,0x78,0x78,0x00,0x40,0x60,0x60,0x20,0x00,0xe1,0xe1,0x00,0x20,0x60,0x60,0x40
   286 00003F78 E1E10020606040      <1>
   287 00003F7F 007878004060602000- <1>     db 0x00,0x78,0x78,0x00,0x40,0x60,0x60,0x20,0x00,0xe1,0xe1,0x00,0x20,0x60,0x60,0x40
   287 00003F88 E1E10020606040      <1>
   288 00003F8F 807878004060602000- <1>     db 0x80,0x78,0x78,0x00,0x40,0x60,0x60,0x20,0x00,0xe1,0xe1,0x00,0x20,0x60,0x60,0x40
   288 00003F98 E1E10020606040      <1>
   289 00003F9F 807878004060600000- <1>     db 0x80,0x78,0x78,0x00,0x40,0x60,0x60,0x00,0x00,0xe1,0xe1,0x00,0x20,0x60,0x60,0xc0
   289 00003FA8 E1E100206060C0      <1>
   290 00003FAF 807868004060601010- <1>     db 0x80,0x78,0x68,0x00,0x40,0x60,0x60,0x10,0x10,0xe1,0x61,0x00,0x20,0x60,0x60,0xc0
   290 00003FB8 E16100206060C0      <1>
   291 00003FBF 807028004060201010- <1>     db 0x80,0x70,0x28,0x00,0x40,0x60,0x20,0x10,0x10,0xe1,0x01,0x00,0x20,0x60,0x40,0xc0
   291 00003FC8 E10100206040C0      <1>
   292 00003FCF 807000004060201010- <1>     db 0x80,0x70,0x00,0x00,0x40,0x60,0x20,0x10,0x10,0xe1,0x01,0x00,0x60,0x60,0x40,0xc0
   292 00003FD8 E10100606040C0      <1>
   293 00003FDF 807800004060201010- <1>     db 0x80,0x78,0x00,0x00,0x40,0x60,0x20,0x10,0x10,0xe1,0x00,0x00,0x60,0x60,0x40,0x80
   293 00003FE8 E1000060604080      <1>
   294 00003FEF 90F800004060301010- <1>     db 0x90,0xf8,0x00,0x00,0x40,0x60,0x30,0x10,0x10,0xe1,0x10,0x00,0x60,0x60,0xc0,0x80
   294 00003FF8 E110006060C080      <1>
   295 00003FFF 80F000004060301010- <1>     db 0x80,0xf0,0x00,0x00,0x40,0x60,0x30,0x10,0x10,0xe0,0x00,0x00,0x60,0x60,0xc0,0x80
   295 00004008 E000006060C080      <1>
   296 0000400F F0F000006060201090- <1>     db 0xf0,0xf0,0x00,0x00,0x60,0x60,0x20,0x10,0x90,0xf0,0x00,0x00,0x60,0x60,0xc0,0x80
   296 00004018 F000006060C080      <1>
   297 0000401F F0F0800060601010F0- <1>     db 0xf0,0xf0,0x80,0x00,0x60,0x60,0x10,0x10,0xf0,0xf0,0x00,0x20,0x60,0x60,0xc0,0x80
   297 00004028 F000206060C080      <1>
   298 0000402F F0F08080E0601010F0- <1>     db 0xf0,0xf0,0x80,0x80,0xe0,0x60,0x10,0x10,0xf0,0xf0,0x10,0x10,0x60,0x60,0x80,0x80
   298 00004038 F0101060608080      <1>
   299 0000403F F09080C060601010F0- <1>     db 0xf0,0x90,0x80,0xc0,0x60,0x60,0x10,0x10,0xf0,0x90,0x10,0x30,0x60,0xe0,0x80,0x80
   299 00004048 90103060E08080      <1>
   300 0000404F F0C080C0E0303010F0- <1>     db 0xf0,0xc0,0x80,0xc0,0xe0,0x30,0x30,0x10,0xf0,0xd0,0x10,0x30,0x60,0xe0,0x40,0x00
   300 00004058 D0103060E04000      <1>
   301 0000405F F0F080C060603010F0- <1>     db 0xf0,0xf0,0x80,0xc0,0x60,0x60,0x30,0x10,0xf0,0xf0,0x10,0x30,0x60,0xe0,0x40,0x00
   301 00004068 F0103060E04000      <1>
   302 0000406F F0F080C0E0603010F0- <1>     db 0xf0,0xf0,0x80,0xc0,0xe0,0x60,0x30,0x10,0xf0,0xf0,0x10,0x30,0x70,0xe0,0xc0,0x00
   302 00004078 F0103070E0C000      <1>
   303 0000407F F0F080C0E0703000F0- <1>     db 0xf0,0xf0,0x80,0xc0,0xe0,0x70,0x30,0x00,0xf0,0xf0,0x10,0x30,0x70,0xe0,0x80,0x00
   303 00004088 F0103070E08000      <1>
   304 0000408F F0F080C0E0701010F0- <1>     db 0xf0,0xf0,0x80,0xc0,0xe0,0x70,0x10,0x10,0xf0,0xf0,0x10,0x30,0x70,0xe0,0x80,0x80
   304 00004098 F0103070E08080      <1>
   305 0000409F F0F080C060701010F0- <1>     db 0xf0,0xf0,0x80,0xc0,0x60,0x70,0x10,0x10,0xf0,0xf0,0x10,0x30,0x60,0xe0,0x80,0x80
   305 000040A8 F0103060E08080      <1>
   306 000040AF F0F080C0E0701000F0- <1>     db 0xf0,0xf0,0x80,0xc0,0xe0,0x70,0x10,0x00,0xf0,0x90,0x10,0x30,0x60,0xe0,0x80,0x80
   306 000040B8 90103060E08080      <1>
   307 000040BF F09080C0F0701000F0- <1>     db 0xf0,0x90,0x80,0xc0,0xf0,0x70,0x10,0x00,0xf0,0x90,0x10,0x70,0x70,0xe0,0x80,0x00
   307 000040C8 90107070E08000      <1>
   308 000040CF F00080C070701000F0- <1>     db 0xf0,0x00,0x80,0xc0,0x70,0x70,0x10,0x00,0xf0,0x00,0x10,0x70,0xf0,0x60,0x00,0x00
   308 000040D8 001070F0600000      <1>
   309 000040DF F00080E0F0301000F0- <1>     db 0xf0,0x00,0x80,0xe0,0xf0,0x30,0x10,0x00,0xf0,0x00,0x10,0x70,0xe0,0xe0,0x80,0x00
   309 000040E8 001070E0E08000      <1>
   310 000040EF F00080E0F0301000F0- <1>     db 0xf0,0x00,0x80,0xe0,0xf0,0x30,0x10,0x00,0xf0,0x00,0x10,0x70,0xf0,0xa0,0x80,0x00
   310 000040F8 001070F0A08000      <1>
   311 000040FF F00080E070301000F0- <1>     db 0xf0,0x00,0x80,0xe0,0x70,0x30,0x10,0x00,0xf0,0x00,0x10,0x70,0xf0,0xe0,0x80,0x00
   311 00004108 001070F0E08000      <1>
   312 0000410F F00080E0703000E0F0- <1>     db 0xf0,0x00,0x80,0xe0,0x70,0x30,0x00,0xe0,0xf0,0x00,0x10,0x70,0xf0,0xc0,0x00,0x80
   312 00004118 001070F0C00080      <1>
   313 0000411F F00080E0F03000F0F0- <1>     db 0xf0,0x00,0x80,0xe0,0xf0,0x30,0x00,0xf0,0xf0,0x00,0x10,0x70,0xf0,0xc0,0x00,0xf0
   313 00004128 001070F0C000F0      <1>
   314 0000412F F00080E0703000F0F0- <1>     db 0xf0,0x00,0x80,0xe0,0x70,0x30,0x00,0xf0,0xf0,0x00,0x10,0xf0,0xe0,0xc0,0x00,0xf0
   314 00004138 0010F0E0C000F0      <1>
   315 0000413F C00080E0F02000F0F0- <1>     db 0xc0,0x00,0x80,0xe0,0xf0,0x20,0x00,0xf0,0xf0,0x00,0x10,0xf0,0xe0,0xc0,0x00,0xf0
   315 00004148 0010F0E0C000F0      <1>
   316 0000414F 300000F0F00000F0E0- <1>     db 0x30,0x00,0x00,0xf0,0xf0,0x00,0x00,0xf0,0xe0,0x00,0x00,0xf0,0xf0,0x80,0x00,0xf0
   316 00004158 0000F0F08000F0      <1>
   317 0000415F F00080F0701000F080- <1>     db 0xf0,0x00,0x80,0xf0,0x70,0x10,0x00,0xf0,0x80,0x00,0x10,0xe0,0xe0,0x00,0x00,0xf0
   317 00004168 0010E0E00000F0      <1>
   318 0000416F F00080F0700000F0F0- <1>     db 0xf0,0x00,0x80,0xf0,0x70,0x00,0x00,0xf0,0xf0,0x00,0x10,0xf0,0xe0,0x00,0x00,0xf0
   318 00004178 0010F0E00000F0      <1>
   319 0000417F F00080F0F01000F0F0- <1>     db 0xf0,0x00,0x80,0xf0,0xf0,0x10,0x00,0xf0,0xf0,0x00,0x10,0xf0,0xf0,0x00,0x00,0xf0
   319 00004188 0010F0F00000F0      <1>
   320 0000418F F00000F0F00000F0F0- <1>     db 0xf0,0x00,0x00,0xf0,0xf0,0x00,0x00,0xf0,0xf0,0x00,0x10,0xe0,0xe0,0x80,0x00,0xf0
   320 00004198 0010E0E08000F0      <1>
   321 0000419F E000A0F0700000F0F0- <1>     db 0xe0,0x00,0xa0,0xf0,0x70,0x00,0x00,0xf0,0xf0,0x00,0x70,0xe0,0xe0,0x00,0x00,0xf0
   321 000041A8 0070E0E00000F0      <1>
   322 000041AF 9000A0E0E00000F090- <1>     db 0x90,0x00,0xa0,0xe0,0xe0,0x00,0x00,0xf0,0x90,0x00,0xe0,0xe0,0xe0,0x00,0x00,0xf0
   322 000041B8 00E0E0E00000F0      <1>
   323 000041BF 8000F0F0600000F000- <1>     db 0x80,0x00,0xf0,0xf0,0x60,0x00,0x00,0xf0,0x00,0x00,0xf0,0xf0,0x60,0x00,0x00,0xf0
   323 000041C8 00F0F0600000F0      <1>
   324 000041CF 0000F0F0000000F000- <1>     db 0x00,0x00,0xf0,0xf0,0x00,0x00,0x00,0xf0,0x00,0x00,0xf0,0xf0,0x00,0x00,0x00,0xf0
   324 000041D8 00F0F0000000F0      <1>
   325 000041DF 0000F0F0600000F000- <1>     db 0x00,0x00,0xf0,0xf0,0x60,0x00,0x00,0xf0,0x00,0x00,0xf0,0xf0,0x60,0x00,0x00,0xf0
   325 000041E8 00F0F0600000F0      <1>
   326 000041EF 0000F0F0700000F000- <1>     db 0x00,0x00,0xf0,0xf0,0x70,0x00,0x00,0xf0,0x00,0x00,0xf0,0xf0,0x70,0x00,0x00,0xf0
   326 000041F8 00F0F0700000F0      <1>
   327 000041FF 0000F0F0600000F000- <1>     db 0x00,0x00,0xf0,0xf0,0x60,0x00,0x00,0xf0,0x00,0x00,0xf0,0xf0,0x60,0x00,0x00,0xf0
   327 00004208 00F0F0600000F0      <1>
   328 0000420F 0000F0F0600020F000- <1>     db 0x00,0x00,0xf0,0xf0,0x60,0x00,0x20,0xf0,0x00,0x00,0x60,0x70,0x70,0x00,0x10,0xf0
   328 00004218 006070700010F0      <1>
   329 0000421F 0000F0F08000B0F000- <1>     db 0x00,0x00,0xf0,0xf0,0x80,0x00,0xb0,0xf0,0x00,0x00,0x70,0x70,0x70,0x00,0xf0,0xf0
   329 00004228 0070707000F0F0      <1>
   330 0000422F 0010F0F08000F0F000- <1>     db 0x00,0x10,0xf0,0xf0,0x80,0x00,0xf0,0xf0,0x00,0x80,0xe0,0xf0,0x50,0x00,0xf0,0xf0
   330 00004238 80E0F05000F0F0      <1>
   331 0000423F 0010F0E08000F08000- <1>     db 0x00,0x10,0xf0,0xe0,0x80,0x00,0xf0,0x80,0x00,0x80,0xf0,0xf0,0x10,0x00,0xf0,0xf0
   331 00004248 80F0F01000F0F0      <1>
   332 0000424F 0010F0F00000F0E000- <1>     db 0x00,0x10,0xf0,0xf0,0x00,0x00,0xf0,0xe0,0x00,0x80,0xf0,0x70,0x00,0x00,0xf0,0x30
   332 00004258 80F0700000F030      <1>
   333 0000425F 0010F0E08000F0F000- <1>     db 0x00,0x10,0xf0,0xe0,0x80,0x00,0xf0,0xf0,0x00,0x80,0xe0,0x60,0x00,0x00,0xf0,0xc0
   333 00004268 80E0600000F0C0      <1>
   334 0000426F 0010F0E08000F0F000- <1>     db 0x00,0x10,0xf0,0xe0,0x80,0x00,0xf0,0xf0,0x00,0xc0,0xf0,0x70,0x10,0x00,0xf0,0xf0
   334 00004278 C0F0701000F0F0      <1>
   335 0000427F 0030F0E08000F0F000- <1>     db 0x00,0x30,0xf0,0xe0,0x80,0x00,0xf0,0xf0,0x00,0xc0,0xe0,0x70,0x10,0x00,0xf0,0xf0
   335 00004288 C0E0701000F0F0      <1>
   336 0000428F 0030F0E08000F0F000- <1>     db 0x00,0x30,0xf0,0xe0,0x80,0x00,0xf0,0xf0,0x00,0xc0,0xe0,0x70,0x10,0x00,0xf0,0xf0
   336 00004298 C0E0701000F0F0      <1>
   337 0000429F 0030F0E08000F0D000- <1>     db 0x00,0x30,0xf0,0xe0,0x80,0x00,0xf0,0xd0,0x00,0x40,0x60,0x70,0x10,0x00,0xf0,0xf0
   337 000042A8 4060701000F0F0      <1>
   338 000042AF 1030E0E08000F0C080- <1>     db 0x10,0x30,0xe0,0xe0,0x80,0x00,0xf0,0xc0,0x80,0xc0,0x60,0x30,0x10,0x00,0xf0,0xf0
   338 000042B8 C060301000F0F0      <1>
   339 000042BF 103060E08000F08080- <1>     db 0x10,0x30,0x60,0xe0,0x80,0x00,0xf0,0x80,0x80,0x60,0x70,0x70,0x10,0x00,0xf0,0xa0
   339 000042C8 6070701000F0A0      <1>
   340 000042CF 1070E0C08000F08080- <1>     db 0x10,0x70,0xe0,0xc0,0x80,0x00,0xf0,0x80,0x80,0xc0,0xf0,0x70,0x10,0x00,0xf0,0x10
   340 000042D8 C0F0701000F010      <1>
   341 000042DF 1070E0C08000F00080- <1>     db 0x10,0x70,0xe0,0xc0,0x80,0x00,0xf0,0x00,0x80,0xe0,0xe0,0x70,0x10,0x00,0xf0,0x00
   341 000042E8 E0E0701000F000      <1>
   342 000042EF 103060C08000F00000- <1>     db 0x10,0x30,0x60,0xc0,0x80,0x00,0xf0,0x00,0x00,0x60,0x70,0x70,0x10,0x00,0xf0,0x10
   342 000042F8 6070701000F010      <1>
   343 000042FF 107060C08020F00000- <1>     db 0x10,0x70,0x60,0xc0,0x80,0x20,0xf0,0x00,0x00,0x60,0x70,0x30,0x10,0x10,0xf0,0x10
   343 00004308 6070301010F010      <1>
   344 0000430F 1070E0C080C0F08080- <1>     db 0x10,0x70,0xe0,0xc0,0x80,0xc0,0xf0,0x80,0x80,0x60,0x60,0x30,0x10,0xc0,0xf0,0x00
   344 00004318 60603010C0F000      <1>
   345 0000431F 1060608080F0F08080- <1>     db 0x10,0x60,0x60,0x80,0x80,0xf0,0xf0,0x80,0x80,0x60,0x60,0x30,0x10,0xf0,0xf0,0x10
   345 00004328 60603010F0F010      <1>
   346 0000432F 106060C080F0F08080- <1>     db 0x10,0x60,0x60,0xc0,0x80,0xf0,0xf0,0x80,0x80,0xe0,0x70,0x30,0x10,0xf0,0xf0,0x10
   346 00004338 E0703010F0F010      <1>
   347 0000433F 1070E0C080F0F080C0- <1>     db 0x10,0x70,0xe0,0xc0,0x80,0xf0,0xf0,0x80,0xc0,0xe0,0x60,0x30,0x10,0xf0,0xf0,0x10
   347 00004348 E0603010F0F010      <1>
   348 0000434F 206060C080F0D080C0- <1>     db 0x20,0x60,0x60,0xc0,0x80,0xf0,0xd0,0x80,0xc0,0xe0,0x60,0x30,0x10,0xf0,0xc0,0x00
   348 00004358 E0603010F0C000      <1>
   349 0000435F 3060E0C080F0900040- <1>     db 0x30,0x60,0xe0,0xc0,0x80,0xf0,0x90,0x00,0x40,0x60,0x30,0x30,0x10,0xf0,0x80,0x10
   349 00004368 60303010F08010      <1>
   350 0000436F 206040C080F0F08040- <1>     db 0x20,0x60,0x40,0xc0,0x80,0xf0,0xf0,0x80,0x40,0x60,0x20,0x30,0x10,0xf0,0xe0,0x10
   350 00004378 60203010F0E010      <1>
   351 0000437F 206040C080F0F080C0- <1>     db 0x20,0x60,0x40,0xc0,0x80,0xf0,0xf0,0x80,0xc0,0x60,0x60,0x30,0x10,0xf0,0xe0,0x10
   351 00004388 60603010F0E010      <1>
   352 0000438F 206060808070F08040- <1>     db 0x20,0x60,0x60,0x80,0x80,0x70,0xf0,0x80,0x40,0x60,0x60,0x10,0x10,0xe0,0xf0,0x00
   352 00004398 60601010E0F000      <1>
   353 0000439F 2060608080F0F00040- <1>     db 0x20,0x60,0x60,0x80,0x80,0xf0,0xf0,0x00,0x40,0x60,0x60,0x10,0x10,0xe0,0xe0,0x00
   353 000043A8 60601010E0E000      <1>
   354 000043AF 2060408080F0600040- <1>     db 0x20,0x60,0x40,0x80,0x80,0xf0,0x60,0x00,0x40,0x60,0x60,0x10,0x10,0xe0,0xe0,0x00
   354 000043B8 60601010E0E000      <1>
   355 000043BF 206040808070800040- <1>     db 0x20,0x60,0x40,0x80,0x80,0x70,0x80,0x00,0x40,0x60,0x60,0x10,0x10,0xf0,0xc0,0x00
   355 000043C8 60601010F0C000      <1>
   356 000043CF 206040008070000040- <1>     db 0x20,0x60,0x40,0x00,0x80,0x70,0x00,0x00,0x40,0x60,0x20,0x00,0x00,0xe0,0x00,0x00
   356 000043D8 60200000E00000      <1>
   357 000043DF 206040008078000040- <1>     db 0x20,0x60,0x40,0x00,0x80,0x78,0x00,0x00,0x40,0x60,0x20,0x10,0x10,0xe0,0x00,0x00
   357 000043E8 60201010E00000      <1>
   358 000043EF 206040008078000040- <1>     db 0x20,0x60,0x40,0x00,0x80,0x78,0x00,0x00,0x40,0x60,0x20,0x10,0x20,0xe1,0x00,0x00
   358 000043F8 60201020E10000      <1>
   359 000043FF 606040008078000060- <1>     db 0x60,0x60,0x40,0x00,0x80,0x78,0x00,0x00,0x60,0x60,0x20,0x10,0xf0,0xe0,0x00,0x00
   359 00004408 602010F0E00000      <1>
   360 0000440F 606040005078000060- <1>     db 0x60,0x60,0x40,0x00,0x50,0x78,0x00,0x00,0x60,0x60,0x20,0x10,0xe0,0xe1,0x00,0x00
   360 00004418 602010E0E10000      <1>
   361 0000441F 606040007078000060- <1>     db 0x60,0x60,0x40,0x00,0x70,0x78,0x00,0x00,0x60,0x60,0x20,0x00,0xe1,0xe1,0x00,0x20
   361 00004428 602000E1E10020      <1>
   362 0000442F 606040007878004060- <1>     db 0x60,0x60,0x40,0x00,0x78,0x78,0x00,0x40,0x60,0x60,0x20,0x00,0xe1,0xe1,0x00,0x20
   362 00004438 602000E1E10020      <1>
   363 0000443F 606000007818004060- <1>     db 0x60,0x60,0x00,0x00,0x78,0x18,0x00,0x40,0x60,0x60,0x00,0x00,0xe1,0x81,0x00,0x20
   363 00004448 600000E1810020      <1>
   364 0000444F 606040007858004060- <1>     db 0x60,0x60,0x40,0x00,0x78,0x58,0x00,0x40,0x60,0x60,0x20,0x00,0xe1,0xc1,0x00,0x20
   364 00004458 602000E1C10020      <1>
   365 0000445F 604040007878004060- <1>     db 0x60,0x40,0x40,0x00,0x78,0x78,0x00,0x40,0x60,0x60,0x20,0x00,0xe1,0xe1,0x00,0x20
   365 00004468 602000E1E10020      <1>
   366 0000446F 606000007878004060- <1>     db 0x60,0x60,0x00,0x00,0x78,0x78,0x00,0x40,0x60,0x60,0x00,0x00,0xe1,0xe1,0x00,0x20
   366 00004478 600000E1E10020      <1>
   367 0000447F 606040007878004060- <1>     db 0x60,0x60,0x40,0x00,0x78,0x78,0x00,0x40,0x60,0x60,0x20,0x00,0xe1,0xe1,0x00,0x20
   367 00004488 602000E1E10020      <1>
   368 0000448F 606040007878004060- <1>     db 0x60,0x60,0x40,0x00,0x78,0x78,0x00,0x40,0x60,0x20,0x20,0x00,0xe1,0xe1,0x00,0x20
   368 00004498 202000E1E10020      <1>
   369 0000449F 604040007878004060- <1>     db 0x60,0x40,0x40,0x00,0x78,0x78,0x00,0x40,0x60,0x60,0x20,0x00,0xe1,0xe1,0x00,0x20
   369 000044A8 602000E1E10020      <1>
   370 000044AF 604040007878004060- <1>     db 0x60,0x40,0x40,0x00,0x78,0x78,0x00,0x40,0x60,0x20,0x20,0x00,0xe1,0xe1,0x00,0x20
   370 000044B8 202000E1E10020      <1>
   371 000044BF 604040007808004060- <1>     db 0x60,0x40,0x40,0x00,0x78,0x08,0x00,0x40,0x60,0x20,0x20,0x00,0xe1,0x81,0x00,0x20
   371 000044C8 202000E1810020      <1>
   372 000044CF 604040007818004060- <1>     db 0x60,0x40,0x40,0x00,0x78,0x18,0x00,0x40,0x60,0x20,0x20,0x00,0xe1,0x61,0x00,0x20
   372 000044D8 202000E1610020      <1>
   373 000044DF 604040787800404060- <1>     db 0x60,0x40,0x40,0x78,0x78,0x00,0x40,0x40,0x60,0x20,0x20,0x00,0xe1,0x00,0x20,0x20
   373 000044E8 202000E1002020      <1>
   374 000044EF 604040787800404060- <1>     db 0x60,0x40,0x40,0x78,0x78,0x00,0x40,0x40,0x60,0x20,0x00,0xc1,0xe1,0x01,0x20,0x20
   374 000044F8 2000C1E1012020      <1>
   375 000044FF 604000787800406060- <1>     db 0x60,0x40,0x00,0x78,0x78,0x00,0x40,0x60,0x60,0x20,0x00,0xe1,0xe1,0x00,0x20,0x20
   375 00004508 2000E1E1002020      <1>
   376 0000450F 404040787800406060- <1>     db 0x40,0x40,0x40,0x78,0x78,0x00,0x40,0x60,0x60,0x20,0x00,0xe1,0xe1,0x00,0x20,0x60
   376 00004518 2000E1E1002060      <1>
   377 0000451F 404000787800406060- <1>     db 0x40,0x40,0x00,0x78,0x78,0x00,0x40,0x60,0x60,0x20,0x20,0xe1,0xe1,0x00,0x20,0x60
   377 00004528 2020E1E1002060      <1>
   378 0000452F 604000787800406060- <1>     db 0x60,0x40,0x00,0x78,0x78,0x00,0x40,0x60,0x60,0x20,0x00,0xe1,0xe1,0x00,0x20,0x60
   378 00004538 2000E1E1002060      <1>
   379 0000453F 604000787800406060- <1>     db 0x60,0x40,0x00,0x78,0x78,0x00,0x40,0x60,0x60,0x20,0x00,0xe1,0xc1,0x00,0x20,0x60
   379 00004548 2000E1C1002060      <1>
   380 0000454F 604000784000406020- <1>     db 0x60,0x40,0x00,0x78,0x40,0x00,0x40,0x60,0x20,0x20,0x00,0xe1,0x20,0x00,0x20,0x60
   380 00004558 2000E120002060      <1>
   381 0000455F 404000780000406020- <1>     db 0x40,0x40,0x00,0x78,0x00,0x00,0x40,0x60,0x20,0x20,0x00,0xe1,0xe1,0x00,0x20,0x60
   381 00004568 2000E1E1002060      <1>
   382 0000456F 404000786000406020- <1>     db 0x40,0x40,0x00,0x78,0x60,0x00,0x40,0x60,0x20,0x20,0x00,0xe1,0xe1,0x00,0x20,0x60
   382 00004578 2000E1E1002060      <1>
   383 0000457F 404000787800406020- <1>     db 0x40,0x40,0x00,0x78,0x78,0x00,0x40,0x60,0x20,0x20,0x00,0xe1,0xe1,0x00,0x20,0x60
   383 00004588 2000E1E1002060      <1>
   384 0000458F 404000787840406020- <1>     db 0x40,0x40,0x00,0x78,0x78,0x40,0x40,0x60,0x20,0x20,0x00,0xe1,0xe1,0x20,0x20,0x60
   384 00004598 2000E1E1202060      <1>
   385 0000459F 404000787840406020- <1>     db 0x40,0x40,0x00,0x78,0x78,0x40,0x40,0x60,0x20,0x20,0x00,0xe1,0xe1,0x20,0x20,0x60
   385 000045A8 2000E1E1202060      <1>
   386 000045AF 400010787840406020- <1>     db 0x40,0x00,0x10,0x78,0x78,0x40,0x40,0x60,0x20,0x00,0x00,0xe1,0xe1,0x20,0x20,0x60
   386 000045B8 0000E1E1202060      <1>
   387 000045BF 400018785040406020- <1>     db 0x40,0x00,0x18,0x78,0x50,0x40,0x40,0x60,0x20,0x20,0x80,0xe1,0xe1,0x20,0x20,0x60
   387 000045C8 2080E1E1202060      <1>
   388 000045CF 404078784040406020- <1>     db 0x40,0x40,0x78,0x78,0x40,0x40,0x40,0x60,0x20,0x00,0xe1,0xe1,0xc1,0x20,0x20,0x40
   388 000045D8 00E1E1C1202040      <1>
   389 000045DF 404078786040402020- <1>     db 0x40,0x40,0x78,0x78,0x60,0x40,0x40,0x20,0x20,0x00,0xe1,0xe1,0x80,0x20,0x20,0x40
   389 000045E8 00E1E180202040      <1>
   390 000045EF 400078782040406020- <1>     db 0x40,0x00,0x78,0x78,0x20,0x40,0x40,0x60,0x20,0x00,0xe1,0xe1,0x00,0x20,0x20,0x60
   390 000045F8 00E1E100202060      <1>
   391 000045FF 400078780040406020- <1>     db 0x40,0x00,0x78,0x78,0x00,0x40,0x40,0x60,0x20,0x00,0xe1,0xe1,0x00,0x20,0x20,0x60
   391 00004608 00E1E100202060      <1>
   392 0000460F 404078780040606020- <1>     db 0x40,0x40,0x78,0x78,0x00,0x40,0x60,0x60,0x20,0x20,0xe1,0xe1,0x00,0x20,0x20,0x60
   392 00004618 20E1E100202060      <1>
   393 0000461F 404078780040606020- <1>     db 0x40,0x40,0x78,0x78,0x00,0x40,0x60,0x60,0x20,0x20,0xe1,0xe1,0x00,0x20,0x20,0x40
   393 00004628 20E1E100202040      <1>
   394 0000462F 404078604040602020- <1>     db 0x40,0x40,0x78,0x60,0x40,0x40,0x60,0x20,0x20,0x20,0xe1,0xe1,0x00,0x20,0x20,0x40
   394 00004638 20E1E100202040      <1>
   395 0000463F 400078004040602020- <1>     db 0x40,0x00,0x78,0x00,0x40,0x40,0x60,0x20,0x20,0x20,0xe1,0xe1,0x20,0x20,0x60,0x40
   395 00004648 20E1E120206040      <1>
   396 0000464F 400078404040202020- <1>     db 0x40,0x00,0x78,0x40,0x40,0x40,0x20,0x20,0x20,0x00,0xe1,0x20,0x20,0x20,0x60,0x40
   396 00004658 00E12020206040      <1>
   397 0000465F 404078784040202020- <1>     db 0x40,0x40,0x78,0x78,0x40,0x40,0x20,0x20,0x20,0x00,0xe1,0x81,0x20,0x20,0x40,0x40
   397 00004668 00E18120204040      <1>
   398 0000466F 404078784040202020- <1>     db 0x40,0x40,0x78,0x78,0x40,0x40,0x20,0x20,0x20,0x20,0xe1,0xe1,0x20,0x20,0x40,0x40
   398 00004678 20E1E120204040      <1>
   399 0000467F 404078784040202020- <1>     db 0x40,0x40,0x78,0x78,0x40,0x40,0x20,0x20,0x20,0x20,0xe1,0xe1,0x20,0x20,0x40,0x40
   399 00004688 20E1E120204040      <1>
   400 0000468F 407878784040602020- <1>     db 0x40,0x78,0x78,0x78,0x40,0x40,0x60,0x20,0x20,0xe1,0xe1,0xe1,0x20,0x20,0x60,0x40
   400 00004698 E1E1E120206040      <1>
   401 0000469F 407878784040602020- <1>     db 0x40,0x78,0x78,0x78,0x40,0x40,0x60,0x20,0x20,0xe1,0xe1,0xe1,0x20,0x20,0x60,0x40
   401 000046A8 E1E1E120206040      <1>
   402 000046AF 407878784040602020- <1>     db 0x40,0x78,0x78,0x78,0x40,0x40,0x60,0x20,0x20,0xe1,0xe1,0xe1,0x20,0x20,0x60,0x40
   402 000046B8 E1E1E120206040      <1>
   403 000046BF 407878784040602020- <1>     db 0x40,0x78,0x78,0x78,0x40,0x40,0x60,0x20,0x20,0xe1,0xe1,0xe1,0x20,0x20,0x40,0x40
   403 000046C8 E1E1E120204040      <1>
   404 000046CF 407878784040202020- <1>     db 0x40,0x78,0x78,0x78,0x40,0x40,0x20,0x20,0x20,0xe1,0xe1,0xe1,0x20,0x20,0x40,0x40
   404 000046D8 E1E1E120204040      <1>
   405 000046DF 407878784040202020- <1>     db 0x40,0x78,0x78,0x78,0x40,0x40,0x20,0x20,0x20,0xe1,0xe1,0xe1,0x20,0x20,0x40,0x40
   405 000046E8 E1E1E120204040      <1>
   406 000046EF 407878704040602020- <1>     db 0x40,0x78,0x78,0x70,0x40,0x40,0x60,0x20,0x20,0xe1,0xe1,0xe1,0x20,0x00,0x40,0x40
   406 000046F8 E1E1E120004040      <1>
   407 000046FF 407878604000202020- <1>     db 0x40,0x78,0x78,0x60,0x40,0x00,0x20,0x20,0x20,0xe1,0xe1,0xe1,0x20,0x00,0x40,0x40
   407 00004708 E1E1E120004040      <1>
   408 0000470F 407878604060202020- <1>     db 0x40,0x78,0x78,0x60,0x40,0x60,0x20,0x20,0x20,0xe1,0xe1,0x61,0x20,0x00,0x40,0x40
   408 00004718 E1E16120004040      <1>
   409 0000471F 407878404060202020- <1>     db 0x40,0x78,0x78,0x40,0x40,0x60,0x20,0x20,0x20,0xe1,0xe1,0x60,0x20,0x00,0x40,0x40
   409 00004728 E1E16020004040      <1>
   410 0000472F 407878584060202020- <1>     db 0x40,0x78,0x78,0x58,0x40,0x60,0x20,0x20,0x20,0xe1,0xe1,0x20,0x20,0x60,0x40,0x40
   410 00004738 E1E12020604040      <1>
   411 0000473F 587860404060202020- <1>     db 0x58,0x78,0x60,0x40,0x40,0x60,0x20,0x20,0x20,0xe1,0xe1,0x20,0x20,0x60,0x40,0x40
   411 00004748 E1E12020604040      <1>
   412 0000474F 7878004040602020E1- <1>     db 0x78,0x78,0x00,0x40,0x40,0x60,0x20,0x20,0xe1,0xe1,0xa1,0x20,0x20,0x60,0x40,0x40
   412 00004758 E1A12020604040      <1>
   413 0000475F 7878004040602020E1- <1>     db 0x78,0x78,0x00,0x40,0x40,0x60,0x20,0x20,0xe1,0xe1,0xa1,0x20,0x20,0x60,0x40,0x40
   413 00004768 E1A12020604040      <1>
   414 0000476F 7878784040602020E1- <1>     db 0x78,0x78,0x78,0x40,0x40,0x60,0x20,0x20,0xe1,0xe1,0xe1,0x20,0x20,0x40,0x40,0x40
   414 00004778 E1E12020404040      <1>
   415 0000477F 7878784000202020E1- <1>     db 0x78,0x78,0x78,0x40,0x00,0x20,0x20,0x20,0xe1,0xe1,0xe1,0x20,0x20,0x40,0x40,0x40
   415 00004788 E1E12020404040      <1>
   416 0000478F 7878784040202020E1- <1>     db 0x78,0x78,0x78,0x40,0x40,0x20,0x20,0x20,0xe1,0xe1,0xe1,0x20,0x20,0x40,0x40,0x40
   416 00004798 E1E12020404040      <1>
   417 0000479F 7878784040202020E1- <1>     db 0x78,0x78,0x78,0x40,0x40,0x20,0x20,0x20,0xe1,0xe1,0xe1,0x20,0x20,0x40,0x40,0x40
   417 000047A8 E1E12020404040      <1>
   418 000047AF 7878784040202020E1- <1>     db 0x78,0x78,0x78,0x40,0x40,0x20,0x20,0x20,0xe1,0xe1,0xc1,0x20,0x20,0x40,0x40,0x40
   418 000047B8 E1C12020404040      <1>
   419 000047BF 7878384040202020E1- <1>     db 0x78,0x78,0x38,0x40,0x40,0x20,0x20,0x20,0xe1,0xe1,0xe1,0x20,0x00,0x40,0x40,0x40
   419 000047C8 E1E12000404040      <1>
   420 000047CF 7878784000202020E1- <1>     db 0x78,0x78,0x78,0x40,0x00,0x20,0x20,0x20,0xe1,0xc1,0xc1,0x20,0x00,0x40,0x40,0x40
   420 000047D8 C1C12000404040      <1>
   421 000047DF 7838784000202020E1- <1>     db 0x78,0x38,0x78,0x40,0x00,0x20,0x20,0x20,0xe1,0xc1,0xe1,0x20,0x00,0x40,0x40,0x40
   421 000047E8 C1E12000404040      <1>
   422 000047EF 783C3C40002020C1E1- <1>     db 0x78,0x3c,0x3c,0x40,0x00,0x20,0x20,0xc1,0xe1,0xc3,0xc1,0x20,0x00,0x40,0x40,0x38
   422 000047F8 C3C12000404038      <1>
   423 000047FF 783C3C40002020E1E1- <1>     db 0x78,0x3c,0x3c,0x40,0x00,0x20,0x20,0xe1,0xe1,0xc3,0xc1,0x20,0x00,0x40,0x40,0x38
   423 00004808 C3C12000404038      <1>
   424 0000480F 7C3C3C00202020E1C1- <1>     db 0x7c,0x3c,0x3c,0x00,0x20,0x20,0x20,0xe1,0xc1,0xc3,0xc3,0x20,0x40,0x40,0x40,0x38
   424 00004818 C3C32040404038      <1>
   425 0000481F 783C3C00202020E1C1- <1>     db 0x78,0x3c,0x3c,0x00,0x20,0x20,0x20,0xe1,0xc1,0xc3,0xc3,0x00,0x40,0x40,0x40,0x38
   425 00004828 C3C30040404038      <1>
   426 0000482F 3C3C3400202020C1C3- <1>     db 0x3c,0x3c,0x34,0x00,0x20,0x20,0x20,0xc1,0xc3,0x83,0xc3,0x00,0x40,0x40,0x40,0x38
   426 00004838 83C30040404038      <1>
   427 0000483F 3C043400202020C1C3- <1>     db 0x3c,0x04,0x34,0x00,0x20,0x20,0x20,0xc1,0xc3,0x83,0xc3,0x00,0x40,0x40,0x40,0x38
   427 00004848 83C30040404038      <1>
   428 0000484F 3C183400202020C1C3- <1>     db 0x3c,0x18,0x34,0x00,0x20,0x20,0x20,0xc1,0xc3,0x81,0xc3,0x00,0x40,0x40,0x40,0x38
   428 00004858 81C30040404038      <1>
   429 0000485F 3C3C3C00202020C1C3- <1>     db 0x3c,0x3c,0x3c,0x00,0x20,0x20,0x20,0xc1,0xc3,0xc3,0xc3,0x00,0x40,0x40,0x40,0x38
   429 00004868 C3C30040404038      <1>
   430 0000486F 3C3C3C00202020C1C3- <1>     db 0x3c,0x3c,0x3c,0x00,0x20,0x20,0x20,0xc1,0xc3,0xc3,0xc3,0x00,0x40,0x40,0x50,0x38
   430 00004878 C3C30040405038      <1>
   431 0000487F 3C243400202020C3C3- <1>     db 0x3c,0x24,0x34,0x00,0x20,0x20,0x20,0xc3,0xc3,0xc3,0x83,0x00,0x40,0x40,0x50,0x38
   431 00004888 C3830040405038      <1>
   432 0000488F 3C2424002020C1C1C3- <1>     db 0x3c,0x24,0x24,0x00,0x20,0x20,0xc1,0xc1,0xc3,0xc3,0xc3,0x00,0x40,0x40,0x78,0x38
   432 00004898 C3C30040407838      <1>
   433 0000489F 3C3C3C002020C1C3C3- <1>     db 0x3c,0x3c,0x3c,0x00,0x20,0x20,0xc1,0xc3,0xc3,0xc3,0xc3,0x00,0x40,0x40,0x38,0x38
   433 000048A8 C3C30040403838      <1>
   434 000048AF 3C3C34002020C1C1C3- <1>     db 0x3c,0x3c,0x34,0x00,0x20,0x20,0xc1,0xc1,0xc3,0xc3,0xc3,0x00,0x40,0x40,0x38,0x38
   434 000048B8 C3C30040403838      <1>
   435 000048BF 3C3C3C202020C1C3C3- <1>     db 0x3c,0x3c,0x3c,0x20,0x20,0x20,0xc1,0xc3,0xc3,0xc3,0xc3,0x40,0x40,0x40,0x38,0x3c
   435 000048C8 C3C3404040383C      <1>
   436 000048CF 3C3C3C002020C1C3C3- <1>     db 0x3c,0x3c,0x3c,0x00,0x20,0x20,0xc1,0xc3,0xc3,0xc3,0xc3,0x00,0x40,0x40,0x38,0x3c
   436 000048D8 C3C3004040383C      <1>
   437 000048DF 3C3C3C202020C1C3C3- <1>     db 0x3c,0x3c,0x3c,0x20,0x20,0x20,0xc1,0xc3,0xc3,0xc3,0xc3,0x00,0x40,0x40,0x38,0x3c
   437 000048E8 C3C3004040383C      <1>
   438 000048EF 3C3C3C202020C1C3C3- <1>     db 0x3c,0x3c,0x3c,0x20,0x20,0x20,0xc1,0xc3,0xc3,0xc3,0xc3,0x40,0x40,0x40,0x38,0x3c
   438 000048F8 C3C3404040383C      <1>
   439 000048FF 3C3C24202020C1C3C3- <1>     db 0x3c,0x3c,0x24,0x20,0x20,0x20,0xc1,0xc3,0xc3,0xc3,0xc3,0x00,0x40,0x40,0x38,0x3c
   439 00004908 C3C3004040383C      <1>
   440 0000490F 243C3C202041C1C3C3- <1>     db 0x24,0x3c,0x3c,0x20,0x20,0x41,0xc1,0xc3,0xc3,0xc3,0xc3,0x40,0x40,0x38,0x38,0x3c
   440 00004918 C3C3404038383C      <1>
   441 0000491F 003C382020C1C3C3C3- <1>     db 0x00,0x3c,0x38,0x20,0x20,0xc1,0xc3,0xc3,0xc3,0xc3,0xc3,0x40,0x40,0x38,0x38,0x3c
   441 00004928 C3C3404038383C      <1>
   442 0000492F 003C3C2020C1C3C3C3- <1>     db 0x00,0x3c,0x3c,0x20,0x20,0xc1,0xc3,0xc3,0xc3,0xc3,0xc3,0x40,0x40,0x38,0x3c,0x3c
   442 00004938 C3C34040383C3C      <1>
   443 0000493F 003C3C2020C1C3C300- <1>     db 0x00,0x3c,0x3c,0x20,0x20,0xc1,0xc3,0xc3,0x00,0xc3,0xc3,0x40,0x40,0x38,0x3c,0x3c
   443 00004948 C3C34040383C3C      <1>
   444 0000494F 243C3C2020C1C3C300- <1>     db 0x24,0x3c,0x3c,0x20,0x20,0xc1,0xc3,0xc3,0x00,0xc3,0xc3,0x40,0x40,0x38,0x3c,0x3c
   444 00004958 C3C34040383C3C      <1>
   445 0000495F 003C3C2020C1C3C300- <1>     db 0x00,0x3c,0x3c,0x20,0x20,0xc1,0xc3,0xc3,0x00,0xc3,0xc3,0x40,0x40,0x38,0x3c,0x3c
   445 00004968 C3C34040383C3C      <1>
   446 0000496F 003C3C2420C1C3C300- <1>     db 0x00,0x3c,0x3c,0x24,0x20,0xc1,0xc3,0xc3,0x00,0xc3,0xc3,0x40,0x40,0x38,0x3c,0x3c
   446 00004978 C3C34040383C3C      <1>
   447 0000497F 003C3C2020C1C3C300- <1>     db 0x00,0x3c,0x3c,0x20,0x20,0xc1,0xc3,0xc3,0x00,0xc3,0xc3,0x40,0x40,0x3c,0x3c,0x3c
   447 00004988 C3C340403C3C3C      <1>
   448 0000498F 243C3C3CE1C3C3C300- <1>     db 0x24,0x3c,0x3c,0x3c,0xe1,0xc3,0xc3,0xc3,0x00,0xc3,0xc3,0xc0,0x00,0x3c,0x3c,0x3c
   448 00004998 C3C3C0003C3C3C      <1>
   449 0000499F 3C3C3C3CC1C3C3C342- <1>     db 0x3c,0x3c,0x3c,0x3c,0xc1,0xc3,0xc3,0xc3,0x42,0xc3,0xc3,0x40,0x78,0x3c,0x3c,0x3c
   449 000049A8 C3C340783C3C3C      <1>
   450 000049AF 00243C24C1C3C3C3C3- <1>     db 0x00,0x24,0x3c,0x24,0xc1,0xc3,0xc3,0xc3,0xc3,0xc3,0xc3,0xc3,0x38,0x3c,0x24,0x00
   450 000049B8 C3C3C3383C2400      <1>
   451 000049BF 00243C20C3C3C3C3C3- <1>     db 0x00,0x24,0x3c,0x20,0xc3,0xc3,0xc3,0xc3,0xc3,0xc3,0xc3,0xc3,0x38,0x3c,0x24,0x00
   451 000049C8 C3C3C3383C2400      <1>
   452 000049CF 000020200202000000- <1>     db 0x00,0x00,0x20,0x20,0x02,0x02,0x00,0x00,0x00,0x00,0x40,0x40,0x04,0x04,0x00,0x00
   452 000049D8 00404004040000      <1>
   453 000049DF 000020200202000000- <1>     db 0x00,0x00,0x20,0x20,0x02,0x02,0x00,0x00,0x00,0x00,0x40,0x40,0x04,0x04,0x00,0x00
   453 000049E8 00404004040000      <1>
   454 000049EF 00243C1CC3C3C300C3- <1>     db 0x00,0x24,0x3c,0x1c,0xc3,0xc3,0xc3,0x00,0xc3,0xc3,0xc3,0x83,0x24,0x3c,0x24,0x00
   454 000049F8 C3C383243C2400      <1>
   455 000049FF 00243C1CC3C3C300C3- <1>     db 0x00,0x24,0x3c,0x1c,0xc3,0xc3,0xc3,0x00,0xc3,0xc3,0xc3,0x83,0x24,0x3c,0x24,0x00
   455 00004A08 C3C383243C2400      <1>
   456 00004A0F 3C3C3C1C82C3C300C3- <1>     db 0x3c,0x3c,0x3c,0x1c,0x82,0xc3,0xc3,0x00,0xc3,0xc3,0xc3,0x87,0x0c,0x3c,0x3c,0x3c
   456 00004A18 C3C3870C3C3C3C      <1>
   457 00004A1F 3C3C3C1E03C3C300C3- <1>     db 0x3c,0x3c,0x3c,0x1e,0x03,0xc3,0xc3,0x00,0xc3,0xc3,0xc3,0x04,0x3c,0x3c,0x3c,0x24
   457 00004A28 C3C3043C3C3C24      <1>
   458 00004A2F 3C3C1C0242C3C300C3- <1>     db 0x3c,0x3c,0x1c,0x02,0x42,0xc3,0xc3,0x00,0xc3,0xc3,0xc3,0x04,0x04,0x3c,0x3c,0x00
   458 00004A38 C3C304043C3C00      <1>
   459 00004A3F 3C3C1C0202C3C300C3- <1>     db 0x3c,0x3c,0x1c,0x02,0x02,0xc3,0xc3,0x00,0xc3,0xc3,0xc3,0x04,0x04,0x3c,0x3c,0x00
   459 00004A48 C3C304043C3C00      <1>
   460 00004A4F 3C3C1C0202C3C300C3- <1>     db 0x3c,0x3c,0x1c,0x02,0x02,0xc3,0xc3,0x00,0xc3,0xc3,0x83,0x04,0x04,0x3c,0x3c,0x24
   460 00004A58 C38304043C3C24      <1>
   461 00004A5F 3C3C1C0202C3C300C3- <1>     db 0x3c,0x3c,0x1c,0x02,0x02,0xc3,0xc3,0x00,0xc3,0xc3,0x83,0x04,0x04,0x3c,0x3c,0x18
   461 00004A68 C38304043C3C18      <1>
   462 00004A6F 3C3C1C0202C3C342C3- <1>     db 0x3c,0x3c,0x1c,0x02,0x02,0xc3,0xc3,0x42,0xc3,0xc3,0x83,0x04,0x04,0x34,0x3c,0x3c
   462 00004A78 C3830404343C3C      <1>
   463 00004A7F 3C3C1C0202C3C3C3C3- <1>     db 0x3c,0x3c,0x1c,0x02,0x02,0xc3,0xc3,0xc3,0xc3,0xc3,0x83,0x04,0x04,0x3c,0x3c,0x3c
   463 00004A88 C38304043C3C3C      <1>
   464 00004A8F 3C1C1C0202C3C3C3C3- <1>     db 0x3c,0x1c,0x1c,0x02,0x02,0xc3,0xc3,0xc3,0xc3,0x83,0x03,0x04,0x04,0x3c,0x3c,0x24
   464 00004A98 830304043C3C24      <1>
   465 00004A9F 3C3C1E0202C3C3C3C3- <1>     db 0x3c,0x3c,0x1e,0x02,0x02,0xc3,0xc3,0xc3,0xc3,0x83,0x87,0x04,0x04,0x3c,0x3c,0x3c
   465 00004AA8 838704043C3C3C      <1>
   466 00004AAF 3C1C020202C3C3C3C3- <1>     db 0x3c,0x1c,0x02,0x02,0x02,0xc3,0xc3,0xc3,0xc3,0x83,0x04,0x04,0x00,0x3c,0x3c,0x3c
   466 00004AB8 830404003C3C3C      <1>
   467 00004ABF 3C1C020202C3C3C3C3- <1>     db 0x3c,0x1c,0x02,0x02,0x02,0xc3,0xc3,0xc3,0xc3,0x83,0x04,0x04,0x00,0x3c,0x3c,0x3c
   467 00004AC8 830404003C3C3C      <1>
   468 00004ACF 3C1C020202C3C3C3C3- <1>     db 0x3c,0x1c,0x02,0x02,0x02,0xc3,0xc3,0xc3,0xc3,0x83,0x04,0x04,0x00,0x3c,0x3c,0x3c
   468 00004AD8 830404003C3C3C      <1>
   469 00004ADF 3C1C020202C3C3C3C3- <1>     db 0x3c,0x1c,0x02,0x02,0x02,0xc3,0xc3,0xc3,0xc3,0x83,0x04,0x04,0x00,0x3c,0x3c,0x3c
   469 00004AE8 830404003C3C3C      <1>
   470 00004AEF 1C1C020200C3C3C3C3- <1>     db 0x1c,0x1c,0x02,0x02,0x00,0xc3,0xc3,0xc3,0xc3,0x83,0x04,0x04,0x00,0x38,0x3c,0x3c
   470 00004AF8 83040400383C3C      <1>
   471 00004AFF 3C1C020200C3C3C383- <1>     db 0x3c,0x1c,0x02,0x02,0x00,0xc3,0xc3,0xc3,0x83,0x83,0x04,0x04,0x00,0x3c,0x3c,0x3c
   471 00004B08 830404003C3C3C      <1>
   472 00004B0F 1C1C020200C3C3C3C3- <1>     db 0x1c,0x1c,0x02,0x02,0x00,0xc3,0xc3,0xc3,0xc3,0x83,0x04,0x04,0x00,0x3c,0x24,0x3c
   472 00004B18 830404003C243C      <1>
   473 00004B1F 1C1E020200C3C3C383- <1>     db 0x1c,0x1e,0x02,0x02,0x00,0xc3,0xc3,0xc3,0x83,0x87,0x04,0x04,0x00,0x3c,0x24,0x3c
   473 00004B28 870404003C243C      <1>
   474 00004B2F 1C12020200C3C3C383- <1>     db 0x1c,0x12,0x02,0x02,0x00,0xc3,0xc3,0xc3,0x83,0x04,0x04,0x04,0x00,0x3c,0x3c,0x3c
   474 00004B38 040404003C3C3C      <1>
   475 00004B3F 1C020202004300C383- <1>     db 0x1c,0x02,0x02,0x02,0x00,0x43,0x00,0xc3,0x83,0x04,0x04,0x04,0x00,0x3c,0x24,0x3c
   475 00004B48 040404003C243C      <1>
   476 00004B4F 1C02020200C381C383- <1>     db 0x1c,0x02,0x02,0x02,0x00,0xc3,0x81,0xc3,0x83,0x04,0x04,0x04,0x00,0x34,0x18,0x3c
   476 00004B58 0404040034183C      <1>
   477 00004B5F 1C02020200C381C383- <1>     db 0x1c,0x02,0x02,0x02,0x00,0xc3,0x81,0xc3,0x83,0x04,0x04,0x04,0x00,0x3c,0x18,0x3c
   477 00004B68 040404003C183C      <1>
   478 00004B6F 1C02020200C3C1C383- <1>     db 0x1c,0x02,0x02,0x02,0x00,0xc3,0xc1,0xc3,0x83,0x04,0x04,0x04,0x00,0x3c,0x3c,0x3c
   478 00004B78 040404003C3C3C      <1>
   479 00004B7F 1C02020200C3C3C383- <1>     db 0x1c,0x02,0x02,0x02,0x00,0xc3,0xc3,0xc3,0x83,0x04,0x04,0x00,0x00,0x3c,0x3c,0x3c
   479 00004B88 040400003C3C3C      <1>
   480 00004B8F 1E02020204C3C38383- <1>     db 0x1e,0x02,0x02,0x02,0x04,0xc3,0xc3,0x83,0x83,0x04,0x04,0x00,0x00,0x3c,0x3c,0x3e
   480 00004B98 040400003C3C3E      <1>
   481 00004B9F 1C02020204C3C38383- <1>     db 0x1c,0x02,0x02,0x02,0x04,0xc3,0xc3,0x83,0x83,0x04,0x04,0x00,0x02,0x3c,0x3c,0x1e
   481 00004BA8 040400023C3C1E      <1>
   482 00004BAF 1C0202000483838783- <1>     db 0x1c,0x02,0x02,0x00,0x04,0x83,0x83,0x87,0x83,0x04,0x04,0x00,0x02,0x3c,0x3c,0x1e
   482 00004BB8 040400023C3C1E      <1>
   483 00004BBF 0A02020000C3C38704- <1>     db 0x0a,0x02,0x02,0x00,0x00,0xc3,0xc3,0x87,0x04,0x04,0x04,0x00,0x02,0x3c,0x3c,0x1e
   483 00004BC8 040400023C3C1E      <1>
   484 00004BCF 020202000483838704- <1>     db 0x02,0x02,0x02,0x00,0x04,0x83,0x83,0x87,0x04,0x04,0x04,0x00,0x02,0x1c,0x1c,0x1e
   484 00004BD8 040400021C1C1E      <1>
   485 00004BDF 020202000483878704- <1>     db 0x02,0x02,0x02,0x00,0x04,0x83,0x87,0x87,0x04,0x04,0x04,0x02,0x02,0x1c,0x1e,0x1e
   485 00004BE8 040402021C1E1E      <1>
   486 00004BEF 020202040483878704- <1>     db 0x02,0x02,0x02,0x04,0x04,0x83,0x87,0x87,0x04,0x04,0x04,0x02,0x02,0x1e,0x1e,0x1e
   486 00004BF8 040402021E1E1E      <1>
   487 00004BFF 020202040487878704- <1>     db 0x02,0x02,0x02,0x04,0x04,0x87,0x87,0x87,0x04,0x04,0x04,0x02,0x02,0x1e,0x1e,0x1e
   487 00004C08 040402021E1E1E      <1>
   488 00004C0F 020202040487878704- <1>     db 0x02,0x02,0x02,0x04,0x04,0x87,0x87,0x87,0x04,0x04,0x04,0x02,0x02,0x1e,0x1e,0x1e
   488 00004C18 040402021E1E1E      <1>
   489 00004C1F 020206040487878704- <1>     db 0x02,0x02,0x06,0x04,0x04,0x87,0x87,0x87,0x04,0x04,0x04,0x02,0x02,0x1e,0x1e,0x1e
   489 00004C28 040402021E1E1E      <1>
   490 00004C2F 020206000487878704- <1>     db 0x02,0x02,0x06,0x00,0x04,0x87,0x87,0x87,0x04,0x04,0x04,0x02,0x02,0x1e,0x1e,0x1e
   490 00004C38 040402021E1E1E      <1>
   491 00004C3F 020206040485878704- <1>     db 0x02,0x02,0x06,0x04,0x04,0x85,0x87,0x87,0x04,0x04,0x04,0x00,0x02,0x1a,0x1e,0x1e
   491 00004C48 040400021A1E1E      <1>
   492 00004C4F 020206040485878704- <1>     db 0x02,0x02,0x06,0x04,0x04,0x85,0x87,0x87,0x04,0x04,0x06,0x02,0x02,0x00,0x1e,0x1e
   492 00004C58 04060202001E1E      <1>
   493 00004C5F 020206040487878704- <1>     db 0x02,0x02,0x06,0x04,0x04,0x87,0x87,0x87,0x04,0x04,0x06,0x02,0x02,0x1e,0x1e,0x16
   493 00004C68 040602021E1E16      <1>
   494 00004C6F 020206048687870404- <1>     db 0x02,0x02,0x06,0x04,0x86,0x87,0x87,0x04,0x04,0x04,0x06,0x02,0x1a,0x1e,0x1e,0x02
   494 00004C78 0406021A1E1E02      <1>
   495 00004C7F 020206048687870404- <1>     db 0x02,0x02,0x06,0x04,0x86,0x87,0x87,0x04,0x04,0x04,0x02,0x02,0x02,0x1e,0x1e,0x02
   495 00004C88 040202021E1E02      <1>
   496 00004C8F 020202048787870404- <1>     db 0x02,0x02,0x02,0x04,0x87,0x87,0x87,0x04,0x04,0x04,0x02,0x02,0x16,0x1e,0x1e,0x02
   496 00004C98 040202161E1E02      <1>
   497 00004C9F 020206048787870404- <1>     db 0x02,0x02,0x06,0x04,0x87,0x87,0x87,0x04,0x04,0x04,0x02,0x02,0x16,0x1e,0x1e,0x02
   497 00004CA8 040202161E1E02      <1>
   498 00004CAF 020200048787870404- <1>     db 0x02,0x02,0x00,0x04,0x87,0x87,0x87,0x04,0x04,0x04,0x02,0x02,0x16,0x1e,0x1e,0x02
   498 00004CB8 040202161E1E02      <1>
   499 00004CBF 020200048787870404- <1>     db 0x02,0x02,0x00,0x04,0x87,0x87,0x87,0x04,0x04,0x04,0x02,0x02,0x16,0x1e,0x1e,0x02
   499 00004CC8 040202161E1E02      <1>
   500 00004CCF 020604048787870404- <1>     db 0x02,0x06,0x04,0x04,0x87,0x87,0x87,0x04,0x04,0x04,0x02,0x02,0x1e,0x1e,0x1e,0x02
   500 00004CD8 0402021E1E1E02      <1>
   501 00004CDF 020604048787870404- <1>     db 0x02,0x06,0x04,0x04,0x87,0x87,0x87,0x04,0x04,0x06,0x02,0x02,0x1e,0x1e,0x1e,0x02
   501 00004CE8 0602021E1E1E02      <1>
   502 00004CEF 020604048787870404- <1>     db 0x02,0x06,0x04,0x04,0x87,0x87,0x87,0x04,0x04,0x06,0x02,0x02,0x1e,0x1e,0x1e,0x02
   502 00004CF8 0602021E1E1E02      <1>
   503 00004CFF 020604048787870404- <1>     db 0x02,0x06,0x04,0x04,0x87,0x87,0x87,0x04,0x04,0x06,0x02,0x02,0x1e,0x1e,0x1e,0x02
   503 00004D08 0602021E1E1E02      <1>
   504 00004D0F 020604048787870404- <1>     db 0x02,0x06,0x04,0x04,0x87,0x87,0x87,0x04,0x04,0x06,0x02,0x02,0x1e,0x1e,0x1e,0x02
   504 00004D18 0602021E1E1E02      <1>
   505 00004D1F 020604048787070404- <1>     db 0x02,0x06,0x04,0x04,0x87,0x87,0x07,0x04,0x04,0x06,0x02,0x02,0x1e,0x1e,0x1e,0x02
   505 00004D28 0602021E1E1E02      <1>
   506 00004D2F 020204048787040404- <1>     db 0x02,0x02,0x04,0x04,0x87,0x87,0x04,0x04,0x04,0x04,0x02,0x02,0x1e,0x1e,0x02,0x02
   506 00004D38 0402021E1E0202      <1>
   507 00004D3F 020604040087040404- <1>     db 0x02,0x06,0x04,0x04,0x00,0x87,0x04,0x04,0x04,0x04,0x02,0x02,0x1e,0x1e,0x02,0x02
   507 00004D48 0402021E1E0202      <1>
   508 00004D4F 020604040487000404- <1>     db 0x02,0x06,0x04,0x04,0x04,0x87,0x00,0x04,0x04,0x04,0x02,0x02,0x02,0x1e,0x00,0x02
   508 00004D58 040202021E0002      <1>
   509 00004D5F 020004048787040404- <1>     db 0x02,0x00,0x04,0x04,0x87,0x87,0x04,0x04,0x04,0x04,0x02,0x02,0x00,0x1e,0x02,0x02
   509 00004D68 040202001E0202      <1>
   510 00004D6F 020604008787040404- <1>     db 0x02,0x06,0x04,0x00,0x87,0x87,0x04,0x04,0x04,0x06,0x02,0x00,0x06,0x1e,0x02,0x02
   510 00004D78 060200061E0202      <1>
   511 00004D7F 020404008787000406- <1>     db 0x02,0x04,0x04,0x00,0x87,0x87,0x00,0x04,0x06,0x06,0x02,0x00,0x1e,0x1e,0x00,0x02
   511 00004D88 0602001E1E0002      <1>
   512 00004D8F 060404008787040406- <1>     db 0x06,0x04,0x04,0x00,0x87,0x87,0x04,0x04,0x06,0x06,0x02,0x00,0x1e,0x1e,0x02,0x02
   512 00004D98 0602001E1E0202      <1>
   513 00004D9F 060404008787040406- <1>     db 0x06,0x04,0x04,0x00,0x87,0x87,0x04,0x04,0x06,0x02,0x02,0x02,0x1e,0x1e,0x02,0x02
   513 00004DA8 0202021E1E0202      <1>
   514 00004DAF 060404018787040406- <1>     db 0x06,0x04,0x04,0x01,0x87,0x87,0x04,0x04,0x06,0x02,0x02,0x00,0x1e,0x1e,0x00,0x02
   514 00004DB8 0202001E1E0002      <1>
   515 00004DBF 060404068787040404- <1>     db 0x06,0x04,0x04,0x06,0x87,0x87,0x04,0x04,0x04,0x02,0x02,0x16,0x1e,0x1e,0x02,0x02
   515 00004DC8 0202161E1E0202      <1>
   516                              <1> boing_area_unsafe:
   517 00004DCF 402080CFE703804020- <1>     db 0x40,0x20,0x80,0xcf,0xe7,0x03,0x80,0x40,0x20,0x08,0x0c,0x06,0x83,0xc0,0x00,0x00
   517 00004DD8 080C0683C00000      <1>
   518 00004DDF 402080CFA703804030- <1>     db 0x40,0x20,0x80,0xcf,0xa7,0x03,0x80,0x40,0x30,0x08,0x0c,0x06,0x83,0xc0,0x00,0x00
   518 00004DE8 080C0683C00000      <1>
   519 00004DEF 402080C7A701804030- <1>     db 0x40,0x20,0x80,0xc7,0xa7,0x01,0x80,0x40,0x30,0x08,0x04,0x06,0x81,0xc1,0x00,0x00
   519 00004DF8 08040681C10000      <1>
   520 00004DFF 402080C78700804030- <1>     db 0x40,0x20,0x80,0xc7,0x87,0x00,0x80,0x40,0x30,0x08,0x04,0x06,0x81,0xc1,0x00,0x00
   520 00004E08 08040681C10000      <1>
   521 00004E0F 402080C78700804020- <1>     db 0x40,0x20,0x80,0xc7,0x87,0x00,0x80,0x40,0x20,0x08,0x04,0x06,0x81,0xc1,0x00,0x00
   521 00004E18 08040681C10000      <1>
   522 00004E1F 400080C70700804030- <1>     db 0x40,0x00,0x80,0xc7,0x07,0x00,0x80,0x40,0x30,0x08,0x04,0x06,0x81,0xc1,0x00,0x00
   522 00004E28 08040681C10000      <1>
   523 00004E2F 400080CF0700004030- <1>     db 0x40,0x00,0x80,0xcf,0x07,0x00,0x00,0x40,0x30,0x08,0x04,0x06,0x81,0xc1,0x00,0x00
   523 00004E38 08040681C10000      <1>
   524 00004E3F 400080C70700804030- <1>     db 0x40,0x00,0x80,0xc7,0x07,0x00,0x80,0x40,0x30,0x08,0x0c,0x06,0x81,0xc1,0x00,0x00
   524 00004E48 080C0681C10000      <1>
   525 00004E4F 400000C00700806030- <1>     db 0x40,0x00,0x00,0xc0,0x07,0x00,0x80,0x60,0x30,0x08,0x0c,0x06,0x81,0xc1,0x00,0x00
   525 00004E58 080C0681C10000      <1>
   526 00004E5F 400080C30700806030- <1>     db 0x40,0x00,0x80,0xc3,0x07,0x00,0x80,0x60,0x30,0x08,0x0c,0x06,0x81,0xc1,0x00,0x00
   526 00004E68 080C0681C10000      <1>
   527 00004E6F 400090C30700804030- <1>     db 0x40,0x00,0x90,0xc3,0x07,0x00,0x80,0x40,0x30,0x08,0x04,0x06,0x81,0xc1,0x00,0x00
   527 00004E78 08040681C10000      <1>
   528 00004E7F 400080CF0700806030- <1>     db 0x40,0x00,0x80,0xcf,0x07,0x00,0x80,0x60,0x30,0x08,0x0c,0x06,0x81,0xc1,0x00,0x00
   528 00004E88 080C0681C10000      <1>
   529 00004E8F 400080CF0700806010- <1>     db 0x40,0x00,0x80,0xcf,0x07,0x00,0x80,0x60,0x10,0x08,0x0c,0x06,0x81,0xc0,0x00,0x00
   529 00004E98 080C0681C00000      <1>
   530 00004E9F 400080CF0700816010- <1>     db 0x40,0x00,0x80,0xcf,0x07,0x00,0x81,0x60,0x10,0x00,0x0c,0x06,0x81,0xc1,0x00,0x00
   530 00004EA8 000C0681C10000      <1>
   531 00004EAF 400080CF0300806010- <1>     db 0x40,0x00,0x80,0xcf,0x03,0x00,0x80,0x60,0x10,0x00,0x0c,0x06,0x81,0xc1,0x00,0x00
   531 00004EB8 000C0681C10000      <1>
   532 00004EBF 4000800F0000816010- <1>     db 0x40,0x00,0x80,0x0f,0x00,0x00,0x81,0x60,0x10,0x18,0x0c,0x06,0x81,0xc1,0x00,0x00
   532 00004EC8 180C0681C10000      <1>
   533 00004ECF 400098CF0000C16010- <1>     db 0x40,0x00,0x98,0xcf,0x00,0x00,0xc1,0x60,0x10,0x08,0x0c,0x02,0x81,0xc1,0x00,0x00
   533 00004ED8 080C0281C10000      <1>
   534 00004EDF 40009D0F0000C16010- <1>     db 0x40,0x00,0x9d,0x0f,0x00,0x00,0xc1,0x60,0x10,0x00,0x0c,0x02,0x81,0xc1,0x00,0x00
   534 00004EE8 000C0281C10000      <1>
   535 00004EEF 40009D0F0000C16010- <1>     db 0x40,0x00,0x9d,0x0f,0x00,0x00,0xc1,0x60,0x10,0x00,0x0c,0x00,0x81,0xc1,0x00,0x00
   535 00004EF8 000C0081C10000      <1>
   536 00004EFF 0000870F0000C06010- <1>     db 0x00,0x00,0x87,0x0f,0x00,0x00,0xc0,0x60,0x10,0x18,0x0c,0x02,0x81,0xc1,0x00,0x00
   536 00004F08 180C0281C10000      <1>
   537 00004F0F 00009F0F0000816010- <1>     db 0x00,0x00,0x9f,0x0f,0x00,0x00,0x81,0x60,0x10,0x18,0x0c,0x06,0x81,0xc1,0x00,0x00
   537 00004F18 180C0681C10000      <1>
   538 00004F1F 00009F0F0200816000- <1>     db 0x00,0x00,0x9f,0x0f,0x02,0x00,0x81,0x60,0x00,0x18,0x0c,0x02,0x83,0x81,0x00,0x00
   538 00004F28 180C0283810000      <1>
   539 00004F2F 00008F0F0000C16010- <1>     db 0x00,0x00,0x8f,0x0f,0x00,0x00,0xc1,0x60,0x10,0x18,0x0c,0x00,0x81,0x81,0x00,0x00
   539 00004F38 180C0081810000      <1>
   540 00004F3F 0000870F0000C16000- <1>     db 0x00,0x00,0x87,0x0f,0x00,0x00,0xc1,0x60,0x00,0x00,0x0c,0x02,0x83,0x81,0x00,0x00
   540 00004F48 000C0283810000      <1>
   541 00004F4F 0000180F0000C16000- <1>     db 0x00,0x00,0x18,0x0f,0x00,0x00,0xc1,0x60,0x00,0x18,0x0c,0x83,0x81,0x81,0x00,0x00
   541 00004F58 180C8381810000      <1>
   542 00004F5F 00009F0F0000C12000- <1>     db 0x00,0x00,0x9f,0x0f,0x00,0x00,0xc1,0x20,0x00,0x18,0x0c,0x03,0x83,0x81,0x00,0x00
   542 00004F68 180C0383810000      <1>
   543 00004F6F 00001F0F0080C12000- <1>     db 0x00,0x00,0x1f,0x0f,0x00,0x80,0xc1,0x20,0x00,0x18,0x04,0x83,0x83,0x81,0x00,0x00
   543 00004F78 18048383810000      <1>
   544 00004F7F 00001E0F0082C12000- <1>     db 0x00,0x00,0x1e,0x0f,0x00,0x82,0xc1,0x20,0x00,0x18,0x06,0x03,0x83,0x81,0x00,0x00
   544 00004F88 18060383810000      <1>
   545 00004F8F 00001E0F0082C12000- <1>     db 0x00,0x00,0x1e,0x0f,0x00,0x82,0xc1,0x20,0x00,0x18,0x0e,0x83,0x83,0x81,0x00,0x00
   545 00004F98 180E8383810000      <1>
   546 00004F9F 00001E060082C12008- <1>     db 0x00,0x00,0x1e,0x06,0x00,0x82,0xc1,0x20,0x08,0x18,0x06,0x81,0x83,0x81,0x00,0x00
   546 00004FA8 18068183810000      <1>
   547 00004FAF 00001E060002C12008- <1>     db 0x00,0x00,0x1e,0x06,0x00,0x02,0xc1,0x20,0x08,0x18,0x06,0x81,0x83,0x81,0x00,0x00
   547 00004FB8 18068183810000      <1>
   548 00004FBF 00001E000002C13008- <1>     db 0x00,0x00,0x1e,0x00,0x00,0x02,0xc1,0x30,0x08,0x1c,0x02,0x83,0x83,0x81,0x00,0x00
   548 00004FC8 1C028383810000      <1>
   549 00004FCF 000C1E000082C13008- <1>     db 0x00,0x0c,0x1e,0x00,0x00,0x82,0xc1,0x30,0x08,0x1c,0x02,0x83,0x83,0x81,0x00,0x00
   549 00004FD8 1C028383810000      <1>
   550 00004FDF 000C1E040082C11018- <1>     db 0x00,0x0c,0x1e,0x04,0x00,0x82,0xc1,0x10,0x18,0x1c,0x02,0x83,0x83,0x81,0x00,0x00
   550 00004FE8 1C028383810000      <1>
   551 00004FEF 000C1E000080C10008- <1>     db 0x00,0x0c,0x1e,0x00,0x00,0x80,0xc1,0x00,0x08,0x1c,0x02,0x83,0x83,0x81,0x00,0x00
   551 00004FF8 1C028383810000      <1>
   552 00004FFF 000C1E000082C10008- <1>     db 0x00,0x0c,0x1e,0x00,0x00,0x82,0xc1,0x00,0x08,0x1c,0x02,0x83,0x83,0x81,0x00,0x00
   552 00005008 1C028383810000      <1>
   553 0000500F 000C1E000082C10038- <1>     db 0x00,0x0c,0x1e,0x00,0x00,0x82,0xc1,0x00,0x38,0x1c,0x02,0x81,0x83,0x01,0x00,0x00
   553 00005018 1C028183010000      <1>
   554 0000501F 003C1E000083410038- <1>     db 0x00,0x3c,0x1e,0x00,0x00,0x83,0x41,0x00,0x38,0x1c,0x02,0x83,0x83,0x01,0x00,0x00
   554 00005028 1C028383010000      <1>
   555 0000502F 003C1E000083611038- <1>     db 0x00,0x3c,0x1e,0x00,0x00,0x83,0x61,0x10,0x38,0x1c,0x02,0x81,0x83,0x01,0x00,0x00
   555 00005038 1C028183010000      <1>
   556 0000503F 003C1E000083611038- <1>     db 0x00,0x3c,0x1e,0x00,0x00,0x83,0x61,0x10,0x38,0x1c,0x02,0x83,0x83,0x01,0x00,0x00
   556 00005048 1C028383010000      <1>
   557 0000504F 00300E000083611030- <1>     db 0x00,0x30,0x0e,0x00,0x00,0x83,0x61,0x10,0x30,0x0c,0x02,0x83,0x83,0x01,0x00,0x00
   557 00005058 0C028383010000      <1>
   558 0000505F 000C0E0000C2611008- <1>     db 0x00,0x0c,0x0e,0x00,0x00,0xc2,0x61,0x10,0x08,0x1c,0x02,0x83,0x83,0x01,0x00,0x00
   558 00005068 1C028383010000      <1>
   559 0000506F 003C1E000083410038- <1>     db 0x00,0x3c,0x1e,0x00,0x00,0x83,0x41,0x00,0x38,0x1c,0x02,0x83,0x83,0x01,0x00,0x00
   559 00005078 1C028383010000      <1>
   560 0000507F 003C1E0004C3610038- <1>     db 0x00,0x3c,0x1e,0x00,0x04,0xc3,0x61,0x00,0x38,0x1c,0x02,0x87,0x83,0x01,0x00,0x00
   560 00005088 1C028783010000      <1>
   561 0000508F 003C1E0004C3610038- <1>     db 0x00,0x3c,0x1e,0x00,0x04,0xc3,0x61,0x00,0x38,0x0c,0x02,0x87,0x83,0x01,0x00,0x00
   561 00005098 0C028783010000      <1>
   562 0000509F 203C000004C3210038- <1>     db 0x20,0x3c,0x00,0x00,0x04,0xc3,0x21,0x00,0x38,0x00,0x02,0x87,0x03,0x01,0x00,0x00
   562 000050A8 00028703010000      <1>
   563 000050AF 003C060004C3210038- <1>     db 0x00,0x3c,0x06,0x00,0x04,0xc3,0x21,0x00,0x38,0x04,0x02,0x87,0x83,0x01,0x00,0x00
   563 000050B8 04028783010000      <1>
   564 000050BF 003C000004C3210038- <1>     db 0x00,0x3c,0x00,0x00,0x04,0xc3,0x21,0x00,0x38,0x00,0x02,0x03,0x03,0x01,0x00,0x00
   564 000050C8 00020303010000      <1>
   565 000050CF 003C000004C3010038- <1>     db 0x00,0x3c,0x00,0x00,0x04,0xc3,0x01,0x00,0x38,0x00,0x00,0x87,0x03,0x01,0x00,0x00
   565 000050D8 00008703010000      <1>
   566 000050DF 303C000084C3210038- <1>     db 0x30,0x3c,0x00,0x00,0x84,0xc3,0x21,0x00,0x38,0x00,0x00,0x87,0x03,0x01,0x00,0x00
   566 000050E8 00008703010000      <1>
   567 000050EF 303C00000683011038- <1>     db 0x30,0x3c,0x00,0x00,0x06,0x83,0x01,0x10,0x38,0x00,0x00,0x87,0x03,0x01,0x00,0x00
   567 000050F8 00008703010000      <1>
   568 000050FF 783C000086C3011038- <1>     db 0x78,0x3c,0x00,0x00,0x86,0xc3,0x01,0x10,0x38,0x00,0x02,0x87,0x03,0x01,0x00,0x00
   568 00005108 00028703010000      <1>
   569 0000510F 783C000086C3003038- <1>     db 0x78,0x3c,0x00,0x00,0x86,0xc3,0x00,0x30,0x38,0x00,0x04,0x87,0x03,0x01,0x00,0x00
   569 00005118 00048703010000      <1>
   570 0000511F 783C00008743003038- <1>     db 0x78,0x3c,0x00,0x00,0x87,0x43,0x00,0x30,0x38,0x00,0x04,0x87,0x03,0x01,0x00,0x00
   570 00005128 00048703010000      <1>
   571 0000512F 183C000086C3007038- <1>     db 0x18,0x3c,0x00,0x00,0x86,0xc3,0x00,0x70,0x38,0x00,0x00,0x87,0x03,0x00,0x00,0x00
   571 00005138 00008703000000      <1>
   572 0000513F 383C00008643001038- <1>     db 0x38,0x3c,0x00,0x00,0x86,0x43,0x00,0x10,0x38,0x00,0x04,0x87,0x03,0x00,0x00,0x00
   572 00005148 00048703000000      <1>
   573 0000514F 303C00008603007038- <1>     db 0x30,0x3c,0x00,0x00,0x86,0x03,0x00,0x70,0x38,0x00,0x04,0x87,0x03,0x00,0x00,0x00
   573 00005158 00048703000000      <1>
   574 0000515F 383C00008703007038- <1>     db 0x38,0x3c,0x00,0x00,0x87,0x03,0x00,0x70,0x38,0x00,0x04,0x87,0x03,0x00,0x00,0x00
   574 00005168 00048703000000      <1>
   575 0000516F 783C00008703003038- <1>     db 0x78,0x3c,0x00,0x00,0x87,0x03,0x00,0x30,0x38,0x00,0x04,0x87,0x03,0x00,0x00,0x00
   575 00005178 00048703000000      <1>
   576 0000517F 781C00008703003038- <1>     db 0x78,0x1c,0x00,0x00,0x87,0x03,0x00,0x30,0x38,0x00,0x0e,0x87,0x03,0x00,0x00,0x00
   576 00005188 000E8703000000      <1>
   577 0000518F 7800000C8703003000- <1>     db 0x78,0x00,0x00,0x0c,0x87,0x03,0x00,0x30,0x00,0x00,0x0e,0x87,0x03,0x00,0x00,0x00
   577 00005198 000E8703000000      <1>
   578 0000519F 7810000C8703007020- <1>     db 0x78,0x10,0x00,0x0c,0x87,0x03,0x00,0x70,0x20,0x00,0x0e,0x87,0x03,0x00,0x00,0x00
   578 000051A8 000E8703000000      <1>
   579 000051AF 780000048703007000- <1>     db 0x78,0x00,0x00,0x04,0x87,0x03,0x00,0x70,0x00,0x00,0x0c,0x87,0x03,0x00,0x00,0x00
   579 000051B8 000C8703000000      <1>
   580 000051BF 780000028703007000- <1>     db 0x78,0x00,0x00,0x02,0x87,0x03,0x00,0x70,0x00,0x00,0x0e,0x87,0x03,0x10,0x00,0x00
   580 000051C8 000E8703100000      <1>
   581 000051CF 700000008703007000- <1>     db 0x70,0x00,0x00,0x00,0x87,0x03,0x00,0x70,0x00,0x00,0x00,0x87,0x03,0x00,0x00,0x00
   581 000051D8 00008703000000      <1>
   582 000051DF 7000000C8703C07000- <1>     db 0x70,0x00,0x00,0x0c,0x87,0x03,0xc0,0x70,0x00,0x00,0x00,0x87,0x03,0x00,0x00,0x00
   582 000051E8 00008703000000      <1>
   583 000051EF 7000000E0702F07800- <1>     db 0x70,0x00,0x00,0x0e,0x07,0x02,0xf0,0x78,0x00,0x00,0x04,0x87,0x03,0x00,0x00,0x00
   583 000051F8 00048703000000      <1>
   584 000051FF 7000000E0700F07800- <1>     db 0x70,0x00,0x00,0x0e,0x07,0x00,0xf0,0x78,0x00,0x00,0x0c,0x87,0x03,0x00,0x00,0x00
   584 00005208 000C8703000000      <1>
   585 0000520F 7000000E0700707800- <1>     db 0x70,0x00,0x00,0x0e,0x07,0x00,0x70,0x78,0x00,0x00,0x0e,0x87,0x03,0xe0,0x00,0x00
   585 00005218 000E8703E00000      <1>
   586 0000521F 7000000E0700707800- <1>     db 0x70,0x00,0x00,0x0e,0x07,0x00,0x70,0x78,0x00,0x00,0x0c,0x86,0x02,0xe0,0x00,0x00
   586 00005228 000C8602E00000      <1>
   587 0000522F 7000000E0700607800- <1>     db 0x70,0x00,0x00,0x0e,0x07,0x00,0x60,0x78,0x00,0x00,0x0c,0x86,0x02,0xe0,0x00,0x00
   587 00005238 000C8602E00000      <1>
   588 0000523F 7000100E0700E07800- <1>     db 0x70,0x00,0x10,0x0e,0x07,0x00,0xe0,0x78,0x00,0x00,0x0e,0x87,0x00,0x60,0x00,0x00
   588 00005248 000E8700600000      <1>
   589 0000524F 3000180E0700F07800- <1>     db 0x30,0x00,0x18,0x0e,0x07,0x00,0xf0,0x78,0x00,0x00,0x0c,0x87,0x00,0x60,0x00,0x00
   589 00005258 000C8700600000      <1>
   590 0000525F 7000180E0700F07800- <1>     db 0x70,0x00,0x18,0x0e,0x07,0x00,0xf0,0x78,0x00,0x00,0x0c,0x06,0x00,0x60,0x00,0x00
   590 00005268 000C0600600000      <1>
   591 0000526F 70001C0E0600F07800- <1>     db 0x70,0x00,0x1c,0x0e,0x06,0x00,0xf0,0x78,0x00,0x00,0x0e,0x87,0x00,0x20,0x00,0x00
   591 00005278 000E8700200000      <1>
   592 0000527F 00001C0E0600F07800- <1>     db 0x00,0x00,0x1c,0x0e,0x06,0x00,0xf0,0x78,0x00,0x00,0x0c,0x87,0x00,0xe0,0x00,0x00
   592 00005288 000C8700E00000      <1>
   593 0000528F 00000C0E0600F07800- <1>     db 0x00,0x00,0x0c,0x0e,0x06,0x00,0xf0,0x78,0x00,0x00,0x0c,0x06,0x00,0xe0,0x00,0x00
   593 00005298 000C0600E00000      <1>
   594 0000529F 00001C0E0400F07800- <1>     db 0x00,0x00,0x1c,0x0e,0x04,0x00,0xf0,0x78,0x00,0x00,0x0c,0x06,0x00,0xe0,0x00,0x00
   594 000052A8 000C0600E00000      <1>
   595 000052AF 00001C0E0400F06000- <1>     db 0x00,0x00,0x1c,0x0e,0x04,0x00,0xf0,0x60,0x00,0x10,0x0c,0x87,0x00,0xe0,0x00,0x00
   595 000052B8 100C8700E00000      <1>
   596 000052BF 00081C0E0400F00000- <1>     db 0x00,0x08,0x1c,0x0e,0x04,0x00,0xf0,0x00,0x00,0x10,0x0c,0x87,0x00,0xe0,0x00,0x00
   596 000052C8 100C8700E00000      <1>
   597 000052CF 00001C0E0480F00000- <1>     db 0x00,0x00,0x1c,0x0e,0x04,0x80,0xf0,0x00,0x00,0x10,0x0c,0x87,0x00,0xe0,0x00,0x00
   597 000052D8 100C8700E00000      <1>
   598 000052DF 00001C0E0440F04000- <1>     db 0x00,0x00,0x1c,0x0e,0x04,0x40,0xf0,0x40,0x00,0x10,0x0c,0x06,0x00,0xe0,0x00,0x00
   598 000052E8 100C0600E00000      <1>
   599 000052EF 00081C0E00C0F10000- <1>     db 0x00,0x08,0x1c,0x0e,0x00,0xc0,0xf1,0x00,0x00,0x18,0x0e,0x87,0x00,0xe0,0x00,0x00
   599 000052F8 180E8700E00000      <1>
   600 000052FF 00081C0C00C0F10000- <1>     db 0x00,0x08,0x1c,0x0c,0x00,0xc0,0xf1,0x00,0x00,0x18,0x0c,0x87,0xc0,0xe1,0x00,0x00
   600 00005308 180C87C0E10000      <1>
   601 0000530F 10181C0C00C0F14000- <1>     db 0x10,0x18,0x1c,0x0c,0x00,0xc0,0xf1,0x40,0x00,0x18,0x0c,0x87,0xc0,0xe1,0x00,0x00
   601 00005318 180C87C0E10000      <1>
   602 0000531F 00181C0C00E0F14000- <1>     db 0x00,0x18,0x1c,0x0c,0x00,0xe0,0xf1,0x40,0x00,0x18,0x0e,0x87,0xc0,0xe1,0x00,0x00
   602 00005328 180E87C0E10000      <1>
   603 0000532F 10181C0C00E0F10000- <1>     db 0x10,0x18,0x1c,0x0c,0x00,0xe0,0xf1,0x00,0x00,0x18,0x0e,0x07,0xc0,0xe1,0x00,0x00
   603 00005338 180E07C0E10000      <1>
   604 0000533F 10381C0C0060F00000- <1>     db 0x10,0x38,0x1c,0x0c,0x00,0x60,0xf0,0x00,0x00,0x10,0x0c,0x83,0x40,0xe0,0x00,0x00
   604 00005348 100C8340E00000      <1>
   605 0000534F 00381C0C0080F10000- <1>     db 0x00,0x38,0x1c,0x0c,0x00,0x80,0xf1,0x00,0x00,0x18,0x0c,0x83,0x80,0xe1,0x00,0x00
   605 00005358 180C8380E10000      <1>
   606 0000535F 1038180C00E0710000- <1>     db 0x10,0x38,0x18,0x0c,0x00,0xe0,0x71,0x00,0x00,0x18,0x0e,0x83,0xc0,0xe1,0x00,0x00
   606 00005368 180E83C0E10000      <1>
   607 0000536F 1018180C00E0610000- <1>     db 0x10,0x18,0x18,0x0c,0x00,0xe0,0x61,0x00,0x00,0x10,0x0c,0x83,0xc0,0xe1,0x00,0x00
   607 00005378 100C83C0E10000      <1>
   608 0000537F 1038180800E0610000- <1>     db 0x10,0x38,0x18,0x08,0x00,0xe0,0x61,0x00,0x00,0x10,0x0c,0x83,0xc0,0xe1,0x00,0x00
   608 00005388 100C83C0E10000      <1>
   609 0000538F 1038180800E0610000- <1>     db 0x10,0x38,0x18,0x08,0x00,0xe0,0x61,0x00,0x00,0x18,0x0e,0x03,0xc0,0xe1,0x00,0x00
   609 00005398 180E03C0E10000      <1>
   610 0000539F 3038180800E0010000- <1>     db 0x30,0x38,0x18,0x08,0x00,0xe0,0x01,0x00,0x00,0x18,0x0e,0x03,0xc0,0x61,0x00,0x00
   610 000053A8 180E03C0610000      <1>
   611 000053AF 3038180800E0010020- <1>     db 0x30,0x38,0x18,0x08,0x00,0xe0,0x01,0x00,0x20,0x18,0x0c,0x83,0xc0,0xe1,0x00,0x00
   611 000053B8 180C83C0E10000      <1>
   612 000053BF 3038180800E0010000- <1>     db 0x30,0x38,0x18,0x08,0x00,0xe0,0x01,0x00,0x00,0x10,0x0e,0x83,0xc0,0x61,0x00,0x00
   612 000053C8 100E83C0610000      <1>
   613 000053CF 30381800C0E0010020- <1>     db 0x30,0x38,0x18,0x00,0xc0,0xe0,0x01,0x00,0x20,0x18,0x0c,0x83,0xc0,0x21,0x00,0x00
   613 000053D8 180C83C0210000      <1>
   614 000053DF 10301800C0E0010020- <1>     db 0x10,0x30,0x18,0x00,0xc0,0xe0,0x01,0x00,0x20,0x18,0x0c,0x83,0xc0,0x61,0x00,0x00
   614 000053E8 180C83C0610000      <1>
   615 000053EF 30301800C0E3010020- <1>     db 0x30,0x30,0x18,0x00,0xc0,0xe3,0x01,0x00,0x20,0x10,0x08,0x01,0xc0,0x21,0x00,0x00
   615 000053F8 100801C0210000      <1>
   616 000053FF 30301800C0E3010020- <1>     db 0x30,0x30,0x18,0x00,0xc0,0xe3,0x01,0x00,0x20,0x18,0x0c,0x81,0xc1,0x21,0x00,0x00
   616 00005408 180C81C1210000      <1>
   617 0000540F 30301800C0E0010020- <1>     db 0x30,0x30,0x18,0x00,0xc0,0xe0,0x01,0x00,0x20,0x18,0x0c,0x01,0xc3,0x21,0x00,0x00
   617 00005418 180C01C3210000      <1>
   618 0000541F 20301000C0E3010030- <1>     db 0x20,0x30,0x10,0x00,0xc0,0xe3,0x01,0x00,0x30,0x18,0x0c,0x00,0x83,0x21,0x00,0x00
   618 00005428 180C0083210000      <1>
   619 0000542F 60301800E0E3010000- <1>     db 0x60,0x30,0x18,0x00,0xe0,0xe3,0x01,0x00,0x00,0x18,0x0c,0x00,0x83,0x21,0x00,0x00
   619 00005438 180C0083210000      <1>
   620 0000543F 60301000E0E3010000- <1>     db 0x60,0x30,0x10,0x00,0xe0,0xe3,0x01,0x00,0x00,0x18,0x0c,0x00,0x83,0x21,0x00,0x00
   620 00005448 180C0083210000      <1>
   621 0000544F 6030100000E3010020- <1>     db 0x60,0x30,0x10,0x00,0x00,0xe3,0x01,0x00,0x20,0x18,0x0c,0x00,0x83,0x20,0x00,0x00
   621 00005458 180C0083200000      <1>
   622 0000545F 2030100000E0010020- <1>     db 0x20,0x30,0x10,0x00,0x00,0xe0,0x01,0x00,0x20,0x18,0x0c,0x00,0x80,0x60,0x00,0x00
   622 00005468 180C0080600000      <1>
   623 0000546F 60301000E0E3010020- <1>     db 0x60,0x30,0x10,0x00,0xe0,0xe3,0x01,0x00,0x20,0x18,0x0c,0x00,0x81,0x61,0x00,0x00
   623 00005478 180C0081610000      <1>
   624 0000547F 60301000E0F3010020- <1>     db 0x60,0x30,0x10,0x00,0xe0,0xf3,0x01,0x00,0x20,0x18,0x04,0x00,0x80,0x41,0x00,0x00
   624 00005488 18040080410000      <1>
   625 0000548F 60301000E0F3010020- <1>     db 0x60,0x30,0x10,0x00,0xe0,0xf3,0x01,0x00,0x20,0x18,0x04,0x00,0x83,0x41,0x00,0x00
   625 00005498 18040083410000      <1>
   626 0000549F 60301000E063000020- <1>     db 0x60,0x30,0x10,0x00,0xe0,0x63,0x00,0x00,0x20,0x18,0x04,0x02,0x03,0x40,0x00,0x00
   626 000054A8 18040203400000      <1>
   627 000054AF 60300000E073010020- <1>     db 0x60,0x30,0x00,0x00,0xe0,0x73,0x01,0x00,0x20,0x18,0x04,0x02,0x03,0x40,0x00,0x00
   627 000054B8 18040203400000      <1>
   628 000054BF 60300040E003010030- <1>     db 0x60,0x30,0x00,0x40,0xe0,0x03,0x01,0x00,0x30,0x18,0x04,0x06,0x03,0x40,0x00,0x00
   628 000054C8 18040603400000      <1>
   629 000054CF 60200000E063000020- <1>     db 0x60,0x20,0x00,0x00,0xe0,0x63,0x00,0x00,0x20,0x18,0x04,0x06,0x03,0x40,0x00,0x00
   629 000054D8 18040603400000      <1>
   630 000054DF 60200000E103000030- <1>     db 0x60,0x20,0x00,0x00,0xe1,0x03,0x00,0x00,0x30,0x18,0x04,0x06,0x03,0x40,0x00,0x00
   630 000054E8 18040603400000      <1>
   631 000054EF 60200040E103004030- <1>     db 0x60,0x20,0x00,0x40,0xe1,0x03,0x00,0x40,0x30,0x18,0x04,0x02,0x83,0x40,0x00,0x00
   631 000054F8 18040283400000      <1>
   632 000054FF 602000C0E703000030- <1>     db 0x60,0x20,0x00,0xc0,0xe7,0x03,0x00,0x00,0x30,0x18,0x04,0x06,0x83,0x40,0x00,0x00
   632 00005508 18040683400000      <1>
   633 0000550F 60200040E303004030- <1>     db 0x60,0x20,0x00,0x40,0xe3,0x03,0x00,0x40,0x30,0x18,0x04,0x06,0x03,0xc0,0x00,0x00
   633 00005518 18040603C00000      <1>
   634 0000551F 602000C0E303004030- <1>     db 0x60,0x20,0x00,0xc0,0xe3,0x03,0x00,0x40,0x30,0x18,0x04,0x06,0x83,0xc0,0x00,0x00
   634 00005528 18040683C00000      <1>
   635 0000552F 602000C0E303004030- <1>     db 0x60,0x20,0x00,0xc0,0xe3,0x03,0x00,0x40,0x30,0x18,0x04,0x00,0x83,0x40,0x00,0x00
   635 00005538 18040083400000      <1>
   636 0000553F 602000C0E703004030- <1>     db 0x60,0x20,0x00,0xc0,0xe7,0x03,0x00,0x40,0x30,0x18,0x04,0x02,0x03,0x40,0x00,0x00
   636 00005548 18040203400000      <1>
   637 0000554F 602000C0E703004030- <1>     db 0x60,0x20,0x00,0xc0,0xe7,0x03,0x00,0x40,0x30,0x18,0x04,0x00,0x83,0x40,0x00,0x00
   637 00005558 18040083400000      <1>
   638 0000555F 60200040E703004030- <1>     db 0x60,0x20,0x00,0x40,0xe7,0x03,0x00,0x40,0x30,0x18,0x04,0x02,0x83,0xc0,0x00,0x00
   638 00005568 18040283C00000      <1>
   639 0000556F 60200040E303000030- <1>     db 0x60,0x20,0x00,0x40,0xe3,0x03,0x00,0x00,0x30,0x18,0x04,0x06,0x83,0xc0,0x00,0x00
   639 00005578 18040683C00000      <1>
   640 0000557F 602000C0E303004030- <1>     db 0x60,0x20,0x00,0xc0,0xe3,0x03,0x00,0x40,0x30,0x18,0x04,0x06,0x83,0xc0,0x00,0x00
   640 00005588 18040683C00000      <1>
   641 0000558F 402000C0E303000030- <1>     db 0x40,0x20,0x00,0xc0,0xe3,0x03,0x00,0x00,0x30,0x18,0x04,0x02,0x83,0xc0,0x00,0x00
   641 00005598 18040283C00000      <1>
   642 0000559F 402080CCE703000030- <1>     db 0x40,0x20,0x80,0xcc,0xe7,0x03,0x00,0x00,0x30,0x18,0x04,0x06,0x83,0xc0,0x00,0x00
   642 000055A8 18040683C00000      <1>
   643 000055AF 402080CCE303004030- <1>     db 0x40,0x20,0x80,0xcc,0xe3,0x03,0x00,0x40,0x30,0x18,0x04,0x06,0x83,0xc0,0x00,0x00
   643 000055B8 18040683C00000      <1>
   644 000055BF 402080CFE303004030- <1>     db 0x40,0x20,0x80,0xcf,0xe3,0x03,0x00,0x40,0x30,0x18,0x04,0x06,0x83,0xc1,0x00,0x00
   644 000055C8 18040683C10000      <1>
   645 000055CF 402080CFA703004030- <1>     db 0x40,0x20,0x80,0xcf,0xa7,0x03,0x00,0x40,0x30,0x18,0x0c,0x06,0x83,0xc1,0x00,0x00
   645 000055D8 180C0683C10000      <1>
   646 000055DF 400080CF2703004030- <1>     db 0x40,0x00,0x80,0xcf,0x27,0x03,0x00,0x40,0x30,0x18,0x0c,0x06,0x83,0xc1,0x00,0x00
   646 000055E8 180C0683C10000      <1>
   647 000055EF 400080C7A703004030- <1>     db 0x40,0x00,0x80,0xc7,0xa7,0x03,0x00,0x40,0x30,0x18,0x04,0x06,0x81,0xc1,0x00,0x00
   647 000055F8 18040681C10000      <1>
   648 000055FF 400080C72703804030- <1>     db 0x40,0x00,0x80,0xc7,0x27,0x03,0x80,0x40,0x30,0x18,0x04,0x06,0x81,0xc0,0x00,0x00
   648 00005608 18040681C00000      <1>
   649 0000560F 400080C7A701804020- <1>     db 0x40,0x00,0x80,0xc7,0xa7,0x01,0x80,0x40,0x20,0x10,0x0c,0x06,0x83,0xc0,0x00,0x00
   649 00005618 100C0683C00000      <1>
   650 0000561F 400080C70700804020- <1>     db 0x40,0x00,0x80,0xc7,0x07,0x00,0x80,0x40,0x20,0x10,0x0c,0x06,0x81,0xc1,0x00,0x00
   650 00005628 100C0681C10000      <1>
   651 0000562F 400080C60700804020- <1>     db 0x40,0x00,0x80,0xc6,0x07,0x00,0x80,0x40,0x20,0x00,0x08,0x06,0x81,0xc1,0x00,0x00
   651 00005638 00080681C10000      <1>
   652 0000563F 400000CC0700804020- <1>     db 0x40,0x00,0x00,0xcc,0x07,0x00,0x80,0x40,0x20,0x08,0x00,0x06,0x81,0x81,0x00,0x00
   652 00005648 08000681810000      <1>
   653 0000564F 400080C30702804020- <1>     db 0x40,0x00,0x80,0xc3,0x07,0x02,0x80,0x40,0x20,0x00,0x00,0x06,0x81,0x81,0x00,0x00
   653 00005658 00000681810000      <1>
   654 0000565F 400080CF0700804020- <1>     db 0x40,0x00,0x80,0xcf,0x07,0x00,0x80,0x40,0x20,0x00,0x00,0x06,0x81,0x81,0x00,0x00
   654 00005668 00000681810000      <1>
   655 0000566F 4000C0CF0700804020- <1>     db 0x40,0x00,0xc0,0xcf,0x07,0x00,0x80,0x40,0x20,0x00,0x00,0x04,0x81,0x81,0x00,0x00
   655 00005678 00000481810000      <1>
   656 0000567F 408084CF0700804020- <1>     db 0x40,0x80,0x84,0xcf,0x07,0x00,0x80,0x40,0x20,0x00,0x00,0x04,0x83,0x81,0x00,0x00
   656 00005688 00000483810000      <1>
   657 0000568F 4000C0CF0700004020- <1>     db 0x40,0x00,0xc0,0xcf,0x07,0x00,0x00,0x40,0x20,0x00,0x08,0x04,0x83,0x81,0x00,0x00
   657 00005698 00080483810000      <1>
   658 0000569F 4000C0CF0700004020- <1>     db 0x40,0x00,0xc0,0xcf,0x07,0x00,0x00,0x40,0x20,0x00,0x08,0x04,0x83,0x81,0x00,0x00
   658 000056A8 00080483810000      <1>
   659 000056AF 4080C5CF0700804020- <1>     db 0x40,0x80,0xc5,0xcf,0x07,0x00,0x80,0x40,0x20,0x00,0x08,0x04,0x83,0x81,0x00,0x00
   659 000056B8 00080483810000      <1>
   660 000056BF 4080DFCF0700004020- <1>     db 0x40,0x80,0xdf,0xcf,0x07,0x00,0x00,0x40,0x20,0x10,0x08,0x04,0x01,0x81,0x00,0x00
   660 000056C8 10080401810000      <1>
   661 000056CF 4080DFCF0700004020- <1>     db 0x40,0x80,0xdf,0xcf,0x07,0x00,0x00,0x40,0x20,0x10,0x08,0x04,0x01,0x81,0x00,0x00
   661 000056D8 10080401810000      <1>
   662 000056DF 4080DFCF0700004020- <1>     db 0x40,0x80,0xdf,0xcf,0x07,0x00,0x00,0x40,0x20,0x10,0x08,0x04,0x83,0x81,0x00,0x00
   662 000056E8 10080483810000      <1>
   663 000056EF 4080DFCF0700804020- <1>     db 0x40,0x80,0xdf,0xcf,0x07,0x00,0x80,0x40,0x20,0x10,0x08,0x04,0x01,0x81,0x00,0x00
   663 000056F8 10080401810000      <1>
   664 000056FF 4080DFEF0700814020- <1>     db 0x40,0x80,0xdf,0xef,0x07,0x00,0x81,0x40,0x20,0x10,0x08,0x04,0x03,0x81,0x00,0x00
   664 00005708 10080403810000      <1>
   665 0000570F 0080CFEF0700804020- <1>     db 0x00,0x80,0xcf,0xef,0x07,0x00,0x80,0x40,0x20,0x00,0x08,0x04,0x02,0x81,0x00,0x00
   665 00005718 00080402810000      <1>
   666 0000571F 0000C7EF0700814020- <1>     db 0x00,0x00,0xc7,0xef,0x07,0x00,0x81,0x40,0x20,0x00,0x08,0x04,0x02,0x81,0x00,0x00
   666 00005728 00080402810000      <1>
   667 0000572F 0080DFEF0700814020- <1>     db 0x00,0x80,0xdf,0xef,0x07,0x00,0x81,0x40,0x20,0x10,0x08,0x04,0x02,0x81,0x00,0x00
   667 00005738 10080402810000      <1>
   668 0000573F 0000C7EF0700814020- <1>     db 0x00,0x00,0xc7,0xef,0x07,0x00,0x81,0x40,0x20,0x00,0x08,0x04,0x02,0x81,0x00,0x00
   668 00005748 00080402810000      <1>
   669 0000574F 0082D8EF0500814020- <1>     db 0x00,0x82,0xd8,0xef,0x05,0x00,0x81,0x40,0x20,0x00,0x08,0x04,0x02,0x81,0x00,0x00
   669 00005758 00080402810000      <1>
   670 0000575F 0082DDCF0500814020- <1>     db 0x00,0x82,0xdd,0xcf,0x05,0x00,0x81,0x40,0x20,0x00,0x08,0x04,0x02,0x81,0x00,0x00
   670 00005768 00080402810000      <1>
   671 0000576F 000BC7EF0700814020- <1>     db 0x00,0x0b,0xc7,0xef,0x07,0x00,0x81,0x40,0x20,0x00,0x08,0x00,0x02,0x81,0x00,0x00
   671 00005778 00080002810000      <1>
   672 0000577F 0080CFAF0500814020- <1>     db 0x00,0x80,0xcf,0xaf,0x05,0x00,0x81,0x40,0x20,0x00,0x08,0x00,0x02,0x81,0x00,0x00
   672 00005788 00080002810000      <1>
   673 0000578F 00BFCF8F0100814020- <1>     db 0x00,0xbf,0xcf,0x8f,0x01,0x00,0x81,0x40,0x20,0x10,0x08,0x04,0x02,0x81,0x00,0x00
   673 00005798 10080402810000      <1>
   674 0000579F 00BFCFAF0500814020- <1>     db 0x00,0xbf,0xcf,0xaf,0x05,0x00,0x81,0x40,0x20,0x10,0x08,0x04,0x02,0x81,0x00,0x00
   674 000057A8 10080402810000      <1>
   675 000057AF 009FDF2F0400814020- <1>     db 0x00,0x9f,0xdf,0x2f,0x04,0x00,0x81,0x40,0x20,0x10,0x08,0x04,0x02,0x81,0x00,0x00
   675 000057B8 10080402810000      <1>
   676 000057BF 009FDF0F0000814020- <1>     db 0x00,0x9f,0xdf,0x0f,0x00,0x00,0x81,0x40,0x20,0x10,0x08,0x04,0x02,0x81,0x00,0x00
   676 000057C8 10080402810000      <1>
   677 000057CF 009FDFAF0700814020- <1>     db 0x00,0x9f,0xdf,0xaf,0x07,0x00,0x81,0x40,0x20,0x10,0x08,0x04,0x02,0x81,0x00,0x00
   677 000057D8 10080402810000      <1>
   678 000057DF 00BFDF0F0000814020- <1>     db 0x00,0xbf,0xdf,0x0f,0x00,0x00,0x81,0x40,0x20,0x10,0x08,0x04,0x02,0x81,0x00,0x00
   678 000057E8 10080402810000      <1>
   679 000057EF 009FDF0F0400814020- <1>     db 0x00,0x9f,0xdf,0x0f,0x04,0x00,0x81,0x40,0x20,0x10,0x08,0x04,0x02,0x81,0x00,0x00
   679 000057F8 10080402810000      <1>
   680 000057FF 009FDF0F0000814020- <1>     db 0x00,0x9f,0xdf,0x0f,0x00,0x00,0x81,0x40,0x20,0x10,0x08,0x04,0x02,0x81,0x00,0x00
   680 00005808 10080402810000      <1>
   681 0000580F 00BFDF0F0000814020- <1>     db 0x00,0xbf,0xdf,0x0f,0x00,0x00,0x81,0x40,0x20,0x10,0x08,0x04,0x02,0x81,0x00,0x00
   681 00005818 10080402810000      <1>
   682 0000581F 10BFDF0F0400814020- <1>     db 0x10,0xbf,0xdf,0x0f,0x04,0x00,0x81,0x40,0x20,0x10,0x08,0x04,0x02,0x81,0x00,0x00
   682 00005828 10080402810000      <1>
   683 0000582F 76BBDF0F0002814020- <1>     db 0x76,0xbb,0xdf,0x0f,0x00,0x02,0x81,0x40,0x20,0x10,0x08,0x04,0x02,0x81,0x00,0x00
   683 00005838 10080402810000      <1>
   684 0000583F 76BBDF0F0002814020- <1>     db 0x76,0xbb,0xdf,0x0f,0x00,0x02,0x81,0x40,0x20,0x10,0x08,0x04,0x02,0x81,0x00,0x00
   684 00005848 10080402810000      <1>
   685 0000584F 3E80DF0F0000810000- <1>     db 0x3e,0x80,0xdf,0x0f,0x00,0x00,0x81,0x00,0x00,0x00,0x08,0x04,0x02,0x01,0x00,0x00
   685 00005858 00080402010000      <1>
   686 0000585F 3E80DF0F0000810000- <1>     db 0x3e,0x80,0xdf,0x0f,0x00,0x00,0x81,0x00,0x00,0x00,0x08,0x04,0x02,0x01,0x00,0x00
   686 00005868 00080402010000      <1>
   687 0000586F 7E9FDF0F0000810000- <1>     db 0x7e,0x9f,0xdf,0x0f,0x00,0x00,0x81,0x00,0x00,0x00,0x08,0x04,0x02,0x01,0x00,0x00
   687 00005878 00080402010000      <1>
   688 0000587F 7E8EDF0F0000810000- <1>     db 0x7e,0x8e,0xdf,0x0f,0x00,0x00,0x81,0x00,0x00,0x00,0x08,0x04,0x02,0x01,0x00,0x00
   688 00005888 00080402010000      <1>
   689 0000588F 7E9FDF0F0402810000- <1>     db 0x7e,0x9f,0xdf,0x0f,0x04,0x02,0x81,0x00,0x00,0x10,0x08,0x04,0x02,0xc5,0x00,0x00
   689 00005898 10080402C50000      <1>
   690 0000589F 3E8EDF0F0002810000- <1>     db 0x3e,0x8e,0xdf,0x0f,0x00,0x02,0x81,0x00,0x00,0x10,0x08,0x04,0x02,0x01,0x00,0x00
   690 000058A8 10080402010000      <1>
   691 000058AF 7EBFDF0F0002810000- <1>     db 0x7e,0xbf,0xdf,0x0f,0x00,0x02,0x81,0x00,0x00,0x10,0x08,0x04,0x02,0x01,0x00,0x00
   691 000058B8 10080402010000      <1>
   692 000058BF 7EBFDF0F0002810000- <1>     db 0x7e,0xbf,0xdf,0x0f,0x00,0x02,0x81,0x00,0x00,0x10,0x08,0x04,0x02,0xc5,0x00,0x00
   692 000058C8 10080402C50000      <1>
   693 000058CF 7E9FDF0F0002010000- <1>     db 0x7e,0x9f,0xdf,0x0f,0x00,0x02,0x01,0x00,0x00,0x00,0x08,0x04,0x02,0xfd,0x00,0x00
   693 000058D8 00080402FD0000      <1>
   694 000058DF 7E9FDF0F0002010000- <1>     db 0x7e,0x9f,0xdf,0x0f,0x00,0x02,0x01,0x00,0x00,0x00,0x08,0x04,0x02,0xfd,0x00,0x00
   694 000058E8 00080402FD0000      <1>
   695 000058EF 1C8EDF0F0002000000- <1>     db 0x1c,0x8e,0xdf,0x0f,0x00,0x02,0x00,0x00,0x00,0x00,0x08,0x04,0x02,0xfd,0x00,0x00
   695 000058F8 00080402FD0000      <1>
   696 000058FF 1C9FDF0F0002010000- <1>     db 0x1c,0x9f,0xdf,0x0f,0x00,0x02,0x01,0x00,0x00,0x00,0x08,0x04,0x02,0xfd,0x00,0x00
   696 00005908 00080402FD0000      <1>
   697 0000590F 809FDF0F0002000000- <1>     db 0x80,0x9f,0xdf,0x0f,0x00,0x02,0x00,0x00,0x00,0x00,0x00,0x04,0xca,0xff,0x00,0x00
   697 00005918 000004CAFF0000      <1>
   698 0000591F 819FDF0F0002000000- <1>     db 0x81,0x9f,0xdf,0x0f,0x00,0x02,0x00,0x00,0x00,0x00,0x00,0x04,0xca,0xff,0x00,0x00
   698 00005928 000004CAFF0000      <1>
   699 0000592F B6DFDF0F0002000000- <1>     db 0xb6,0xdf,0xdf,0x0f,0x00,0x02,0x00,0x00,0x00,0x00,0x08,0x04,0xca,0x7d,0x00,0x00
   699 00005938 000804CA7D0000      <1>
   700 0000593F 63FFDF0F0002000000- <1>     db 0x63,0xff,0xdf,0x0f,0x00,0x02,0x00,0x00,0x00,0x00,0x08,0x04,0xce,0x7d,0x00,0x00
   700 00005948 000804CE7D0000      <1>
   701 0000594F E3FFDF0F0400000000- <1>     db 0xe3,0xff,0xdf,0x0f,0x04,0x00,0x00,0x00,0x00,0x00,0x00,0x04,0xfe,0x7d,0x00,0x00
   701 00005958 000004FE7D0000      <1>
   702 0000595F E3FFDF0F0400000000- <1>     db 0xe3,0xff,0xdf,0x0f,0x04,0x00,0x00,0x00,0x00,0x00,0x00,0x04,0xfe,0x7d,0x00,0x00
   702 00005968 000004FE7D0000      <1>
   703 0000596F 80FBCF0F0400000000- <1>     db 0x80,0xfb,0xcf,0x0f,0x04,0x00,0x00,0x00,0x00,0x00,0x00,0xb4,0xff,0x6d,0x00,0x00
   703 00005978 0000B4FF6D0000      <1>
   704 0000597F B7F1CF0F0400000000- <1>     db 0xb7,0xf1,0xcf,0x0f,0x04,0x00,0x00,0x00,0x00,0x00,0x00,0xb4,0xff,0x6d,0x00,0x00
   704 00005988 0000B4FF6D0000      <1>
   705 0000598F 808EDF070400000000- <1>     db 0x80,0x8e,0xdf,0x07,0x04,0x00,0x00,0x00,0x00,0x00,0x00,0xf4,0xdf,0x39,0x00,0x00
   705 00005998 0000F4DF390000      <1>
   706 0000599F 80CEFF070400000000- <1>     db 0x80,0xce,0xff,0x07,0x04,0x00,0x00,0x00,0x00,0x00,0x00,0xf4,0xfb,0x01,0x00,0x00
   706 000059A8 0000F4FB010000      <1>
   707 000059AF 80C02F000400000000- <1>     db 0x80,0xc0,0x2f,0x00,0x04,0x00,0x00,0x00,0x00,0x00,0x00,0xe4,0xda,0x01,0x00,0x00
   707 000059B8 0000E4DA010000      <1>
   708 000059BF 805B27000400000000- <1>     db 0x80,0x5b,0x27,0x00,0x04,0x00,0x00,0x00,0x00,0x00,0x00,0xe4,0xda,0x01,0x00,0x00
   708 000059C8 0000E4DA010000      <1>
   709 000059CF 804000080000000000- <1>     db 0x80,0x40,0x00,0x08,0x00,0x00,0x00,0x00,0x00,0x00,0x00,0x00,0x02,0x01,0x00,0x00
   709 000059D8 00000002010000      <1>
   710 000059DF 804000080000000000- <1>     db 0x80,0x40,0x00,0x08,0x00,0x00,0x00,0x00,0x00,0x00,0x00,0x00,0x02,0x01,0x00,0x00
   710 000059E8 00000002010000      <1>
   711 000059EF 805B27000000000000- <1>     db 0x80,0x5b,0x27,0x00,0x00,0x00,0x00,0x00,0x00,0x00,0x00,0xf0,0x03,0x01,0x00,0x00
   711 000059F8 0000F003010000      <1>
   712 000059FF 815B27000000000000- <1>     db 0x81,0x5b,0x27,0x00,0x00,0x00,0x00,0x00,0x00,0x00,0x00,0xf0,0x03,0x01,0x00,0x00
   712 00005A08 0000F003010000      <1>
   713 00005A0F 80FF2F000000000000- <1>     db 0x80,0xff,0x2f,0x00,0x00,0x00,0x00,0x00,0x00,0x00,0xe0,0xfb,0x73,0x01,0x00,0x00
   713 00005A18 00E0FB73010000      <1>
   714 00005A1F 9CFB2D000000000000- <1>     db 0x9c,0xfb,0x2d,0x00,0x00,0x00,0x00,0x00,0x00,0x00,0xe0,0xfb,0x73,0x01,0x00,0x00
   714 00005A28 00E0FB73010000      <1>
   715 00005A2F B6DF2D000000000000- <1>     db 0xb6,0xdf,0x2d,0x00,0x00,0x00,0x00,0x00,0x00,0x00,0xf0,0xf3,0xdf,0x01,0x00,0x00
   715 00005A38 00F0F3DF010000      <1>
   716 00005A3F F75F27000000000000- <1>     db 0xf7,0x5f,0x27,0x00,0x00,0x00,0x00,0x00,0x00,0x20,0xf0,0xf3,0x8f,0x6d,0x00,0x00
   716 00005A48 20F0F38F6D0000      <1>
   717 00005A4F FF5F20000000000000- <1>     db 0xff,0x5f,0x20,0x00,0x00,0x00,0x00,0x00,0x00,0x20,0xf0,0xfb,0xff,0x01,0x00,0x00
   717 00005A58 20F0FBFF010000      <1>
   718 00005A5F BF5F20000000000000- <1>     db 0xbf,0x5f,0x20,0x00,0x00,0x00,0x00,0x00,0x00,0x20,0xf0,0xfb,0xff,0xc7,0x00,0x00
   718 00005A68 20F0FBFFC70000      <1>
   719 00005A6F BE7920100000008040- <1>     db 0xbe,0x79,0x20,0x10,0x00,0x00,0x00,0x80,0x40,0x00,0xf0,0xfb,0xff,0xff,0x00,0x00
   719 00005A78 00F0FBFFFF0000      <1>
   720 00005A7F BE7920100000000000- <1>     db 0xbe,0x79,0x20,0x10,0x00,0x00,0x00,0x00,0x00,0x00,0xf0,0xfb,0xff,0xff,0x00,0x00
   720 00005A88 00F0FBFFFF0000      <1>
   721 00005A8F BF7920000800000040- <1>     db 0xbf,0x79,0x20,0x00,0x08,0x00,0x00,0x00,0x40,0x00,0xf0,0xfb,0xfb,0x01,0x00,0x00
   721 00005A98 00F0FBFB010000      <1>
   722 00005A9F BF7920000000008040- <1>     db 0xbf,0x79,0x20,0x00,0x00,0x00,0x00,0x80,0x40,0x00,0xf0,0xfb,0xfb,0x01,0x00,0x00
   722 00005AA8 00F0FBFB010000      <1>
   723 00005AAF FF4020100000000140- <1>     db 0xff,0x40,0x20,0x10,0x00,0x00,0x00,0x01,0x40,0x60,0xf0,0xfb,0x71,0x39,0x00,0x00
   723 00005AB8 60F0FB71390000      <1>
   724 00005ABF FF4020100000000040- <1>     db 0xff,0x40,0x20,0x10,0x00,0x00,0x00,0x00,0x40,0x00,0xf0,0xfb,0x71,0x39,0x00,0x00
   724 00005AC8 00F0FB71390000      <1>
   725 00005ACF FF4020100000008040- <1>     db 0xff,0x40,0x20,0x10,0x00,0x00,0x00,0x80,0x40,0x00,0xf0,0xfb,0xf9,0x7e,0x00,0x00
   725 00005AD8 00F0FBF97E0000      <1>
   726 00005ADF FF4020100000008040- <1>     db 0xff,0x40,0x20,0x10,0x00,0x00,0x00,0x80,0x40,0x00,0xf0,0xfb,0xf9,0x7e,0x00,0x00
   726 00005AE8 00F0FBF97E0000      <1>
   727 00005AEF 814020100800008140- <1>     db 0x81,0x40,0x20,0x10,0x08,0x00,0x00,0x81,0x40,0x00,0xf0,0xfb,0xfd,0x7e,0x00,0x00
   727 00005AF8 00F0FBFD7E0000      <1>
   728 00005AFF 814020100000008100- <1>     db 0x81,0x40,0x20,0x10,0x00,0x00,0x00,0x81,0x00,0x00,0xf0,0xfb,0x01,0x7e,0x00,0x00
   728 00005B08 00F0FB017E0000      <1>
   729 00005B0F A34020100800008140- <1>     db 0xa3,0x40,0x20,0x10,0x08,0x00,0x00,0x81,0x40,0x40,0xf0,0xfb,0xf9,0x7e,0x00,0x00
   729 00005B18 40F0FBF97E0000      <1>
   730 00005B1F A34020100800008100- <1>     db 0xa3,0x40,0x20,0x10,0x08,0x00,0x00,0x81,0x00,0x60,0xe0,0xfb,0x01,0x7e,0x00,0x00
   730 00005B28 60E0FB017E0000      <1>
   731 00005B2F 814020100004028100- <1>     db 0x81,0x40,0x20,0x10,0x00,0x04,0x02,0x81,0x00,0x00,0xf0,0xfb,0xf9,0x7e,0x00,0x00
   731 00005B38 00F0FBF97E0000      <1>
   732 00005B3F 814020100804028140- <1>     db 0x81,0x40,0x20,0x10,0x08,0x04,0x02,0x81,0x40,0x40,0xf0,0xfb,0x71,0x7e,0x00,0x00
   732 00005B48 40F0FB717E0000      <1>
   733 00005B4F 814020100804028140- <1>     db 0x81,0x40,0x20,0x10,0x08,0x04,0x02,0x81,0x40,0x00,0xf0,0xfb,0x01,0x7c,0x00,0x00
   733 00005B58 00F0FB017C0000      <1>
   734 00005B5F 814020100804028140- <1>     db 0x81,0x40,0x20,0x10,0x08,0x04,0x02,0x81,0x40,0x00,0xf0,0xfb,0x01,0x38,0x00,0x00
   734 00005B68 00F0FB01380000      <1>
   735 00005B6F 814020100800028140- <1>     db 0x81,0x40,0x20,0x10,0x08,0x00,0x02,0x81,0x40,0x40,0xf0,0xfb,0xd9,0x08,0x00,0x00
   735 00005B78 40F0FBD9080000      <1>
   736 00005B7F 814020100804028140- <1>     db 0x81,0x40,0x20,0x10,0x08,0x04,0x02,0x81,0x40,0x40,0xf3,0xfb,0xd9,0x20,0x00,0x00
   736 00005B88 40F3FBD9200000      <1>
   737 00005B8F 814020100804028100- <1>     db 0x81,0x40,0x20,0x10,0x08,0x04,0x02,0x81,0x00,0x00,0xf0,0xfb,0xfd,0x20,0x00,0x00
   737 00005B98 00F0FBFD200000      <1>
   738 00005B9F 814020100804028100- <1>     db 0x81,0x40,0x20,0x10,0x08,0x04,0x02,0x81,0x00,0x00,0xf0,0xfb,0xfd,0x00,0x00,0x00
   738 00005BA8 00F0FBFD000000      <1>
   739 00005BAF 814020100804028100- <1>     db 0x81,0x40,0x20,0x10,0x08,0x04,0x02,0x81,0x00,0x60,0xf0,0xfb,0xf9,0x00,0x00,0x00
   739 00005BB8 60F0FBF9000000      <1>
   740 00005BBF 814020100804028100- <1>     db 0x81,0x40,0x20,0x10,0x08,0x04,0x02,0x81,0x00,0xe0,0xf7,0xfb,0xf9,0x00,0x00,0x00
   740 00005BC8 E0F7FBF9000000      <1>
   741 00005BCF 814020100804028100- <1>     db 0x81,0x40,0x20,0x10,0x08,0x04,0x02,0x81,0x00,0xe0,0xf7,0xfb,0xf9,0x00,0x00,0x00
   741 00005BD8 E0F7FBF9000000      <1>
   742 00005BDF 814020100004028100- <1>     db 0x81,0x40,0x20,0x10,0x00,0x04,0x02,0x81,0x00,0xe0,0xf7,0xfb,0xfd,0x00,0x00,0x00
   742 00005BE8 E0F7FBFD000000      <1>
   743 00005BEF 814020100804028100- <1>     db 0x81,0x40,0x20,0x10,0x08,0x04,0x02,0x81,0x00,0x60,0xf7,0xfb,0xfd,0x00,0x00,0x00
   743 00005BF8 60F7FBFD000000      <1>
   744 00005BFF 814020100804028100- <1>     db 0x81,0x40,0x20,0x10,0x08,0x04,0x02,0x81,0x00,0xe0,0xf7,0xfb,0x19,0x00,0x00,0x00
   744 00005C08 E0F7FB19000000      <1>
   745 00005C0F 814000100804028100- <1>     db 0x81,0x40,0x00,0x10,0x08,0x04,0x02,0x81,0x00,0xc0,0xf7,0xf3,0xfd,0x00,0x00,0x00
   745 00005C18 C0F7F3FD000000      <1>
   746 00005C1F 814020100804028100- <1>     db 0x81,0x40,0x20,0x10,0x08,0x04,0x02,0x81,0x00,0xe0,0xf7,0xf3,0x8d,0x00,0x00,0x00
   746 00005C28 E0F7F38D000000      <1>
   747 00005C2F 814020100004028100- <1>     db 0x81,0x40,0x20,0x10,0x00,0x04,0x02,0x81,0x00,0xc0,0xf7,0xe3,0x18,0x00,0x00,0x00
   747 00005C38 C0F7E318000000      <1>
   748 00005C3F 814020100004028100- <1>     db 0x81,0x40,0x20,0x10,0x00,0x04,0x02,0x81,0x00,0xe0,0xf7,0xe3,0x00,0x00,0x00,0x00
   748 00005C48 E0F7E300000000      <1>
   749 00005C4F 81C020100004028100- <1>     db 0x81,0xc0,0x20,0x10,0x00,0x04,0x02,0x81,0x00,0xe0,0xf7,0x03,0x10,0x00,0x00,0x00
   749 00005C58 E0F70310000000      <1>
   750 00005C5F 814020100004028100- <1>     db 0x81,0x40,0x20,0x10,0x00,0x04,0x02,0x81,0x00,0xe0,0xf7,0x03,0x00,0x02,0x00,0x00
   750 00005C68 E0F70300020000      <1>
   751 00005C6F 814020100804028100- <1>     db 0x81,0x40,0x20,0x10,0x08,0x04,0x02,0x81,0x00,0xe0,0xf7,0xfb,0x01,0x00,0x00,0x00
   751 00005C78 E0F7FB01000000      <1>
   752 00005C7F 814020100804028100- <1>     db 0x81,0x40,0x20,0x10,0x08,0x04,0x02,0x81,0x00,0xe0,0xf7,0xfb,0x01,0x02,0x00,0x00
   752 00005C88 E0F7FB01020000      <1>
   753 00005C8F 814020100004028100- <1>     db 0x81,0x40,0x20,0x10,0x00,0x04,0x02,0x81,0x00,0xe0,0xf7,0xf3,0x01,0x02,0x00,0x00
   753 00005C98 E0F7F301020000      <1>
   754 00005C9F 814020100004028100- <1>     db 0x81,0x40,0x20,0x10,0x00,0x04,0x02,0x81,0x00,0xe0,0xf7,0xe3,0x00,0x02,0x00,0x00
   754 00005CA8 E0F7E300020000      <1>
   755 00005CAF 81C020100804028100- <1>     db 0x81,0xc0,0x20,0x10,0x08,0x04,0x02,0x81,0x00,0xe0,0xf3,0xfb,0x01,0x02,0x00,0x00
   755 00005CB8 E0F3FB01020000      <1>
   756 00005CBF 81C020100804020100- <1>     db 0x81,0xc0,0x20,0x10,0x08,0x04,0x02,0x01,0x00,0xe0,0xf3,0xfb,0x01,0x02,0x00,0x00
   756 00005CC8 E0F3FB01020000      <1>
   757 00005CCF 81C020100804020100- <1>     db 0x81,0xc0,0x20,0x10,0x08,0x04,0x02,0x01,0x00,0xe0,0xf3,0xfb,0x01,0x02,0x00,0x00
   757 00005CD8 E0F3FB01020000      <1>
   758 00005CDF 81C120100804020100- <1>     db 0x81,0xc1,0x20,0x10,0x08,0x04,0x02,0x01,0x00,0xe0,0xf3,0xfb,0x01,0x02,0x00,0x00
   758 00005CE8 E0F3FB01020000      <1>
   759 00005CEF 81C120100004020000- <1>     db 0x81,0xc1,0x20,0x10,0x00,0x04,0x02,0x00,0x00,0xe0,0xf3,0x3b,0x01,0x02,0x00,0x00
   759 00005CF8 E0F33B01020000      <1>
   760 00005CFF 81C120000004020000- <1>     db 0x81,0xc1,0x20,0x00,0x00,0x04,0x02,0x00,0x00,0xe0,0xf3,0x3b,0x01,0x02,0x00,0x00
   760 00005D08 E0F33B01020000      <1>
   761 00005D0F 81C120100004020100- <1>     db 0x81,0xc1,0x20,0x10,0x00,0x04,0x02,0x01,0x00,0xe0,0xf3,0x03,0x00,0x02,0x00,0x00
   761 00005D18 E0F30300020000      <1>
   762 00005D1F 818120100004020000- <1>     db 0x81,0x81,0x20,0x10,0x00,0x04,0x02,0x00,0x00,0xe0,0xf3,0x93,0x01,0x02,0x00,0x00
   762 00005D28 E0F39301020000      <1>
   763 00005D2F 818120000004020000- <1>     db 0x81,0x81,0x20,0x00,0x00,0x04,0x02,0x00,0x00,0xe0,0xf3,0x0b,0x01,0x02,0x00,0x00
   763 00005D38 E0F30B01020000      <1>
   764 00005D3F 818160000004020000- <1>     db 0x81,0x81,0x60,0x00,0x00,0x04,0x02,0x00,0x00,0xe0,0xf3,0x03,0x00,0x02,0x00,0x00
   764 00005D48 E0F30300020000      <1>
   765 00005D4F 818160000004020180- <1>     db 0x81,0x81,0x60,0x00,0x00,0x04,0x02,0x01,0x80,0xe0,0xc3,0x01,0x00,0x02,0x00,0x00
   765 00005D58 E0C30100020000      <1>
   766 00005D5F 818160001004020100- <1>     db 0x81,0x81,0x60,0x00,0x10,0x04,0x02,0x01,0x00,0xe0,0x63,0x01,0x00,0x02,0x00,0x00
   766 00005D68 E0630100020000      <1>
   767 00005D6F 838160100004020100- <1>     db 0x83,0x81,0x60,0x10,0x00,0x04,0x02,0x01,0x00,0xe0,0x63,0x01,0x00,0x02,0x00,0x00
   767 00005D78 E0630100020000      <1>
   768 00005D7F 03C160101004020180- <1>     db 0x03,0xc1,0x60,0x10,0x10,0x04,0x02,0x01,0x80,0xe0,0xe3,0x01,0x00,0x02,0x00,0x00
   768 00005D88 E0E30100020000      <1>
   769 00005D8F 83C160300004020180- <1>     db 0x83,0xc1,0x60,0x30,0x00,0x04,0x02,0x01,0x80,0xe5,0xe3,0x01,0x04,0x02,0x00,0x00
   769 00005D98 E5E30104020000      <1>
   770 00005D9F 83C160300004020180- <1>     db 0x83,0xc1,0x60,0x30,0x00,0x04,0x02,0x01,0x80,0xe1,0xf3,0x01,0x04,0x02,0x00,0x00
   770 00005DA8 E1F30104020000      <1>
   771 00005DAF 83816020100C0201C0- <1>     db 0x83,0x81,0x60,0x20,0x10,0x0c,0x02,0x01,0xc0,0xe5,0xf3,0x01,0x04,0x02,0x00,0x00
   771 00005DB8 E5F30104020000      <1>
   772 00005DBF 83C1602010040200C0- <1>     db 0x83,0xc1,0x60,0x20,0x10,0x04,0x02,0x00,0xc0,0xe5,0xf3,0x01,0x04,0x02,0x00,0x00
   772 00005DC8 E5F30104020000      <1>
   773 00005DCF 83C16030180C0200C0- <1>     db 0x83,0xc1,0x60,0x30,0x18,0x0c,0x02,0x00,0xc0,0xe5,0xf3,0x01,0x04,0x02,0x00,0x00
   773 00005DD8 E5F30104020000      <1>
   774 00005DDF 83C16020180C0200C0- <1>     db 0x83,0xc1,0x60,0x20,0x18,0x0c,0x02,0x00,0xc0,0xe7,0xf3,0x01,0x04,0x02,0x00,0x00
   774 00005DE8 E7F30104020000      <1>
   775 00005DEF 03C16000180C0200C0- <1>     db 0x03,0xc1,0x60,0x00,0x18,0x0c,0x02,0x00,0xc0,0xe7,0x43,0x00,0x04,0x02,0x00,0x00
   775 00005DF8 E7430004020000      <1>
   776 00005DFF 03C1600018040200C0- <1>     db 0x03,0xc1,0x60,0x00,0x18,0x04,0x02,0x00,0xc0,0xe7,0x43,0x00,0x04,0x02,0x00,0x00
   776 00005E08 E7430004020000      <1>
   777 00005E0F 03C14020180C0200C0- <1>     db 0x03,0xc1,0x40,0x20,0x18,0x0c,0x02,0x00,0xc0,0xc7,0x03,0x00,0x04,0x06,0x00,0x00
   777 00005E18 C7030004060000      <1>
   778 00005E1F 03C1402018040200C0- <1>     db 0x03,0xc1,0x40,0x20,0x18,0x04,0x02,0x00,0xc0,0xc7,0x03,0x00,0x04,0x06,0x00,0x00
   778 00005E28 C7030004060000      <1>
   779 00005E2F 03C1602018040200C0- <1>     db 0x03,0xc1,0x60,0x20,0x18,0x04,0x02,0x00,0xc0,0xc7,0x02,0x00,0x04,0x06,0x00,0x00
   779 00005E38 C7020004060000      <1>
   780 00005E3F 02C1402018040000C0- <1>     db 0x02,0xc1,0x40,0x20,0x18,0x04,0x00,0x00,0xc0,0x07,0x00,0x00,0x04,0x06,0x00,0x00
   780 00005E48 07000004060000      <1>
   781 00005E4F 03C1002018040000C0- <1>     db 0x03,0xc1,0x00,0x20,0x18,0x04,0x00,0x00,0xc0,0xe7,0x03,0x00,0x04,0x06,0x00,0x00
   781 00005E58 E7030004060000      <1>
   782 00005E5F 03C1002018040000C0- <1>     db 0x03,0xc1,0x00,0x20,0x18,0x04,0x00,0x00,0xc0,0x87,0x03,0x00,0x04,0x06,0x00,0x00
   782 00005E68 87030004060000      <1>
   783 00005E6F 03C10020180C0200C0- <1>     db 0x03,0xc1,0x00,0x20,0x18,0x0c,0x02,0x00,0xc0,0xe7,0x03,0x00,0x04,0x06,0x00,0x00
   783 00005E78 E7030004060000      <1>
   784 00005E7F 03C06020180C0200C0- <1>     db 0x03,0xc0,0x60,0x20,0x18,0x0c,0x02,0x00,0xc0,0xe7,0x03,0x00,0x04,0x06,0x00,0x00
   784 00005E88 E7030004060000      <1>
   785 00005E8F 02C06020180C0200C0- <1>     db 0x02,0xc0,0x60,0x20,0x18,0x0c,0x02,0x00,0xc0,0xc7,0x02,0x00,0x04,0x06,0x00,0x00
   785 00005E98 C7020004060000      <1>
   786 00005E9F 02C1602018040200C0- <1>     db 0x02,0xc1,0x60,0x20,0x18,0x04,0x02,0x00,0xc0,0x07,0x02,0x00,0x04,0x06,0x00,0x00
   786 00005EA8 07020004060000      <1>
   787 00005EAF 82C1602018040200C0- <1>     db 0x82,0xc1,0x60,0x20,0x18,0x04,0x02,0x00,0xc0,0x07,0x02,0x00,0x04,0x06,0x00,0x00
   787 00005EB8 07020004060000      <1>
   788 00005EBF 02C1402018040200C0- <1>     db 0x02,0xc1,0x40,0x20,0x18,0x04,0x02,0x00,0xc0,0x07,0x00,0x08,0x0c,0x06,0x00,0x00
   788 00005EC8 0700080C060000      <1>
   789 00005ECF 02C0602018040000CC- <1>     db 0x02,0xc0,0x60,0x20,0x18,0x04,0x00,0x00,0xcc,0x07,0x00,0x08,0x0c,0x06,0x00,0x00
   789 00005ED8 0700080C060000      <1>
   790 00005EDF 02C0602018040000C1- <1>     db 0x02,0xc0,0x60,0x20,0x18,0x04,0x00,0x00,0xc1,0x07,0x00,0x08,0x0c,0x06,0x00,0x00
   790 00005EE8 0700080C060000      <1>
   791 00005EEF 02C0002018040000CF- <1>     db 0x02,0xc0,0x00,0x20,0x18,0x04,0x00,0x00,0xcf,0x07,0x02,0x08,0x0c,0x06,0x00,0x00
   791 00005EF8 0702080C060000      <1>
   792 00005EFF 0200002018040000CC- <1>     db 0x02,0x00,0x00,0x20,0x18,0x04,0x00,0x00,0xcc,0x07,0x00,0x08,0x0c,0x06,0x00,0x00
   792 00005F08 0700080C060000      <1>
   793 00005F0F 82C1002018040080CF- <1>     db 0x82,0xc1,0x00,0x20,0x18,0x04,0x00,0x80,0xcf,0x07,0x00,0x08,0x0c,0x04,0x00,0x00
   793 00005F18 0700080C040000      <1>
   794 00005F1F 80C1000008040080CF- <1>     db 0x80,0xc1,0x00,0x00,0x08,0x04,0x00,0x80,0xcf,0x07,0x00,0x08,0x0c,0x04,0x00,0x00
   794 00005F28 0700080C040000      <1>
   795 00005F2F 8681003018040080C7- <1>     db 0x86,0x81,0x00,0x30,0x18,0x04,0x00,0x80,0xc7,0x07,0x00,0x08,0x0c,0x04,0x00,0x00
   795 00005F38 0700080C040000      <1>
   796 00005F3F 86010030180400800F- <1>     db 0x86,0x01,0x00,0x30,0x18,0x04,0x00,0x80,0x0f,0x07,0x00,0x08,0x0c,0x04,0x00,0x00
   796 00005F48 0700080C040000      <1>
   797 00005F4F 06C100301804008007- <1>     db 0x06,0xc1,0x00,0x30,0x18,0x04,0x00,0x80,0x07,0x00,0x00,0x08,0x0c,0x06,0x00,0x00
   797 00005F58 0000080C060000      <1>
   798 00005F5F 86C100301804008087- <1>     db 0x86,0xc1,0x00,0x30,0x18,0x04,0x00,0x80,0x87,0x07,0x00,0x08,0x0c,0x06,0x00,0x00
   798 00005F68 0700080C060000      <1>
   799 00005F6F 84C1003018040080C7- <1>     db 0x84,0xc1,0x00,0x30,0x18,0x04,0x00,0x80,0xc7,0x07,0x00,0x18,0x0c,0x04,0x00,0x00
   799 00005F78 0700180C040000      <1>
   800 00005F7F 84C1003018040080CF- <1>     db 0x84,0xc1,0x00,0x30,0x18,0x04,0x00,0x80,0xcf,0x03,0x00,0x08,0x0c,0x06,0x00,0x00
   800 00005F88 0300080C060000      <1>
   801 00005F8F 84C180301804008007- <1>     db 0x84,0xc1,0x80,0x30,0x18,0x04,0x00,0x80,0x07,0x03,0x00,0x18,0x0c,0x0c,0x00,0x00
   801 00005F98 0300180C0C0000      <1>
   802 00005F9F 84C3C0300804008007- <1>     db 0x84,0xc3,0xc0,0x30,0x08,0x04,0x00,0x80,0x07,0x03,0x00,0x18,0x0c,0x0c,0x00,0x00
   802 00005FA8 0300180C0C0000      <1>
   803 00005FAF 8401801008040080C7- <1>     db 0x84,0x01,0x80,0x10,0x08,0x04,0x00,0x80,0xc7,0x03,0x00,0x18,0x0c,0x0c,0x00,0x00
   803 00005FB8 0300180C0C0000      <1>
   804 00005FBF 8483013018040080C7- <1>     db 0x84,0x83,0x01,0x30,0x18,0x04,0x00,0x80,0xc7,0x00,0x00,0x18,0x0c,0x0c,0x00,0x00
   804 00005FC8 0000180C0C0000      <1>
   805 00005FCF 8403C1301804008007- <1>     db 0x84,0x03,0xc1,0x30,0x18,0x04,0x00,0x80,0x07,0x03,0x10,0x18,0x1c,0x0c,0x00,0x00
   805 00005FD8 0310181C0C0000      <1>
   806 00005FDF 8503C1300804008007- <1>     db 0x85,0x03,0xc1,0x30,0x08,0x04,0x00,0x80,0x07,0x00,0x10,0x18,0x1c,0x0c,0x00,0x00
   806 00005FE8 0010181C0C0000      <1>
   807 00005FEF 870340301804008407- <1>     db 0x87,0x03,0x40,0x30,0x18,0x04,0x00,0x84,0x07,0x00,0x10,0x18,0x1c,0x0c,0x00,0x00
   807 00005FF8 0010181C0C0000      <1>
   808 00005FFF 8703C1301800008407- <1>     db 0x87,0x03,0xc1,0x30,0x18,0x00,0x00,0x84,0x07,0x00,0x10,0x18,0x18,0x0c,0x00,0x00
   808 00006008 001018180C0000      <1>
   809 0000600F 8703C0700800008607- <1>     db 0x87,0x03,0xc0,0x70,0x08,0x00,0x00,0x86,0x07,0x00,0x10,0x18,0x18,0x08,0x00,0x00
   809 00006018 00101818080000      <1>
   810 0000601F 8703C1301800000607- <1>     db 0x87,0x03,0xc1,0x30,0x18,0x00,0x00,0x06,0x07,0x00,0x10,0x18,0x18,0x08,0x00,0x00
   810 00006028 00101818080000      <1>
   811 0000602F 8703C1300800008E07- <1>     db 0x87,0x03,0xc1,0x30,0x08,0x00,0x00,0x8e,0x07,0x00,0x30,0x38,0x1c,0x08,0x00,0x00
   811 00006038 0030381C080000      <1>
   812 0000603F 8703C1301800008E07- <1>     db 0x87,0x03,0xc1,0x30,0x18,0x00,0x00,0x8e,0x07,0x00,0x30,0x38,0x1c,0x08,0x00,0x00
   812 00006048 0030381C080000      <1>
   813 0000604F 8701C1301800008F01- <1>     db 0x87,0x01,0xc1,0x30,0x18,0x00,0x00,0x8f,0x01,0x00,0x30,0x38,0x1c,0x00,0x00,0x00
   813 00006058 0030381C000000      <1>
   814 0000605F 0702C1701800000E06- <1>     db 0x07,0x02,0xc1,0x70,0x18,0x00,0x00,0x0e,0x06,0x00,0x30,0x38,0x04,0x00,0x00,0x00
   814 00006068 00303804000000      <1>
   815 0000606F 8703C0701800008F07- <1>     db 0x87,0x03,0xc0,0x70,0x18,0x00,0x00,0x8f,0x07,0x00,0x30,0x38,0x18,0x08,0x00,0x00
   815 00006078 00303818080000      <1>
   816 0000607F 8703E1701800008F07- <1>     db 0x87,0x03,0xe1,0x70,0x18,0x00,0x00,0x8f,0x07,0x00,0x30,0x38,0x1c,0x08,0x00,0x00
   816 00006088 0030381C080000      <1>
   817 0000608F 8703C1300800048F03- <1>     db 0x87,0x03,0xc1,0x30,0x08,0x00,0x04,0x8f,0x03,0x00,0x30,0x38,0x18,0x08,0x00,0x00
   817 00006098 00303818080000      <1>
   818 0000609F 8703E1300800008F03- <1>     db 0x87,0x03,0xe1,0x30,0x08,0x00,0x00,0x8f,0x03,0x00,0x30,0x38,0x18,0x00,0x00,0x00
   818 000060A8 00303818000000      <1>
   819 000060AF 0700E1701800008F01- <1>     db 0x07,0x00,0xe1,0x70,0x18,0x00,0x00,0x8f,0x01,0x00,0x70,0x38,0x10,0x00,0x00,0x00
   819 000060B8 00703810000000      <1>
   820 000060BF 0700E1301800008F01- <1>     db 0x07,0x00,0xe1,0x30,0x18,0x00,0x00,0x8f,0x01,0x20,0x70,0x38,0x10,0x00,0x00,0x00
   820 000060C8 20703810000000      <1>
   821 000060CF 0701E1300800000F00- <1>     db 0x07,0x01,0xe1,0x30,0x08,0x00,0x00,0x0f,0x00,0x20,0x70,0x38,0x00,0x00,0x00,0x00
   821 000060D8 20703800000000      <1>
   822 000060DF 0700E1300800000F00- <1>     db 0x07,0x00,0xe1,0x30,0x08,0x00,0x00,0x0f,0x00,0x20,0x70,0x38,0x10,0x00,0x00,0x00
   822 000060E8 20703810000000      <1>
   823 000060EF 0700E1300800060F00- <1>     db 0x07,0x00,0xe1,0x30,0x08,0x00,0x06,0x0f,0x00,0x20,0x70,0x38,0x00,0x00,0x00,0x00
   823 000060F8 20703800000000      <1>
   824 000060FF 0700E1700800060F00- <1>     db 0x07,0x00,0xe1,0x70,0x08,0x00,0x06,0x0f,0x00,0x20,0x70,0x30,0x00,0x00,0x00,0x00
   824 00006108 20703000000000      <1>
   825 0000610F 0700603008001C0F00- <1>     db 0x07,0x00,0x60,0x30,0x08,0x00,0x1c,0x0f,0x00,0x60,0x70,0x38,0x00,0x08,0x00,0x00
   825 00006118 60703800080000      <1>
   826 0000611F 0700E13000001C0F00- <1>     db 0x07,0x00,0xe1,0x30,0x00,0x00,0x1c,0x0f,0x00,0x60,0x70,0x38,0x00,0x08,0x00,0x00
   826 00006128 60703800080000      <1>
   827 0000612F 0400E13000001E0F00- <1>     db 0x04,0x00,0xe1,0x30,0x00,0x00,0x1e,0x0f,0x00,0xe0,0x70,0x38,0x00,0x0e,0x00,0x00
   827 00006138 E07038000E0000      <1>
   828 0000613F 0600603000001E0F00- <1>     db 0x06,0x00,0x60,0x30,0x00,0x00,0x1e,0x0f,0x00,0xe0,0x70,0x18,0x00,0x0e,0x00,0x00
   828 00006148 E07018000E0000      <1>
   829 0000614F 0600E13000001E0F00- <1>     db 0x06,0x00,0xe1,0x30,0x00,0x00,0x1e,0x0f,0x00,0xe0,0x70,0x18,0x00,0x0e,0x00,0x00
   829 00006158 E07018000E0000      <1>
   830 0000615F 0600E13000001E0700- <1>     db 0x06,0x00,0xe1,0x30,0x00,0x00,0x1e,0x07,0x00,0xe0,0x70,0x20,0x00,0x0e,0x00,0x00
   830 00006168 E07020000E0000      <1>
   831 0000616F 0700E03000001E0600- <1>     db 0x07,0x00,0xe0,0x30,0x00,0x00,0x1e,0x06,0x00,0xe0,0x70,0x20,0x00,0x0e,0x00,0x00
   831 00006178 E07020000E0000      <1>
   832 0000617F 0740E03000001E0E00- <1>     db 0x07,0x40,0xe0,0x30,0x00,0x00,0x1e,0x0e,0x00,0xe0,0x70,0x20,0x00,0x0e,0x00,0x00
   832 00006188 E07020000E0000      <1>
   833 0000618F 0740E17000001E0E40- <1>     db 0x07,0x40,0xe1,0x70,0x00,0x00,0x1e,0x0e,0x40,0xe0,0x70,0x20,0x00,0x0e,0x00,0x00
   833 00006198 E07020000E0000      <1>
   834 0000619F 00C0E17000001E0F40- <1>     db 0x00,0xc0,0xe1,0x70,0x00,0x00,0x1e,0x0f,0x40,0xe0,0x70,0x00,0x00,0x0e,0x00,0x00
   834 000061A8 E07000000E0000      <1>
   835 000061AF 0040E13000001E0FC0- <1>     db 0x00,0x40,0xe1,0x30,0x00,0x00,0x1e,0x0f,0xc0,0xe0,0x70,0x00,0x00,0x0e,0x00,0x00
   835 000061B8 E07000000E0000      <1>
   836 000061BF 00C0E16000001E0BC0- <1>     db 0x00,0xc0,0xe1,0x60,0x00,0x00,0x1e,0x0b,0xc0,0xe1,0x60,0x00,0x00,0x0e,0x00,0x00
   836 000061C8 E16000000E0000      <1>
   837 000061CF 00C0E10000000E00C0- <1>     db 0x00,0xc0,0xe1,0x00,0x00,0x00,0x0e,0x00,0xc0,0xe1,0x00,0x00,0x00,0x0e,0x00,0x00
   837 000061D8 E10000000E0000      <1>
   838 000061DF 00C0E12000000E00C0- <1>     db 0x00,0xc0,0xe1,0x20,0x00,0x00,0x0e,0x00,0xc0,0xe1,0x20,0x00,0x00,0x0e,0x00,0x00
   838 000061E8 E12000000E0000      <1>
   839 000061EF 00C0E13000000E00C0- <1>     db 0x00,0xc0,0xe1,0x30,0x00,0x00,0x0e,0x00,0xc0,0xe1,0x70,0x00,0x00,0x1e,0x00,0x00
   839 000061F8 E17000001E0000      <1>
   840 000061FF 00C0E13000080E00C0- <1>     db 0x00,0xc0,0xe1,0x30,0x00,0x08,0x0e,0x00,0xc0,0xe1,0x70,0x00,0x04,0x1e,0x00,0x00
   840 00006208 E17000041E0000      <1>
   841 0000620F 00C0E17000000C00C0- <1>     db 0x00,0xc0,0xe1,0x70,0x00,0x00,0x0c,0x00,0xc0,0xe1,0x30,0x00,0x00,0x1e,0x00,0x00
   841 00006218 E13000001E0000      <1>
   842 0000621F 00C0E17000180C00C0- <1>     db 0x00,0xc0,0xe1,0x70,0x00,0x18,0x0c,0x00,0xc0,0xe1,0x10,0x00,0x3c,0x1e,0x00,0x00
   842 00006228 E110003C1E0000      <1>
   843 0000622F 00C0E130001C0C00C0- <1>     db 0x00,0xc0,0xe1,0x30,0x00,0x1c,0x0c,0x00,0xc0,0xe1,0x00,0x00,0x3c,0x1e,0x00,0x00
   843 00006238 E100003C1E0000      <1>
   844 0000623F 00C0E160001C0E00C0- <1>     db 0x00,0xc0,0xe1,0x60,0x00,0x1c,0x0e,0x00,0xc0,0xe1,0x00,0x00,0x3c,0x1c,0x00,0x00
   844 00006248 E100003C1C0000      <1>
   845 0000624F 00C0E120001C0E00C2- <1>     db 0x00,0xc0,0xe1,0x20,0x00,0x1c,0x0e,0x00,0xc2,0x60,0x00,0x00,0x3c,0x0c,0x00,0x00
   845 00006258 6000003C0C0000      <1>
   846 0000625F 00C0E100001C0800C2- <1>     db 0x00,0xc0,0xe1,0x00,0x00,0x1c,0x08,0x00,0xc2,0x61,0x00,0x00,0x3c,0x1c,0x00,0x00
   846 00006268 6100003C1C0000      <1>
   847 0000626F 00C0E140001C0E00C3- <1>     db 0x00,0xc0,0xe1,0x40,0x00,0x1c,0x0e,0x00,0xc3,0x61,0x00,0x00,0x3c,0x18,0x00,0x00
   847 00006278 6100003C180000      <1>
   848 0000627F 00C0E100001C0C80C3- <1>     db 0x00,0xc0,0xe1,0x00,0x00,0x1c,0x0c,0x80,0xc3,0xe1,0x00,0x00,0x3c,0x1e,0x00,0x00
   848 00006288 E100003C1E0000      <1>
   849 0000628F 00C0E100001C0C80C3- <1>     db 0x00,0xc0,0xe1,0x00,0x00,0x1c,0x0c,0x80,0xc3,0xe1,0x00,0x00,0x3c,0x1e,0x00,0x00
   849 00006298 E100003C1E0000      <1>
   850 0000629F 80C0E100001C0880C3- <1>     db 0x80,0xc0,0xe1,0x00,0x00,0x1c,0x08,0x80,0xc3,0xe1,0x00,0x00,0x3c,0x1e,0x00,0x00
   850 000062A8 E100003C1E0000      <1>
   851 000062AF 80C0E100001C0080C1- <1>     db 0x80,0xc0,0xe1,0x00,0x00,0x1c,0x00,0x80,0xc1,0x40,0x00,0x00,0x3c,0x0c,0x00,0x00
   851 000062B8 4000003C0C0000      <1>
   852 000062BF 80C0E100001C0084C3- <1>     db 0x80,0xc0,0xe1,0x00,0x00,0x1c,0x00,0x84,0xc3,0x01,0x00,0x00,0x3c,0x0c,0x00,0x00
   852 000062C8 0100003C0C0000      <1>
   853 000062CF 80C0C100001C0084C1- <1>     db 0x80,0xc0,0xc1,0x00,0x00,0x1c,0x00,0x84,0xc1,0x20,0x00,0x00,0x3c,0x08,0x00,0x00
   853 000062D8 2000003C080000      <1>
   854 000062DF 80C0C100001C0084C3- <1>     db 0x80,0xc0,0xc1,0x00,0x00,0x1c,0x00,0x84,0xc3,0x20,0x00,0x00,0x3c,0x00,0x00,0x00
   854 000062E8 2000003C000000      <1>
   855 000062EF 80C0C140201C0084C3- <1>     db 0x80,0xc0,0xc1,0x40,0x20,0x1c,0x00,0x84,0xc3,0x20,0x00,0x60,0x3c,0x00,0x00,0x00
   855 000062F8 2000603C000000      <1>
   856 000062FF 80C0E14000180084C3- <1>     db 0x80,0xc0,0xe1,0x40,0x00,0x18,0x00,0x84,0xc3,0x00,0x00,0x00,0x3c,0x00,0x00,0x00
   856 00006308 0000003C000000      <1>
   857 0000630F 80C1E140201C0886C3- <1>     db 0x80,0xc1,0xe1,0x40,0x20,0x1c,0x08,0x86,0xc3,0x00,0x00,0x78,0x3c,0x00,0x00,0x00
   857 00006318 0000783C000000      <1>
   858 0000631F 80C1E140381C0886C3- <1>     db 0x80,0xc1,0xe1,0x40,0x38,0x1c,0x08,0x86,0xc3,0x00,0x00,0x78,0x3c,0x00,0x00,0x00
   858 00006328 0000783C000000      <1>
   859 0000632F 80C1E140381C0082C1- <1>     db 0x80,0xc1,0xe1,0x40,0x38,0x1c,0x00,0x82,0xc1,0x00,0x00,0x78,0x3c,0x00,0x00,0x00
   859 00006338 0000783C000000      <1>
   860 0000633F 80C1A10030100882C1- <1>     db 0x80,0xc1,0xa1,0x00,0x30,0x10,0x08,0x82,0xc1,0x00,0x00,0x78,0x30,0x00,0x00,0x00
   860 00006348 00007830000000      <1>
   861 0000634F 80C1C140300C0886C1- <1>     db 0x80,0xc1,0xc1,0x40,0x30,0x0c,0x08,0x86,0xc1,0x00,0x00,0x70,0x0c,0x00,0x00,0x00
   861 00006358 0000700C000000      <1>
   862 0000635F 80C1C140381C0886C3- <1>     db 0x80,0xc1,0xc1,0x40,0x38,0x1c,0x08,0x86,0xc3,0x00,0x00,0x78,0x3c,0x00,0x00,0x00
   862 00006368 0000783C000000      <1>
   863 0000636F 80C18040381C0083C1- <1>     db 0x80,0xc1,0x80,0x40,0x38,0x1c,0x00,0x83,0xc1,0x00,0x00,0x78,0x3c,0x00,0x00,0x00
   863 00006378 0000783C000000      <1>
   864 0000637F 80C18140381C008381- <1>     db 0x80,0xc1,0x81,0x40,0x38,0x1c,0x00,0x83,0x81,0x00,0x00,0x78,0x3c,0x00,0x00,0x00
   864 00006388 0000783C000000      <1>
   865 0000638F 80C18140381C008341- <1>     db 0x80,0xc1,0x81,0x40,0x38,0x1c,0x00,0x83,0x41,0x00,0x00,0x78,0x30,0x00,0x00,0x00
   865 00006398 00007830000000      <1>
   866 0000639F 80C18140381C088741- <1>     db 0x80,0xc1,0x81,0x40,0x38,0x1c,0x08,0x87,0x41,0x00,0x00,0x78,0x38,0x00,0x00,0x00
   866 000063A8 00007838000000      <1>
   867 000063AF 80C1C1403810008341- <1>     db 0x80,0xc1,0xc1,0x40,0x38,0x10,0x00,0x83,0x41,0x00,0x00,0x78,0x30,0x00,0x00,0x00
   867 000063B8 00007830000000      <1>
   868 000063BF 81C1C0403810088341- <1>     db 0x81,0xc1,0xc0,0x40,0x38,0x10,0x08,0x83,0x41,0x00,0x10,0x78,0x00,0x00,0x00,0x00
   868 000063C8 00107800000000      <1>
   869 000063CF 81C1C14038100C8341- <1>     db 0x81,0xc1,0xc1,0x40,0x38,0x10,0x0c,0x83,0x41,0x00,0x00,0x78,0x30,0x00,0x00,0x00
   869 000063D8 00007830000000      <1>
   870 000063DF 81C1C1403810048341- <1>     db 0x81,0xc1,0xc1,0x40,0x38,0x10,0x04,0x83,0x41,0x00,0x10,0x78,0x00,0x00,0x00,0x00
   870 000063E8 00107800000000      <1>
   871 000063EF 81C181401800048340- <1>     db 0x81,0xc1,0x81,0x40,0x18,0x00,0x04,0x83,0x40,0x00,0x60,0x78,0x00,0x00,0x00,0x00
   871 000063F8 00607800000000      <1>
   872 000063FF 8181C1403800048300- <1>     db 0x81,0x81,0xc1,0x40,0x38,0x00,0x04,0x83,0x00,0x00,0x30,0x78,0x00,0x00,0x00,0x00
   872 00006408 00307800000000      <1>
   873 0000640F 8181C0701800048301- <1>     db 0x81,0x81,0xc0,0x70,0x18,0x00,0x04,0x83,0x01,0x00,0xf0,0x78,0x00,0x00,0x00,0x00
   873 00006418 00F07800000000      <1>
   874 0000641F 8181C0601800048300- <1>     db 0x81,0x81,0xc0,0x60,0x18,0x00,0x04,0x83,0x00,0x00,0xf0,0x78,0x00,0x00,0x00,0x00
   874 00006428 00F07800000000      <1>
   875 0000642F 81C1C1201800048301- <1>     db 0x81,0xc1,0xc1,0x20,0x18,0x00,0x04,0x83,0x01,0x00,0xf0,0xf8,0x00,0x00,0x00,0x00
   875 00006438 00F0F800000000      <1>
   876 0000643F 81C181201800068300- <1>     db 0x81,0xc1,0x81,0x20,0x18,0x00,0x06,0x83,0x00,0x00,0xf0,0xf8,0x00,0x00,0x00,0x00
   876 00006448 00F0F800000000      <1>
   877 0000644F 81C140200000068300- <1>     db 0x81,0xc1,0x40,0x20,0x00,0x00,0x06,0x83,0x00,0x00,0xf0,0x18,0x00,0x00,0x00,0x00
   877 00006458 00F01800000000      <1>
   878 0000645F 81C1C0300000068300- <1>     db 0x81,0xc1,0xc0,0x30,0x00,0x00,0x06,0x83,0x00,0x00,0xf0,0xe1,0x00,0x00,0x00,0x00
   878 00006468 00F0E100000000      <1>
   879 0000646F 81C100301808068300- <1>     db 0x81,0xc1,0x00,0x30,0x18,0x08,0x06,0x83,0x00,0x00,0xf0,0xf1,0x00,0x00,0x00,0x00
   879 00006478 00F0F100000000      <1>
   880 0000647F 81C140301800060300- <1>     db 0x81,0xc1,0x40,0x30,0x18,0x00,0x06,0x03,0x00,0x00,0xf0,0xe1,0x00,0x00,0x00,0x00
   880 00006488 00F0E100000000      <1>
   881 0000648F 838140301808068100- <1>     db 0x83,0x81,0x40,0x30,0x18,0x08,0x06,0x81,0x00,0x00,0xf0,0xf9,0x00,0x00,0x00,0x00
   881 00006498 00F0F900000000      <1>
   882 0000649F 818100301808060300- <1>     db 0x81,0x81,0x00,0x30,0x18,0x08,0x06,0x03,0x00,0x00,0xf0,0xf9,0x00,0x00,0x00,0x00
   882 000064A8 00F0F900000000      <1>
   883 000064AF 838100300008068300- <1>     db 0x83,0x81,0x00,0x30,0x00,0x08,0x06,0x83,0x00,0x00,0xf0,0xb9,0x00,0x00,0x00,0x00
   883 000064B8 00F0B900000000      <1>
   884 000064BF 838160300008068300- <1>     db 0x83,0x81,0x60,0x30,0x00,0x08,0x06,0x83,0x00,0x00,0xf0,0xb9,0x00,0x00,0x00,0x00
   884 000064C8 00F0B900000000      <1>
   885 000064CF 838140300008068300- <1>     db 0x83,0x81,0x40,0x30,0x00,0x08,0x06,0x83,0x00,0x00,0xf0,0x39,0x00,0x02,0x00,0x00
   885 000064D8 00F03900020000      <1>
   886 000064DF 818160300008060100- <1>     db 0x81,0x81,0x60,0x30,0x00,0x08,0x06,0x01,0x00,0x00,0xf0,0x39,0x00,0x02,0x00,0x00
   886 000064E8 00F03900020000      <1>
   887 000064EF 838160300008068100- <1>     db 0x83,0x81,0x60,0x30,0x00,0x08,0x06,0x81,0x00,0x80,0xf1,0x01,0x00,0x02,0x00,0x00
   887 000064F8 80F10100020000      <1>
   888 000064FF 838160301008060100- <1>     db 0x83,0x81,0x60,0x30,0x10,0x08,0x06,0x01,0x00,0xe0,0xf3,0x01,0x00,0x02,0x00,0x00
   888 00006508 E0F30100020000      <1>
   889 0000650F 83816030100C060100- <1>     db 0x83,0x81,0x60,0x30,0x10,0x0c,0x06,0x01,0x00,0xe0,0xf3,0x01,0x00,0x02,0x00,0x00
   889 00006518 E0F30100020000      <1>
   890 0000651F 83816030100C060100- <1>     db 0x83,0x81,0x60,0x30,0x10,0x0c,0x06,0x01,0x00,0xe0,0xf3,0x01,0x00,0x02,0x00,0x00
   890 00006528 E0F30100020000      <1>
   891 0000652F 83816030100C020100- <1>     db 0x83,0x81,0x60,0x30,0x10,0x0c,0x02,0x01,0x00,0xe0,0xc3,0x01,0x00,0x02,0x00,0x00
   891 00006538 E0C30100020000      <1>
   892 0000653F 83816030100C020000- <1>     db 0x83,0x81,0x60,0x30,0x10,0x0c,0x02,0x00,0x00,0xe0,0xe3,0x01,0x00,0x02,0x00,0x00
   892 00006548 E0E30100020000      <1>
   893 0000654F 83816030100C060100- <1>     db 0x83,0x81,0x60,0x30,0x10,0x0c,0x06,0x01,0x00,0xe0,0x03,0x00,0x00,0x02,0x00,0x00
   893 00006558 E0030000020000      <1>
   894 0000655F 83816030100C060000- <1>     db 0x83,0x81,0x60,0x30,0x10,0x0c,0x06,0x00,0x00,0xe0,0xe3,0x01,0x00,0x02,0x00,0x00
   894 00006568 E0E30100020000      <1>
   895 0000656F 83816020100C020100- <1>     db 0x83,0x81,0x60,0x20,0x10,0x0c,0x02,0x01,0x00,0xe0,0xf3,0x01,0x00,0x02,0x00,0x00
   895 00006578 E0F30100020000      <1>
   896 0000657F 83816020100C020100- <1>     db 0x83,0x81,0x60,0x20,0x10,0x0c,0x02,0x01,0x00,0xe0,0xf3,0x01,0x00,0x02,0x00,0x00
   896 00006588 E0F30100020000      <1>
   897 0000658F 838160200004020180- <1>     db 0x83,0x81,0x60,0x20,0x00,0x04,0x02,0x01,0x80,0xe4,0xe3,0x01,0x00,0x02,0x00,0x00
   897 00006598 E4E30100020000      <1>
   898 0000659F 838160301004020180- <1>     db 0x83,0x81,0x60,0x30,0x10,0x04,0x02,0x01,0x80,0xe4,0xf3,0x01,0x00,0x02,0x00,0x00
   898 000065A8 E4F30100020000      <1>
   899 000065AF 83816030100C020180- <1>     db 0x83,0x81,0x60,0x30,0x10,0x0c,0x02,0x01,0x80,0xe5,0xe3,0x01,0x04,0x02,0x00,0x00
   899 000065B8 E5E30104020000      <1>
   900 000065BF 03C16030100C0201C0- <1>     db 0x03,0xc1,0x60,0x30,0x10,0x0c,0x02,0x01,0xc0,0xe5,0x43,0x01,0x04,0x02,0x00,0x00
   900 000065C8 E5430104020000      <1>
   901 000065CF 83C1603018040200C0- <1>     db 0x83,0xc1,0x60,0x30,0x18,0x04,0x02,0x00,0xc0,0xe7,0xf3,0x01,0x04,0x02,0x00,0x00
   901 000065D8 E7F30104020000      <1>
   902 000065DF 03C1603018040200C0- <1>     db 0x03,0xc1,0x60,0x30,0x18,0x04,0x02,0x00,0xc0,0xe7,0x03,0x01,0x04,0x02,0x00,0x00
   902 000065E8 E7030104020000      <1>
   903 000065EF 03C1602008040200C0- <1>     db 0x03,0xc1,0x60,0x20,0x08,0x04,0x02,0x00,0xc0,0xe7,0x03,0x00,0x04,0x02,0x00,0x00
   903 000065F8 E7030004020000      <1>
   904 000065FF 03C1602008040200C0- <1>     db 0x03,0xc1,0x60,0x20,0x08,0x04,0x02,0x00,0xc0,0xe7,0x03,0x00,0x04,0x02,0x00,0x00
   904 00006608 E7030004020000      <1>
   905 0000660F 03C1002008040200C0- <1>     db 0x03,0xc1,0x00,0x20,0x08,0x04,0x02,0x00,0xc0,0xe7,0x03,0x00,0x04,0x02,0x00,0x00
   905 00006618 E7030004020000      <1>
   906 0000661F 03C1002008040000C0- <1>     db 0x03,0xc1,0x00,0x20,0x08,0x04,0x00,0x00,0xc0,0xe7,0x03,0x00,0x04,0x02,0x00,0x00
   906 00006628 E7030004020000      <1>
   907 0000662F 03C1002008040000C0- <1>     db 0x03,0xc1,0x00,0x20,0x08,0x04,0x00,0x00,0xc0,0xe7,0x03,0x00,0x04,0x02,0x00,0x00
   907 00006638 E7030004020000      <1>
   908 0000663F 03C1200008040200C0- <1>     db 0x03,0xc1,0x20,0x00,0x08,0x04,0x02,0x00,0xc0,0xc7,0x03,0x00,0x04,0x02,0x00,0x00
   908 00006648 C7030004020000      <1>
   909 0000664F 03C1000008040200C0- <1>     db 0x03,0xc1,0x00,0x00,0x08,0x04,0x02,0x00,0xc0,0xc7,0x02,0x00,0x04,0x02,0x00,0x00
   909 00006658 C7020004020000      <1>
   910 0000665F 03C1200008040200C0- <1>     db 0x03,0xc1,0x20,0x00,0x08,0x04,0x02,0x00,0xc0,0xc7,0x03,0x00,0x04,0x06,0x00,0x00
   910 00006668 C7030004060000      <1>
   911 0000666F 0341200008040200C0- <1>     db 0x03,0x41,0x20,0x00,0x08,0x04,0x02,0x00,0xc0,0x0f,0x04,0x00,0x04,0x06,0x00,0x00
   911 00006678 0F040004060000      <1>
   912 0000667F 0241202008040200C0- <1>     db 0x02,0x41,0x20,0x20,0x08,0x04,0x02,0x00,0xc0,0x8f,0x03,0x00,0x04,0x02,0x00,0x00
   912 00006688 8F030004020000      <1>
   913 0000668F 0241201008040280CE- <1>     db 0x02,0x41,0x20,0x10,0x08,0x04,0x02,0x80,0xce,0xef,0x07,0x00,0x04,0x06,0x00,0x00
   913 00006698 EF070004060000      <1>
   914 0000669F 8240201008040280CF- <1>     db 0x82,0x40,0x20,0x10,0x08,0x04,0x02,0x80,0xcf,0xef,0x07,0x08,0x04,0x06,0x00,0x00
   914 000066A8 EF070804060000      <1>
   915 000066AF 8240001008040280CF- <1>     db 0x82,0x40,0x00,0x10,0x08,0x04,0x02,0x80,0xcf,0xef,0x07,0x08,0x04,0x06,0x00,0x00
   915 000066B8 EF070804060000      <1>
   916 000066BF 8240201008040080CF- <1>     db 0x82,0x40,0x20,0x10,0x08,0x04,0x00,0x80,0xcf,0xef,0x07,0x08,0x04,0x02,0x00,0x00
   916 000066C8 EF070804020000      <1>
   917 000066CF 0340001008040080CF- <1>     db 0x03,0x40,0x00,0x10,0x08,0x04,0x00,0x80,0xcf,0xef,0x07,0x08,0x04,0x02,0x00,0x00
   917 000066D8 EF070804020000      <1>
   918 000066DF 8340001008000080CF- <1>     db 0x83,0x40,0x00,0x10,0x08,0x00,0x00,0x80,0xcf,0xef,0x07,0x08,0x04,0x06,0x00,0x00
   918 000066E8 EF070804060000      <1>
   919 000066EF 8340001008040080DF- <1>     db 0x83,0x40,0x00,0x10,0x08,0x04,0x00,0x80,0xdf,0xcf,0x06,0x08,0x04,0x02,0x00,0x00
   919 000066F8 CF060804020000      <1>
   920 000066FF 8100001008000080DF- <1>     db 0x81,0x00,0x00,0x10,0x08,0x00,0x00,0x80,0xdf,0xcf,0x06,0x08,0x04,0x02,0x00,0x00
   920 00006708 CF060804020000      <1>
   921 0000670F 83000010080400809F- <1>     db 0x83,0x00,0x00,0x10,0x08,0x04,0x00,0x80,0x9f,0xef,0x04,0x08,0x04,0x06,0x00,0x00
   921 00006718 EF040804060000      <1>
   922 0000671F 81002010080400801F- <1>     db 0x81,0x00,0x20,0x10,0x08,0x04,0x00,0x80,0x1f,0xc7,0x06,0x08,0x04,0x02,0x00,0x00
   922 00006728 C7060804020000      <1>
   923 0000672F 8140201008040096DF- <1>     db 0x81,0x40,0x20,0x10,0x08,0x04,0x00,0x96,0xdf,0x8f,0x04,0x08,0x04,0x02,0x00,0x00
   923 00006738 8F040804020000      <1>
   924 0000673F 81002010080400801F- <1>     db 0x81,0x00,0x20,0x10,0x08,0x04,0x00,0x80,0x1f,0x07,0x00,0x08,0x04,0x02,0x00,0x00
   924 00006748 07000804020000      <1>
   925 0000674F 81002010080400B71F- <1>     db 0x81,0x00,0x20,0x10,0x08,0x04,0x00,0xb7,0x1f,0x80,0x00,0x08,0x04,0x02,0x00,0x00
   925 00006758 80000804020000      <1>
   926 0000675F 81002010080400BF9F- <1>     db 0x81,0x00,0x20,0x10,0x08,0x04,0x00,0xbf,0x9f,0x0d,0x00,0x08,0x04,0x02,0x00,0x00
   926 00006768 0D000804020000      <1>
   927 0000676F 81002010080400BF1F- <1>     db 0x81,0x00,0x20,0x10,0x08,0x04,0x00,0xbf,0x1f,0x07,0x10,0x08,0x04,0x02,0x00,0x00
   927 00006778 07100804020000      <1>
   928 0000677F 81002010080400BF1F- <1>     db 0x81,0x00,0x20,0x10,0x08,0x04,0x00,0xbf,0x1f,0x07,0x10,0x08,0x04,0x02,0x00,0x00
   928 00006788 07100804020000      <1>
   929 0000678F 81002010000400BFDF- <1>     db 0x81,0x00,0x20,0x10,0x00,0x04,0x00,0xbf,0xdf,0x0f,0x10,0x08,0x04,0x02,0x00,0x00
   929 00006798 0F100804020000      <1>
   930 0000679F 81002010000000BFDF- <1>     db 0x81,0x00,0x20,0x10,0x00,0x00,0x00,0xbf,0xdf,0x0f,0x10,0x08,0x04,0x02,0x00,0x00
   930 000067A8 0F100804020000      <1>
   931 000067AF 81402010080000BFDF- <1>     db 0x81,0x40,0x20,0x10,0x08,0x00,0x00,0xbf,0xdf,0x0f,0x10,0x08,0x04,0x02,0x00,0x00
   931 000067B8 0F100804020000      <1>
   932 000067BF 81402010080000BFDF- <1>     db 0x81,0x40,0x20,0x10,0x08,0x00,0x00,0xbf,0xdf,0x0f,0x10,0x08,0x04,0x02,0x00,0x00
   932 000067C8 0F100804020000      <1>
   933 000067CF 81402010080042BFDF- <1>     db 0x81,0x40,0x20,0x10,0x08,0x00,0x42,0xbf,0xdf,0x0f,0x10,0x08,0x04,0x02,0x00,0x00
   933 000067D8 0F100804020000      <1>
   934 000067DF 814020100800183FDF- <1>     db 0x81,0x40,0x20,0x10,0x08,0x00,0x18,0x3f,0xdf,0x0f,0x10,0x08,0x04,0x02,0x00,0x00
   934 000067E8 0F100804020000      <1>
   935 000067EF 0140201008007EBF9F- <1>     db 0x01,0x40,0x20,0x10,0x08,0x00,0x7e,0xbf,0x9f,0x0f,0x10,0x08,0x04,0x02,0x00,0x00
   935 000067F8 0F100804020000      <1>
   936 000067FF 0140200008007EBFDF- <1>     db 0x01,0x40,0x20,0x00,0x08,0x00,0x7e,0xbf,0xdf,0x0f,0x10,0x08,0x04,0x02,0x00,0x00
   936 00006808 0F100804020000      <1>
   937 0000680F 8140200008007EBFDF- <1>     db 0x81,0x40,0x20,0x00,0x08,0x00,0x7e,0xbf,0xdf,0x0f,0x10,0x08,0x04,0x02,0x00,0x00
   937 00006818 0F100804020000      <1>
   938 0000681F 8140201008007E3FC0- <1>     db 0x81,0x40,0x20,0x10,0x08,0x00,0x7e,0x3f,0xc0,0x0f,0x10,0x08,0x04,0x02,0x00,0x00
   938 00006828 0F100804020000      <1>
   939 0000682F 0140201008007E3FC0- <1>     db 0x01,0x40,0x20,0x10,0x08,0x00,0x7e,0x3f,0xc0,0x2f,0x10,0x08,0x04,0x02,0x00,0x00
   939 00006838 2F100804020000      <1>
   940 0000683F 0140201008007E3FC0- <1>     db 0x01,0x40,0x20,0x10,0x08,0x00,0x7e,0x3f,0xc0,0x2f,0x10,0x08,0x04,0x02,0x00,0x00
   940 00006848 2F100804020000      <1>
   941 0000684F 8140201008047E3FC0- <1>     db 0x81,0x40,0x20,0x10,0x08,0x04,0x7e,0x3f,0xc0,0x2f,0x10,0x08,0x04,0x02,0x00,0x00
   941 00006858 2F100804020000      <1>
   942 0000685F 8140201000007E3FCE- <1>     db 0x81,0x40,0x20,0x10,0x00,0x00,0x7e,0x3f,0xce,0x2f,0x10,0x08,0x04,0x02,0x00,0x00
   942 00006868 2F100804020000      <1>
   943 0000686F 0000201000487EBFD1- <1>     db 0x00,0x00,0x20,0x10,0x00,0x48,0x7e,0xbf,0xd1,0x2f,0x10,0x08,0x04,0x02,0x00,0x00
   943 00006878 2F100804020000      <1>
   944 0000687F 0040201000007EBFD1- <1>     db 0x00,0x40,0x20,0x10,0x00,0x00,0x7e,0xbf,0xd1,0x2c,0x10,0x08,0x04,0x02,0x00,0x00
   944 00006888 2C100804020000      <1>
   945 0000688F 0000201000FC7E3F0E- <1>     db 0x00,0x00,0x20,0x10,0x00,0xfc,0x7e,0x3f,0x0e,0x27,0x10,0x08,0x04,0x00,0x00,0x00
   945 00006898 27100804000000      <1>
   946 0000689F 0000201000FC7E3F0E- <1>     db 0x00,0x00,0x20,0x10,0x00,0xfc,0x7e,0x3f,0x0e,0x20,0x10,0x08,0x04,0x02,0x00,0x00
   946 000068A8 20100804020000      <1>
   947 000068AF 0000201000FC7E3E1F- <1>     db 0x00,0x00,0x20,0x10,0x00,0xfc,0x7e,0x3e,0x1f,0x27,0x10,0x08,0x04,0x02,0x00,0x00
   947 000068B8 27100804020000      <1>
   948 000068BF 0000201000FC7E3E1F- <1>     db 0x00,0x00,0x20,0x10,0x00,0xfc,0x7e,0x3e,0x1f,0x24,0x10,0x08,0x04,0x00,0x00,0x00
   948 000068C8 24100804000000      <1>
   949 000068CF 0040201000FC7EBFDF- <1>     db 0x00,0x40,0x20,0x10,0x00,0xfc,0x7e,0xbf,0xdf,0x2f,0x10,0x08,0x04,0x00,0x00,0x00
   949 000068D8 2F100804000000      <1>
   950 000068DF 0040201000FC7EBFDF- <1>     db 0x00,0x40,0x20,0x10,0x00,0xfc,0x7e,0xbf,0xdf,0x2d,0x10,0x08,0x04,0x00,0x00,0x00
   950 000068E8 2D100804000000      <1>
   951 000068EF 0040201000FC7E9CFF- <1>     db 0x00,0x40,0x20,0x10,0x00,0xfc,0x7e,0x9c,0xff,0x3f,0x10,0x08,0x04,0x00,0x00,0x00
   951 000068F8 3F100804000000      <1>
   952 000068FF 0000201000FC7E9CFF- <1>     db 0x00,0x00,0x20,0x10,0x00,0xfc,0x7e,0x9c,0xff,0x3d,0x10,0x08,0x04,0x00,0x00,0x00
   952 00006908 3D100804000000      <1>
   953 0000690F 00002010E8FDFE40DF- <1>     db 0x00,0x00,0x20,0x10,0xe8,0xfd,0xfe,0x40,0xdf,0x25,0x10,0x08,0x00,0x00,0x00,0x00
   953 00006918 25100800000000      <1>
   954 0000691F 00000010E8FD7F40DF- <1>     db 0x00,0x00,0x00,0x10,0xe8,0xfd,0x7f,0x40,0xdf,0x25,0x10,0x08,0x00,0x00,0x00,0x00
   954 00006928 25100800000000      <1>
   955 0000692F 00000000F8FDFC40DF- <1>     db 0x00,0x00,0x00,0x00,0xf8,0xfd,0xfc,0x40,0xdf,0x3f,0x10,0x08,0x00,0x00,0x00,0x00
   955 00006938 3F100800000000      <1>
   956 0000693F 00002010F8FDFC40DF- <1>     db 0x00,0x00,0x20,0x10,0xf8,0xfd,0xfc,0x40,0xdf,0x3f,0x10,0x08,0x00,0x00,0x00,0x00
   956 00006948 3F100800000000      <1>
   957 0000694F 00000010F8FDFD00DF- <1>     db 0x00,0x00,0x00,0x10,0xf8,0xfd,0xfd,0x00,0xdf,0xff,0x16,0x00,0x00,0x00,0x00,0x00
   957 00006958 FF160000000000      <1>
   958 0000695F 00000010F8FDFC005F- <1>     db 0x00,0x00,0x00,0x10,0xf8,0xfd,0xfc,0x00,0x5f,0x3f,0x10,0x00,0x00,0x00,0x00,0x00
   958 00006968 3F100000000000      <1>
   959 0000696F 00000020F9F9EFB671- <1>     db 0x00,0x00,0x00,0x20,0xf9,0xf9,0xef,0xb6,0x71,0xe7,0x12,0x00,0x00,0x00,0x00,0x00
   959 00006978 E7120000000000      <1>
   960 0000697F 00000060F9F9EFB67F- <1>     db 0x00,0x00,0x00,0x60,0xf9,0xf9,0xef,0xb6,0x7f,0x9f,0x18,0x00,0x00,0x00,0x00,0x00
   960 00006988 9F180000000000      <1>
   961 0000698F 000000E0F1DFB880CE- <1>     db 0x00,0x00,0x00,0xe0,0xf1,0xdf,0xb8,0x80,0xce,0x9f,0x18,0x00,0x00,0x00,0x00,0x00
   961 00006998 9F180000000000      <1>
   962 0000699F 000000F0F3DFB8805F- <1>     db 0x00,0x00,0x00,0xf0,0xf3,0xdf,0xb8,0x80,0x5f,0x1f,0x10,0x00,0x00,0x00,0x00,0x00
   962 000069A8 1F100000000000      <1>
   963 000069AF 000000F0E3DA81805B- <1>     db 0x00,0x00,0x00,0xf0,0xe3,0xda,0x81,0x80,0x5b,0x07,0x10,0x00,0x00,0x00,0x00,0x00
   963 000069B8 07100000000000      <1>
   964 000069BF 000000F0E3DA81805B- <1>     db 0x00,0x00,0x00,0xf0,0xe3,0xda,0x81,0x80,0x5b,0x27,0x00,0x00,0x00,0x00,0x00,0x00
   964 000069C8 27000000000000      <1>
   965 000069CF 000000100002018040- <1>     db 0x00,0x00,0x00,0x10,0x00,0x02,0x01,0x80,0x40,0x00,0x00,0x00,0x00,0x00,0x00,0x00
   965 000069D8 00000000000000      <1>
   966 000069DF 000000100002018040- <1>     db 0x00,0x00,0x00,0x10,0x00,0x02,0x01,0x80,0x40,0x00,0x00,0x00,0x00,0x00,0x00,0x00
   966 000069E8 00000000000000      <1>
   967 000069EF 00000010E0DA01805B- <1>     db 0x00,0x00,0x00,0x10,0xe0,0xda,0x01,0x80,0x5b,0x87,0x07,0x00,0x00,0x00,0x00,0x00
   967 000069F8 87070000000000      <1>
   968 000069FF 00000010E0DA01805B- <1>     db 0x00,0x00,0x00,0x10,0xe0,0xda,0x01,0x80,0x5b,0x87,0x07,0x00,0x00,0x00,0x00,0x00
   968 00006A08 87070000000000      <1>
   969 00006A0F 000000F8F173019DFB- <1>     db 0x00,0x00,0x00,0xf8,0xf1,0x73,0x01,0x9d,0xfb,0x8f,0x03,0x00,0x00,0x00,0x00,0x00
   969 00006A18 8F030000000000      <1>
   970 00006A1F 000000F8F173019DFB- <1>     db 0x00,0x00,0x00,0xf8,0xf1,0x73,0x01,0x9d,0xfb,0x0f,0x02,0x00,0x00,0x00,0x00,0x00
   970 00006A28 0F020000000000      <1>
   971 00006A2F 00000068E78F6DF79F- <1>     db 0x00,0x00,0x00,0x68,0xe7,0x8f,0x6d,0xf7,0x9f,0x1f,0x00,0x04,0x00,0x00,0x00,0x00
   971 00006A38 1F000400000000      <1>
   972 00006A3F 00000008F48F01E39F- <1>     db 0x00,0x00,0x00,0x08,0xf4,0x8f,0x01,0xe3,0x9f,0x1f,0x08,0x00,0x00,0x00,0x00,0x00
   972 00006A48 1F080000000000      <1>
   973 00006A4F 00000068F7FB01BFBF- <1>     db 0x00,0x00,0x00,0x68,0xf7,0xfb,0x01,0xbf,0xbf,0x1f,0x08,0x00,0x00,0x00,0x00,0x00
   973 00006A58 1F080000000000      <1>
   974 00006A5F 00000008F4FB00BFBF- <1>     db 0x00,0x00,0x00,0x08,0xf4,0xfb,0x00,0xbf,0xbf,0x1f,0x08,0x00,0x00,0x00,0x00,0x00
   974 00006A68 1F080000000000      <1>
   975 00006A6F 00001008F47300BFBF- <1>     db 0x00,0x00,0x10,0x08,0xf4,0x73,0x00,0xbf,0xbf,0x0f,0x00,0x04,0x00,0x00,0x00,0x00
   975 00006A78 0F000400000000      <1>
   976 00006A7F 00200008F473023FBF- <1>     db 0x00,0x20,0x00,0x08,0xf4,0x73,0x02,0x3f,0xbf,0x1f,0x08,0x00,0x00,0x00,0x00,0x00
   976 00006A88 1F080000000000      <1>
   977 00006A8F 0000100894FB02FF3F- <1>     db 0x00,0x00,0x10,0x08,0x94,0xfb,0x02,0xff,0x3f,0x0f,0x08,0x04,0x00,0x00,0x00,0x00
   977 00006A98 0F080400000000      <1>
   978 00006A9F 00001008B4FB027FBF- <1>     db 0x00,0x00,0x10,0x08,0xb4,0xfb,0x02,0x7f,0xbf,0x1f,0x08,0x04,0x00,0x00,0x00,0x00
   978 00006AA8 1F080400000000      <1>
   979 00006AAF 00201008BCFF3B7E3F- <1>     db 0x00,0x20,0x10,0x08,0xbc,0xff,0x3b,0x7e,0x3f,0x08,0x08,0x04,0x02,0x00,0x00,0x00
   979 00006AB8 08080402000000      <1>
   980 00006ABF 00201008BCFFFF7F3F- <1>     db 0x00,0x20,0x10,0x08,0xbc,0xff,0xff,0x7f,0x3f,0x00,0x08,0x00,0x02,0x00,0x00,0x00
   980 00006AC8 00080002000000      <1>
   981 00006ACF 00201008FCFFFF7E3F- <1>     db 0x00,0x20,0x10,0x08,0xfc,0xff,0xff,0x7e,0x3f,0x00,0x08,0x04,0x02,0x00,0x00,0x00
   981 00006AD8 00080402000000      <1>
   982 00006ADF 00201008BCFFFF7E3F- <1>     db 0x00,0x20,0x10,0x08,0xbc,0xff,0xff,0x7e,0x3f,0x00,0x08,0x04,0x02,0x00,0x00,0x00
   982 00006AE8 00080402000000      <1>
   983 00006AEF 40201008E4F87C7E3F- <1>     db 0x40,0x20,0x10,0x08,0xe4,0xf8,0x7c,0x7e,0x3f,0x00,0x08,0x04,0x00,0x00,0x00,0x00
   983 00006AF8 00080400000000      <1>
   984 00006AFF 40201008F4FB7C7E3F- <1>     db 0x40,0x20,0x10,0x08,0xf4,0xfb,0x7c,0x7e,0x3f,0x00,0x08,0x04,0x00,0x00,0x00,0x00
   984 00006B08 00080400000000      <1>
   985 00006B0F 00201008E470FC7E3F- <1>     db 0x00,0x20,0x10,0x08,0xe4,0x70,0xfc,0x7e,0x3f,0x10,0x08,0x04,0x00,0x00,0x00,0x00
   985 00006B18 10080400000000      <1>
   986 00006B1F 00201008E472FC7E1F- <1>     db 0x00,0x20,0x10,0x08,0xe4,0x72,0xfc,0x7e,0x1f,0x10,0x08,0x04,0x00,0x00,0x00,0x00
   986 00006B28 10080400000000      <1>
   987 00006B2F 40201008F48BFD7E09- <1>     db 0x40,0x20,0x10,0x08,0xf4,0x8b,0xfd,0x7e,0x09,0x10,0x08,0x04,0x02,0x81,0x00,0x00
   987 00006B38 10080402810000      <1>
   988 00006B3F 40201008F401FC7E10- <1>     db 0x40,0x20,0x10,0x08,0xf4,0x01,0xfc,0x7e,0x10,0x10,0x08,0x04,0x02,0x81,0x00,0x00
   988 00006B48 10080402810000      <1>
   989 00006B4F 40201008F403FC7E10- <1>     db 0x40,0x20,0x10,0x08,0xf4,0x03,0xfc,0x7e,0x10,0x10,0x08,0x04,0x02,0x81,0x00,0x00
   989 00006B58 10080402810000      <1>
   990 00006B5F 40201008F4FBFC7E00- <1>     db 0x40,0x20,0x10,0x08,0xf4,0xfb,0xfc,0x7e,0x00,0x10,0x08,0x04,0x02,0x80,0x00,0x00
   990 00006B68 10080402800000      <1>
   991 00006B6F 40201008F403FC7E00- <1>     db 0x40,0x20,0x10,0x08,0xf4,0x03,0xfc,0x7e,0x00,0x10,0x08,0x04,0x02,0x81,0x00,0x00
   991 00006B78 10080402810000      <1>
   992 00006B7F 40201008F4DBFC7E00- <1>     db 0x40,0x20,0x10,0x08,0xf4,0xdb,0xfc,0x7e,0x00,0x10,0x08,0x04,0x02,0x81,0x00,0x00
   992 00006B88 10080402810000      <1>
   993 00006B8F 40201008F0FBFD3E00- <1>     db 0x40,0x20,0x10,0x08,0xf0,0xfb,0xfd,0x3e,0x00,0x10,0x08,0x04,0x02,0x81,0x00,0x00
   993 00006B98 10080402810000      <1>
   994 00006B9F 40201008F0FBFD3E00- <1>     db 0x40,0x20,0x10,0x08,0xf0,0xfb,0xfd,0x3e,0x00,0x10,0x08,0x04,0x02,0x81,0x00,0x00
   994 00006BA8 10080402810000      <1>
   995 00006BAF 40201008F0FBFD3C00- <1>     db 0x40,0x20,0x10,0x08,0xf0,0xfb,0xfd,0x3c,0x00,0x10,0x08,0x04,0x02,0x80,0x00,0x00
   995 00006BB8 10080402800000      <1>
   996 00006BBF 40201008F0FBFD1C00- <1>     db 0x40,0x20,0x10,0x08,0xf0,0xfb,0xfd,0x1c,0x00,0x10,0x08,0x04,0x02,0x80,0x00,0x00
   996 00006BC8 10080402800000      <1>
   997 00006BCF 40201008F0FBFD0020- <1>     db 0x40,0x20,0x10,0x08,0xf0,0xfb,0xfd,0x00,0x20,0x00,0x08,0x04,0x02,0x81,0x00,0x00
   997 00006BD8 00080402810000      <1>
   998 00006BDF 40201008F0F9FD0020- <1>     db 0x40,0x20,0x10,0x08,0xf0,0xf9,0xfd,0x00,0x20,0x00,0x08,0x04,0x02,0x81,0x00,0x00
   998 00006BE8 00080402810000      <1>
   999 00006BEF 40201008F0FBFD0000- <1>     db 0x40,0x20,0x10,0x08,0xf0,0xfb,0xfd,0x00,0x00,0x00,0x08,0x04,0x02,0x81,0x00,0x00
   999 00006BF8 00080402810000      <1>
  1000 00006BFF 40201008F0FBFD0020- <1>     db 0x40,0x20,0x10,0x08,0xf0,0xfb,0xfd,0x00,0x20,0x00,0x08,0x04,0x02,0x81,0x00,0x00
  1000 00006C08 00080402810000      <1>
  1001 00006C0F 40201008F0FBFD0020- <1>     db 0x40,0x20,0x10,0x08,0xf0,0xfb,0xfd,0x00,0x20,0x10,0x08,0x04,0x00,0x81,0x00,0x00
  1001 00006C18 10080400810000      <1>
  1002 00006C1F 40201008B0FBFD0020- <1>     db 0x40,0x20,0x10,0x08,0xb0,0xfb,0xfd,0x00,0x20,0x10,0x08,0x04,0x00,0x81,0x00,0x00
  1002 00006C28 10080400810000      <1>
  1003 00006C2F 40201008E0F8FD0020- <1>     db 0x40,0x20,0x10,0x08,0xe0,0xf8,0xfd,0x00,0x20,0x10,0x08,0x04,0x00,0x81,0x00,0x00
  1003 00006C38 10080400810000      <1>
  1004 00006C3F 40201008E0F8FD0020- <1>     db 0x40,0x20,0x10,0x08,0xe0,0xf8,0xfd,0x00,0x20,0x10,0x08,0x04,0x00,0x81,0x00,0x00
  1004 00006C48 10080400810000      <1>
  1005 00006C4F 6020100802F8FD0020- <1>     db 0x60,0x20,0x10,0x08,0x02,0xf8,0xfd,0x00,0x20,0x10,0x08,0x04,0x02,0x81,0x00,0x00
  1005 00006C58 10080402810000      <1>
  1006 00006C5F 6020100003F86D0020- <1>     db 0x60,0x20,0x10,0x00,0x03,0xf8,0x6d,0x00,0x20,0x10,0x08,0x04,0x00,0x81,0x00,0x00
  1006 00006C68 10080400810000      <1>
  1007 00006C6F 40201000F3FB690020- <1>     db 0x40,0x20,0x10,0x00,0xf3,0xfb,0x69,0x00,0x20,0x10,0x08,0x00,0x02,0x81,0x00,0x00
  1007 00006C78 10080002810000      <1>
  1008 00006C7F 40201000F3FB010020- <1>     db 0x40,0x20,0x10,0x00,0xf3,0xfb,0x01,0x00,0x20,0x10,0x08,0x00,0x02,0x81,0x00,0x00
  1008 00006C88 10080002810000      <1>
  1009 00006C8F 60201020F6F9010000- <1>     db 0x60,0x20,0x10,0x20,0xf6,0xf9,0x01,0x00,0x00,0x10,0x08,0x00,0x00,0x81,0x00,0x00
  1009 00006C98 10080000810000      <1>
  1010 00006C9F 40201060E7F8410000- <1>     db 0x40,0x20,0x10,0x60,0xe7,0xf8,0x41,0x00,0x00,0x10,0x08,0x00,0x00,0xc1,0x00,0x00
  1010 00006CA8 10080000C10000      <1>
  1011 00006CAF 602010E0F3FB010020- <1>     db 0x60,0x20,0x10,0xe0,0xf3,0xfb,0x01,0x00,0x20,0x10,0x08,0x00,0x02,0xc1,0x00,0x00
  1011 00006CB8 10080002C10000      <1>
  1012 00006CBF 402010E0F7F3010020- <1>     db 0x40,0x20,0x10,0xe0,0xf7,0xf3,0x01,0x00,0x20,0x10,0x08,0x00,0x02,0xc1,0x00,0x00
  1012 00006CC8 10080002C10000      <1>
  1013 00006CCF 602010E0F7F3000020- <1>     db 0x60,0x20,0x10,0xe0,0xf7,0xf3,0x00,0x00,0x20,0x10,0x08,0x00,0x02,0xc1,0x00,0x00
  1013 00006CD8 10080002C10000      <1>
  1014 00006CDF 602010E0F7F3004020- <1>     db 0x60,0x20,0x10,0xe0,0xf7,0xf3,0x00,0x40,0x20,0x10,0x08,0x00,0x02,0xc1,0x00,0x00
  1014 00006CE8 10080002C10000      <1>
  1015 00006CEF 602010E0F7F3014020- <1>     db 0x60,0x20,0x10,0xe0,0xf7,0xf3,0x01,0x40,0x20,0x10,0x08,0x00,0x02,0xc1,0x00,0x00
  1015 00006CF8 10080002C10000      <1>
  1016 00006CFF 602010E0F3F3014020- <1>     db 0x60,0x20,0x10,0xe0,0xf3,0xf3,0x01,0x40,0x20,0x10,0x08,0x04,0x02,0x41,0x00,0x00
  1016 00006D08 10080402410000      <1>
  1017 00006D0F 602010E0F7F3004020- <1>     db 0x60,0x20,0x10,0xe0,0xf7,0xf3,0x00,0x40,0x20,0x10,0x00,0x04,0x82,0xc1,0x00,0x00
  1017 00006D18 10000482C10000      <1>
  1018 00006D1F 402010E0F703004020- <1>     db 0x40,0x20,0x10,0xe0,0xf7,0x03,0x00,0x40,0x20,0x10,0x00,0x04,0x82,0xc0,0x00,0x00
  1018 00006D28 10000482C00000      <1>
  1019 00006D2F 60201020E003004020- <1>     db 0x60,0x20,0x10,0x20,0xe0,0x03,0x00,0x40,0x20,0x10,0x00,0x04,0x82,0x40,0x00,0x00
  1019 00006D38 10000482400000      <1>
  1020 00006D3F 40201060E303004020- <1>     db 0x40,0x20,0x10,0x60,0xe3,0x03,0x00,0x40,0x20,0x10,0x08,0x00,0x82,0x40,0x00,0x00
  1020 00006D48 10080082400000      <1>
  1021 00006D4F 40200040E303000020- <1>     db 0x40,0x20,0x00,0x40,0xe3,0x03,0x00,0x00,0x20,0x10,0x00,0x00,0x83,0x40,0x00,0x00
  1021 00006D58 10000083400000      <1>
  1022 00006D5F 402000C0E303000020- <1>     db 0x40,0x20,0x00,0xc0,0xe3,0x03,0x00,0x00,0x20,0x10,0x04,0x00,0x83,0xc0,0x00,0x00
  1022 00006D68 10040083C00000      <1>
  1023 00006D6F 402000C0E703004020- <1>     db 0x40,0x20,0x00,0xc0,0xe7,0x03,0x00,0x40,0x20,0x10,0x04,0x00,0x83,0xc0,0x00,0x00
  1023 00006D78 10040083C00000      <1>
  1024 00006D7F 602000C0E703004020- <1>     db 0x60,0x20,0x00,0xc0,0xe7,0x03,0x00,0x40,0x20,0x18,0x04,0x00,0x83,0xc0,0x00,0x00
  1024 00006D88 18040083C00000      <1>
  1025 00006D8F 402000C0E703004020- <1>     db 0x40,0x20,0x00,0xc0,0xe7,0x03,0x00,0x40,0x20,0x10,0x04,0x00,0x83,0xc0,0x00,0x00
  1025 00006D98 10040083C00000      <1>
  1026 00006D9F 402000C0E703004020- <1>     db 0x40,0x20,0x00,0xc0,0xe7,0x03,0x00,0x40,0x20,0x18,0x04,0x06,0x83,0xc0,0x00,0x00
  1026 00006DA8 18040683C00000      <1>
  1027 00006DAF 402000C2E703004020- <1>     db 0x40,0x20,0x00,0xc2,0xe7,0x03,0x00,0x40,0x20,0x10,0x0c,0x02,0x83,0xc0,0x00,0x00
  1027 00006DB8 100C0283C00000      <1>
  1028 00006DBF 402000C0E703804030- <1>     db 0x40,0x20,0x00,0xc0,0xe7,0x03,0x80,0x40,0x30,0x18,0x0c,0x02,0x83,0xc0,0x00,0x00
  1028 00006DC8 180C0283C00000      <1>
  1029                              <1> crystal_area_unsafe:
  1030 00006DCF 70F00F07FE70000000- <1>     db 0x70,0xf0,0x0f,0x07,0xfe,0x70,0x00,0x00,0x00,0x00,0x00,0x00,0x00,0x00,0x00,0x00
  1030 00006DD8 00000000000000      <1>
  1031 00006DDF 70E00F07FF70000000- <1>     db 0x70,0xe0,0x0f,0x07,0xff,0x70,0x00,0x00,0x00,0x00,0x00,0x00,0x00,0x00,0x00,0x00
  1031 00006DE8 00000000000000      <1>
  1032 00006DEF 60B00F07FF70000000- <1>     db 0x60,0xb0,0x0f,0x07,0xff,0x70,0x00,0x00,0x00,0x00,0x00,0x00,0x00,0x00,0x00,0x00
  1032 00006DF8 00000000000000      <1>
  1033 00006DFF 60B00F07FF70000000- <1>     db 0x60,0xb0,0x0f,0x07,0xff,0x70,0x00,0x00,0x00,0x00,0x00,0x00,0x00,0x00,0x00,0x00
  1033 00006E08 00000000000000      <1>
  1034 00006E0F 60B80F07FE70000000- <1>     db 0x60,0xb8,0x0f,0x07,0xfe,0x70,0x00,0x00,0x00,0x00,0x00,0x00,0x00,0x00,0x00,0x00
  1034 00006E18 00000000000000      <1>
  1035 00006E1F 60B80E07FE70000000- <1>     db 0x60,0xb8,0x0e,0x07,0xfe,0x70,0x00,0x00,0x00,0x00,0x00,0x00,0x00,0x00,0x00,0x00
  1035 00006E28 00000000000000      <1>
  1036 00006E2F 30B80F03FB30000000- <1>     db 0x30,0xb8,0x0f,0x03,0xfb,0x30,0x00,0x00,0x00,0x00,0x00,0x00,0x00,0x00,0x00,0x00
  1036 00006E38 00000000000000      <1>
  1037 00006E3F 30F80F83FF20000000- <1>     db 0x30,0xf8,0x0f,0x83,0xff,0x20,0x00,0x00,0x00,0x00,0x00,0x00,0x00,0x00,0x00,0x00
  1037 00006E48 00000000000000      <1>
  1038 00006E4F 30DC0F83FF20000000- <1>     db 0x30,0xdc,0x0f,0x83,0xff,0x20,0x00,0x00,0x00,0x00,0x00,0x00,0x00,0x00,0x00,0x00
  1038 00006E58 00000000000000      <1>
  1039 00006E5F 289C0F82FF20000000- <1>     db 0x28,0x9c,0x0f,0x82,0xff,0x20,0x00,0x00,0x00,0x00,0x00,0x00,0x00,0x00,0x00,0x00
  1039 00006E68 00000000000000      <1>
  1040 00006E6F 28DC0E837F30000000- <1>     db 0x28,0xdc,0x0e,0x83,0x7f,0x30,0x00,0x00,0x00,0x00,0x00,0x00,0x00,0x00,0x00,0x00
  1040 00006E78 00000000000000      <1>
  1041 00006E7F 30DC8E837F30000000- <1>     db 0x30,0xdc,0x8e,0x83,0x7f,0x30,0x00,0x00,0x00,0x00,0x00,0x00,0x00,0x00,0x00,0x00
  1041 00006E88 00000000000000      <1>
  1042 00006E8F 30DC8FC37F38000000- <1>     db 0x30,0xdc,0x8f,0xc3,0x7f,0x38,0x00,0x00,0x00,0x00,0x00,0x00,0x00,0x00,0x00,0x00
  1042 00006E98 00000000000000      <1>
  1043 00006E9F 30D80FC37D30000000- <1>     db 0x30,0xd8,0x0f,0xc3,0x7d,0x30,0x00,0x00,0x00,0x00,0x00,0x00,0x00,0x00,0x00,0x00
  1043 00006EA8 00000000000000      <1>
  1044 00006EAF 10FC0EC37F30000000- <1>     db 0x10,0xfc,0x0e,0xc3,0x7f,0x30,0x00,0x00,0x00,0x00,0x00,0x00,0x00,0x00,0x00,0x00
  1044 00006EB8 00000000000000      <1>
  1045 00006EBF 38DC86837F38000000- <1>     db 0x38,0xdc,0x86,0x83,0x7f,0x38,0x00,0x00,0x00,0x00,0x00,0x00,0x00,0x00,0x00,0x00
  1045 00006EC8 00000000000000      <1>
  1046 00006ECF 10EE86C17F18000000- <1>     db 0x10,0xee,0x86,0xc1,0x7f,0x18,0x00,0x00,0x00,0x00,0x00,0x00,0x00,0x00,0x00,0x00
  1046 00006ED8 00000000000000      <1>
  1047 00006EDF 18CE86C17718000000- <1>     db 0x18,0xce,0x86,0xc1,0x77,0x18,0x00,0x00,0x00,0x00,0x00,0x00,0x00,0x00,0x00,0x00
  1047 00006EE8 00000000000000      <1>
  1048 00006EEF 104E06C17410000000- <1>     db 0x10,0x4e,0x06,0xc1,0x74,0x10,0x00,0x00,0x00,0x00,0x00,0x00,0x00,0x00,0x00,0x00
  1048 00006EF8 00000000000000      <1>
  1049 00006EFF 30CE87C37E18000000- <1>     db 0x30,0xce,0x87,0xc3,0x7e,0x18,0x00,0x00,0x00,0x00,0x00,0x00,0x00,0x00,0x00,0x00
  1049 00006F08 00000000000000      <1>
  1050 00006F0F 104C86E17E18000000- <1>     db 0x10,0x4c,0x86,0xe1,0x7e,0x18,0x00,0x00,0x00,0x00,0x00,0x00,0x00,0x00,0x00,0x00
  1050 00006F18 00000000000000      <1>
  1051 00006F1F 186E87E17E18000000- <1>     db 0x18,0x6e,0x87,0xe1,0x7e,0x18,0x00,0x00,0x00,0x00,0x00,0x00,0x00,0x00,0x00,0x00
  1051 00006F28 00000000000000      <1>
  1052 00006F2F 186E87E17E18000000- <1>     db 0x18,0x6e,0x87,0xe1,0x7e,0x18,0x00,0x00,0x00,0x00,0x00,0x00,0x00,0x00,0x00,0x00
  1052 00006F38 00000000000000      <1>
  1053 00006F3F 186E87E17E18000000- <1>     db 0x18,0x6e,0x87,0xe1,0x7e,0x18,0x00,0x00,0x00,0x00,0x00,0x00,0x00,0x00,0x00,0x00
  1053 00006F48 00000000000000      <1>
  1054 00006F4F 1467C7E17E18000000- <1>     db 0x14,0x67,0xc7,0xe1,0x7e,0x18,0x00,0x00,0x00,0x00,0x00,0x00,0x00,0x00,0x00,0x00
  1054 00006F58 00000000000000      <1>
  1055 00006F5F 0C6787E17E18000000- <1>     db 0x0c,0x67,0x87,0xe1,0x7e,0x18,0x00,0x00,0x00,0x00,0x00,0x00,0x00,0x00,0x00,0x00
  1055 00006F68 00000000000000      <1>
  1056 00006F6F 187787617F18000000- <1>     db 0x18,0x77,0x87,0x61,0x7f,0x18,0x00,0x00,0x00,0x00,0x00,0x00,0x00,0x00,0x00,0x00
  1056 00006F78 00000000000000      <1>
  1057 00006F7F 1877C7717F1C000000- <1>     db 0x18,0x77,0xc7,0x71,0x7f,0x1c,0x00,0x00,0x00,0x00,0x00,0x00,0x00,0x00,0x00,0x00
  1057 00006F88 00000000000000      <1>
  1058 00006F8F 0827C7707F0C000000- <1>     db 0x08,0x27,0xc7,0x70,0x7f,0x0c,0x00,0x00,0x00,0x00,0x00,0x00,0x00,0x00,0x00,0x00
  1058 00006F98 00000000000000      <1>
  1059 00006F9F 0827C7707B0C000000- <1>     db 0x08,0x27,0xc7,0x70,0x7b,0x0c,0x00,0x00,0x00,0x00,0x00,0x00,0x00,0x00,0x00,0x00
  1059 00006FA8 00000000000000      <1>
  1060 00006FAF 0827C7707B0C000000- <1>     db 0x08,0x27,0xc7,0x70,0x7b,0x0c,0x00,0x00,0x00,0x00,0x00,0x00,0x00,0x00,0x00,0x00
  1060 00006FB8 00000000000000      <1>
  1061 00006FBF 0CB7C7607B0C000000- <1>     db 0x0c,0xb7,0xc7,0x60,0x7b,0x0c,0x00,0x00,0x00,0x00,0x00,0x00,0x00,0x00,0x00,0x00
  1061 00006FC8 00000000000000      <1>
  1062 00006FCF 882387707A08000000- <1>     db 0x88,0x23,0x87,0x70,0x7a,0x08,0x00,0x00,0x00,0x00,0x00,0x00,0x00,0x00,0x00,0x00
  1062 00006FD8 00000000000000      <1>
  1063 00006FDF 8C33C7703B08000000- <1>     db 0x8c,0x33,0xc7,0x70,0x3b,0x08,0x00,0x00,0x00,0x00,0x00,0x00,0x00,0x00,0x00,0x00
  1063 00006FE8 00000000000000      <1>
  1064 00006FEF 8AA3C730330C000000- <1>     db 0x8a,0xa3,0xc7,0x30,0x33,0x0c,0x00,0x00,0x00,0x00,0x00,0x00,0x00,0x00,0x00,0x00
  1064 00006FF8 00000000000000      <1>
  1065 00006FFF 8CB3C3303B0C000000- <1>     db 0x8c,0xb3,0xc3,0x30,0x3b,0x0c,0x00,0x00,0x00,0x00,0x00,0x00,0x00,0x00,0x00,0x00
  1065 00007008 00000000000000      <1>
  1066 0000700F 0283C7B83B0C000000- <1>     db 0x02,0x83,0xc7,0xb8,0x3b,0x0c,0x00,0x00,0x00,0x00,0x00,0x00,0x00,0x00,0x00,0x00
  1066 00007018 00000000000000      <1>
  1067 0000701F 8CB3C338330C000000- <1>     db 0x8c,0xb3,0xc3,0x38,0x33,0x0c,0x00,0x00,0x00,0x00,0x00,0x00,0x00,0x00,0x00,0x00
  1067 00007028 00000000000000      <1>
  1068 0000702F 8EB3C3B8330C000000- <1>     db 0x8e,0xb3,0xc3,0xb8,0x33,0x0c,0x00,0x00,0x00,0x00,0x00,0x00,0x00,0x00,0x00,0x00
  1068 00007038 00000000000000      <1>
  1069 0000703F 8CB3E3B83B06000000- <1>     db 0x8c,0xb3,0xe3,0xb8,0x3b,0x06,0x00,0x00,0x00,0x00,0x00,0x00,0x00,0x00,0x00,0x00
  1069 00007048 00000000000000      <1>
  1070 0000704F 869363383904000000- <1>     db 0x86,0x93,0x63,0x38,0x39,0x04,0x00,0x00,0x00,0x00,0x00,0x00,0x00,0x00,0x00,0x00
  1070 00007058 00000000000000      <1>
  1071 0000705F 849963B83906000000- <1>     db 0x84,0x99,0x63,0xb8,0x39,0x06,0x00,0x00,0x00,0x00,0x00,0x00,0x00,0x00,0x00,0x00
  1071 00007068 00000000000000      <1>
  1072 0000706F C69163983906000000- <1>     db 0xc6,0x91,0x63,0x98,0x39,0x06,0x00,0x00,0x00,0x00,0x00,0x00,0x00,0x00,0x00,0x00
  1072 00007078 00000000000000      <1>
  1073 0000707F C69963983906000000- <1>     db 0xc6,0x99,0x63,0x98,0x39,0x06,0x00,0x00,0x00,0x00,0x00,0x00,0x00,0x00,0x00,0x00
  1073 00007088 00000000000000      <1>
  1074 0000708F C411639C3906000000- <1>     db 0xc4,0x11,0x63,0x9c,0x39,0x06,0x00,0x00,0x00,0x00,0x00,0x00,0x00,0x00,0x00,0x00
  1074 00007098 00000000000000      <1>
  1075 0000709F C491639C3906000000- <1>     db 0xc4,0x91,0x63,0x9c,0x39,0x06,0x00,0x00,0x00,0x00,0x00,0x00,0x00,0x00,0x00,0x00
  1075 000070A8 00000000000000      <1>
  1076 000070AF C49143183904000000- <1>     db 0xc4,0x91,0x43,0x18,0x39,0x04,0x00,0x00,0x00,0x00,0x00,0x00,0x00,0x00,0x00,0x00
  1076 000070B8 00000000000000      <1>
  1077 000070BF C69963983906000000- <1>     db 0xc6,0x99,0x63,0x98,0x39,0x06,0x00,0x00,0x00,0x00,0x00,0x00,0x00,0x00,0x00,0x00
  1077 000070C8 00000000000000      <1>
  1078 000070CF C69163DC3906000000- <1>     db 0xc6,0x91,0x63,0xdc,0x39,0x06,0x00,0x00,0x00,0x00,0x00,0x00,0x00,0x00,0x00,0x00
  1078 000070D8 00000000000000      <1>
  1079 000070DF C69063DC3906000000- <1>     db 0xc6,0x90,0x63,0xdc,0x39,0x06,0x00,0x00,0x00,0x00,0x00,0x00,0x00,0x00,0x00,0x00
  1079 000070E8 00000000000000      <1>
  1080 000070EF C39863CC3906000000- <1>     db 0xc3,0x98,0x63,0xcc,0x39,0x06,0x00,0x00,0x00,0x00,0x00,0x00,0x00,0x00,0x00,0x00
  1080 000070F8 00000000000000      <1>
  1081 000070FF E28863DC3D06000000- <1>     db 0xe2,0x88,0x63,0xdc,0x3d,0x06,0x00,0x00,0x00,0x00,0x00,0x00,0x00,0x00,0x00,0x00
  1081 00007108 00000000000000      <1>
  1082 0000710F E288338C1C03000000- <1>     db 0xe2,0x88,0x33,0x8c,0x1c,0x03,0x00,0x00,0x00,0x00,0x00,0x00,0x00,0x00,0x00,0x00
  1082 00007118 00000000000000      <1>
  1083 0000711F E28833CE1C03000000- <1>     db 0xe2,0x88,0x33,0xce,0x1c,0x03,0x00,0x00,0x00,0x00,0x00,0x00,0x00,0x00,0x00,0x00
  1083 00007128 00000000000000      <1>
  1084 0000712F E3C833CE1803000000- <1>     db 0xe3,0xc8,0x33,0xce,0x18,0x03,0x00,0x00,0x00,0x00,0x00,0x00,0x00,0x00,0x00,0x00
  1084 00007138 00000000000000      <1>
  1085 0000713F C2CC31CC1C03000000- <1>     db 0xc2,0xcc,0x31,0xcc,0x1c,0x03,0x00,0x00,0x00,0x00,0x00,0x00,0x00,0x00,0x00,0x00
  1085 00007148 00000000000000      <1>
  1086 0000714F E3C833CE1C02000000- <1>     db 0xe3,0xc8,0x33,0xce,0x1c,0x02,0x00,0x00,0x00,0x00,0x00,0x00,0x00,0x00,0x00,0x00
  1086 00007158 00000000000000      <1>
  1087 0000715F E3C833CE1C02000000- <1>     db 0xe3,0xc8,0x33,0xce,0x1c,0x02,0x00,0x00,0x00,0x00,0x00,0x00,0x00,0x00,0x00,0x00
  1087 00007168 00000000000000      <1>
  1088 0000716F E3C8318E1C03000000- <1>     db 0xe3,0xc8,0x31,0x8e,0x1c,0x03,0x00,0x00,0x00,0x00,0x00,0x00,0x00,0x00,0x00,0x00
  1088 00007178 00000000000000      <1>
  1089 0000717F E3C831C61C03000000- <1>     db 0xe3,0xc8,0x31,0xc6,0x1c,0x03,0x00,0x00,0x00,0x00,0x00,0x00,0x00,0x00,0x00,0x00
  1089 00007188 00000000000000      <1>
  1090 0000718F 73C831C61C03000000- <1>     db 0x73,0xc8,0x31,0xc6,0x1c,0x03,0x00,0x00,0x00,0x00,0x00,0x00,0x00,0x00,0x00,0x00
  1090 00007198 00000000000000      <1>
  1091 0000719F 73CC31C71803000000- <1>     db 0x73,0xcc,0x31,0xc7,0x18,0x03,0x00,0x00,0x00,0x00,0x00,0x00,0x00,0x00,0x00,0x00
  1091 000071A8 00000000000000      <1>
  1092 000071AF 73CC31C71C03000000- <1>     db 0x73,0xcc,0x31,0xc7,0x1c,0x03,0x00,0x00,0x00,0x00,0x00,0x00,0x00,0x00,0x00,0x00
  1092 000071B8 00000000000000      <1>
  1093 000071BF 71CC31C71803000800- <1>     db 0x71,0xcc,0x31,0xc7,0x18,0x03,0x00,0x08,0x00,0x00,0x00,0x00,0x00,0x00,0x00,0x00
  1093 000071C8 00000000000000      <1>
  1094 000071CF 618C31C61800000000- <1>     db 0x61,0x8c,0x31,0xc6,0x18,0x00,0x00,0x00,0x00,0x00,0x00,0x00,0x00,0x00,0x00,0x00
  1094 000071D8 00000000000000      <1>
  1095 000071DF 718E31671C00000000- <1>     db 0x71,0x8e,0x31,0x67,0x1c,0x00,0x00,0x00,0x00,0x00,0x00,0x00,0x00,0x00,0x00,0x00
  1095 000071E8 00000000000000      <1>
  1096 000071EF 718611671C00060000- <1>     db 0x71,0x86,0x11,0x67,0x1c,0x00,0x06,0x00,0x00,0x00,0x00,0x00,0x00,0x00,0x00,0x00
  1096 000071F8 00000000000000      <1>
  1097 000071FF 71C611679C00060000- <1>     db 0x71,0xc6,0x11,0x67,0x9c,0x00,0x06,0x00,0x00,0x00,0x00,0x00,0x00,0x00,0x00,0x00
  1097 00007208 00000000000000      <1>
  1098 0000720F 71C419639C00060000- <1>     db 0x71,0xc4,0x19,0x63,0x9c,0x00,0x06,0x00,0x00,0x00,0x00,0x00,0x00,0x00,0x00,0x00
  1098 00007218 00000000000000      <1>
  1099 0000721F 39C419639C00060000- <1>     db 0x39,0xc4,0x19,0x63,0x9c,0x00,0x06,0x00,0x00,0x00,0x00,0x00,0x00,0x00,0x00,0x00
  1099 00007228 00000000000000      <1>
  1100 0000722F 39C419439C00040000- <1>     db 0x39,0xc4,0x19,0x43,0x9c,0x00,0x04,0x00,0x00,0x00,0x00,0x00,0x00,0x00,0x00,0x00
  1100 00007238 00000000000000      <1>
  1101 0000723F 31C699639C00060000- <1>     db 0x31,0xc6,0x99,0x63,0x9c,0x00,0x06,0x00,0x00,0x00,0x00,0x00,0x00,0x00,0x00,0x00
  1101 00007248 00000000000000      <1>
  1102 0000724F 39C699639C00060000- <1>     db 0x39,0xc6,0x99,0x63,0x9c,0x00,0x06,0x00,0x00,0x00,0x00,0x00,0x00,0x00,0x00,0x00
  1102 00007258 00000000000000      <1>
  1103 0000725F 39C691638C00060000- <1>     db 0x39,0xc6,0x91,0x63,0x8c,0x00,0x06,0x00,0x00,0x00,0x00,0x00,0x00,0x00,0x00,0x00
  1103 00007268 00000000000000      <1>
  1104 0000726F 38C699638C00060000- <1>     db 0x38,0xc6,0x99,0x63,0x8c,0x00,0x06,0x00,0x00,0x00,0x00,0x00,0x00,0x00,0x00,0x00
  1104 00007278 00000000000000      <1>
  1105 0000727F 39C699638C00060000- <1>     db 0x39,0xc6,0x99,0x63,0x8c,0x00,0x06,0x00,0x00,0x00,0x00,0x00,0x00,0x00,0x00,0x00
  1105 00007288 00000000000000      <1>
  1106 0000728F 39C69963CC00060000- <1>     db 0x39,0xc6,0x99,0x63,0xcc,0x00,0x06,0x00,0x00,0x00,0x00,0x00,0x00,0x00,0x00,0x00
  1106 00007298 00000000000000      <1>
  1107 0000729F 38C688638E00060000- <1>     db 0x38,0xc6,0x88,0x63,0x8e,0x00,0x06,0x00,0x00,0x00,0x00,0x00,0x00,0x00,0x00,0x00
  1107 000072A8 00000000000000      <1>
  1108 000072AF 1CC7C8718E00060000- <1>     db 0x1c,0xc7,0xc8,0x71,0x8e,0x00,0x06,0x00,0x00,0x00,0x00,0x00,0x00,0x00,0x00,0x00
  1108 000072B8 00000000000000      <1>
  1109 000072BF 1CE2CC31CE00030000- <1>     db 0x1c,0xe2,0xcc,0x31,0xce,0x00,0x03,0x00,0x00,0x00,0x00,0x00,0x00,0x00,0x00,0x00
  1109 000072C8 00000000000000      <1>
  1110 000072CF 18E2CC31CE00030000- <1>     db 0x18,0xe2,0xcc,0x31,0xce,0x00,0x03,0x00,0x00,0x00,0x00,0x00,0x00,0x00,0x00,0x00
  1110 000072D8 00000000000000      <1>
  1111 000072DF 18E38831CE00030000- <1>     db 0x18,0xe3,0x88,0x31,0xce,0x00,0x03,0x00,0x00,0x00,0x00,0x00,0x00,0x00,0x00,0x00
  1111 000072E8 00000000000000      <1>
  1112 000072EF 1CE288218E00020000- <1>     db 0x1c,0xe2,0x88,0x21,0x8e,0x00,0x02,0x00,0x00,0x00,0x00,0x00,0x00,0x00,0x00,0x00
  1112 000072F8 00000000000000      <1>
  1113 000072FF 1CE2C831CE00030000- <1>     db 0x1c,0xe2,0xc8,0x31,0xce,0x00,0x03,0x00,0x00,0x00,0x00,0x00,0x00,0x00,0x00,0x00
  1113 00007308 00000000000000      <1>
  1114 0000730F 1CE2C831CE00030000- <1>     db 0x1c,0xe2,0xc8,0x31,0xce,0x00,0x03,0x00,0x00,0x00,0x00,0x00,0x00,0x00,0x00,0x00
  1114 00007318 00000000000000      <1>
  1115 0000731F 1CE3CC31CE00030000- <1>     db 0x1c,0xe3,0xcc,0x31,0xce,0x00,0x03,0x00,0x00,0x00,0x00,0x00,0x00,0x00,0x00,0x00
  1115 00007328 00000000000000      <1>
  1116 0000732F 1CE2CC31CE00030000- <1>     db 0x1c,0xe2,0xcc,0x31,0xce,0x00,0x03,0x00,0x00,0x00,0x00,0x00,0x00,0x00,0x00,0x00
  1116 00007338 00000000000000      <1>
  1117 0000733F 0CC1EC31CE00030000- <1>     db 0x0c,0xc1,0xec,0x31,0xce,0x00,0x03,0x00,0x00,0x00,0x00,0x00,0x00,0x00,0x00,0x00
  1117 00007348 00000000000000      <1>
  1118 0000734F 8EE0EE38CE00030000- <1>     db 0x8e,0xe0,0xee,0x38,0xce,0x00,0x03,0x00,0x00,0x00,0x00,0x00,0x00,0x00,0x00,0x00
  1118 00007358 00000000000000      <1>
  1119 0000735F 0EC1E430CE00030000- <1>     db 0x0e,0xc1,0xe4,0x30,0xce,0x00,0x03,0x00,0x00,0x00,0x00,0x00,0x00,0x00,0x00,0x00
  1119 00007368 00000000000000      <1>
  1120 0000736F 0CE3EC38CC00010000- <1>     db 0x0c,0xe3,0xec,0x38,0xcc,0x00,0x01,0x00,0x00,0x00,0x00,0x00,0x00,0x00,0x00,0x00
  1120 00007378 00000000000000      <1>
  1121 0000737F 0EE3EC18EE00010000- <1>     db 0x0e,0xe3,0xec,0x18,0xee,0x00,0x01,0x00,0x00,0x00,0x00,0x00,0x00,0x00,0x00,0x00
  1121 00007388 00000000000000      <1>
  1122 0000738F 0EE1E418EE80010000- <1>     db 0x0e,0xe1,0xe4,0x18,0xee,0x80,0x01,0x00,0x00,0x00,0x00,0x00,0x00,0x00,0x00,0x00
  1122 00007398 00000000000000      <1>
  1123 0000739F 0EE1EC18EE80010000- <1>     db 0x0e,0xe1,0xec,0x18,0xee,0x80,0x01,0x00,0x00,0x00,0x00,0x00,0x00,0x00,0x00,0x00
  1123 000073A8 00000000000000      <1>
  1124 000073AF 0EE1F4186E80010000- <1>     db 0x0e,0xe1,0xf4,0x18,0x6e,0x80,0x01,0x00,0x00,0x00,0x00,0x00,0x00,0x00,0x00,0x00
  1124 000073B8 00000000000000      <1>
  1125 000073BF 8EE1F6186E80010000- <1>     db 0x8e,0xe1,0xf6,0x18,0x6e,0x80,0x01,0x00,0x00,0x00,0x00,0x00,0x00,0x00,0x00,0x00
  1125 000073C8 00000000000000      <1>
  1126 000073CF 07E17410CE00010000- <1>     db 0x07,0xe1,0x74,0x10,0xce,0x00,0x01,0x00,0x00,0x00,0x00,0x00,0x00,0x00,0x00,0x00
  1126 000073D8 00000000000000      <1>
  1127 000073DF 87E176186E80010000- <1>     db 0x87,0xe1,0x76,0x18,0x6e,0x80,0x01,0x00,0x00,0x00,0x00,0x00,0x00,0x00,0x00,0x00
  1127 000073E8 00000000000000      <1>
  1128 000073EF 07E174186E80010000- <1>     db 0x07,0xe1,0x74,0x18,0x6e,0x80,0x01,0x00,0x00,0x00,0x00,0x00,0x00,0x00,0x00,0x00
  1128 000073F8 00000000000000      <1>
  1129 000073FF 867176186E80010000- <1>     db 0x86,0x71,0x76,0x18,0x6e,0x80,0x01,0x00,0x00,0x00,0x00,0x00,0x00,0x00,0x00,0x00
  1129 00007408 00000000000000      <1>
  1130 0000740F 07E171187680010000- <1>     db 0x07,0xe1,0x71,0x18,0x76,0x80,0x01,0x00,0x00,0x00,0x00,0x00,0x00,0x00,0x00,0x00
  1130 00007418 00000000000000      <1>
  1131 0000741F 876176186780010000- <1>     db 0x87,0x61,0x76,0x18,0x67,0x80,0x01,0x00,0x00,0x00,0x00,0x00,0x00,0x00,0x00,0x00
  1131 00007428 00000000000000      <1>
  1132 0000742F C771771C6F80010000- <1>     db 0xc7,0x71,0x77,0x1c,0x6f,0x80,0x01,0x00,0x00,0x00,0x00,0x00,0x00,0x00,0x00,0x00
  1132 00007438 00000000000000      <1>
  1133 0000743F C771760CF7C0000000- <1>     db 0xc7,0x71,0x76,0x0c,0xf7,0xc0,0x00,0x00,0x00,0x00,0x00,0x00,0x00,0x00,0x00,0x00
  1133 00007448 00000000000000      <1>
  1134 0000744F C7607A1CA7C0010000- <1>     db 0xc7,0x60,0x7a,0x1c,0xa7,0xc0,0x01,0x00,0x00,0x00,0x00,0x00,0x00,0x00,0x00,0x00
  1134 00007458 00000000000000      <1>
  1135 0000745F 87713B1CF7C0010000- <1>     db 0x87,0x71,0x3b,0x1c,0xf7,0xc0,0x01,0x00,0x00,0x00,0x00,0x00,0x00,0x00,0x00,0x00
  1135 00007468 00000000000000      <1>
  1136 0000746F C370330CB7C0000000- <1>     db 0xc3,0x70,0x33,0x0c,0xb7,0xc0,0x00,0x00,0x00,0x00,0x00,0x00,0x00,0x00,0x00,0x00
  1136 00007478 00000000000000      <1>
  1137 0000747F C370330CB7C0000000- <1>     db 0xc3,0x70,0x33,0x0c,0xb7,0xc0,0x00,0x00,0x00,0x00,0x00,0x00,0x00,0x00,0x00,0x00
  1137 00007488 00000000000000      <1>
  1138 0000748F 83703A0CB7C0000000- <1>     db 0x83,0x70,0x3a,0x0c,0xb7,0xc0,0x00,0x00,0x00,0x00,0x00,0x00,0x00,0x00,0x00,0x00
  1138 00007498 00000000000000      <1>
  1139 0000749F 83703A08B780000000- <1>     db 0x83,0x70,0x3a,0x08,0xb7,0x80,0x00,0x00,0x00,0x00,0x00,0x00,0x00,0x00,0x00,0x00
  1139 000074A8 00000000000000      <1>
  1140 000074AF 83703A08E780000000- <1>     db 0x83,0x70,0x3a,0x08,0xe7,0x80,0x00,0x00,0x00,0x00,0x00,0x00,0x00,0x00,0x00,0x00
  1140 000074B8 00000000000000      <1>
  1141 000074BF C3703F0CF7C0000000- <1>     db 0xc3,0x70,0x3f,0x0c,0xf7,0xc0,0x00,0x00,0x00,0x00,0x00,0x00,0x00,0x00,0x00,0x00
  1141 000074C8 00000000000000      <1>
  1142 000074CF C3F03E0CFFC0000000- <1>     db 0xc3,0xf0,0x3e,0x0c,0xff,0xc0,0x00,0x00,0x00,0x00,0x00,0x00,0x00,0x00,0x00,0x00
  1142 000074D8 00000000000000      <1>
  1143 000074DF C3F03A0CFFC0000000- <1>     db 0xc3,0xf0,0x3a,0x0c,0xff,0xc0,0x00,0x00,0x00,0x00,0x00,0x00,0x00,0x00,0x00,0x00
  1143 000074E8 00000000000000      <1>
  1144 000074EF C3F01F0CFFC0000000- <1>     db 0xc3,0xf0,0x1f,0x0c,0xff,0xc0,0x00,0x00,0x00,0x00,0x00,0x00,0x00,0x00,0x00,0x00
  1144 000074F8 00000000000000      <1>
  1145 000074FF C1701F0CF7C0000000- <1>     db 0xc1,0x70,0x1f,0x0c,0xf7,0xc0,0x00,0x00,0x00,0x00,0x00,0x00,0x00,0x00,0x00,0x00
  1145 00007508 00000000000000      <1>
  1146 0000750F C1701F0EFFE0000000- <1>     db 0xc1,0x70,0x1f,0x0e,0xff,0xe0,0x00,0x00,0x00,0x00,0x00,0x00,0x00,0x00,0x00,0x00
  1146 00007518 00000000000000      <1>
  1147 0000751F C1701F0EFFE0000000- <1>     db 0xc1,0x70,0x1f,0x0e,0xff,0xe0,0x00,0x00,0x00,0x00,0x00,0x00,0x00,0x00,0x00,0x00
  1147 00007528 00000000000000      <1>
  1148 0000752F 41701F0EFFE0000000- <1>     db 0x41,0x70,0x1f,0x0e,0xff,0xe0,0x00,0x00,0x00,0x00,0x00,0x00,0x00,0x00,0x00,0x00
  1148 00007538 00000000000000      <1>
  1149 0000753F 61701F0EFFE0000000- <1>     db 0x61,0x70,0x1f,0x0e,0xff,0xe0,0x00,0x00,0x00,0x00,0x00,0x00,0x00,0x00,0x00,0x00
  1149 00007548 00000000000000      <1>
  1150 0000754F E1E01D0EFFE0000000- <1>     db 0xe1,0xe0,0x1d,0x0e,0xff,0xe0,0x00,0x00,0x00,0x00,0x00,0x00,0x00,0x00,0x00,0x00
  1150 00007558 00000000000000      <1>
  1151 0000755F E1E01D06FF60000000- <1>     db 0xe1,0xe0,0x1d,0x06,0xff,0x60,0x00,0x00,0x00,0x00,0x00,0x00,0x00,0x00,0x00,0x00
  1151 00007568 00000000000000      <1>
  1152 0000756F C1F00F04FF40000000- <1>     db 0xc1,0xf0,0x0f,0x04,0xff,0x40,0x00,0x00,0x00,0x00,0x00,0x00,0x00,0x00,0x00,0x00
  1152 00007578 00000000000000      <1>
  1153 0000757F 41F00F06FF60000000- <1>     db 0x41,0xf0,0x0f,0x06,0xff,0x60,0x00,0x00,0x00,0x00,0x00,0x00,0x00,0x00,0x00,0x00
  1153 00007588 00000000000000      <1>
  1154 0000758F 40700F06FF60000000- <1>     db 0x40,0x70,0x0f,0x06,0xff,0x60,0x00,0x00,0x00,0x00,0x00,0x00,0x00,0x00,0x00,0x00
  1154 00007598 00000000000000      <1>
  1155 0000759F 70F00F07FF60000000- <1>     db 0x70,0xf0,0x0f,0x07,0xff,0x60,0x00,0x00,0x00,0x00,0x00,0x00,0x00,0x00,0x00,0x00
  1155 000075A8 00000000000000      <1>
  1156 000075AF 50F00F07FF60000000- <1>     db 0x50,0xf0,0x0f,0x07,0xff,0x60,0x00,0x00,0x00,0x00,0x00,0x00,0x00,0x00,0x00,0x00
  1156 000075B8 00000000000000      <1>
  1157 000075BF 50F00F07FF70000000- <1>     db 0x50,0xf0,0x0f,0x07,0xff,0x70,0x00,0x00,0x00,0x00,0x00,0x00,0x00,0x00,0x00,0x00
  1157 000075C8 00000000000000      <1>
  1158 000075CF 60F00F07FF60000000- <1>     db 0x60,0xf0,0x0f,0x07,0xff,0x60,0x00,0x00,0x00,0x00,0x00,0x00,0x00,0x00,0x00,0x00
  1158 000075D8 00000000000000      <1>
  1159 000075DF 70F00F07FF70000000- <1>     db 0x70,0xf0,0x0f,0x07,0xff,0x70,0x00,0x00,0x00,0x00,0x00,0x00,0x00,0x00,0x00,0x00
  1159 000075E8 00000000000000      <1>
  1160 000075EF 70F00F07FC70000000- <1>     db 0x70,0xf0,0x0f,0x07,0xfc,0x70,0x00,0x00,0x00,0x00,0x00,0x00,0x00,0x00,0x00,0x00
  1160 000075F8 00000000000000      <1>
  1161 000075FF 70F00F077E70000000- <1>     db 0x70,0xf0,0x0f,0x07,0x7e,0x70,0x00,0x00,0x00,0x00,0x00,0x00,0x00,0x00,0x00,0x00
  1161 00007608 00000000000000      <1>
  1162 0000760F 600007076070000003- <1>     db 0x60,0x00,0x07,0x07,0x60,0x70,0x00,0x00,0x03,0x00,0x00,0x00,0x00,0x00,0x00,0x00
  1162 00007618 00000000000000      <1>
  1163 0000761F 60B007077270000001- <1>     db 0x60,0xb0,0x07,0x07,0x72,0x70,0x00,0x00,0x01,0x00,0x00,0x00,0x00,0x00,0x00,0x00
  1163 00007628 00000000000000      <1>
  1164 0000762F 608006066060000003- <1>     db 0x60,0x80,0x06,0x06,0x60,0x60,0x00,0x00,0x03,0x00,0x00,0x00,0x00,0x00,0x00,0x00
  1164 00007638 00000000000000      <1>
  1165 0000763F 70A006076070000003- <1>     db 0x70,0xa0,0x06,0x07,0x60,0x70,0x00,0x00,0x03,0x00,0x00,0x00,0x00,0x00,0x00,0x00
  1165 00007648 00000000000000      <1>
  1166 0000764F 700087072070000003- <1>     db 0x70,0x00,0x87,0x07,0x20,0x70,0x00,0x00,0x03,0x00,0x00,0x00,0x00,0x00,0x00,0x00
  1166 00007658 00000000000000      <1>
  1167 0000765F 300006033030008001- <1>     db 0x30,0x00,0x06,0x03,0x30,0x30,0x00,0x80,0x01,0x00,0x00,0x00,0x00,0x00,0x00,0x00
  1167 00007668 00000000000000      <1>
  1168 0000766F 700007073030000003- <1>     db 0x70,0x00,0x07,0x07,0x30,0x30,0x00,0x00,0x03,0x00,0x18,0x00,0x00,0x00,0x00,0x00
  1168 00007678 00180000000000      <1>
  1169 0000767F 700083033038008001- <1>     db 0x70,0x00,0x83,0x03,0x30,0x38,0x00,0x80,0x01,0x00,0x18,0x00,0x00,0x00,0x00,0x00
  1169 00007688 00180000000000      <1>
  1170 0000768F 700083033038008003- <1>     db 0x70,0x00,0x83,0x03,0x30,0x38,0x00,0x80,0x03,0x00,0x10,0x00,0x00,0x00,0x00,0x00
  1170 00007698 00100000000000      <1>
  1171 0000769F 700083073038008003- <1>     db 0x70,0x00,0x83,0x07,0x30,0x38,0x00,0x80,0x03,0x00,0x18,0x00,0x00,0x00,0x00,0x00
  1171 000076A8 00180000000000      <1>
  1172 000076AF 300083031038008003- <1>     db 0x30,0x00,0x83,0x03,0x10,0x38,0x00,0x80,0x03,0x00,0x18,0x00,0x00,0x00,0x00,0x00
  1172 000076B8 00180000000000      <1>
  1173 000076BF 780083030038008003- <1>     db 0x78,0x00,0x83,0x03,0x00,0x38,0x00,0x80,0x03,0x00,0x1c,0x00,0x00,0x00,0x00,0x00
  1173 000076C8 001C0000000000      <1>
  1174 000076CF 300081030038008003- <1>     db 0x30,0x00,0x81,0x03,0x00,0x38,0x00,0x80,0x03,0x00,0x10,0x00,0x00,0x00,0x00,0x00
  1174 000076D8 00100000000000      <1>
  1175 000076DF 380081030030008003- <1>     db 0x38,0x00,0x81,0x03,0x00,0x30,0x00,0x80,0x03,0x00,0x18,0x00,0x00,0x00,0x00,0x00
  1175 000076E8 00180000000000      <1>
  1176 000076EF 300000030030000003- <1>     db 0x30,0x00,0x00,0x03,0x00,0x30,0x00,0x00,0x03,0x00,0x14,0x00,0x00,0x00,0x00,0x00
  1176 000076F8 00140000000000      <1>
  1177 000076FF 300080030038008003- <1>     db 0x30,0x00,0x80,0x03,0x00,0x38,0x00,0x80,0x03,0x00,0x10,0x00,0x00,0x00,0x00,0x00
  1177 00007708 00100000000000      <1>
  1178 0000770F 300040030030000003- <1>     db 0x30,0x00,0x40,0x03,0x00,0x30,0x00,0x00,0x03,0x00,0x10,0x00,0x00,0x00,0x00,0x00
  1178 00007718 00100000000000      <1>
  1179 0000771F 3800C003003800C003- <1>     db 0x38,0x00,0xc0,0x03,0x00,0x38,0x00,0xc0,0x03,0x00,0x1c,0x00,0x00,0x00,0x00,0x00
  1179 00007728 001C0000000000      <1>
  1180 0000772F 38008003003800C003- <1>     db 0x38,0x00,0x80,0x03,0x00,0x38,0x00,0xc0,0x03,0x00,0x38,0x00,0x00,0x00,0x00,0x00
  1180 00007738 00380000000000      <1>
  1181 0000773F 3800C0030038008003- <1>     db 0x38,0x00,0xc0,0x03,0x00,0x38,0x00,0x80,0x03,0x00,0x3c,0x00,0x00,0x00,0x00,0x00
  1181 00007748 003C0000000000      <1>
  1182 0000774F 3C00C003003C00C003- <1>     db 0x3c,0x00,0xc0,0x03,0x00,0x3c,0x00,0xc0,0x03,0x00,0x3c,0x00,0x00,0x00,0x00,0x00
  1182 00007758 003C0000000000      <1>
  1183 0000775F 3C00C003003C00C003- <1>     db 0x3c,0x00,0xc0,0x03,0x00,0x3c,0x00,0xc0,0x03,0x00,0x3c,0x00,0x00,0x00,0x00,0x00
  1183 00007768 003C0000000000      <1>
  1184 0000776F 3C00C003003C00C003- <1>     db 0x3c,0x00,0xc0,0x03,0x00,0x3c,0x00,0xc0,0x03,0x00,0x3c,0x00,0x00,0x00,0x00,0x00
  1184 00007778 003C0000000000      <1>
  1185 0000777F 3C00C003003C00C003- <1>     db 0x3c,0x00,0xc0,0x03,0x00,0x3c,0x00,0xc0,0x03,0x00,0x1c,0x00,0x00,0x00,0x00,0x00
  1185 00007788 001C0000000000      <1>
  1186 0000778F 3800C003001C00C003- <1>     db 0x38,0x00,0xc0,0x03,0x00,0x1c,0x00,0xc0,0x03,0x00,0x38,0x00,0x00,0x00,0x00,0x00
  1186 00007798 00380000000000      <1>
  1187 0000779F 3C00C003003C00C003- <1>     db 0x3c,0x00,0xc0,0x03,0x00,0x3c,0x00,0xc0,0x03,0x00,0x1c,0x00,0x00,0x00,0x00,0x00
  1187 000077A8 001C0000000000      <1>
  1188 000077AF 3800C003003C00E003- <1>     db 0x38,0x00,0xc0,0x03,0x00,0x3c,0x00,0xe0,0x03,0x00,0x3a,0x00,0x00,0x00,0x00,0x00
  1188 000077B8 003A0000000000      <1>
  1189 000077BF 3800C003003C00E003- <1>     db 0x38,0x00,0xc0,0x03,0x00,0x3c,0x00,0xe0,0x03,0x00,0x18,0x00,0x00,0x00,0x00,0x00
  1189 000077C8 00180000000000      <1>
  1190 000077CF 18008001001800A001- <1>     db 0x18,0x00,0x80,0x01,0x00,0x18,0x00,0xa0,0x01,0x00,0x18,0x00,0x00,0x00,0x00,0x00
  1190 000077D8 00180000000000      <1>
  1191 000077DF 1800A001001A00A001- <1>     db 0x18,0x00,0xa0,0x01,0x00,0x1a,0x00,0xa0,0x01,0x00,0x18,0x00,0x00,0x00,0x00,0x00
  1191 000077E8 00180000000000      <1>
  1192 000077EF 1A00E001001E00E001- <1>     db 0x1a,0x00,0xe0,0x01,0x00,0x1e,0x00,0xe0,0x01,0x00,0x1a,0x00,0x00,0x00,0x00,0x00
  1192 000077F8 001A0000000000      <1>
  1193 000077FF 1A00E001001E00E001- <1>     db 0x1a,0x00,0xe0,0x01,0x00,0x1e,0x00,0xe0,0x01,0x00,0x1a,0x00,0x00,0x00,0x00,0x00
  1193 00007808 001A0000000000      <1>
  1194 0000780F 1A00E001001E00E001- <1>     db 0x1a,0x00,0xe0,0x01,0x00,0x1e,0x00,0xe0,0x01,0x00,0x1a,0x00,0x00,0x00,0x00,0x00
  1194 00007818 001A0000000000      <1>
  1195 0000781F 1A00F001001E00E001- <1>     db 0x1a,0x00,0xf0,0x01,0x00,0x1e,0x00,0xe0,0x01,0x00,0x1a,0x00,0x00,0x00,0x00,0x00
  1195 00007828 001A0000000000      <1>
  1196 0000782F 1E00E001001E00F001- <1>     db 0x1e,0x00,0xe0,0x01,0x00,0x1e,0x00,0xf0,0x01,0x00,0x1e,0x00,0x00,0x00,0x00,0x00
  1196 00007838 001E0000000000      <1>
  1197 0000783F 3C00E001001E00F003- <1>     db 0x3c,0x00,0xe0,0x01,0x00,0x1e,0x00,0xf0,0x03,0x00,0x1c,0x00,0x00,0x00,0x00,0x00
  1197 00007848 001C0000000000      <1>
  1198 0000784F 1C00F001001F00F001- <1>     db 0x1c,0x00,0xf0,0x01,0x00,0x1f,0x00,0xf0,0x01,0x00,0x1c,0x00,0x00,0x00,0x00,0x00
  1198 00007858 001C0000000000      <1>
  1199 0000785F 1C00F001001F00F001- <1>     db 0x1c,0x00,0xf0,0x01,0x00,0x1f,0x00,0xf0,0x01,0x00,0x1c,0x00,0x00,0x00,0x00,0x00
  1199 00007868 001C0000000000      <1>
  1200 0000786F 1C00F001001F00F001- <1>     db 0x1c,0x00,0xf0,0x01,0x00,0x1f,0x00,0xf0,0x01,0x00,0x1d,0x00,0x00,0x00,0x00,0x00
  1200 00007878 001D0000000000      <1>
  1201 0000787F 1D00F001001F00F001- <1>     db 0x1d,0x00,0xf0,0x01,0x00,0x1f,0x00,0xf0,0x01,0x00,0x1d,0x00,0x00,0x00,0x00,0x00
  1201 00007888 001D0000000000      <1>
  1202 0000788F 1D00D001001D00D001- <1>     db 0x1d,0x00,0xd0,0x01,0x00,0x1d,0x00,0xd0,0x01,0x00,0x1d,0x00,0x00,0x00,0x00,0x00
  1202 00007898 001D0000000000      <1>
  1203 0000789F 1D00F001001F00F001- <1>     db 0x1d,0x00,0xf0,0x01,0x00,0x1f,0x00,0xf0,0x01,0x00,0x1d,0x00,0x00,0x00,0x00,0x00
  1203 000078A8 001D0000000000      <1>
  1204 000078AF 1D00D001001D00D001- <1>     db 0x1d,0x00,0xd0,0x01,0x00,0x1d,0x00,0xd0,0x01,0x00,0x1d,0x00,0x00,0x00,0x00,0x00
  1204 000078B8 001D0000000000      <1>
  1205 000078BF 3D00D801801D00D003- <1>     db 0x3d,0x00,0xd8,0x01,0x80,0x1d,0x00,0xd0,0x03,0x80,0x1d,0x00,0x08,0x00,0x00,0x00
  1205 000078C8 801D0008000000      <1>
  1206 000078CF 1D00D801801D00D801- <1>     db 0x1d,0x00,0xd8,0x01,0x80,0x1d,0x00,0xd8,0x01,0x80,0x1d,0x00,0x08,0x00,0x00,0x00
  1206 000078D8 801D0008000000      <1>
  1207 000078DF 1D00D801801D00D801- <1>     db 0x1d,0x00,0xd8,0x01,0x80,0x1d,0x00,0xd8,0x01,0x80,0x1d,0x00,0x08,0x00,0x00,0x00
  1207 000078E8 801D0008000000      <1>
  1208 000078EF 1C00F801801F00F801- <1>     db 0x1c,0x00,0xf8,0x01,0x80,0x1f,0x00,0xf8,0x01,0x80,0x1c,0x00,0x08,0x00,0x00,0x00
  1208 000078F8 801C0008000000      <1>
  1209 000078FF 1C00F801801F00F801- <1>     db 0x1c,0x00,0xf8,0x01,0x80,0x1f,0x00,0xf8,0x01,0x80,0x1c,0x00,0x08,0x00,0x00,0x00
  1209 00007908 801C0008000000      <1>
  1210 0000790F 1C00FC01C01F00F801- <1>     db 0x1c,0x00,0xfc,0x01,0xc0,0x1f,0x00,0xf8,0x01,0xc0,0x1c,0x00,0x0c,0x00,0x00,0x00
  1210 00007918 C01C000C000000      <1>
  1211 0000791F 1C00FC01C01F00FC01- <1>     db 0x1c,0x00,0xfc,0x01,0xc0,0x1f,0x00,0xfc,0x01,0xc0,0x1c,0x00,0x0c,0x00,0x00,0x00
  1211 00007928 C01C000C000000      <1>
  1212 0000792F 1C00CC01C01C00C801- <1>     db 0x1c,0x00,0xcc,0x01,0xc0,0x1c,0x00,0xc8,0x01,0xc0,0x1c,0x00,0x0c,0x00,0x00,0x00
  1212 00007938 C01C000C000000      <1>
  1213 0000793F 1A00EC01C01C00E801- <1>     db 0x1a,0x00,0xec,0x01,0xc0,0x1c,0x00,0xe8,0x01,0xc0,0x1a,0x00,0x0c,0x00,0x00,0x00
  1213 00007948 C01A000C000000      <1>
  1214 0000794F 1700F601C01C00FC01- <1>     db 0x17,0x00,0xf6,0x01,0xc0,0x1c,0x00,0xfc,0x01,0xe0,0x07,0x00,0x04,0x00,0x00,0x00
  1214 00007958 E0070004000000      <1>
  1215 0000795F 1F00F601C01C00FC01- <1>     db 0x1f,0x00,0xf6,0x01,0xc0,0x1c,0x00,0xfc,0x01,0xe0,0x1f,0x00,0x04,0x00,0x00,0x00
  1215 00007968 E01F0004000000      <1>
  1216 0000796F 1A00EA01E01C00E601- <1>     db 0x1a,0x00,0xea,0x01,0xe0,0x1c,0x00,0xe6,0x01,0xe0,0x1a,0x00,0x08,0x00,0x00,0x00
  1216 00007978 E01A0008000000      <1>
  1217 0000797F 1A00EA01E01E00E601- <1>     db 0x1a,0x00,0xea,0x01,0xe0,0x1e,0x00,0xe6,0x01,0xe0,0x1a,0x00,0x0a,0x00,0x00,0x00
  1217 00007988 E01A000A000000      <1>
  1218 0000798F 0A00E801F01E00E701- <1>     db 0x0a,0x00,0xe8,0x01,0xf0,0x1e,0x00,0xe7,0x01,0xf0,0x0a,0x00,0x08,0x00,0x00,0x00
  1218 00007998 F00A0008000000      <1>
  1219 0000799F 0900F801F01E00F701- <1>     db 0x09,0x00,0xf8,0x01,0xf0,0x1e,0x00,0xf7,0x01,0xf0,0x09,0x00,0x08,0x00,0x00,0x00
  1219 000079A8 F0090008000000      <1>
  1220 000079AF 0100B800D00A00B500- <1>     db 0x01,0x00,0xb8,0x00,0xd0,0x0a,0x00,0xb5,0x00,0xd0,0x01,0x00,0x08,0x00,0x00,0x00
  1220 000079B8 D0010008000000      <1>
  1221 000079BF 0100B800D00A00B500- <1>     db 0x01,0x00,0xb8,0x00,0xd0,0x0a,0x00,0xb5,0x00,0xd0,0x01,0x00,0x08,0x00,0x00,0x00
  1221 000079C8 D0010008000000      <1>
  1222 000079CF 000000000000000000- <1>     db 0x00,0x00,0x00,0x00,0x00,0x00,0x00,0x00,0x00,0x00,0x00,0x00,0x00,0x00,0x00,0x00
  1222 000079D8 00000000000000      <1>
  1223 000079DF 000000000000000000- <1>     db 0x00,0x00,0x00,0x00,0x00,0x00,0x00,0x00,0x00,0x00,0x00,0x00,0x00,0x00,0x00,0x00
  1223 000079E8 00000000000000      <1>
  1224 000079EF 0100B800D00A00B500- <1>     db 0x01,0x00,0xb8,0x00,0xd0,0x0a,0x00,0xb5,0x00,0xd0,0x01,0x00,0x08,0x00,0x00,0x00
  1224 000079F8 D0010008000000      <1>
  1225 000079FF 0100B800D00A00B500- <1>     db 0x01,0x00,0xb8,0x00,0xd0,0x0a,0x00,0xb5,0x00,0xd0,0x01,0x00,0x08,0x00,0x00,0x00
  1225 00007A08 D0010008000000      <1>
  1226 00007A0F 0100F500580E80F500- <1>     db 0x01,0x00,0xf5,0x00,0x58,0x0e,0x80,0xf5,0x00,0x58,0x01,0x00,0x05,0x00,0x00,0x00
  1226 00007A18 58010005000000      <1>
  1227 00007A1F 050075005806807500- <1>     db 0x05,0x00,0x75,0x00,0x58,0x06,0x80,0x75,0x00,0x58,0x05,0x00,0x05,0x00,0x00,0x00
  1227 00007A28 58050005000000      <1>
  1228 00007A2F 058075007806807300- <1>     db 0x05,0x80,0x75,0x00,0x78,0x06,0x80,0x73,0x00,0x78,0x01,0x80,0x05,0x00,0x00,0x00
  1228 00007A38 78018005000000      <1>
  1229 00007A3F 04C0FD00F80F807300- <1>     db 0x04,0xc0,0xfd,0x00,0xf8,0x0f,0x80,0x73,0x00,0xfc,0x00,0x80,0x0d,0x00,0x00,0x00
  1229 00007A48 FC00800D000000      <1>
  1230 00007A4F 06407D00F803807300- <1>     db 0x06,0x40,0x7d,0x00,0xf8,0x03,0x80,0x73,0x00,0xfc,0x02,0x00,0x0d,0x00,0x00,0x00
  1230 00007A58 FC02000D000000      <1>
  1231 00007A5F 02807D00F803803F00- <1>     db 0x02,0x80,0x7d,0x00,0xf8,0x03,0x80,0x3f,0x00,0xf8,0x02,0x00,0x0d,0x00,0x00,0x00
  1231 00007A68 F802000D000000      <1>
  1232 00007A6F 03807300F801803F00- <1>     db 0x03,0x80,0x73,0x00,0xf8,0x01,0x80,0x3f,0x00,0xf8,0x03,0x80,0x03,0x00,0x00,0x00
  1232 00007A78 F8038003000000      <1>
  1233 00007A7F 038033003801803300- <1>     db 0x03,0x80,0x33,0x00,0x38,0x01,0x80,0x33,0x00,0x38,0x03,0x00,0x03,0x00,0x00,0x00
  1233 00007A88 38030003000000      <1>
  1234 00007A8F 03C03300F801803F00- <1>     db 0x03,0xc0,0x33,0x00,0xf8,0x01,0x80,0x3f,0x00,0xfc,0x03,0x40,0x03,0x00,0x00,0x00
  1234 00007A98 FC034003000000      <1>
  1235 00007A9F 03803300F801803F00- <1>     db 0x03,0x80,0x33,0x00,0xf8,0x01,0x80,0x3f,0x00,0xf8,0x03,0x80,0x03,0x00,0x00,0x00
  1235 00007AA8 F8038003000000      <1>
  1236 00007AAF 01801300F801801F00- <1>     db 0x01,0x80,0x13,0x00,0xf8,0x01,0x80,0x1f,0x00,0xf8,0x01,0x80,0x03,0x00,0x00,0x00
  1236 00007AB8 F8018003000000      <1>
  1237 00007ABF 03803B00F801803F00- <1>     db 0x03,0x80,0x3b,0x00,0xf8,0x01,0x80,0x3f,0x00,0xf8,0x03,0x80,0x0b,0x00,0x00,0x00
  1237 00007AC8 F803800B000000      <1>
  1238 00007ACF 01801B00B801801B00- <1>     db 0x01,0x80,0x1b,0x00,0xb8,0x01,0x80,0x1b,0x00,0xb8,0x01,0x80,0x0b,0x00,0x00,0x00
  1238 00007AD8 B801800B000000      <1>
  1239 00007ADF 01C01B00BC01801B00- <1>     db 0x01,0xc0,0x1b,0x00,0xbc,0x01,0x80,0x1b,0x00,0xbc,0x01,0xc0,0x0b,0x00,0x00,0x00
  1239 00007AE8 BC01C00B000000      <1>
  1240 00007AEF 01801B00B800801B00- <1>     db 0x01,0x80,0x1b,0x00,0xb8,0x00,0x80,0x1b,0x00,0xb8,0x01,0x80,0x0b,0x00,0x00,0x00
  1240 00007AF8 B801800B000000      <1>
  1241 00007AFF 01801B00B800801B00- <1>     db 0x01,0x80,0x1b,0x00,0xb8,0x00,0x80,0x1b,0x00,0xb8,0x01,0x80,0x0b,0x00,0x00,0x00
  1241 00007B08 B801800B000000      <1>
  1242 00007B0F 00800B00B800800B00- <1>     db 0x00,0x80,0x0b,0x00,0xb8,0x00,0x80,0x0b,0x00,0xb8,0x00,0x80,0x0b,0x00,0x00,0x00
  1242 00007B18 B800800B000000      <1>
  1243 00007B1F 00800B00F800800F00- <1>     db 0x00,0x80,0x0b,0x00,0xf8,0x00,0x80,0x0f,0x00,0xf8,0x00,0x80,0x0b,0x00,0x00,0x00
  1243 00007B28 F800800B000000      <1>
  1244 00007B2F 00800300F800800F00- <1>     db 0x00,0x80,0x03,0x00,0xf8,0x00,0x80,0x0f,0x00,0xf8,0x00,0x80,0x03,0x00,0x00,0x00
  1244 00007B38 F8008003000000      <1>
  1245 00007B3F 00C00300F800800F00- <1>     db 0x00,0xc0,0x03,0x00,0xf8,0x00,0x80,0x0f,0x00,0xfc,0x00,0x80,0x03,0x00,0x00,0x00
  1245 00007B48 FC008003000000      <1>
  1246 00007B4F 00C00300F800800F00- <1>     db 0x00,0xc0,0x03,0x00,0xf8,0x00,0x80,0x0f,0x00,0xfc,0x00,0x80,0x03,0x00,0x00,0x00
  1246 00007B58 FC008003000000      <1>
  1247 00007B5F 00C003007C00800700- <1>     db 0x00,0xc0,0x03,0x00,0x7c,0x00,0x80,0x07,0x00,0x7c,0x00,0xc0,0x03,0x00,0x00,0x00
  1247 00007B68 7C00C003000000      <1>
  1248 00007B6F 008007007C00C00700- <1>     db 0x00,0x80,0x07,0x00,0x7c,0x00,0xc0,0x07,0x00,0xf8,0x00,0x80,0x07,0x00,0x00,0x00
  1248 00007B78 F8008007000000      <1>
  1249 00007B7F 008005007800800700- <1>     db 0x00,0x80,0x05,0x00,0x78,0x00,0x80,0x07,0x00,0x78,0x00,0x80,0x05,0x00,0x00,0x00
  1249 00007B88 78008005000000      <1>
  1250 00007B8F 00C005007800800700- <1>     db 0x00,0xc0,0x05,0x00,0x78,0x00,0x80,0x07,0x00,0x7c,0x00,0x80,0x05,0x00,0x00,0x00
  1250 00007B98 7C008005000000      <1>
  1251 00007B9F 00C005007C00800700- <1>     db 0x00,0xc0,0x05,0x00,0x7c,0x00,0x80,0x07,0x00,0x7c,0x00,0xc0,0x05,0x00,0x00,0x00
  1251 00007BA8 7C00C005000000      <1>
  1252 00007BAF 00C005007800800700- <1>     db 0x00,0xc0,0x05,0x00,0x78,0x00,0x80,0x07,0x00,0x7c,0x00,0x80,0x05,0x00,0x00,0x00
  1252 00007BB8 7C008005000000      <1>
  1253 00007BBF 00C005005C00C00500- <1>     db 0x00,0xc0,0x05,0x00,0x5c,0x00,0xc0,0x05,0x00,0x5c,0x00,0xc0,0x05,0x00,0x00,0x00
  1253 00007BC8 5C00C005000000      <1>
  1254 00007BCF 00C001001800800100- <1>     db 0x00,0xc0,0x01,0x00,0x18,0x00,0x80,0x01,0x00,0x5c,0x00,0x80,0x01,0x00,0x00,0x00
  1254 00007BD8 5C008001000000      <1>
  1255 00007BDF 00C001005C00C00100- <1>     db 0x00,0xc0,0x01,0x00,0x5c,0x00,0xc0,0x01,0x00,0x5c,0x00,0xc0,0x05,0x00,0x00,0x00
  1255 00007BE8 5C00C005000000      <1>
  1256 00007BEF 00C001007C00C00300- <1>     db 0x00,0xc0,0x01,0x00,0x7c,0x00,0xc0,0x03,0x00,0x3c,0x00,0xc0,0x05,0x00,0x00,0x00
  1256 00007BF8 3C00C005000000      <1>
  1257 00007BFF 00C003003C00C00300- <1>     db 0x00,0xc0,0x03,0x00,0x3c,0x00,0xc0,0x03,0x00,0x3c,0x00,0xc0,0x03,0x00,0x00,0x00
  1257 00007C08 3C00C003000000      <1>
  1258 00007C0F 00C001003C00C00300- <1>     db 0x00,0xc0,0x01,0x00,0x3c,0x00,0xc0,0x03,0x00,0x3c,0x00,0xc0,0x01,0x00,0x00,0x00
  1258 00007C18 3C00C001000000      <1>
  1259 00007C1F 00C003003C00C00300- <1>     db 0x00,0xc0,0x03,0x00,0x3c,0x00,0xc0,0x03,0x00,0x3c,0x00,0xc0,0x07,0x00,0x00,0x00
  1259 00007C28 3C00C007000000      <1>
  1260 00007C2F 00C003003C00C00300- <1>     db 0x00,0xc0,0x03,0x00,0x3c,0x00,0xc0,0x03,0x00,0x3c,0x00,0xc0,0x03,0x00,0x00,0x00
  1260 00007C38 3C00C003000000      <1>
  1261 00007C3F 00C003003C00C00300- <1>     db 0x00,0xc0,0x03,0x00,0x3c,0x00,0xc0,0x03,0x00,0x3c,0x00,0xc0,0x03,0x00,0x00,0x00
  1261 00007C48 3C00C003000000      <1>
  1262 00007C4F 00C003003C00C00300- <1>     db 0x00,0xc0,0x03,0x00,0x3c,0x00,0xc0,0x03,0x00,0x3c,0x00,0xc0,0x03,0x00,0x00,0x00
  1262 00007C58 3C00C003000000      <1>
  1263 00007C5F 00C001001C00C00100- <1>     db 0x00,0xc0,0x01,0x00,0x1c,0x00,0xc0,0x01,0x00,0x3c,0x00,0xc0,0x03,0x00,0x00,0x00
  1263 00007C68 3C00C003000000      <1>
  1264 00007C6F 00C001003C00C00100- <1>     db 0x00,0xc0,0x01,0x00,0x3c,0x00,0xc0,0x01,0x00,0x3c,0x00,0xc0,0x03,0x00,0x00,0x00
  1264 00007C78 3C00C003000000      <1>
  1265 00007C7F 00C000003C00C00100- <1>     db 0x00,0xc0,0x00,0x00,0x3c,0x00,0xc0,0x01,0x00,0x3c,0x00,0xc0,0x02,0x00,0x00,0x00
  1265 00007C88 3C00C002000000      <1>
  1266 00007C8F 00C000002C00C00000- <1>     db 0x00,0xc0,0x00,0x00,0x2c,0x00,0xc0,0x00,0x00,0x0c,0x08,0xc0,0x02,0x00,0x00,0x00
  1266 00007C98 0C08C002000000      <1>
  1267 00007C9F 00C000001C00C00100- <1>     db 0x00,0xc0,0x00,0x00,0x1c,0x00,0xc0,0x01,0x00,0x3c,0x08,0xc0,0x00,0x00,0x00,0x00
  1267 00007CA8 3C08C000000000      <1>
  1268 00007CAF 00C000002C00C00000- <1>     db 0x00,0xc0,0x00,0x00,0x2c,0x00,0xc0,0x00,0x00,0x0c,0x0c,0xc0,0x02,0x00,0x00,0x00
  1268 00007CB8 0C0CC002000000      <1>
  1269 00007CBF 00C001001C00C00100- <1>     db 0x00,0xc0,0x01,0x00,0x1c,0x00,0xc0,0x01,0x00,0x1c,0x0c,0xc0,0x01,0x00,0x00,0x00
  1269 00007CC8 1C0CC001000000      <1>
  1270 00007CCF 008000001C00C00100- <1>     db 0x00,0x80,0x00,0x00,0x1c,0x00,0xc0,0x01,0x00,0x1c,0x0c,0xc0,0x00,0x00,0x00,0x00
  1270 00007CD8 1C0CC000000000      <1>
  1271 00007CDF 00C000001C00C00100- <1>     db 0x00,0xc0,0x00,0x00,0x1c,0x00,0xc0,0x01,0x00,0x1e,0x04,0xc0,0x00,0x00,0x00,0x00
  1271 00007CE8 1E04C000000000      <1>
  1272 00007CEF 008000001C00C08100- <1>     db 0x00,0x80,0x00,0x00,0x1c,0x00,0xc0,0x81,0x00,0x1c,0x0c,0xc0,0x00,0x00,0x00,0x00
  1272 00007CF8 1C0CC000000000      <1>
  1273 00007CFF 008000001C00C00100- <1>     db 0x00,0x80,0x00,0x00,0x1c,0x00,0xc0,0x01,0x00,0x1e,0x04,0xe0,0x00,0x00,0x00,0x00
  1273 00007D08 1E04E000000000      <1>
  1274 00007D0F 008000001C00C0C100- <1>     db 0x00,0x80,0x00,0x00,0x1c,0x00,0xc0,0xc1,0x00,0x1e,0x0e,0xc0,0x00,0x00,0x00,0x00
  1274 00007D18 1E0EC000000000      <1>
  1275 00007D1F 008001001C00C0C100- <1>     db 0x00,0x80,0x01,0x00,0x1c,0x00,0xc0,0xc1,0x00,0x1e,0x06,0xc0,0x00,0x00,0x00,0x00
  1275 00007D28 1E06C000000000      <1>
  1276 00007D2F 008000001C00C0C000- <1>     db 0x00,0x80,0x00,0x00,0x1c,0x00,0xc0,0xc0,0x00,0x1e,0x0e,0xe0,0x01,0x00,0x00,0x00
  1276 00007D38 1E0EE001000000      <1>
  1277 00007D3F 00C000001C00E0C000- <1>     db 0x00,0xc0,0x00,0x00,0x1c,0x00,0xe0,0xc0,0x00,0x1e,0x06,0xc0,0x01,0x00,0x00,0x00
  1277 00007D48 1E06C001000000      <1>
  1278 00007D4F 000000000800E0E000- <1>     db 0x00,0x00,0x00,0x00,0x08,0x00,0xe0,0xe0,0x00,0x0e,0xce,0xc0,0x01,0x00,0x00,0x00
  1278 00007D58 0ECEC001000000      <1>
  1279 00007D5F 000000000C00E06000- <1>     db 0x00,0x00,0x00,0x00,0x0c,0x00,0xe0,0x60,0x00,0x0e,0xce,0xe0,0x01,0x00,0x00,0x00
  1279 00007D68 0ECEE001000000      <1>
  1280 00007D6F 000000000C00606004- <1>     db 0x00,0x00,0x00,0x00,0x0c,0x00,0x60,0x60,0x04,0x06,0x5e,0x60,0x01,0x00,0x00,0x00
  1280 00007D78 065E6001000000      <1>
  1281 00007D7F 000000001C00E06000- <1>     db 0x00,0x00,0x00,0x00,0x1c,0x00,0xe0,0x60,0x00,0x0e,0xde,0x60,0x01,0x00,0x00,0x00
  1281 00007D88 0EDE6001000000      <1>
  1282 00007D8F 000000000800E06000- <1>     db 0x00,0x00,0x00,0x00,0x08,0x00,0xe0,0x60,0x00,0x0e,0xff,0x60,0x00,0x00,0x00,0x00
  1282 00007D98 0EFF6000000000      <1>
  1283 00007D9F 000000000C00E06004- <1>     db 0x00,0x00,0x00,0x00,0x0c,0x00,0xe0,0x60,0x04,0x0e,0xff,0xe0,0x00,0x00,0x00,0x00
  1283 00007DA8 0EFFE000000000      <1>
  1284 00007DAF 000000000000E0F003- <1>     db 0x00,0x00,0x00,0x00,0x00,0x00,0xe0,0xf0,0x03,0x0e,0x7f,0xe0,0x00,0x00,0x00,0x00
  1284 00007DB8 0E7FE000000000      <1>
  1285 00007DBF 000000000000E0F007- <1>     db 0x00,0x00,0x00,0x00,0x00,0x00,0xe0,0xf0,0x07,0x0e,0xff,0xe0,0x00,0x00,0x00,0x00
  1285 00007DC8 0EFFE000000000      <1>
  1286 00007DCF 00000000000060F00F- <1>     db 0x00,0x00,0x00,0x00,0x00,0x00,0x60,0xf0,0x0f,0x06,0xff,0x60,0x00,0x00,0x00,0x00
  1286 00007DD8 06FF6000000000      <1>
  1287 00007DDF 00000000000060F007- <1>     db 0x00,0x00,0x00,0x00,0x00,0x00,0x60,0xf0,0x07,0x0e,0xff,0x60,0x00,0x00,0x00,0x00
  1287 00007DE8 0EFF6000000000      <1>
  1288 00007DEF 00000000000060F00F- <1>     db 0x00,0x00,0x00,0x00,0x00,0x00,0x60,0xf0,0x0f,0x0e,0xff,0xa0,0x00,0x00,0x00,0x00
  1288 00007DF8 0EFFA000000000      <1>
  1289 00007DFF 00000000000060F00F- <1>     db 0x00,0x00,0x00,0x00,0x00,0x00,0x60,0xf0,0x0f,0x0e,0xff,0xa0,0x08,0x00,0x00,0x00
  1289 00007E08 0EFFA008000000      <1>
  1290 00007E0F 00000000000060F00F- <1>     db 0x00,0x00,0x00,0x00,0x00,0x00,0x60,0xf0,0x0f,0x06,0xef,0x20,0x08,0x00,0x00,0x00
  1290 00007E18 06EF2008000000      <1>
  1291 00007E1F 00000000000020F00F- <1>     db 0x00,0x00,0x00,0x00,0x00,0x00,0x20,0xf0,0x0f,0x02,0xef,0x20,0x08,0x00,0x00,0x00
  1291 00007E28 02EF2008000000      <1>
  1292 00007E2F 00000000000020F00F- <1>     db 0x00,0x00,0x00,0x00,0x00,0x00,0x20,0xf0,0x0f,0x83,0x7f,0x20,0x08,0x00,0x00,0x00
  1292 00007E38 837F2008000000      <1>
  1293 00007E3F 00000000000060F00F- <1>     db 0x00,0x00,0x00,0x00,0x00,0x00,0x60,0xf0,0x0f,0x87,0xff,0x20,0x08,0x00,0x00,0x00
  1293 00007E48 87FF2008000000      <1>
  1294 00007E4F 00000000000070F00F- <1>     db 0x00,0x00,0x00,0x00,0x00,0x00,0x70,0xf0,0x0f,0x87,0xff,0x60,0x08,0x00,0x00,0x00
  1294 00007E58 87FF6008000000      <1>
  1295 00007E5F 00000000000070F00E- <1>     db 0x00,0x00,0x00,0x00,0x00,0x00,0x70,0xf0,0x0e,0x87,0xef,0x30,0x08,0x00,0x00,0x00
  1295 00007E68 87EF3008000000      <1>
  1296 00007E6F 00000000000070F00F- <1>     db 0x00,0x00,0x00,0x00,0x00,0x00,0x70,0xf0,0x0f,0x87,0x6b,0x20,0x08,0x00,0x00,0x00
  1296 00007E78 876B2008000000      <1>
  1297 00007E7F 00000000000070F00F- <1>     db 0x00,0x00,0x00,0x00,0x00,0x00,0x70,0xf0,0x0f,0x87,0x7f,0x30,0x08,0x00,0x00,0x00
  1297 00007E88 877F3008000000      <1>
  1298 00007E8F 00000000000070F00F- <1>     db 0x00,0x00,0x00,0x00,0x00,0x00,0x70,0xf0,0x0f,0x87,0xef,0x30,0x08,0x00,0x00,0x00
  1298 00007E98 87EF3008000000      <1>
  1299 00007E9F 00000000000030F00F- <1>     db 0x00,0x00,0x00,0x00,0x00,0x00,0x30,0xf0,0x0f,0x83,0xef,0x30,0x0c,0x00,0x00,0x00
  1299 00007EA8 83EF300C000000      <1>
  1300 00007EAF 00000000000030F00E- <1>     db 0x00,0x00,0x00,0x00,0x00,0x00,0x30,0xf0,0x0e,0x87,0xef,0x70,0x0c,0x00,0x00,0x00
  1300 00007EB8 87EF700C000000      <1>
  1301 00007EBF 00000000000030F006- <1>     db 0x00,0x00,0x00,0x00,0x00,0x00,0x30,0xf0,0x06,0xc3,0xef,0x50,0x0c,0x00,0x00,0x00
  1301 00007EC8 C3EF500C000000      <1>
  1302 00007ECF 00000000000030F00F- <1>     db 0x00,0x00,0x00,0x00,0x00,0x00,0x30,0xf0,0x0f,0xc3,0xf7,0x70,0x0c,0x00,0x00,0x00
  1302 00007ED8 C3F7700C000000      <1>
  1303 00007EDF 00000000000030F006- <1>     db 0x00,0x00,0x00,0x00,0x00,0x00,0x30,0xf0,0x06,0xc3,0xed,0x30,0x0c,0x00,0x00,0x00
  1303 00007EE8 C3ED300C000000      <1>
  1304 00007EEF 00000000000010700E- <1>     db 0x00,0x00,0x00,0x00,0x00,0x00,0x10,0x70,0x0e,0xc1,0xe5,0x10,0x0c,0x00,0x00,0x00
  1304 00007EF8 C1E5100C000000      <1>
  1305 00007EFF 00000000000030D006- <1>     db 0x00,0x00,0x00,0x00,0x00,0x00,0x30,0xd0,0x06,0xc3,0xe7,0x10,0x0c,0x00,0x00,0x00
  1305 00007F08 C3E7100C000000      <1>
  1306 00007F0F 00000000000030D006- <1>     db 0x00,0x00,0x00,0x00,0x00,0x00,0x30,0xd0,0x06,0xc3,0xe5,0x10,0x0c,0x00,0x00,0x00
  1306 00007F18 C3E5100C000000      <1>
  1307 00007F1F 00000000000030D00E- <1>     db 0x00,0x00,0x00,0x00,0x00,0x00,0x30,0xd0,0x0e,0xc3,0xed,0x30,0x0e,0x00,0x00,0x00
  1307 00007F28 C3ED300E000000      <1>
  1308 00007F2F 00000000000030D00E- <1>     db 0x00,0x00,0x00,0x00,0x00,0x00,0x30,0xd0,0x0e,0xc3,0xed,0x30,0x0c,0x00,0x00,0x00
  1308 00007F38 C3ED300C000000      <1>
  1309 00007F3F 00000000000038F086- <1>     db 0x00,0x00,0x00,0x00,0x00,0x00,0x38,0xf0,0x86,0xc3,0xe7,0x10,0x0e,0x00,0x00,0x00
  1309 00007F48 C3E7100E000000      <1>
  1310 00007F4F 00000000000038F006- <1>     db 0x00,0x00,0x00,0x00,0x00,0x00,0x38,0xf0,0x06,0xe3,0xec,0x30,0x0e,0x00,0x00,0x00
  1310 00007F58 E3EC300E000000      <1>
  1311 00007F5F 00000000000018F086- <1>     db 0x00,0x00,0x00,0x00,0x00,0x00,0x18,0xf0,0x86,0xe1,0xe7,0x18,0x0e,0x00,0x00,0x00
  1311 00007F68 E1E7180E000000      <1>
  1312 00007F6F 000000000000187087- <1>     db 0x00,0x00,0x00,0x00,0x00,0x00,0x18,0x70,0x87,0xe3,0xe6,0x38,0x0e,0x00,0x00,0x00
  1312 00007F78 E3E6380E000000      <1>
  1313 00007F7F 000000000000186087- <1>     db 0x00,0x00,0x00,0x00,0x00,0x00,0x18,0x60,0x87,0xe3,0x66,0x18,0x0e,0x00,0x00,0x00
  1313 00007F88 E366180E000000      <1>
  1314 00007F8F 00000000000018E087- <1>     db 0x00,0x00,0x00,0x00,0x00,0x00,0x18,0xe0,0x87,0xe1,0xea,0x20,0x06,0x00,0x00,0x00
  1314 00007F98 E1EA2006000000      <1>
  1315 00007F9F 000000000000186087- <1>     db 0x00,0x00,0x00,0x00,0x00,0x00,0x18,0x60,0x87,0xe1,0x66,0x18,0x0e,0x00,0x00,0x00
  1315 00007FA8 E166180E000000      <1>
  1316 00007FAF 000000000000186087- <1>     db 0x00,0x00,0x00,0x00,0x00,0x00,0x18,0x60,0x87,0xe1,0x62,0x28,0x0e,0x00,0x00,0x00
  1316 00007FB8 E162280E000000      <1>
  1317 00007FBF 000000000000186087- <1>     db 0x00,0x00,0x00,0x00,0x00,0x00,0x18,0x60,0x87,0x61,0x76,0x18,0x0e,0x00,0x00,0x00
  1317 00007FC8 6176180E000000      <1>
  1318 00007FCF 000000000000082087- <1>     db 0x00,0x00,0x00,0x00,0x00,0x00,0x08,0x20,0x87,0xf0,0x62,0x08,0x0f,0x00,0x00,0x00
  1318 00007FD8 F062080F000000      <1>
  1319 00007FDF 000000000000186087- <1>     db 0x00,0x00,0x00,0x00,0x00,0x00,0x18,0x60,0x87,0xf1,0x76,0x18,0x07,0x00,0x00,0x00
  1319 00007FE8 F1761807000000      <1>
  1320 00007FEF 000000000000186087- <1>     db 0x00,0x00,0x00,0x00,0x00,0x00,0x18,0x60,0x87,0x71,0x72,0x08,0x07,0x00,0x00,0x00
  1320 00007FF8 71720807000000      <1>
  1321 00007FFF 000000000000186087- <1>     db 0x00,0x00,0x00,0x00,0x00,0x00,0x18,0x60,0x87,0x71,0x72,0x08,0x07,0x00,0x00,0x00
  1321 00008008 71720807000000      <1>
  1322 0000800F 000000000000186083- <1>     db 0x00,0x00,0x00,0x00,0x00,0x00,0x18,0x60,0x83,0x71,0x72,0x08,0x07,0x00,0x00,0x00
  1322 00008018 71720807000000      <1>
  1323 0000801F 000000000000087083- <1>     db 0x00,0x00,0x00,0x00,0x00,0x00,0x08,0x70,0x83,0x70,0x73,0x08,0x03,0x00,0x00,0x00
  1323 00008028 70730803000000      <1>
  1324 0000802F 0000000000000870C7- <1>     db 0x00,0x00,0x00,0x00,0x00,0x00,0x08,0x70,0xc7,0x30,0x73,0x0c,0x07,0x00,0x00,0x00
  1324 00008038 30730C07000000      <1>
  1325 0000803F 0000000000000C30C7- <1>     db 0x00,0x00,0x00,0x00,0x00,0x00,0x0c,0x30,0xc7,0x70,0x73,0x08,0x07,0x00,0x00,0x00
  1325 00008048 70730807000000      <1>
  1326 0000804F 0000000000000C70C7- <1>     db 0x00,0x00,0x00,0x00,0x00,0x00,0x0c,0x70,0xc7,0x71,0x33,0x10,0x07,0x00,0x00,0x00
  1326 00008058 71331007000000      <1>
  1327 0000805F 0000000000000C30C7- <1>     db 0x00,0x00,0x00,0x00,0x00,0x00,0x0c,0x30,0xc7,0x78,0x73,0x08,0x07,0x00,0x00,0x00
  1327 00008068 78730807000000      <1>
  1328 0000806F 0000000000000C30C7- <1>     db 0x00,0x00,0x00,0x00,0x00,0x00,0x0c,0x30,0xc7,0x78,0x73,0x94,0x03,0x00,0x00,0x00
  1328 00008078 78739403000000      <1>
  1329 0000807F 0000000000000C30C7- <1>     db 0x00,0x00,0x00,0x00,0x00,0x00,0x0c,0x30,0xc7,0x38,0x73,0x8c,0x03,0x00,0x00,0x00
  1329 00008088 38738C03000000      <1>
  1330 0000808F 0000000000000C30C7- <1>     db 0x00,0x00,0x00,0x00,0x00,0x00,0x0c,0x30,0xc7,0x38,0x71,0x84,0x03,0x00,0x00,0x00
  1330 00008098 38718403000000      <1>
  1331 0000809F 0000000000000C30C7- <1>     db 0x00,0x00,0x00,0x00,0x00,0x00,0x0c,0x30,0xc7,0x38,0x71,0x84,0x03,0x00,0x00,0x00
  1331 000080A8 38718403000000      <1>
  1332 000080AF 000000000000041047- <1>     db 0x00,0x00,0x00,0x00,0x00,0x00,0x04,0x10,0x47,0x38,0x71,0x84,0x01,0x00,0x00,0x00
  1332 000080B8 38718401000000      <1>
  1333 000080BF 0000000000000C30C3- <1>     db 0x00,0x00,0x00,0x00,0x00,0x00,0x0c,0x30,0xc3,0x38,0x71,0x84,0x03,0x00,0x00,0x00
  1333 000080C8 38718403000000      <1>
  1334 000080CF 0000000000000C30C3- <1>     db 0x00,0x00,0x00,0x00,0x00,0x00,0x0c,0x30,0xc3,0x38,0x73,0x84,0x03,0x00,0x00,0x00
  1334 000080D8 38738403000000      <1>
  1335 000080DF 0000000000000C30C3- <1>     db 0x00,0x00,0x00,0x00,0x00,0x00,0x0c,0x30,0xc3,0x38,0x73,0x84,0x03,0x00,0x00,0x00
  1335 000080E8 38738403000000      <1>
  1336 000080EF 0000000000000610C3- <1>     db 0x00,0x00,0x00,0x00,0x00,0x00,0x06,0x10,0xc3,0x38,0x31,0xcc,0x03,0x00,0x00,0x00
  1336 000080F8 3831CC03000000      <1>
  1337 000080FF 0000000000000610E3- <1>     db 0x00,0x00,0x00,0x00,0x00,0x00,0x06,0x10,0xe3,0xbc,0x31,0xcc,0x03,0x00,0x00,0x00
  1337 00008108 BC31CC03000000      <1>
  1338 0000810F 0000000000000610E3- <1>     db 0x00,0x00,0x00,0x00,0x00,0x00,0x06,0x10,0xe3,0x9c,0x31,0xc6,0x09,0x00,0x00,0x00
  1338 00008118 9C31C609000000      <1>
  1339 0000811F 000000000000061063- <1>     db 0x00,0x00,0x00,0x00,0x00,0x00,0x06,0x10,0x63,0x9c,0x39,0xc6,0x09,0x00,0x00,0x00
  1339 00008128 9C39C609000000      <1>
  1340 0000812F 000000000000061063- <1>     db 0x00,0x00,0x00,0x00,0x00,0x00,0x06,0x10,0x63,0x9c,0x39,0xc6,0x09,0x00,0x00,0x00
  1340 00008138 9C39C609000000      <1>
  1341 0000813F 000000000000069063- <1>     db 0x00,0x00,0x00,0x00,0x00,0x00,0x06,0x90,0x63,0x8c,0x38,0xc6,0x09,0x00,0x00,0x00
  1341 00008148 8C38C609000000      <1>
  1342 0000814F 000000000000069063- <1>     db 0x00,0x00,0x00,0x00,0x00,0x00,0x06,0x90,0x63,0x9c,0x39,0xc6,0x08,0x00,0x00,0x00
  1342 00008158 9C39C608000000      <1>
  1343 0000815F 000000000000069063- <1>     db 0x00,0x00,0x00,0x00,0x00,0x00,0x06,0x90,0x63,0x9c,0x39,0xc6,0x09,0x00,0x00,0x00
  1343 00008168 9C39C609000000      <1>
  1344 0000816F 000000000000029023- <1>     db 0x00,0x00,0x00,0x00,0x00,0x00,0x02,0x90,0x23,0x9c,0x39,0xc2,0x09,0x00,0x00,0x00
  1344 00008178 9C39C209000000      <1>
  1345 0000817F 000000000000069063- <1>     db 0x00,0x00,0x00,0x00,0x00,0x00,0x06,0x90,0x63,0x9c,0x39,0xc2,0x09,0x00,0x00,0x00
  1345 00008188 9C39C209000000      <1>
  1346 0000818F 000000000000069063- <1>     db 0x00,0x00,0x00,0x00,0x00,0x00,0x06,0x90,0x63,0x8c,0x39,0xe2,0x08,0x00,0x00,0x00
  1346 00008198 8C39E208000000      <1>
  1347 0000819F 000000000000069061- <1>     db 0x00,0x00,0x00,0x00,0x00,0x00,0x06,0x90,0x61,0x8e,0x38,0xe6,0x08,0x00,0x00,0x00
  1347 000081A8 8E38E608000000      <1>
  1348 000081AF 000000000000068063- <1>     db 0x00,0x00,0x00,0x00,0x00,0x00,0x06,0x80,0x63,0x8e,0x38,0xe6,0x08,0x00,0x00,0x00
  1348 000081B8 8E38E608000000      <1>
  1349 000081BF 000000000000068071- <1>     db 0x00,0x00,0x00,0x00,0x00,0x00,0x06,0x80,0x71,0x8e,0x18,0xe6,0x0c,0x00,0x00,0x00
  1349 000081C8 8E18E60C000000      <1>
  1350 000081CF 000000000000008031- <1>     db 0x00,0x00,0x00,0x00,0x00,0x00,0x00,0x80,0x31,0xc6,0x18,0x62,0x0c,0x00,0x00,0x00
  1350 000081D8 C618620C000000      <1>
  1351 000081DF 000000000000008033- <1>     db 0x00,0x00,0x00,0x00,0x00,0x00,0x00,0x80,0x33,0xce,0x38,0xe2,0x0c,0x00,0x00,0x00
  1351 000081E8 CE38E20C000000      <1>
  1352 000081EF 000000000000008C33- <1>     db 0x00,0x00,0x00,0x00,0x00,0x00,0x00,0x8c,0x33,0xce,0x38,0xe3,0x0c,0x00,0x00,0x00
  1352 000081F8 CE38E30C000000      <1>
  1353 000081FF 000000000000008C33- <1>     db 0x00,0x00,0x00,0x00,0x00,0x00,0x00,0x8c,0x33,0xce,0x38,0xe3,0x0c,0x00,0x00,0x00
  1353 00008208 CE38E30C000000      <1>
  1354 0000820F 000000000000008C33- <1>     db 0x00,0x00,0x00,0x00,0x00,0x00,0x00,0x8c,0x33,0xce,0x38,0xe1,0x0c,0x00,0x00,0x00
  1354 00008218 CE38E10C000000      <1>
  1355 0000821F 000000000000008C33- <1>     db 0x00,0x00,0x00,0x00,0x00,0x00,0x00,0x8c,0x33,0xc7,0x38,0xf1,0x0c,0x00,0x00,0x00
  1355 00008228 C738F10C000000      <1>
  1356 0000822F 000000000000008C13- <1>     db 0x00,0x00,0x00,0x00,0x00,0x00,0x00,0x8c,0x13,0xc7,0x38,0x71,0x0c,0x00,0x00,0x00
  1356 00008238 C738710C000000      <1>
  1357 0000823F 000000000000008433- <1>     db 0x00,0x00,0x00,0x00,0x00,0x00,0x00,0x84,0x33,0xc7,0x38,0x71,0x0c,0x00,0x00,0x00
  1357 00008248 C738710C000000      <1>
  1358 0000824F 000000000000008433- <1>     db 0x00,0x00,0x00,0x00,0x00,0x00,0x00,0x84,0x33,0xc7,0x18,0x71,0x0c,0x00,0x00,0x00
  1358 00008258 C718710C000000      <1>
  1359 0000825F 000000000000008C33- <1>     db 0x00,0x00,0x00,0x00,0x00,0x00,0x00,0x8c,0x33,0xc7,0x1c,0x73,0x04,0x00,0x00,0x00
  1359 00008268 C71C7304000000      <1>
  1360 0000826F 000000000000008C31- <1>     db 0x00,0x00,0x00,0x00,0x00,0x00,0x00,0x8c,0x31,0xc7,0x1c,0x71,0x0c,0x00,0x00,0x00
  1360 00008278 C71C710C000000      <1>
  1361 0000827F 000000000000008C31- <1>     db 0x00,0x00,0x00,0x00,0x00,0x00,0x00,0x8c,0x31,0xc7,0x1c,0x71,0x04,0x00,0x00,0x00
  1361 00008288 C71C7104000000      <1>
  1362 0000828F 000000000000008C11- <1>     db 0x00,0x00,0x00,0x00,0x00,0x00,0x00,0x8c,0x11,0xc7,0x1c,0x71,0x04,0x00,0x00,0x00
  1362 00008298 C71C7104000000      <1>
  1363 0000829F 00000000000000C611- <1>     db 0x00,0x00,0x00,0x00,0x00,0x00,0x00,0xc6,0x11,0xe7,0x1c,0x71,0x04,0x00,0x00,0x00
  1363 000082A8 E71C7104000000      <1>
  1364 000082AF 00000000000000C699- <1>     db 0x00,0x00,0x00,0x00,0x00,0x00,0x00,0xc6,0x99,0xe3,0x1c,0x33,0x06,0x00,0x00,0x00
  1364 000082B8 E31C3306000000      <1>
  1365 000082BF 00000000000000C699- <1>     db 0x00,0x00,0x00,0x00,0x00,0x00,0x00,0xc6,0x99,0x63,0x9c,0x38,0x06,0x00,0x00,0x00
  1365 000082C8 639C3806000000      <1>
  1366 000082CF 00000000000000C699- <1>     db 0x00,0x00,0x00,0x00,0x00,0x00,0x00,0xc6,0x99,0x63,0x9c,0x38,0x06,0x00,0x00,0x00
  1366 000082D8 639C3806000000      <1>
  1367 000082DF 00000000000000C699- <1>     db 0x00,0x00,0x00,0x00,0x00,0x00,0x00,0xc6,0x99,0x61,0x9c,0x39,0x06,0x00,0x00,0x00
  1367 000082E8 619C3906000000      <1>
  1368 000082EF 00000000000000C289- <1>     db 0x00,0x00,0x00,0x00,0x00,0x00,0x00,0xc2,0x89,0x23,0x9c,0x38,0x02,0x00,0x00,0x00
  1368 000082F8 239C3802000000      <1>
  1369 000082FF 00000000000000C699- <1>     db 0x00,0x00,0x00,0x00,0x00,0x00,0x00,0xc6,0x99,0x63,0x8c,0x18,0x02,0x00,0x00,0x00
  1369 00008308 638C1802000000      <1>
  1370 0000830F 00000000000000C699- <1>     db 0x00,0x00,0x00,0x00,0x00,0x00,0x00,0xc6,0x99,0x63,0x9c,0x38,0x02,0x00,0x00,0x00
  1370 00008318 639C3802000000      <1>
  1371 0000831F 00000000000000C699- <1>     db 0x00,0x00,0x00,0x00,0x00,0x00,0x00,0xc6,0x99,0x63,0x8c,0x39,0x06,0x00,0x00,0x00
  1371 00008328 638C3906000000      <1>
  1372 0000832F 00000000000000C6D9- <1>     db 0x00,0x00,0x00,0x00,0x00,0x00,0x00,0xc6,0xd9,0x61,0x8c,0x38,0x06,0x00,0x00,0x00
  1372 00008338 618C3806000000      <1>
  1373 0000833F 00000000000000C6D9- <1>     db 0x00,0x00,0x00,0x00,0x00,0x00,0x00,0xc6,0xd9,0x61,0x9c,0x19,0x02,0x00,0x00,0x00
  1373 00008348 619C1902000000      <1>
  1374 0000834F 00000000000000C2C9- <1>     db 0x00,0x00,0x00,0x00,0x00,0x00,0x00,0xc2,0xc9,0x61,0x9c,0x1c,0x06,0x00,0x00,0x00
  1374 00008358 619C1C06000000      <1>
  1375 0000835F 00000000000000C2DD- <1>     db 0x00,0x00,0x00,0x00,0x00,0x00,0x00,0xc2,0xdd,0x61,0x9c,0x1d,0x03,0x00,0x00,0x00
  1375 00008368 619C1D03000000      <1>
  1376 0000836F 00000000000000C3CD- <1>     db 0x00,0x00,0x00,0x00,0x00,0x00,0x00,0xc3,0xcd,0x30,0xdc,0x1d,0x03,0x00,0x00,0x00
  1376 00008378 30DC1D03000000      <1>
  1377 0000837F 00000000000000C3DD- <1>     db 0x00,0x00,0x00,0x00,0x00,0x00,0x00,0xc3,0xdd,0x31,0xdc,0x1c,0x03,0x00,0x00,0x00
  1377 00008388 31DC1C03000000      <1>
  1378 0000838F 00000000000000C3CD- <1>     db 0x00,0x00,0x00,0x00,0x00,0x00,0x00,0xc3,0xcd,0x31,0x1c,0x0d,0x00,0x00,0x00,0x00
  1378 00008398 311C0D00000000      <1>
  1379 0000839F 00000000000000C3CD- <1>     db 0x00,0x00,0x00,0x00,0x00,0x00,0x00,0xc3,0xcd,0x31,0xce,0x1c,0x03,0x00,0x00,0x00
  1379 000083A8 31CE1C03000000      <1>
  1380 000083AF 00000000000000C3CD- <1>     db 0x00,0x00,0x00,0x00,0x00,0x00,0x00,0xc3,0xcd,0x30,0x5c,0x1c,0x01,0x00,0x00,0x00
  1380 000083B8 305C1C01000000      <1>
  1381 000083BF 00000000000000C3ED- <1>     db 0x00,0x00,0x00,0x00,0x00,0x00,0x00,0xc3,0xed,0x31,0xce,0x1c,0x03,0x00,0x00,0x00
  1381 000083C8 31CE1C03000000      <1>
  1382 000083CF 00000000000000C1E5- <1>     db 0x00,0x00,0x00,0x00,0x00,0x00,0x00,0xc1,0xe5,0x10,0x4e,0x9e,0x01,0x00,0x00,0x00
  1382 000083D8 104E9E01000000      <1>
  1383 000083DF 00000000000000E1ED- <1>     db 0x00,0x00,0x00,0x00,0x00,0x00,0x00,0xe1,0xed,0x30,0xce,0x0e,0x03,0x00,0x00,0x00
  1383 000083E8 30CE0E03000000      <1>
  1384 000083EF 00000000000000E3ED- <1>     db 0x00,0x00,0x00,0x00,0x00,0x00,0x00,0xe3,0xed,0x30,0x4e,0x0e,0x01,0x00,0x00,0x00
  1384 000083F8 304E0E01000000      <1>
  1385 000083FF 00000000000080E3ED- <1>     db 0x00,0x00,0x00,0x00,0x00,0x00,0x80,0xe3,0xed,0x38,0xce,0x0e,0x01,0x00,0x00,0x00
  1385 00008408 38CE0E01000000      <1>
  1386 0000840F 00000000000080E3ED- <1>     db 0x00,0x00,0x00,0x00,0x00,0x00,0x80,0xe3,0xed,0x38,0x4e,0x0e,0x01,0x00,0x00,0x00
  1386 00008418 384E0E01000000      <1>
  1387 0000841F 00000000000080E1E7- <1>     db 0x00,0x00,0x00,0x00,0x00,0x00,0x80,0xe1,0xe7,0x38,0x4e,0x8e,0x01,0x00,0x00,0x00
  1387 00008428 384E8E01000000      <1>
  1388 0000842F 00000000000080E1ED- <1>     db 0x00,0x00,0x00,0x00,0x00,0x00,0x80,0xe1,0xed,0x38,0xce,0x8e,0x01,0x00,0x00,0x00
  1388 00008438 38CE8E01000000      <1>
  1389 0000843F 00000000000080E177- <1>     db 0x00,0x00,0x00,0x00,0x00,0x00,0x80,0xe1,0x77,0x18,0xce,0x8e,0x01,0x00,0x00,0x00
  1389 00008448 18CE8E01000000      <1>
  1390 0000844F 00000000000080E176- <1>     db 0x00,0x00,0x00,0x00,0x00,0x00,0x80,0xe1,0x76,0x38,0xee,0x8f,0x03,0x00,0x00,0x00
  1390 00008458 38EE8F03000000      <1>
  1391 0000845F 00000000000080E176- <1>     db 0x00,0x00,0x00,0x00,0x00,0x00,0x80,0xe1,0x76,0x18,0x6e,0x8f,0x01,0x00,0x00,0x00
  1391 00008468 186E8F01000000      <1>
  1392 0000846F 00000000000080E177- <1>     db 0x00,0x00,0x00,0x00,0x00,0x00,0x80,0xe1,0x77,0x18,0x6e,0x87,0x01,0x00,0x00,0x00
  1392 00008478 186E8701000000      <1>
  1393 0000847F 00000000000080E176- <1>     db 0x00,0x00,0x00,0x00,0x00,0x00,0x80,0xe1,0x76,0x18,0x6e,0x87,0x01,0x00,0x00,0x00
  1393 00008488 186E8701000000      <1>
  1394 0000848F 00000000000080E176- <1>     db 0x00,0x00,0x00,0x00,0x00,0x00,0x80,0xe1,0x76,0x18,0x26,0x83,0x00,0x00,0x00,0x00
  1394 00008498 18268300000000      <1>
  1395 0000849F 00000000000080E173- <1>     db 0x00,0x00,0x00,0x00,0x00,0x00,0x80,0xe1,0x73,0x18,0x36,0x83,0x00,0x00,0x00,0x00
  1395 000084A8 18368300000000      <1>
  1396 000084AF 00000000000080E07A- <1>     db 0x00,0x00,0x00,0x00,0x00,0x00,0x80,0xe0,0x7a,0x08,0x2e,0x87,0x00,0x00,0x00,0x00
  1396 000084B8 082E8700000000      <1>
  1397 000084BF 00000000000080E13F- <1>     db 0x00,0x00,0x00,0x00,0x00,0x00,0x80,0xe1,0x3f,0x18,0xf6,0x87,0x00,0x00,0x00,0x00
  1397 000084C8 18F68700000000      <1>
  1398 000084CF 00000000000080E13F- <1>     db 0x00,0x00,0x00,0x00,0x00,0x00,0x80,0xe1,0x3f,0x18,0xf6,0x87,0x00,0x00,0x00,0x00
  1398 000084D8 18F68700000000      <1>
  1399 000084DF 00000000000080E13F- <1>     db 0x00,0x00,0x00,0x00,0x00,0x00,0x80,0xe1,0x3f,0x18,0xfe,0x87,0x00,0x00,0x00,0x00
  1399 000084E8 18FE8700000000      <1>
  1400 000084EF 000000000000C0E03F- <1>     db 0x00,0x00,0x00,0x00,0x00,0x00,0xc0,0xe0,0x3f,0x1c,0xf7,0x83,0x00,0x00,0x00,0x00
  1400 000084F8 1CF78300000000      <1>
  1401 000084FF 000000000000C0E03F- <1>     db 0x00,0x00,0x00,0x00,0x00,0x00,0xc0,0xe0,0x3f,0x1c,0xff,0x83,0x00,0x00,0x00,0x00
  1401 00008508 1CFF8300000000      <1>
  1402 0000850F 000000000000C0E13F- <1>     db 0x00,0x00,0x00,0x00,0x00,0x00,0xc0,0xe1,0x3f,0x1c,0xb7,0xc3,0x00,0x00,0x00,0x00
  1402 00008518 1CB7C300000000      <1>
  1403 0000851F 000000000000C0E03F- <1>     db 0x00,0x00,0x00,0x00,0x00,0x00,0xc0,0xe0,0x3f,0x0c,0xbf,0xc3,0x00,0x00,0x00,0x00
  1403 00008528 0CBFC300000000      <1>
  1404 0000852F 000000000000C0E03F- <1>     db 0x00,0x00,0x00,0x00,0x00,0x00,0xc0,0xe0,0x3f,0x0c,0xf7,0x43,0x00,0x00,0x00,0x00
  1404 00008538 0CF74300000000      <1>
  1405 0000853F 000000000000C0F01F- <1>     db 0x00,0x00,0x00,0x00,0x00,0x00,0xc0,0xf0,0x1f,0x0c,0xbf,0x43,0x00,0x00,0x00,0x00
  1405 00008548 0CBF4300000000      <1>
  1406 0000854F 00000000000040F01F- <1>     db 0x00,0x00,0x00,0x00,0x00,0x00,0x40,0xf0,0x1f,0x0c,0xff,0xc1,0x00,0x00,0x00,0x00
  1406 00008558 0CFFC100000000      <1>
  1407 0000855F 00000000000040F01F- <1>     db 0x00,0x00,0x00,0x00,0x00,0x00,0x40,0xf0,0x1f,0x0c,0xff,0xc1,0x00,0x00,0x00,0x00
  1407 00008568 0CFFC100000000      <1>
  1408 0000856F 000000000000E0F01D- <1>     db 0x00,0x00,0x00,0x00,0x00,0x00,0xe0,0xf0,0x1d,0x0e,0xdf,0xc0,0x00,0x00,0x00,0x00
  1408 00008578 0EDFC000000000      <1>
  1409 0000857F 000000000000E0F00F- <1>     db 0x00,0x00,0x00,0x00,0x00,0x00,0xe0,0xf0,0x0f,0x0e,0xdf,0xc1,0x00,0x00,0x00,0x00
  1409 00008588 0EDFC100000000      <1>
  1410 0000858F 000000000000E0F01F- <1>     db 0x00,0x00,0x00,0x00,0x00,0x00,0xe0,0xf0,0x1f,0x0e,0xdf,0x61,0x00,0x00,0x00,0x00
  1410 00008598 0EDF6100000000      <1>
  1411 0000859F 000000000000E0F00F- <1>     db 0x00,0x00,0x00,0x00,0x00,0x00,0xe0,0xf0,0x0f,0x0e,0xf7,0xe1,0x00,0x00,0x00,0x00
  1411 000085A8 0EF7E100000000      <1>
  1412 000085AF 000000000000E0F00F- <1>     db 0x00,0x00,0x00,0x00,0x00,0x00,0xe0,0xf0,0x0f,0x0e,0xdf,0x61,0x00,0x00,0x00,0x00
  1412 000085B8 0EDF6100000000      <1>
  1413 000085BF 00000000000060F00F- <1>     db 0x00,0x00,0x00,0x00,0x00,0x00,0x60,0xf0,0x0f,0x0e,0xff,0x60,0x00,0x00,0x00,0x00
  1413 000085C8 0EFF6000000000      <1>
  1414 000085CF 000000000000E0F00F- <1>     db 0x00,0x00,0x00,0x00,0x00,0x00,0xe0,0xf0,0x0f,0x0e,0xff,0xe0,0x00,0x00,0x00,0x00
  1414 000085D8 0EFFE000000000      <1>
  1415 000085DF 00000000000060F00F- <1>     db 0x00,0x00,0x00,0x00,0x00,0x00,0x60,0xf0,0x0f,0x06,0xff,0x60,0x00,0x00,0x00,0x00
  1415 000085E8 06FF6000000000      <1>
  1416 000085EF 00000000000060F007- <1>     db 0x00,0x00,0x00,0x00,0x00,0x00,0x60,0xf0,0x07,0x06,0xff,0x60,0x00,0x00,0x00,0x00
  1416 000085F8 06FF6000000000      <1>
  1417 000085FF 00000000000060F007- <1>     db 0x00,0x00,0x00,0x00,0x00,0x00,0x60,0xf0,0x07,0x06,0xff,0x60,0x00,0x00,0x00,0x00
  1417 00008608 06FF6000000000      <1>
  1418 0000860F 000000000400607000- <1>     db 0x00,0x00,0x00,0x00,0x04,0x00,0x60,0x70,0x00,0x06,0x3f,0x20,0x00,0x00,0x00,0x00
  1418 00008618 063F2000000000      <1>
  1419 0000861F 000000000400607000- <1>     db 0x00,0x00,0x00,0x00,0x04,0x00,0x60,0x70,0x00,0x06,0x3f,0x20,0x00,0x00,0x00,0x00
  1419 00008628 063F2000000000      <1>
  1420 0000862F 000000000400303000- <1>     db 0x00,0x00,0x00,0x00,0x04,0x00,0x30,0x30,0x00,0x07,0x6f,0x70,0x00,0x00,0x00,0x00
  1420 00008638 076F7000000000      <1>
  1421 0000863F 000000000400303000- <1>     db 0x00,0x00,0x00,0x00,0x04,0x00,0x30,0x30,0x00,0x07,0x7f,0x70,0x00,0x00,0x00,0x00
  1421 00008648 077F7000000000      <1>
  1422 0000864F 000000000600303000- <1>     db 0x00,0x00,0x00,0x00,0x06,0x00,0x30,0x30,0x00,0x07,0x47,0x70,0x00,0x00,0x00,0x00
  1422 00008658 07477000000000      <1>
  1423 0000865F 002000000600703000- <1>     db 0x00,0x20,0x00,0x00,0x06,0x00,0x70,0x30,0x00,0x07,0x67,0x30,0x00,0x00,0x00,0x00
  1423 00008668 07673000000000      <1>
  1424 0000866F 006000000600703000- <1>     db 0x00,0x60,0x00,0x00,0x06,0x00,0x70,0x30,0x00,0x07,0x03,0x70,0x00,0x00,0x00,0x00
  1424 00008678 07037000000000      <1>
  1425 0000867F 006000000600703000- <1>     db 0x00,0x60,0x00,0x00,0x06,0x00,0x70,0x30,0x00,0x07,0x03,0x70,0x00,0x00,0x00,0x00
  1425 00008688 07037000000000      <1>
  1426 0000868F 006000000700703000- <1>     db 0x00,0x60,0x00,0x00,0x07,0x00,0x70,0x30,0x00,0x07,0x03,0x70,0x00,0x00,0x00,0x00
  1426 00008698 07037000000000      <1>
  1427 0000869F 006000000700703000- <1>     db 0x00,0x60,0x00,0x00,0x07,0x00,0x70,0x30,0x00,0x07,0x03,0x70,0x08,0x00,0x00,0x00
  1427 000086A8 07037008000000      <1>
  1428 000086AF 007000000700700000- <1>     db 0x00,0x70,0x00,0x00,0x07,0x00,0x70,0x00,0x00,0x07,0x03,0x78,0x08,0x00,0x00,0x00
  1428 000086B8 07037808000000      <1>
  1429 000086BF 007000000700700000- <1>     db 0x00,0x70,0x00,0x00,0x07,0x00,0x70,0x00,0x00,0x07,0x03,0x70,0x08,0x00,0x00,0x00
  1429 000086C8 07037008000000      <1>
  1430 000086CF 005000800700380080- <1>     db 0x00,0x50,0x00,0x80,0x07,0x00,0x38,0x00,0x80,0x07,0x01,0x58,0x00,0x00,0x00,0x00
  1430 000086D8 07015800000000      <1>
  1431 000086DF 003000800700580080- <1>     db 0x00,0x30,0x00,0x80,0x07,0x00,0x58,0x00,0x80,0x07,0x01,0x38,0x00,0x00,0x00,0x00
  1431 000086E8 07013800000000      <1>
  1432 000086EF 005000800500180080- <1>     db 0x00,0x50,0x00,0x80,0x05,0x00,0x18,0x00,0x80,0x05,0x03,0x58,0x08,0x00,0x00,0x00
  1432 000086F8 05035808000000      <1>
  1433 000086FF 001800800300380080- <1>     db 0x00,0x18,0x00,0x80,0x03,0x00,0x38,0x00,0x80,0x03,0x01,0x18,0x00,0x00,0x00,0x00
  1433 00008708 03011800000000      <1>
  1434 0000870F 001800800100180080- <1>     db 0x00,0x18,0x00,0x80,0x01,0x00,0x18,0x00,0x80,0x01,0x01,0x18,0x00,0x00,0x00,0x00
  1434 00008718 01011800000000      <1>
  1435 0000871F 003800800300380080- <1>     db 0x00,0x38,0x00,0x80,0x03,0x00,0x38,0x00,0x80,0x03,0x01,0x38,0x00,0x00,0x00,0x00
  1435 00008728 03013800000000      <1>
  1436 0000872F 003800800300380080- <1>     db 0x00,0x38,0x00,0x80,0x03,0x00,0x38,0x00,0x80,0x03,0x00,0x38,0x00,0x00,0x00,0x00
  1436 00008738 03003800000000      <1>
  1437 0000873F 003800800300380080- <1>     db 0x00,0x38,0x00,0x80,0x03,0x00,0x38,0x00,0x80,0x03,0x00,0x38,0x00,0x00,0x00,0x00
  1437 00008748 03003800000000      <1>
  1438 0000874F 003C00C003003C00C0- <1>     db 0x00,0x3c,0x00,0xc0,0x03,0x00,0x3c,0x00,0xc0,0x03,0x00,0x3c,0x00,0x00,0x00,0x00
  1438 00008758 03003C00000000      <1>
  1439 0000875F 003800C003003C00C0- <1>     db 0x00,0x38,0x00,0xc0,0x03,0x00,0x3c,0x00,0xc0,0x03,0x00,0x3c,0x00,0x00,0x00,0x00
  1439 00008768 03003C00000000      <1>
  1440 0000876F 003C00C003003C00C0- <1>     db 0x00,0x3c,0x00,0xc0,0x03,0x00,0x3c,0x00,0xc0,0x03,0x00,0x3c,0x00,0x00,0x00,0x00
  1440 00008778 03003C00000000      <1>
  1441 0000877F 003800C003003C00C0- <1>     db 0x00,0x38,0x00,0xc0,0x03,0x00,0x3c,0x00,0xc0,0x03,0x00,0x3c,0x00,0x00,0x00,0x00
  1441 00008788 03003C00000000      <1>
  1442 0000878F 002C00C003003C00C0- <1>     db 0x00,0x2c,0x00,0xc0,0x03,0x00,0x3c,0x00,0xc0,0x03,0x00,0x2c,0x00,0x00,0x00,0x00
  1442 00008798 03002C00000000      <1>
  1443 0000879F 003C00C003003C00C0- <1>     db 0x00,0x3c,0x00,0xc0,0x03,0x00,0x3c,0x00,0xc0,0x03,0x00,0x3c,0x00,0x00,0x00,0x00
  1443 000087A8 03003C00000000      <1>
  1444 000087AF 002C00C003001C00C0- <1>     db 0x00,0x2c,0x00,0xc0,0x03,0x00,0x1c,0x00,0xc0,0x03,0x00,0x2c,0x00,0x00,0x00,0x00
  1444 000087B8 03002C00000000      <1>
  1445 000087BF 000C00E002000C00C0- <1>     db 0x00,0x0c,0x00,0xe0,0x02,0x00,0x0c,0x00,0xc0,0x00,0x00,0x0e,0x00,0x00,0x00,0x00
  1445 000087C8 00000E00000000      <1>
  1446 000087CF 002C00C002002C00C0- <1>     db 0x00,0x2c,0x00,0xc0,0x02,0x00,0x2c,0x00,0xc0,0x02,0x00,0x2c,0x00,0x00,0x00,0x00
  1446 000087D8 02002C00000000      <1>
  1447 000087DF 003E00E003000C00E0- <1>     db 0x00,0x3e,0x00,0xe0,0x03,0x00,0x0c,0x00,0xe0,0x03,0x00,0x3e,0x00,0x00,0x00,0x00
  1447 000087E8 03003E00000000      <1>
  1448 000087EF 000E00E002000E00E0- <1>     db 0x00,0x0e,0x00,0xe0,0x02,0x00,0x0e,0x00,0xe0,0x00,0x00,0x0e,0x00,0x00,0x00,0x00
  1448 000087F8 00000E00000000      <1>
  1449 000087FF 001E00E003000E00E0- <1>     db 0x00,0x1e,0x00,0xe0,0x03,0x00,0x0e,0x00,0xe0,0x01,0x00,0x1e,0x00,0x00,0x00,0x00
  1449 00008808 01001E00000000      <1>
  1450 0000880F 000600E003001E00E0- <1>     db 0x00,0x06,0x00,0xe0,0x03,0x00,0x1e,0x00,0xe0,0x01,0x00,0x06,0x00,0x00,0x00,0x00
  1450 00008818 01000600000000      <1>
  1451 0000881F 001E00E003001E00E0- <1>     db 0x00,0x1e,0x00,0xe0,0x03,0x00,0x1e,0x00,0xe0,0x01,0x00,0x1e,0x00,0x00,0x00,0x00
  1451 00008828 01001E00000000      <1>
  1452 0000882F 000600E003001E00E0- <1>     db 0x00,0x06,0x00,0xe0,0x03,0x00,0x1e,0x00,0xe0,0x01,0x00,0x06,0x00,0x00,0x00,0x00
  1452 00008838 01000600000000      <1>
  1453 0000883F 001E00F001001E00E0- <1>     db 0x00,0x1e,0x00,0xf0,0x01,0x00,0x1e,0x00,0xe0,0x01,0x00,0x1f,0x00,0x00,0x00,0x00
  1453 00008848 01001F00000000      <1>
  1454 0000884F 000700F003001F00F0- <1>     db 0x00,0x07,0x00,0xf0,0x03,0x00,0x1f,0x00,0xf0,0x01,0x00,0x07,0x00,0x00,0x00,0x00
  1454 00008858 01000700000000      <1>
  1455 0000885F 001F00F001001F00F0- <1>     db 0x00,0x1f,0x00,0xf0,0x01,0x00,0x1f,0x00,0xf0,0x01,0x00,0x0f,0x00,0x00,0x00,0x00
  1455 00008868 01000F00000000      <1>
  1456 0000886F 000700700100170070- <1>     db 0x00,0x07,0x00,0x70,0x01,0x00,0x17,0x00,0x70,0x01,0x00,0x07,0x00,0x00,0x00,0x00
  1456 00008878 01000700000000      <1>
  1457 0000887F 001F00F001001700F0- <1>     db 0x00,0x1f,0x00,0xf0,0x01,0x00,0x17,0x00,0xf0,0x01,0x00,0x1f,0x00,0x00,0x00,0x00
  1457 00008888 01001F00000000      <1>
  1458 0000888F 003700700300170070- <1>     db 0x00,0x37,0x00,0x70,0x03,0x00,0x17,0x00,0x70,0x03,0x00,0x37,0x00,0x00,0x00,0x00
  1458 00008898 03003700000000      <1>
  1459 0000889F 003700700300170070- <1>     db 0x00,0x37,0x00,0x70,0x03,0x00,0x17,0x00,0x70,0x03,0x00,0x37,0x00,0x00,0x00,0x00
  1459 000088A8 03003700000000      <1>
  1460 000088AF 003300700300170070- <1>     db 0x00,0x33,0x00,0x70,0x03,0x00,0x17,0x00,0x70,0x03,0x00,0x33,0x00,0x00,0x00,0x00
  1460 000088B8 03003300000000      <1>
  1461 000088BF 001F00F001001700F0- <1>     db 0x00,0x1f,0x00,0xf0,0x01,0x00,0x17,0x00,0xf0,0x01,0x00,0x1f,0x00,0x00,0x00,0x00
  1461 000088C8 01001F00000000      <1>
  1462 000088CF 003F00F803801F00F8- <1>     db 0x00,0x3f,0x00,0xf8,0x03,0x80,0x1f,0x00,0xf8,0x03,0x00,0x3f,0x00,0x00,0x00,0x00
  1462 000088D8 03003F00000000      <1>
  1463 000088DF 001F00F801801F00F8- <1>     db 0x00,0x1f,0x00,0xf8,0x01,0x80,0x1f,0x00,0xf8,0x01,0x00,0x1f,0x00,0x00,0x00,0x00
  1463 000088E8 01001F00000000      <1>
  1464 000088EF 803F00F803801F00F8- <1>     db 0x80,0x3f,0x00,0xf8,0x03,0x80,0x1f,0x00,0xf8,0x03,0x80,0x3f,0x00,0x00,0x00,0x00
  1464 000088F8 03803F00000000      <1>
  1465 000088FF 801F00F803801F00F8- <1>     db 0x80,0x1f,0x00,0xf8,0x03,0x80,0x1f,0x00,0xf8,0x01,0x80,0x3f,0x00,0x00,0x00,0x00
  1465 00008908 01803F00000000      <1>
  1466 0000890F 803D00F803801300F8- <1>     db 0x80,0x3d,0x00,0xf8,0x03,0x80,0x13,0x00,0xf8,0x03,0x80,0x3d,0x00,0x00,0x00,0x00
  1466 00008918 03803D00000000      <1>
  1467 0000891F C03D00FC03801300FC- <1>     db 0xc0,0x3d,0x00,0xfc,0x03,0x80,0x13,0x00,0xfc,0x03,0xc0,0x3d,0x00,0x00,0x00,0x00
  1467 00008928 03C03D00000000      <1>
  1468 0000892F C03B00BC03803B00BC- <1>     db 0xc0,0x3b,0x00,0xbc,0x03,0x80,0x3b,0x00,0xbc,0x03,0xc0,0x3b,0x00,0x00,0x00,0x00
  1468 00008938 03C03B00000000      <1>
  1469 0000893F C03B00BC03C01B00BC- <1>     db 0xc0,0x3b,0x00,0xbc,0x03,0xc0,0x1b,0x00,0xbc,0x03,0xc0,0x3b,0x00,0x00,0x00,0x00
  1469 00008948 03C03B00000000      <1>
  1470 0000894F C011003C03C033003C- <1>     db 0xc0,0x11,0x00,0x3c,0x03,0xc0,0x33,0x00,0x3c,0x03,0xc0,0x31,0x00,0x00,0x00,0x00
  1470 00008958 03C03100000000      <1>
  1471 0000895F C01100BC03C03B00BC- <1>     db 0xc0,0x11,0x00,0xbc,0x03,0xc0,0x3b,0x00,0xbc,0x03,0xc0,0x31,0x00,0x00,0x00,0x00
  1471 00008968 03C03100000000      <1>
  1472 0000896F C00000BC03C03B00BC- <1>     db 0xc0,0x00,0x00,0xbc,0x03,0xc0,0x3b,0x00,0xbc,0x03,0xc0,0x20,0x00,0x00,0x00,0x00
  1472 00008978 03C02000000000      <1>
  1473 0000897F C01000BC03C03B00BC- <1>     db 0xc0,0x10,0x00,0xbc,0x03,0xc0,0x3b,0x00,0xbc,0x03,0xc0,0x10,0x00,0x00,0x00,0x00
  1473 00008988 03C01000000000      <1>
  1474 0000898F 8000009C03E039009E- <1>     db 0x80,0x00,0x00,0x9c,0x03,0xe0,0x39,0x00,0x9e,0x03,0x80,0x00,0x00,0x00,0x00,0x00
  1474 00008998 03800000000000      <1>
  1475 0000899F 8000009E03C039009C- <1>     db 0x80,0x00,0x00,0x9e,0x03,0xc0,0x39,0x00,0x9c,0x03,0xa0,0x00,0x00,0x00,0x00,0x00
  1475 000089A8 03A00000000000      <1>
  1476 000089AF 000000960260290096- <1>     db 0x00,0x00,0x00,0x96,0x02,0x60,0x29,0x00,0x96,0x02,0x20,0x00,0x00,0x00,0x00,0x00
  1476 000089B8 02200000000000      <1>
  1477 000089BF 000000960260290096- <1>     db 0x00,0x00,0x00,0x96,0x02,0x60,0x29,0x00,0x96,0x02,0x20,0x00,0x00,0x00,0x00,0x00
  1477 000089C8 02200000000000      <1>
  1478 000089CF 000000000000000000- <1>     db 0x00,0x00,0x00,0x00,0x00,0x00,0x00,0x00,0x00,0x00,0x00,0x00,0x00,0x00,0x00,0x00
  1478 000089D8 00000000000000      <1>
  1479 000089DF 000000000000000000- <1>     db 0x00,0x00,0x00,0x00,0x00,0x00,0x00,0x00,0x00,0x00,0x00,0x00,0x00,0x00,0x00,0x00
  1479 000089E8 00000000000000      <1>
  1480 000089EF 000000940640690094- <1>     db 0x00,0x00,0x00,0x94,0x06,0x40,0x69,0x00,0x94,0x02,0x00,0x00,0x00,0x00,0x00,0x00
  1480 000089F8 02000000000000      <1>
  1481 000089FF 000000940240690094- <1>     db 0x00,0x00,0x00,0x94,0x02,0x40,0x69,0x00,0x94,0x02,0x00,0x00,0x00,0x00,0x00,0x00
  1481 00008A08 02000000000000      <1>
  1482 00008A0F 0010009C03E079009E- <1>     db 0x00,0x10,0x00,0x9c,0x03,0xe0,0x79,0x00,0x9e,0x03,0x00,0x10,0x00,0x00,0x00,0x00
  1482 00008A18 03001000000000      <1>
  1483 00008A1F 001000560360350056- <1>     db 0x00,0x10,0x00,0x56,0x03,0x60,0x35,0x00,0x56,0x03,0x40,0x10,0x00,0x00,0x00,0x00
  1483 00008A28 03401000000000      <1>
  1484 00008A2F 003000DC03C03D00DC- <1>     db 0x00,0x30,0x00,0xdc,0x03,0xc0,0x3d,0x00,0xdc,0x03,0x40,0x30,0x00,0x00,0x00,0x00
  1484 00008A38 03403000000000      <1>
  1485 00008A3F 003000DC03C03D00DC- <1>     db 0x00,0x30,0x00,0xdc,0x03,0xc0,0x3d,0x00,0xdc,0x03,0x40,0x30,0x00,0x00,0x00,0x00
  1485 00008A48 03403000000000      <1>
  1486 00008A4F 803800CC03C03C00CC- <1>     db 0x80,0x38,0x00,0xcc,0x03,0xc0,0x3c,0x00,0xcc,0x03,0xc0,0x38,0x00,0x00,0x00,0x00
  1486 00008A58 03C03800000000      <1>
  1487 00008A5F C03800CC03C03C00CC- <1>     db 0xc0,0x38,0x00,0xcc,0x03,0xc0,0x3c,0x00,0xcc,0x03,0xc0,0x38,0x00,0x00,0x00,0x00
  1487 00008A68 03C03800000000      <1>
  1488 00008A6F 003D00DC03C01D00DC- <1>     db 0x00,0x3d,0x00,0xdc,0x03,0xc0,0x1d,0x00,0xdc,0x03,0x00,0x3d,0x00,0x00,0x00,0x00
  1488 00008A78 03003D00000000      <1>
  1489 00008A7F 003D00D803801C00D8- <1>     db 0x00,0x3d,0x00,0xd8,0x03,0x80,0x1c,0x00,0xd8,0x03,0x00,0x3d,0x00,0x00,0x00,0x00
  1489 00008A88 03003D00000000      <1>
  1490 00008A8F C01B00FC03801C00FC- <1>     db 0xc0,0x1b,0x00,0xfc,0x03,0x80,0x1c,0x00,0xfc,0x01,0xc0,0x3b,0x00,0x00,0x00,0x00
  1490 00008A98 01C03B00000000      <1>
  1491 00008A9F 801F00FC01801F00FC- <1>     db 0x80,0x1f,0x00,0xfc,0x01,0x80,0x1f,0x00,0xfc,0x01,0xc0,0x1f,0x00,0x00,0x00,0x00
  1491 00008AA8 01C01F00000000      <1>
  1492 00008AAF C01F00FC01801F00FC- <1>     db 0xc0,0x1f,0x00,0xfc,0x01,0x80,0x1f,0x00,0xfc,0x01,0xc0,0x1f,0x00,0x00,0x00,0x00
  1492 00008AB8 01C01F00000000      <1>
  1493 00008ABF 001F00FC01801C00F8- <1>     db 0x00,0x1f,0x00,0xfc,0x01,0x80,0x1c,0x00,0xf8,0x01,0x00,0x1f,0x00,0x00,0x00,0x00
  1493 00008AC8 01001F00000000      <1>
  1494 00008ACF C00F00FC01801F00FC- <1>     db 0xc0,0x0f,0x00,0xfc,0x01,0x80,0x1f,0x00,0xfc,0x01,0xc0,0x0f,0x00,0x00,0x00,0x00
  1494 00008AD8 01C00F00000000      <1>
  1495 00008ADF C00F00FC00800F00FC- <1>     db 0xc0,0x0f,0x00,0xfc,0x00,0x80,0x0f,0x00,0xfc,0x00,0xc0,0x0f,0x00,0x00,0x00,0x00
  1495 00008AE8 00C00F00000000      <1>
  1496 00008AEF C00C00EC00800E00EC- <1>     db 0xc0,0x0c,0x00,0xec,0x00,0x80,0x0e,0x00,0xec,0x00,0xc0,0x0c,0x00,0x00,0x00,0x00
  1496 00008AF8 00C00C00000000      <1>
  1497 00008AFF 000C00E801800E00E8- <1>     db 0x00,0x0c,0x00,0xe8,0x01,0x80,0x0e,0x00,0xe8,0x00,0x00,0x1c,0x00,0x00,0x00,0x00
  1497 00008B08 00001C00000000      <1>
  1498 00008B0F C00E00EC00800E00EC- <1>     db 0xc0,0x0e,0x00,0xec,0x00,0x80,0x0e,0x00,0xec,0x00,0xc0,0x0e,0x00,0x00,0x00,0x00
  1498 00008B18 00C00E00000000      <1>
  1499 00008B1F 800F00F800800E00F8- <1>     db 0x80,0x0f,0x00,0xf8,0x00,0x80,0x0e,0x00,0xf8,0x00,0x80,0x0f,0x00,0x00,0x00,0x00
  1499 00008B28 00800F00000000      <1>
  1500 00008B2F 000E00E800800E00E8- <1>     db 0x00,0x0e,0x00,0xe8,0x00,0x80,0x0e,0x00,0xe8,0x00,0x00,0x0e,0x00,0x00,0x00,0x00
  1500 00008B38 00000E00000000      <1>
  1501 00008B3F 800700FC00800E00F8- <1>     db 0x80,0x07,0x00,0xfc,0x00,0x80,0x0e,0x00,0xf8,0x00,0x80,0x07,0x00,0x00,0x00,0x00
  1501 00008B48 00800700000000      <1>
  1502 00008B4F 000E00FC00800F00F8- <1>     db 0x00,0x0e,0x00,0xfc,0x00,0x80,0x0f,0x00,0xf8,0x00,0x00,0x0e,0x00,0x00,0x00,0x00
  1502 00008B58 00000E00000000      <1>
  1503 00008B5F 8007007800800F00F8- <1>     db 0x80,0x07,0x00,0x78,0x00,0x80,0x0f,0x00,0xf8,0x00,0x80,0x07,0x00,0x00,0x00,0x00
  1503 00008B68 00800700000000      <1>
  1504 00008B6F 0006007C0080070078- <1>     db 0x00,0x06,0x00,0x7c,0x00,0x80,0x07,0x00,0x78,0x00,0x00,0x06,0x00,0x00,0x00,0x00
  1504 00008B78 00000600000000      <1>
  1505 00008B7F 80070078008007007C- <1>     db 0x80,0x07,0x00,0x78,0x00,0x80,0x07,0x00,0x7c,0x00,0x80,0x07,0x00,0x00,0x00,0x00
  1505 00008B88 00800700000000      <1>
  1506 00008B8F 000600780080070078- <1>     db 0x00,0x06,0x00,0x78,0x00,0x80,0x07,0x00,0x78,0x00,0x00,0x06,0x00,0x00,0x00,0x00
  1506 00008B98 00000600000000      <1>
  1507 00008B9F 8007007C00C007007C- <1>     db 0x80,0x07,0x00,0x7c,0x00,0xc0,0x07,0x00,0x7c,0x00,0x80,0x07,0x00,0x00,0x00,0x00
  1507 00008BA8 00800700000000      <1>
  1508 00008BAF 400300700000070074- <1>     db 0x40,0x03,0x00,0x70,0x00,0x00,0x07,0x00,0x74,0x00,0x00,0x07,0x00,0x00,0x00,0x00
  1508 00008BB8 00000700000000      <1>
  1509 00008BBF C007007C000007007C- <1>     db 0xc0,0x07,0x00,0x7c,0x00,0x00,0x07,0x00,0x7c,0x00,0xc0,0x07,0x00,0x00,0x00,0x00
  1509 00008BC8 00C00700000000      <1>
  1510 00008BCF 400300340040030034- <1>     db 0x40,0x03,0x00,0x34,0x00,0x40,0x03,0x00,0x34,0x00,0x40,0x03,0x00,0x00,0x00,0x00
  1510 00008BD8 00400300000000      <1>
  1511 00008BDF 8003003C004003003C- <1>     db 0x80,0x03,0x00,0x3c,0x00,0x40,0x03,0x00,0x3c,0x00,0x80,0x03,0x00,0x00,0x00,0x00
  1511 00008BE8 00800300000000      <1>
  1512 00008BEF 4003003C008003003C- <1>     db 0x40,0x03,0x00,0x3c,0x00,0x80,0x03,0x00,0x3c,0x00,0x40,0x03,0x00,0x00,0x00,0x00
  1512 00008BF8 00400300000000      <1>
  1513 00008BFF C003003C00C003003C- <1>     db 0xc0,0x03,0x00,0x3c,0x00,0xc0,0x03,0x00,0x3c,0x00,0xc0,0x03,0x00,0x00,0x00,0x00
  1513 00008C08 00C00300000000      <1>
  1514 00008C0F 4003003C00C003003C- <1>     db 0x40,0x03,0x00,0x3c,0x00,0xc0,0x03,0x00,0x3c,0x00,0x40,0x03,0x00,0x00,0x00,0x00
  1514 00008C18 00400300000000      <1>
  1515 00008C1F C003003C00C003003C- <1>     db 0xc0,0x03,0x00,0x3c,0x00,0xc0,0x03,0x00,0x3c,0x00,0xc0,0x03,0x00,0x00,0x00,0x00
  1515 00008C28 00C00300000000      <1>
  1516 00008C2F C003003C00C003003C- <1>     db 0xc0,0x03,0x00,0x3c,0x00,0xc0,0x03,0x00,0x3c,0x00,0xc0,0x03,0x00,0x00,0x00,0x00
  1516 00008C38 00C00300000000      <1>
  1517 00008C3F C003003C00C003003C- <1>     db 0xc0,0x03,0x00,0x3c,0x00,0xc0,0x03,0x00,0x3c,0x00,0xc0,0x03,0x00,0x00,0x00,0x00
  1517 00008C48 00C00300000000      <1>
  1518 00008C4F C001003C00C003003C- <1>     db 0xc0,0x01,0x00,0x3c,0x00,0xc0,0x03,0x00,0x3c,0x00,0xc0,0x03,0x00,0x00,0x00,0x00
  1518 00008C58 00C00300000000      <1>
  1519 00008C5F C001003C00C001001C- <1>     db 0xc0,0x01,0x00,0x3c,0x00,0xc0,0x01,0x00,0x1c,0x00,0xc0,0x03,0x00,0x00,0x00,0x00
  1519 00008C68 00C00300000000      <1>
  1520 00008C6F E001001C00C001001E- <1>     db 0xe0,0x01,0x00,0x1c,0x00,0xc0,0x01,0x00,0x1e,0x00,0xc0,0x01,0x00,0x00,0x00,0x00
  1520 00008C78 00C00100000000      <1>
  1521 00008C7F A001001C00C001001C- <1>     db 0xa0,0x01,0x00,0x1c,0x00,0xc0,0x01,0x00,0x1c,0x00,0x80,0x01,0x00,0x00,0x00,0x00
  1521 00008C88 00800100000000      <1>
  1522 00008C8F A00108180080010018- <1>     db 0xa0,0x01,0x08,0x18,0x00,0x80,0x01,0x00,0x18,0x00,0x80,0x01,0x00,0x00,0x00,0x00
  1522 00008C98 00800100000000      <1>
  1523 00008C9F A001081C00C001001C- <1>     db 0xa0,0x01,0x08,0x1c,0x00,0xc0,0x01,0x00,0x1c,0x00,0x80,0x01,0x00,0x00,0x00,0x00
  1523 00008CA8 00800100000000      <1>
  1524 00008CAF A100081A008001001A- <1>     db 0xa1,0x00,0x08,0x1a,0x00,0x80,0x01,0x00,0x1a,0x00,0xa0,0x00,0x00,0x00,0x00,0x00
  1524 00008CB8 00A00000000000      <1>
  1525 00008CBF E001081E00E001001E- <1>     db 0xe0,0x01,0x08,0x1e,0x00,0xe0,0x01,0x00,0x1e,0x00,0xc0,0x00,0x00,0x00,0x00,0x00
  1525 00008CC8 00C00000000000      <1>
  1526 00008CCF A001081E00C001001E- <1>     db 0xa0,0x01,0x08,0x1e,0x00,0xc0,0x01,0x00,0x1e,0x00,0xa0,0x00,0x00,0x00,0x00,0x00
  1526 00008CD8 00A00000000000      <1>
  1527 00008CDF A0000C0E00E001000E- <1>     db 0xa0,0x00,0x0c,0x0e,0x00,0xe0,0x01,0x00,0x0e,0x00,0xa0,0x00,0x00,0x00,0x00,0x00
  1527 00008CE8 00A00000000000      <1>
  1528 00008CEF E100081E00E000000E- <1>     db 0xe1,0x00,0x08,0x1e,0x00,0xe0,0x00,0x00,0x0e,0x00,0x60,0x00,0x00,0x00,0x00,0x00
  1528 00008CF8 00600000000000      <1>
  1529 00008CFF E0000C0EC0E000000E- <1>     db 0xe0,0x00,0x0c,0x0e,0xc0,0xe0,0x00,0x00,0x0e,0x00,0x60,0x00,0x00,0x00,0x00,0x00
  1529 00008D08 00600000000000      <1>
  1530 00008D0F E1000C0EC0E0000006- <1>     db 0xe1,0x00,0x0c,0x0e,0xc0,0xe0,0x00,0x00,0x06,0x00,0x60,0x00,0x00,0x00,0x00,0x00
  1530 00008D18 00600000000000      <1>
  1531 00008D1F E1000C0EC0E000000E- <1>     db 0xe1,0x00,0x0c,0x0e,0xc0,0xe0,0x00,0x00,0x0e,0x00,0x60,0x00,0x00,0x00,0x00,0x00
  1531 00008D28 00600000000000      <1>
  1532 00008D2F E0000C0EC0E0000006- <1>     db 0xe0,0x00,0x0c,0x0e,0xc0,0xe0,0x00,0x00,0x06,0x00,0x60,0x00,0x00,0x00,0x00,0x00
  1532 00008D38 00600000000000      <1>
  1533 00008D3F C0000C0EC0E0000006- <1>     db 0xc0,0x00,0x0c,0x0e,0xc0,0xe0,0x00,0x00,0x06,0x00,0x40,0x00,0x00,0x00,0x00,0x00
  1533 00008D48 00400000000000      <1>
  1534 00008D4F 60600F0EC0C0000006- <1>     db 0x60,0x60,0x0f,0x0e,0xc0,0xc0,0x00,0x00,0x06,0x00,0x20,0x00,0x00,0x00,0x00,0x00
  1534 00008D58 00200000000000      <1>
  1535 00008D5F 60600F0EC0C0000006- <1>     db 0x60,0x60,0x0f,0x0e,0xc0,0xc0,0x00,0x00,0x06,0x00,0x30,0x00,0x00,0x00,0x00,0x00
  1535 00008D68 00300000000000      <1>
  1536 00008D6F E0600F0EC0C0000006- <1>     db 0xe0,0x60,0x0f,0x0e,0xc0,0xc0,0x00,0x00,0x06,0x00,0x00,0x00,0x00,0x00,0x00,0x00
  1536 00008D78 00000000000000      <1>
  1537 00008D7F E0600F0EE0E0000002- <1>     db 0xe0,0x60,0x0f,0x0e,0xe0,0xe0,0x00,0x00,0x02,0x00,0x00,0x00,0x00,0x00,0x00,0x00
  1537 00008D88 00000000000000      <1>
  1538 00008D8F 40400F06E060000003- <1>     db 0x40,0x40,0x0f,0x06,0xe0,0x60,0x00,0x00,0x03,0x00,0x00,0x00,0x00,0x00,0x00,0x00
  1538 00008D98 00000000000000      <1>
  1539 00008D9F 60E00F06F060000000- <1>     db 0x60,0xe0,0x0f,0x06,0xf0,0x60,0x00,0x00,0x00,0x00,0x00,0x00,0x00,0x00,0x00,0x00
  1539 00008DA8 00000000000000      <1>
  1540 00008DAF 60F00F06FE60000000- <1>     db 0x60,0xf0,0x0f,0x06,0xfe,0x60,0x00,0x00,0x00,0x00,0x00,0x00,0x00,0x00,0x00,0x00
  1540 00008DB8 00000000000000      <1>
  1541 00008DBF 60F00F07FE60000000- <1>     db 0x60,0xf0,0x0f,0x07,0xfe,0x60,0x00,0x00,0x00,0x00,0x00,0x00,0x00,0x00,0x00,0x00
  1541 00008DC8 00000000000000      <1>
  2108                                  boing_bounce:
  2109 00008DCF 00000D001900250032-         dw 0,13,25,37,50,62,74,86,98,109,120,131,142,152,162,171
  2109 00008DD8 003E004A0056006200-
  2109 00008DE1 6D00780083008E0098-
  2109 00008DEA 00A200AB00         
  2110 00008DEF B400BD00C500CD00D4-         dw 180,189,197,205,212,219,225,231,236,240,244,247,250,252,254,255
  2110 00008DF8 00DB00E100E700EC00-
  2110 00008E01 F000F400F700FA00FC-
  2110 00008E0A 00FE00FF00         
  2111 00008E0F FF00FF00FE00FC00FA-         dw 255,255,254,252,250,247,244,240,236,231,225,219,212,205,197,189
  2111 00008E18 00F700F400F000EC00-
  2111 00008E21 E700E100DB00D400CD-
  2111 00008E2A 00C500BD00         
  2112 00008E2F B400AB00A20098008E-         dw 180,171,162,152,142,131,120,109,98,86,74,62,50,37,25,13
  2112 00008E38 00830078006D006200-
  2112 00008E41 56004A003E00320025-
  2112 00008E4A 0019000D00         
  2113                                  %include "xga_balls_sine.inc"
     1                              <1> ; Signed sine, 256 positions; generated by make_balls_assets.py.
     2                              <1> sine_table:
     3 00008E4F 000306090C10131619- <1>     db 0,3,6,9,12,16,19,22,25,28,31,34,37,40,43,46
     3 00008E58 1C1F2225282B2E      <1>
     4 00008E5F 313336393C3F414447- <1>     db 49,51,54,57,60,63,65,68,71,73,76,78,81,83,85,88
     4 00008E68 494C4E51535558      <1>
     5 00008E6F 5A5C5E60626466686A- <1>     db 90,92,94,96,98,100,102,104,106,107,109,111,112,113,115,116
     5 00008E78 6B6D6F70717374      <1>
     6 00008E7F 757678797A7A7B7C7D- <1>     db 117,118,120,121,122,122,123,124,125,125,126,126,126,127,127,127
     6 00008E88 7D7E7E7E7F7F7F      <1>
     7 00008E8F 7F7F7F7F7E7E7E7D7D- <1>     db 127,127,127,127,126,126,126,125,125,124,123,122,122,121,120,118
     7 00008E98 7C7B7A7A797876      <1>
     8 00008E9F 75747371706F6D6B6A- <1>     db 117,116,115,113,112,111,109,107,106,104,102,100,98,96,94,92
     8 00008EA8 68666462605E5C      <1>
     9 00008EAF 5A585553514E4C4947- <1>     db 90,88,85,83,81,78,76,73,71,68,65,63,60,57,54,51
     9 00008EB8 44413F3C393633      <1>
    10 00008EBF 312E2B2825221F1C19- <1>     db 49,46,43,40,37,34,31,28,25,22,19,16,12,9,6,3
    10 00008EC8 1613100C090603      <1>
    11 00008ECF 00FDFAF7F4F0EDEAE7- <1>     db 0,-3,-6,-9,-12,-16,-19,-22,-25,-28,-31,-34,-37,-40,-43,-46
    11 00008ED8 E4E1DEDBD8D5D2      <1>
    12 00008EDF CFCDCAC7C4C1BFBCB9- <1>     db -49,-51,-54,-57,-60,-63,-65,-68,-71,-73,-76,-78,-81,-83,-85,-88
    12 00008EE8 B7B4B2AFADABA8      <1>
    13 00008EEF A6A4A2A09E9C9A9896- <1>     db -90,-92,-94,-96,-98,-100,-102,-104,-106,-107,-109,-111,-112,-113,-115,-116
    13 00008EF8 959391908F8D8C      <1>
    14 00008EFF 8B8A88878686858483- <1>     db -117,-118,-120,-121,-122,-122,-123,-124,-125,-125,-126,-126,-126,-127,-127,-127
    14 00008F08 83828282818181      <1>
    15 00008F0F 818181818282828383- <1>     db -127,-127,-127,-127,-126,-126,-126,-125,-125,-124,-123,-122,-122,-121,-120,-118
    15 00008F18 8485868687888A      <1>
    16 00008F1F 8B8C8D8F9091939596- <1>     db -117,-116,-115,-113,-112,-111,-109,-107,-106,-104,-102,-100,-98,-96,-94,-92
    16 00008F28 989A9C9EA0A2A4      <1>
    17 00008F2F A6A8ABADAFB2B4B7B9- <1>     db -90,-88,-85,-83,-81,-78,-76,-73,-71,-68,-65,-63,-60,-57,-54,-51
    17 00008F38 BCBFC1C4C7CACD      <1>
    18 00008F3F CFD2D5D8DBDEE1E4E7- <1>     db -49,-46,-43,-40,-37,-34,-31,-28,-25,-22,-19,-16,-12,-9,-6,-3
    18 00008F48 EAEDF0F4F7FAFD      <1>
    19 00008F4F 000306090C10131619- <1>     db 0,3,6,9,12,16,19,22,25,28,31,34,37,40,43,46
    19 00008F58 1C1F2225282B2E      <1>
    20 00008F5F 313336393C3F414447- <1>     db 49,51,54,57,60,63,65,68,71,73,76,78,81,83,85,88
    20 00008F68 494C4E51535558      <1>
    21 00008F6F 5A5C5E60626466686A- <1>     db 90,92,94,96,98,100,102,104,106,107,109,111,112,113,115,116
    21 00008F78 6B6D6F70717374      <1>
    22 00008F7F 757678797A7A7B7C7D- <1>     db 117,118,120,121,122,122,123,124,125,125,126,126,126,127,127,127
    22 00008F88 7D7E7E7E7F7F7F      <1>
  2114 00008F8F 58474120566563746F-     msg_start db 'XGA Vector: 1 cube, 2 solid, 3 polygons, 4 torus, 5 Boing, 6 crystal, +/- count, M fill, Space, V, Esc',13,10,'$'
  2114 00008F98 723A20312063756265-
  2114 00008FA1 2C203220736F6C6964-
  2114 00008FAA 2C203320706F6C7967-
  2114 00008FB3 6F6E732C203420746F-
  2114 00008FBC 7275732C203520426F-
  2114 00008FC5 696E672C2036206372-
  2114 00008FCE 797374616C2C202B2F-
  2114 00008FD7 2D20636F756E742C20-
  2114 00008FE0 4D2066696C6C2C2053-
  2114 00008FE9 706163652C20562C20-
  2114 00008FF2 4573630D0A24       
  2115 00008FF8 5847412D312F584741-     msg_no_xga db 'XGA-1/XGA-2 not found on MCA.',13,10,'$'
  2115 00009001 2D32206E6F7420666F-
  2115 0000900A 756E64206F6E204D43-
  2115 00009013 412E0D0A24         
  2116 00009018 4E6F20584741206D65-     msg_no_aperture db 'No XGA memory aperture in POS.',13,10,'$'
  2116 00009021 6D6F72792061706572-
  2116 0000902A 7475726520696E2050-
  2116 00009033 4F532E0D0A24       
  2117 00009039 5847412031204D4220-     msg_no_vram db 'XGA 1 MB VRAM banks are not accessible.',13,10,'$'
  2117 00009042 5652414D2062616E6B-
  2117 0000904B 7320617265206E6F74-
  2117 00009054 206163636573736962-
  2117 0000905D 6C652E0D0A24       
  2118 00009063 58474120636F70726F-     msg_cp_timeout db 'XGA coprocessor timeout.',13,10,'$'
  2118 0000906C 636573736F72207469-
  2118 00009075 6D656F75742E0D0A24 
  2119                                  %include "xga_mode_640.inc"
     1                              <1> ; Generated from XGA Toolkit/XGAKIT.ASM by build_mode_table.py.
     2                              <1> ; Entries: I/O offset, register index (0 for direct), value.
     3                              <1> mode_table:
     4 0000907E 040000              <1>     db 0x04, 0x00, 0x00
     5 00009081 0500FF              <1>     db 0x05, 0x00, 0xff
     6 00009084 000004              <1>     db 0x00, 0x00, 0x04
     7 00009087 0A6400              <1>     db 0x0a, 0x64, 0x00
     8 0000908A 010001              <1>     db 0x01, 0x00, 0x01
     9 0000908D 080000              <1>     db 0x08, 0x00, 0x00
    10 00009090 060000              <1>     db 0x06, 0x00, 0x00
    11 00009093 090003              <1>     db 0x09, 0x00, 0x03
    12 00009096 0A5001              <1>     db 0x0a, 0x50, 0x01
    13 00009099 0A5000              <1>     db 0x0a, 0x50, 0x00
    14 0000909C 0A1063              <1>     db 0x0a, 0x10, 0x63
    15 0000909F 0A1100              <1>     db 0x0a, 0x11, 0x00
    16 000090A2 0A124F              <1>     db 0x0a, 0x12, 0x4f
    17 000090A5 0A1300              <1>     db 0x0a, 0x13, 0x00
    18 000090A8 0A144F              <1>     db 0x0a, 0x14, 0x4f
    19 000090AB 0A1500              <1>     db 0x0a, 0x15, 0x00
    20 000090AE 0A1663              <1>     db 0x0a, 0x16, 0x63
    21 000090B1 0A1700              <1>     db 0x0a, 0x17, 0x00
    22 000090B4 0A1855              <1>     db 0x0a, 0x18, 0x55
    23 000090B7 0A1900              <1>     db 0x0a, 0x19, 0x00
    24 000090BA 0A1A61              <1>     db 0x0a, 0x1a, 0x61
    25 000090BD 0A1B00              <1>     db 0x0a, 0x1b, 0x00
    26 000090C0 0A1C00              <1>     db 0x0a, 0x1c, 0x00
    27 000090C3 0A1E00              <1>     db 0x0a, 0x1e, 0x00
    28 000090C6 0A200C              <1>     db 0x0a, 0x20, 0x0c
    29 000090C9 0A2102              <1>     db 0x0a, 0x21, 0x02
    30 000090CC 0A22DF              <1>     db 0x0a, 0x22, 0xdf
    31 000090CF 0A2301              <1>     db 0x0a, 0x23, 0x01
    32 000090D2 0A24DF              <1>     db 0x0a, 0x24, 0xdf
    33 000090D5 0A2501              <1>     db 0x0a, 0x25, 0x01
    34 000090D8 0A260C              <1>     db 0x0a, 0x26, 0x0c
    35 000090DB 0A2702              <1>     db 0x0a, 0x27, 0x02
    36 000090DE 0A28EA              <1>     db 0x0a, 0x28, 0xea
    37 000090E1 0A2901              <1>     db 0x0a, 0x29, 0x01
    38 000090E4 0A2AEC              <1>     db 0x0a, 0x2a, 0xec
    39 000090E7 0A2CFF              <1>     db 0x0a, 0x2c, 0xff
    40 000090EA 0A2DFF              <1>     db 0x0a, 0x2d, 0xff
    41 000090ED 0A3600              <1>     db 0x0a, 0x36, 0x00
    42 000090F0 0A4000              <1>     db 0x0a, 0x40, 0x00
    43 000090F3 0A4100              <1>     db 0x0a, 0x41, 0x00
    44 000090F6 0A4200              <1>     db 0x0a, 0x42, 0x00
    45 000090F9 0A4350              <1>     db 0x0a, 0x43, 0x50
    46 000090FC 0A4400              <1>     db 0x0a, 0x44, 0x00
    47 000090FF 0A5400              <1>     db 0x0a, 0x54, 0x00
    48 00009102 0A5103              <1>     db 0x0a, 0x51, 0x03
    49 00009105 0A7000              <1>     db 0x0a, 0x70, 0x00
    50 00009108 0A50C7              <1>     db 0x0a, 0x50, 0xc7
    51 0000910B 0A5500              <1>     db 0x0a, 0x55, 0x00
    52 0000910E 0A6000              <1>     db 0x0a, 0x60, 0x00
    53 00009111 0A6100              <1>     db 0x0a, 0x61, 0x00
    54 00009114 0A6200              <1>     db 0x0a, 0x62, 0x00
    55 00009117 0A6300              <1>     db 0x0a, 0x63, 0x00
    56 0000911A 0A64FF              <1>     db 0x0a, 0x64, 0xff
    57 0000911D FF0000              <1>     db 0xff, 0, 0
  2120                                  %include "xga_balls_runtime.inc"
     1                              <1> ; Shared XGA setup copied from the verified Dreams v2 source.
     2                              <1> ; By Dag Erik Hagesæter / Retro Erik using Codex in VS Code
     3                              <1> 
     4                              <1> detect_xga:
     5 00009120 B800C4              <1>     mov ax, 0xc400
     6 00009123 CD15                <1>     int 0x15
     7 00009125 7263                <1>     jc .fail
     8 00009127 8916[931C]          <1>     mov [pos_base], dx
     9 0000912B 31C9                <1>     xor cx, cx
    10                              <1> .slot:
    11 0000912D 51                  <1>     push cx
    12 0000912E FA                  <1>     cli
    13 0000912F 09C9                <1>     or cx, cx
    14 00009131 7506                <1>     jnz .select_slot
    15 00009133 B0DF                <1>     mov al, 0xdf
    16 00009135 E694                <1>     out 0x94, al
    17 00009137 EB09                <1>     jmp .read_pos
    18                              <1> .select_slot:
    19 00009139 89CB                <1>     mov bx, cx
    20 0000913B B801C4              <1>     mov ax, 0xc401
    21 0000913E CD15                <1>     int 0x15
    22 00009140 721D                <1>     jc .deselect
    23                              <1> .read_pos:
    24 00009142 8B16[931C]          <1>     mov dx, [pos_base]
    25 00009146 ED                  <1>     in ax, dx
    26 00009147 A3[951C]            <1>     mov [card_id], ax
    27 0000914A 83C202              <1>     add dx, 2                      ; POS byte 1
    28 0000914D EC                  <1>     in al, dx
    29 0000914E A2[971C]            <1>     mov [pos1], al
    30 00009151 83C202              <1>     add dx, 2                      ; POS byte 3 is at base + 4
    31 00009154 EC                  <1>     in al, dx
    32 00009155 A2[981C]            <1>     mov [pos3], al
    33 00009158 42                  <1>     inc dx                         ; POS byte 4 is at base + 5
    34 00009159 EC                  <1>     in al, dx
    35 0000915A 240F                <1>     and al, 0x0f
    36 0000915C A2[991C]            <1>     mov [pos4], al
    37                              <1> .deselect:
    38 0000915F 59                  <1>     pop cx
    39 00009160 09C9                <1>     or cx, cx
    40 00009162 7506                <1>     jnz .normal_slot
    41 00009164 B0FF                <1>     mov al, 0xff
    42 00009166 E694                <1>     out 0x94, al
    43 00009168 EB09                <1>     jmp .compare
    44                              <1> .normal_slot:
    45 0000916A 51                  <1>     push cx
    46 0000916B 89CB                <1>     mov bx, cx
    47 0000916D B802C4              <1>     mov ax, 0xc402
    48 00009170 CD15                <1>     int 0x15
    49 00009172 59                  <1>     pop cx
    50                              <1> .compare:
    51 00009173 FB                  <1>     sti
    52 00009174 813E[951C]DB8F      <1>     cmp word [card_id], 0x8fdb
    53 0000917A 7410                <1>     je .found
    54 0000917C 813E[951C]DA8F      <1>     cmp word [card_id], 0x8fda
    55 00009182 7408                <1>     je .found
    56 00009184 41                  <1>     inc cx
    57 00009185 83F909              <1>     cmp cx, 9
    58 00009188 76A3                <1>     jbe .slot
    59                              <1> .fail:
    60 0000918A F9                  <1>     stc
    61 0000918B C3                  <1>     ret
    62                              <1> .found:
    63                              <1>     ; io = 0x2100 + ((POS1 & 0x0e) << 3)
    64 0000918C 31C0                <1>     xor ax, ax
    65 0000918E A0[971C]            <1>     mov al, [pos1]
    66 00009191 240E                <1>     and al, 0x0e
    67 00009193 C1E003              <1>     shl ax, 3
    68 00009196 050021              <1>     add ax, 0x2100
    69 00009199 A3[851C]            <1>     mov [io_base], ax
    70                              <1>     ; ROM = 0xc0000 + ((POS1 >> 4) * 0x2000).
    71                              <1>     ; CP MMIO = ROM + 0x1c00 + (((POS1 & 0x0e)>>1) * 0x80).
    72 0000919C 6631C0              <1>     xor eax, eax
    73 0000919F A0[971C]            <1>     mov al, [pos1]
    74 000091A2 C0E804              <1>     shr al, 4
    75 000091A5 66C1E00D            <1>     shl eax, 13
    76 000091A9 6605001C0C00        <1>     add eax, 0xc1c00
    77 000091AF 6631DB              <1>     xor ebx, ebx
    78 000091B2 8A1E[971C]          <1>     mov bl, [pos1]
    79 000091B6 80E30E              <1>     and bl, 0x0e
    80 000091B9 66C1E306            <1>     shl ebx, 6
    81 000091BD 6601D8              <1>     add eax, ebx
    82 000091C0 66C1E804            <1>     shr eax, 4
    83 000091C4 A3[871C]            <1>     mov [cp_seg], ax
    84                              <1>     ; 1 MB aperture physical address from POS4. Fall back to the 4 MB
    85                              <1>     ; aperture from POS3 when the 1 MB aperture is disabled.
    86 000091C7 6631C0              <1>     xor eax, eax
    87 000091CA A0[991C]            <1>     mov al, [pos4]
    88 000091CD 66C1E014            <1>     shl eax, 20
    89 000091D1 6609C0              <1>     or eax, eax
    90 000091D4 7521                <1>     jnz .ap_ready
    91 000091D6 F606[981C]01        <1>     test byte [pos3], 1
    92 000091DB 741A                <1>     jz .ap_ready
    93 000091DD A0[981C]            <1>     mov al, [pos3]
    94 000091E0 24FE                <1>     and al, 0xfe
    95 000091E2 66C1E018            <1>     shl eax, 24
    96 000091E6 6631DB              <1>     xor ebx, ebx
    97 000091E9 8A1E[971C]          <1>     mov bl, [pos1]
    98 000091ED 80E30E              <1>     and bl, 0x0e
    99 000091F0 66C1E315            <1>     shl ebx, 21
   100 000091F4 6601D8              <1>     add eax, ebx
   101                              <1> .ap_ready:
   102 000091F7 66A3[891C]          <1>     mov [aperture], eax
   103                              <1>     ; 86Box's XGA coprocessor resolves VRAM pixel maps against the 4 MB
   104                              <1>     ; aperture base, even when the CPU is using the banked 64 KB window.
   105                              <1>     ; This is the address decoded from POS3 plus the XGA instance number.
   106 000091FB 6631C0              <1>     xor eax, eax
   107 000091FE A0[981C]            <1>     mov al, [pos3]
   108 00009201 24FE                <1>     and al, 0xfe
   109 00009203 66C1E018            <1>     shl eax, 24
   110 00009207 6631DB              <1>     xor ebx, ebx
   111 0000920A 8A1E[971C]          <1>     mov bl, [pos1]
   112 0000920E 80E30E              <1>     and bl, 0x0e
   113 00009211 66C1E315            <1>     shl ebx, 21
   114 00009215 6601D8              <1>     add eax, ebx
   115 00009218 66A3[8D1C]          <1>     mov [cp_aperture], eax
   116 0000921C F8                  <1>     clc
   117 0000921D C3                  <1>     ret
   118                              <1> 
   119                              <1> set_xga_mode:
   120 0000921E BAC303              <1>     mov dx, 0x3c3
   121 00009221 B001                <1>     mov al, 1
   122 00009223 EE                  <1>     out dx, al
   123 00009224 BE[7E90]            <1>     mov si, mode_table
   124                              <1> .next:
   125 00009227 AC                  <1>     lodsb
   126 00009228 3CFF                <1>     cmp al, 0xff
   127 0000922A 741B                <1>     je .done
   128 0000922C 88C3                <1>     mov bl, al
   129 0000922E 30E4                <1>     xor ah, ah
   130 00009230 8B16[851C]          <1>     mov dx, [io_base]
   131 00009234 01C2                <1>     add dx, ax
   132 00009236 AC                  <1>     lodsb
   133 00009237 8A24                <1>     mov ah, [si]
   134 00009239 46                  <1>     inc si
   135 0000923A 80FB0A              <1>     cmp bl, 0x0a
   136 0000923D 7405                <1>     je .indexed
   137 0000923F 88E0                <1>     mov al, ah
   138 00009241 EE                  <1>     out dx, al
   139 00009242 EBE3                <1>     jmp .next
   140                              <1> .indexed:
   141 00009244 EF                  <1>     out dx, ax
   142 00009245 EBE0                <1>     jmp .next
   143                              <1> .done:
   144 00009247 C3                  <1>     ret
   145                              <1> ; Probe two banks separated by 512 KB; a 512 KB card may mirror page 12.
   146                              <1> ; Use ordinary byte values so the write does not trigger XGA test sequences.
   147                              <1> probe_vram:
   148 00009248 8B16[851C]          <1>     mov dx, [io_base]
   149 0000924C 83C208              <1>     add dx, 8
   150 0000924F B800A0              <1>     mov ax, 0xa000
   151 00009252 8EC0                <1>     mov es, ax
   152 00009254 B004                <1>     mov al, 4
   153 00009256 EE                  <1>     out dx, al
   154 00009257 26C606000055        <1>     mov byte [es:0], 0x55
   155 0000925D 26803E000055        <1>     cmp byte [es:0], 0x55
   156 00009263 752C                <1>     jne .fail
   157 00009265 B00C                <1>     mov al, 12
   158 00009267 EE                  <1>     out dx, al
   159 00009268 26C6060000C3        <1>     mov byte [es:0], 0xc3
   160 0000926E 26803E0000C3        <1>     cmp byte [es:0], 0xc3
   161 00009274 751B                <1>     jne .fail
   162 00009276 B004                <1>     mov al, 4
   163 00009278 EE                  <1>     out dx, al
   164 00009279 26803E000055        <1>     cmp byte [es:0], 0x55
   165 0000927F 7510                <1>     jne .fail
   166 00009281 B00C                <1>     mov al, 12
   167 00009283 EE                  <1>     out dx, al
   168 00009284 26803E0000C3        <1>     cmp byte [es:0], 0xc3
   169 0000928A 7505                <1>     jne .fail
   170 0000928C 30C0                <1>     xor al, al
   171 0000928E EE                  <1>     out dx, al
   172 0000928F F8                  <1>     clc
   173 00009290 C3                  <1>     ret
   174                              <1> .fail:
   175 00009291 30C0                <1>     xor al, al
   176 00009293 EE                  <1>     out dx, al
   177 00009294 F9                  <1>     stc
   178 00009295 C3                  <1>     ret
   179                              <1> 
   180                              <1> select_bank:
   181 00009296 50                  <1>     push ax
   182 00009297 52                  <1>     push dx
   183 00009298 8B16[851C]          <1>     mov dx, [io_base]
   184 0000929C 83C208              <1>     add dx, 8
   185 0000929F 89D8                <1>     mov ax, bx
   186 000092A1 EE                  <1>     out dx, al
   187 000092A2 5A                  <1>     pop dx
   188 000092A3 58                  <1>     pop ax
   189 000092A4 C3                  <1>     ret
   190                              <1> 
   191                              <1> wait_cp:
   192 000092A5 51                  <1>     push cx
   193 000092A6 52                  <1>     push dx
   194 000092A7 C606[2793]00        <1>     mov byte [cp_waiting], 0
   195 000092AC BA4000              <1>     mov dx, 64
   196                              <1> .outer:
   197 000092AF B9FFFF              <1>     mov cx, 0xffff
   198                              <1> .inner:
   199 000092B2 813E[951C]DA8F      <1>     cmp word [card_id], 0x8fda
   200 000092B8 740A                <1>     je .xga2
   201 000092BA 26F606110080        <1>     test byte [es:0x11], 0x80
   202 000092C0 7430                <1>     jz .done
   203 000092C2 EB08                <1>     jmp .retry
   204                              <1> .xga2:
   205 000092C4 26F606090080        <1>     test byte [es:0x09], 0x80
   206 000092CA 7426                <1>     jz .done
   207                              <1> .retry:
   208 000092CC 803E[2793]00        <1>     cmp byte [cp_waiting], 0
   209 000092D1 750D                <1>     jne .count
   210 000092D3 50                  <1>     push ax
   211 000092D4 53                  <1>     push bx
   212 000092D5 E83B00              <1>     call read_pit
   213 000092D8 A3[2593]            <1>     mov [cp_wait_start], ax
   214 000092DB C606[2793]01        <1>     mov byte [cp_waiting], 1
   215                              <1> .count:
   216 000092E0 E2D0                <1>     loop .inner
   217 000092E2 4A                  <1>     dec dx
   218 000092E3 75CA                <1>     jnz .outer
   219 000092E5 803E[2793]00        <1>     cmp byte [cp_waiting], 0
   220 000092EA 7402                <1>     je .timeout
   221 000092EC 5B                  <1>     pop bx
   222 000092ED 58                  <1>     pop ax
   223                              <1> .timeout:
   224 000092EE 5A                  <1>     pop dx
   225 000092EF 59                  <1>     pop cx
   226 000092F0 F9                  <1>     stc
   227 000092F1 C3                  <1>     ret
   228                              <1> .done:
   229 000092F2 803E[2793]00        <1>     cmp byte [cp_waiting], 0
   230 000092F7 7416                <1>     je .ready
   231 000092F9 E81700              <1>     call read_pit
   232 000092FC 8B1E[2593]          <1>     mov bx, [cp_wait_start]
   233 00009300 29C3                <1>     sub bx, ax
   234 00009302 D1EB                <1>     shr bx, 1                 ; PIT channel 0 mode 3 counts down by two
   235 00009304 660FB7DB            <1>     movzx ebx, bx
   236 00009308 66011E[BE96]        <1>     add [wait_pit_ticks], ebx
   237 0000930D 5B                  <1>     pop bx
   238 0000930E 58                  <1>     pop ax
   239                              <1> .ready:
   240 0000930F 5A                  <1>     pop dx
   241 00009310 59                  <1>     pop cx
   242 00009311 F8                  <1>     clc
   243 00009312 C3                  <1>     ret
   244                              <1> 
   245                              <1> ; Latch the free-running 8253/8254 counter without changing its mode.
   246                              <1> ; PIT channel 0 receives approximately 1,193,182 clocks per second.
   247                              <1> read_pit:
   248 00009313 52                  <1>     push dx
   249 00009314 BA4300              <1>     mov dx, 0x43
   250 00009317 30C0                <1>     xor al, al
   251 00009319 EE                  <1>     out dx, al
   252 0000931A BA4000              <1>     mov dx, 0x40
   253 0000931D EC                  <1>     in al, dx
   254 0000931E 88C4                <1>     mov ah, al
   255 00009320 EC                  <1>     in al, dx
   256 00009321 86C4                <1>     xchg al, ah
   257 00009323 5A                  <1>     pop dx
   258 00009324 C3                  <1>     ret
   259                              <1> 
   260 00009325 0000                <1> cp_wait_start dw 0
   261 00009327 00                  <1> cp_waiting db 0
   262                              <1> 
   263                              <1> restore_mode:
   264 00009328 803E[921C]00        <1>     cmp byte [mode_active], 0
   265 0000932D 744F                <1>     je .done
   266 0000932F 8B16[851C]          <1>     mov dx, [io_base]
   267 00009333 83C20A              <1>     add dx, 0x0a
   268 00009336 B83600              <1>     mov ax, 0x0036                  ; disable hardware sprite
   269 00009339 EF                  <1>     out dx, ax
   270 0000933A 8B16[851C]          <1>     mov dx, [io_base]
   271 0000933E 42                  <1>     inc dx
   272 0000933F 30C0                <1>     xor al, al
   273 00009341 EE                  <1>     out dx, al
   274 00009342 8B16[851C]          <1>     mov dx, [io_base]
   275 00009346 83C20A              <1>     add dx, 0x0a
   276 00009349 B864FF              <1>     mov ax, 0xff64
   277 0000934C EF                  <1>     out dx, ax
   278 0000934D B85015              <1>     mov ax, 0x1550
   279 00009350 EF                  <1>     out dx, ax
   280 00009351 B85014              <1>     mov ax, 0x1450
   281 00009354 EF                  <1>     out dx, ax
   282 00009355 B85100              <1>     mov ax, 0x0051
   283 00009358 EF                  <1>     out dx, ax
   284 00009359 B85404              <1>     mov ax, 0x0454
   285 0000935C EF                  <1>     out dx, ax
   286 0000935D B8707F              <1>     mov ax, 0x7f70
   287 00009360 EF                  <1>     out dx, ax
   288 00009361 B82A20              <1>     mov ax, 0x202a
   289 00009364 EF                  <1>     out dx, ax
   290 00009365 8B16[851C]          <1>     mov dx, [io_base]
   291 00009369 B001                <1>     mov al, 1
   292 0000936B EE                  <1>     out dx, al
   293 0000936C BAC303              <1>     mov dx, 0x3c3
   294 0000936F EE                  <1>     out dx, al
   295 00009370 B80212              <1>     mov ax, 0x1202
   296 00009373 B330                <1>     mov bl, 0x30
   297 00009375 CD10                <1>     int 0x10
   298 00009377 30E4                <1>     xor ah, ah
   299 00009379 A0[911C]            <1>     mov al, [old_mode]
   300 0000937C CD10                <1>     int 0x10
   301                              <1> .done:
   302 0000937E C3                  <1>     ret
   303                              <1> 
   304                              <1> 
   305                              <1> 
   306                              <1> 
   307                              <1> 
  2121                                  %include "xga_balls_hud.inc"
     1                              <1> ; XGA 64x64 hardware sprite HUD with frame and wait timing.
     2                              <1> ; By Dag Erik Hagesæter / Retro Erik using Codex in VS Code
     3                              <1> 
     4                              <1> setup_sprite_hud:
     5 0000937F 6660                <1>     pushad
     6 00009381 8B16[851C]          <1>     mov dx, [io_base]
     7 00009385 83C20A              <1>     add dx, 0x0a
     8 00009388 B83008              <1>     mov ax, 0x0830                 ; sprite X = 8
     9 0000938B EF                  <1>     out dx, ax
    10 0000938C B83100              <1>     mov ax, 0x0031
    11 0000938F EF                  <1>     out dx, ax
    12 00009390 B83200              <1>     mov ax, 0x0032
    13 00009393 EF                  <1>     out dx, ax
    14 00009394 B83308              <1>     mov ax, 0x0833                 ; sprite Y = 8
    15 00009397 EF                  <1>     out dx, ax
    16 00009398 B83400              <1>     mov ax, 0x0034
    17 0000939B EF                  <1>     out dx, ax
    18 0000939C B83500              <1>     mov ax, 0x0035
    19 0000939F EF                  <1>     out dx, ax
    20 000093A0 B83800              <1>     mov ax, 0x0038                 ; color 0 = black
    21 000093A3 EF                  <1>     out dx, ax
    22 000093A4 B83900              <1>     mov ax, 0x0039
    23 000093A7 EF                  <1>     out dx, ax
    24 000093A8 B83A00              <1>     mov ax, 0x003a
    25 000093AB EF                  <1>     out dx, ax
    26 000093AC B83BFF              <1>     mov ax, 0xff3b                 ; color 1 = white
    27 000093AF EF                  <1>     out dx, ax
    28 000093B0 B83CFF              <1>     mov ax, 0xff3c
    29 000093B3 EF                  <1>     out dx, ax
    30 000093B4 B83DFF              <1>     mov ax, 0xff3d
    31 000093B7 EF                  <1>     out dx, ax
    32 000093B8 B86000              <1>     mov ax, 0x0060                 ; sprite data offset 0
    33 000093BB EF                  <1>     out dx, ax
    34 000093BC B86100              <1>     mov ax, 0x0061
    35 000093BF EF                  <1>     out dx, ax
    36 000093C0 B06A                <1>     mov al, 0x6a
    37 000093C2 EE                  <1>     out dx, al
    38 000093C3 42                  <1>     inc dx
    39 000093C4 B0AA                <1>     mov al, 0xaa                   ; four transparent pixels
    40 000093C6 B90004              <1>     mov cx, 1024
    41                              <1> .clear:
    42 000093C9 EE                  <1>     out dx, al
    43 000093CA E2FD                <1>     loop .clear
    44 000093CC E80E00              <1>     call update_sprite_hud
    45 000093CF 8B16[851C]          <1>     mov dx, [io_base]
    46 000093D3 83C20A              <1>     add dx, 0x0a
    47 000093D6 B83601              <1>     mov ax, 0x0136                 ; enable sprite
    48 000093D9 EF                  <1>     out dx, ax
    49 000093DA 6661                <1>     popad
    50 000093DC C3                  <1>     ret
    51                              <1> 
    52                              <1> update_sprite_hud:
    53 000093DD 6660                <1>     pushad
    54 000093DF A1[B696]            <1>     mov ax, [hud_fps10]
    55 000093E2 3B06[A396]          <1>     cmp ax, [hud_last_fps]
    56 000093E6 751B                <1>     jne .changed
    57 000093E8 A1[A01C]            <1>     mov ax, [visible_balls]
    58 000093EB 3B06[A596]          <1>     cmp ax, [hud_last_balls]
    59 000093EF 7512                <1>     jne .changed
    60 000093F1 A1[BA96]            <1>     mov ax, [hud_cpu_ms10]
    61 000093F4 3B06[A796]          <1>     cmp ax, [hud_last_cpu]
    62 000093F8 7509                <1>     jne .changed
    63 000093FA A1[BC96]            <1>     mov ax, [hud_wait_ms10]
    64 000093FD 3B06[A996]          <1>     cmp ax, [hud_last_wait]
    65 00009401 745C                <1>     je .done
    66                              <1> .changed:
    67 00009403 A1[B696]            <1>     mov ax, [hud_fps10]
    68 00009406 A3[A396]            <1>     mov [hud_last_fps], ax
    69 00009409 A1[A01C]            <1>     mov ax, [visible_balls]
    70 0000940C A3[A596]            <1>     mov [hud_last_balls], ax
    71 0000940F A1[BA96]            <1>     mov ax, [hud_cpu_ms10]
    72 00009412 A3[A796]            <1>     mov [hud_last_cpu], ax
    73 00009415 A1[BC96]            <1>     mov ax, [hud_wait_ms10]
    74 00009418 A3[A996]            <1>     mov [hud_last_wait], ax
    75 0000941B E87D01              <1>     call render_hud
    76 0000941E 8B16[851C]          <1>     mov dx, [io_base]
    77 00009422 83C20A              <1>     add dx, 0x0a
    78 00009425 B86000              <1>     mov ax, 0x0060
    79 00009428 EF                  <1>     out dx, ax
    80 00009429 B86100              <1>     mov ax, 0x0061
    81 0000942C EF                  <1>     out dx, ax
    82 0000942D B06A                <1>     mov al, 0x6a
    83 0000942F EE                  <1>     out dx, al
    84 00009430 42                  <1>     inc dx
    85 00009431 BE[8E97]            <1>     mov si, hud_canvas
    86 00009434 BD0002              <1>     mov bp, 64 * 32 / 4
    87                              <1> .group:
    88 00009437 B0AA                <1>     mov al, 0xaa
    89 00009439 803C00              <1>     cmp byte [si], 0
    90 0000943C 7402                <1>     je .pixel1
    91 0000943E 3403                <1>     xor al, 0x03
    92                              <1> .pixel1:
    93 00009440 807C0100            <1>     cmp byte [si+1], 0
    94 00009444 7402                <1>     je .pixel2
    95 00009446 340C                <1>     xor al, 0x0c
    96                              <1> .pixel2:
    97 00009448 807C0200            <1>     cmp byte [si+2], 0
    98 0000944C 7402                <1>     je .pixel3
    99 0000944E 3430                <1>     xor al, 0x30
   100                              <1> .pixel3:
   101 00009450 807C0300            <1>     cmp byte [si+3], 0
   102 00009454 7402                <1>     je .write
   103 00009456 34C0                <1>     xor al, 0xc0
   104                              <1> .write:
   105 00009458 EE                  <1>     out dx, al
   106 00009459 83C604              <1>     add si, 4
   107 0000945C 4D                  <1>     dec bp
   108 0000945D 75D8                <1>     jnz .group
   109                              <1> .done:
   110 0000945F 6661                <1>     popad
   111 00009461 C3                  <1>     ret
   112                              <1> 
   113                              <1> ; FPS is measured over at least 36 BIOS ticks (approximately two seconds).
   114                              <1> ; It includes CPU setup, XGA completion, and optional vertical retrace wait.
   115                              <1> update_fps:
   116 00009462 6660                <1>     pushad
   117 00009464 30E4                <1>     xor ah, ah
   118 00009466 CD1A                <1>     int 0x1a
   119 00009468 660FB7C1            <1>     movzx eax, cx
   120 0000946C 66C1E010            <1>     shl eax, 16
   121 00009470 89D0                <1>     mov ax, dx
   122 00009472 66A3[B096]          <1>     mov [fps_now], eax
   123 00009476 803E[AB96]00        <1>     cmp byte [fps_started], 0
   124 0000947B 7515                <1>     jne .elapsed
   125 0000947D 66A3[AC96]          <1>     mov [fps_start], eax
   126 00009481 C606[AB96]01        <1>     mov byte [fps_started], 1
   127 00009486 66C706[BE96]000000- <1>     mov dword [wait_pit_ticks], 0
   127 0000948E 00                  <1>
   128 0000948F E9CD00              <1>     jmp .done
   129                              <1> .elapsed:
   130 00009492 FF06[B496]          <1>     inc word [hud_frames]
   131 00009496 6689C3              <1>     mov ebx, eax
   132 00009499 662B1E[AC96]        <1>     sub ebx, [fps_start]
   133 0000949E 7307                <1>     jnc .delta_ready
   134 000094A0 6681C3B0001800      <1>     add ebx, 0x1800b0             ; midnight rollover
   135                              <1> .delta_ready:
   136 000094A7 6683FB24            <1>     cmp ebx, 36
   137 000094AB 0F82B000            <1>     jb .done
   138 000094AF 660FB706[B496]      <1>     movzx eax, word [hud_frames]
   139 000094B5 66B9B6000000        <1>     mov ecx, 182
   140 000094BB 66F7E1              <1>     mul ecx
   141 000094BE 6631D2              <1>     xor edx, edx
   142 000094C1 66F7F3              <1>     div ebx
   143 000094C4 663D0F270000        <1>     cmp eax, 9999
   144 000094CA 7603                <1>     jbe .store
   145 000094CC B80F27              <1>     mov ax, 9999
   146                              <1> .store:
   147 000094CF A3[B696]            <1>     mov [hud_fps10], ax
   148                              <1>     ; Average frame duration uses BIOS ticks, while explicit waits use PIT ticks.
   149                              <1>     ; Values are tenths of a millisecond and saturate at 999.9 ms.
   150 000094D2 6689D8              <1>     mov eax, ebx
   151 000094D5 66C1E010            <1>     shl eax, 16
   152 000094D9 660FB70E[B496]      <1>     movzx ecx, word [hud_frames]
   153 000094DF 6631D2              <1>     xor edx, edx
   154 000094E2 66F7F1              <1>     div ecx
   155 000094E5 66BB10270000        <1>     mov ebx, 10000
   156 000094EB 66F7E3              <1>     mul ebx
   157 000094EE 66BBDE341200        <1>     mov ebx, 1193182
   158 000094F4 66F7F3              <1>     div ebx
   159 000094F7 663D0F270000        <1>     cmp eax, 9999
   160 000094FD 7606                <1>     jbe .total_ready
   161 000094FF 66B80F270000        <1>     mov eax, 9999
   162                              <1> .total_ready:
   163 00009505 A3[B896]            <1>     mov [hud_total_ms10], ax
   164 00009508 66A1[BE96]          <1>     mov eax, [wait_pit_ticks]
   165 0000950C 6631D2              <1>     xor edx, edx
   166 0000950F 66F7F1              <1>     div ecx
   167 00009512 66BB10270000        <1>     mov ebx, 10000
   168 00009518 66F7E3              <1>     mul ebx
   169 0000951B 66BBDE341200        <1>     mov ebx, 1193182
   170 00009521 66F7F3              <1>     div ebx
   171 00009524 663D0F270000        <1>     cmp eax, 9999
   172 0000952A 7606                <1>     jbe .wait_ready
   173 0000952C 66B80F270000        <1>     mov eax, 9999
   174                              <1> .wait_ready:
   175 00009532 3B06[B896]          <1>     cmp ax, [hud_total_ms10]
   176 00009536 7603                <1>     jbe .wait_bounded
   177 00009538 A1[B896]            <1>     mov ax, [hud_total_ms10]
   178                              <1> .wait_bounded:
   179 0000953B A3[BC96]            <1>     mov [hud_wait_ms10], ax
   180 0000953E 8B16[B896]          <1>     mov dx, [hud_total_ms10]
   181 00009542 29C2                <1>     sub dx, ax
   182 00009544 8916[BA96]          <1>     mov [hud_cpu_ms10], dx
   183 00009548 66A1[B096]          <1>     mov eax, [fps_now]
   184 0000954C 66A3[AC96]          <1>     mov [fps_start], eax
   185 00009550 C706[B496]0000      <1>     mov word [hud_frames], 0
   186 00009556 66C706[BE96]000000- <1>     mov dword [wait_pit_ticks], 0
   186 0000955E 00                  <1>
   187                              <1> .done:
   188 0000955F 6661                <1>     popad
   189 00009561 C3                  <1>     ret
   190                              <1> 
   191                              <1> reset_fps:
   192 00009562 C606[AB96]00        <1>     mov byte [fps_started], 0
   193 00009567 C706[B496]0000      <1>     mov word [hud_frames], 0
   194 0000956D C706[B696]0000      <1>     mov word [hud_fps10], 0
   195 00009573 C706[BA96]0000      <1>     mov word [hud_cpu_ms10], 0
   196 00009579 C706[BC96]0000      <1>     mov word [hud_wait_ms10], 0
   197 0000957F 66C706[BE96]000000- <1>     mov dword [wait_pit_ticks], 0
   197 00009587 00                  <1>
   198 00009588 C706[A396]FFFF      <1>     mov word [hud_last_fps], 0xffff
   199 0000958E C706[A796]FFFF      <1>     mov word [hud_last_cpu], 0xffff
   200 00009594 C706[A996]FFFF      <1>     mov word [hud_last_wait], 0xffff
   201 0000959A C3                  <1>     ret
   202                              <1> 
   203                              <1> render_hud:
   204 0000959B 6660                <1>     pushad
   205 0000959D 06                  <1>     push es
   206 0000959E 1E                  <1>     push ds
   207 0000959F 07                  <1>     pop es
   208 000095A0 FC                  <1>     cld
   209 000095A1 BF[8E97]            <1>     mov di, hud_canvas
   210 000095A4 B90004              <1>     mov cx, 64 * 32 / 2
   211 000095A7 31C0                <1>     xor ax, ax
   212 000095A9 F3AB                <1>     rep stosw
   213 000095AB 07                  <1>     pop es
   214                              <1> 
   215 000095AC A1[B696]            <1>     mov ax, [hud_fps10]
   216 000095AF BE[C696]            <1>     mov si, hud_text_fps+4
   217 000095B2 E89400              <1>     call format_tenths
   218 000095B5 A1[BA96]            <1>     mov ax, [hud_cpu_ms10]
   219 000095B8 BE[D796]            <1>     mov si, hud_text_cpu+4
   220 000095BB E88B00              <1>     call format_tenths
   221 000095BE A1[BC96]            <1>     mov ax, [hud_wait_ms10]
   222 000095C1 BE[E196]            <1>     mov si, hud_text_wait+5
   223 000095C4 E88200              <1>     call format_tenths
   224                              <1> 
   225 000095C7 A0[A21C]            <1>     mov al, [hud_count_label]
   226 000095CA A2[CB96]            <1>     mov [hud_text_balls], al
   227 000095CD 803E[A31C]04        <1>     cmp byte [effect], 4
   228 000095D2 7505                <1>     jne .count_label_ready
   229 000095D4 C606[CB96]02        <1>     mov byte [hud_text_balls], 2  ; S = speed level in the 3D orbit
   230                              <1> .count_label_ready:
   231 000095D9 A1[A01C]            <1>     mov ax, [visible_balls]
   232 000095DC BB0A00              <1>     mov bx, 10
   233 000095DF 31D2                <1>     xor dx, dx
   234 000095E1 F7F3                <1>     div bx
   235 000095E3 80C204              <1>     add dl, 4
   236 000095E6 8816[D096]          <1>     mov [hud_text_balls+5], dl
   237 000095EA 31D2                <1>     xor dx, dx
   238 000095EC F7F3                <1>     div bx
   239 000095EE 80C204              <1>     add dl, 4
   240 000095F1 8816[CF96]          <1>     mov [hud_text_balls+4], dl
   241 000095F5 31D2                <1>     xor dx, dx
   242 000095F7 F7F3                <1>     div bx
   243 000095F9 80C204              <1>     add dl, 4
   244 000095FC 8816[CE96]          <1>     mov [hud_text_balls+3], dl
   245 00009600 0404                <1>     add al, 4
   246 00009602 A2[CD96]            <1>     mov [hud_text_balls+2], al
   247 00009605 C606[D296]0F        <1>     mov byte [hud_text_balls+7], 15
   248 0000960A 803E[841C]00        <1>     cmp byte [vsync_enabled], 0
   249 0000960F 7405                <1>     je .sync_done
   250 00009611 C606[D296]11        <1>     mov byte [hud_text_balls+7], 17
   251                              <1> .sync_done:
   252                              <1> 
   253 00009616 BE[C296]            <1>     mov si, hud_text_fps
   254 00009619 BF[CF97]            <1>     mov di, hud_canvas + 65
   255 0000961C BD0900              <1>     mov bp, 9
   256 0000961F E84D00              <1>     call draw_hud_text
   257 00009622 BE[CB96]            <1>     mov si, hud_text_balls
   258 00009625 BF[CF99]            <1>     mov di, hud_canvas + 9 * 64 + 1
   259 00009628 BD0800              <1>     mov bp, 8
   260 0000962B E84100              <1>     call draw_hud_text
   261 0000962E BE[D396]            <1>     mov si, hud_text_cpu
   262 00009631 BF[CF9B]            <1>     mov di, hud_canvas + 17 * 64 + 1
   263 00009634 BD0900              <1>     mov bp, 9
   264 00009637 E83500              <1>     call draw_hud_text
   265 0000963A BE[DC96]            <1>     mov si, hud_text_wait
   266 0000963D BF[CF9D]            <1>     mov di, hud_canvas + 25 * 64 + 1
   267 00009640 BD0A00              <1>     mov bp, 10
   268 00009643 E82900              <1>     call draw_hud_text
   269 00009646 6661                <1>     popad
   270 00009648 C3                  <1>     ret
   271                              <1> 
   272                              <1> ; AX tenths, SI destination of three digits, a dot, and one decimal digit.
   273                              <1> format_tenths:
   274 00009649 BB0A00              <1>     mov bx, 10
   275 0000964C 31D2                <1>     xor dx, dx
   276 0000964E F7F3                <1>     div bx
   277 00009650 80C204              <1>     add dl, 4
   278 00009653 885404              <1>     mov [si+4], dl
   279 00009656 31D2                <1>     xor dx, dx
   280 00009658 F7F3                <1>     div bx
   281 0000965A 80C204              <1>     add dl, 4
   282 0000965D 885402              <1>     mov [si+2], dl
   283 00009660 31D2                <1>     xor dx, dx
   284 00009662 F7F3                <1>     div bx
   285 00009664 80C204              <1>     add dl, 4
   286 00009667 885401              <1>     mov [si+1], dl
   287 0000966A 0404                <1>     add al, 4
   288 0000966C 8804                <1>     mov [si], al
   289 0000966E C3                  <1>     ret
   290                              <1> 
   291                              <1> ; SI glyph indices, DI first canvas pixel, BP character count.
   292                              <1> draw_hud_text:
   293 0000966F 6660                <1>     pushad
   294                              <1> .char:
   295 00009671 57                  <1>     push di
   296 00009672 0FB604              <1>     movzx ax, byte [si]
   297 00009675 6BC007              <1>     imul ax, 7
   298 00009678 BB[E696]            <1>     mov bx, hud_glyphs
   299 0000967B 01C3                <1>     add bx, ax
   300 0000967D BA0700              <1>     mov dx, 7
   301                              <1> .row:
   302 00009680 8A07                <1>     mov al, [bx]
   303 00009682 B90500              <1>     mov cx, 5
   304                              <1> .pixel:
   305 00009685 A810                <1>     test al, 0x10
   306 00009687 7403                <1>     jz .skip
   307 00009689 C60501              <1>     mov byte [di], 1
   308                              <1> .skip:
   309 0000968C D0E0                <1>     shl al, 1
   310 0000968E 47                  <1>     inc di
   311 0000968F E2F4                <1>     loop .pixel
   312 00009691 83C73B              <1>     add di, 59
   313 00009694 43                  <1>     inc bx
   314 00009695 4A                  <1>     dec dx
   315 00009696 75E8                <1>     jnz .row
   316 00009698 5F                  <1>     pop di
   317 00009699 83C706              <1>     add di, 6
   318 0000969C 46                  <1>     inc si
   319 0000969D 4D                  <1>     dec bp
   320 0000969E 75D1                <1>     jnz .char
   321 000096A0 6661                <1>     popad
   322 000096A2 C3                  <1>     ret
   323                              <1> 
   324 000096A3 FFFF                <1> hud_last_fps dw 0xffff
   325 000096A5 FFFF                <1> hud_last_balls dw 0xffff
   326 000096A7 FFFF                <1> hud_last_cpu dw 0xffff
   327 000096A9 FFFF                <1> hud_last_wait dw 0xffff
   328 000096AB 00                  <1> fps_started db 0
   329 000096AC 00000000            <1> fps_start dd 0
   330 000096B0 00000000            <1> fps_now dd 0
   331 000096B4 0000                <1> hud_frames dw 0
   332 000096B6 0000                <1> hud_fps10 dw 0
   333 000096B8 0000                <1> hud_total_ms10 dw 0
   334 000096BA 0000                <1> hud_cpu_ms10 dw 0
   335 000096BC 0000                <1> hud_wait_ms10 dw 0
   336 000096BE 00000000            <1> wait_pit_ticks dd 0
   337 000096C2 000102030404040E04  <1> hud_text_fps db 0,1,2,3,4,4,4,14,4
   338 000096CB 1003040404040F11    <1> hud_text_balls db 16,3,4,4,4,4,15,17
   339 000096D3 120113030404040E04  <1> hud_text_cpu db 18,1,19,3,4,4,4,14,4
   340 000096DC 14151617030404040E- <1> hud_text_wait db 20,21,22,23,3,4,4,4,14,4
   340 000096E5 04                  <1>
   341                              <1> hud_glyphs:
   342 000096E6 1F10101E101010      <1>     db 0x1f,0x10,0x10,0x1e,0x10,0x10,0x10 ; F
   343 000096ED 1E11111E101010      <1>     db 0x1e,0x11,0x11,0x1e,0x10,0x10,0x10 ; P
   344 000096F4 0F10100E01011E      <1>     db 0x0f,0x10,0x10,0x0e,0x01,0x01,0x1e ; S
   345 000096FB 00040400040400      <1>     db 0x00,0x04,0x04,0x00,0x04,0x04,0x00 ; :
   346 00009702 0E11131519110E      <1>     db 0x0e,0x11,0x13,0x15,0x19,0x11,0x0e ; 0
   347 00009709 040C040404040E      <1>     db 0x04,0x0c,0x04,0x04,0x04,0x04,0x0e ; 1
   348 00009710 0E11010204081F      <1>     db 0x0e,0x11,0x01,0x02,0x04,0x08,0x1f ; 2
   349 00009717 1E01010E01011E      <1>     db 0x1e,0x01,0x01,0x0e,0x01,0x01,0x1e ; 3
   350 0000971E 02060A121F0202      <1>     db 0x02,0x06,0x0a,0x12,0x1f,0x02,0x02 ; 4
   351 00009725 1F10101E01011E      <1>     db 0x1f,0x10,0x10,0x1e,0x01,0x01,0x1e ; 5
   352 0000972C 0E10101E11110E      <1>     db 0x0e,0x10,0x10,0x1e,0x11,0x11,0x0e ; 6
   353 00009733 1F010204080808      <1>     db 0x1f,0x01,0x02,0x04,0x08,0x08,0x08 ; 7
   354 0000973A 0E11110E11110E      <1>     db 0x0e,0x11,0x11,0x0e,0x11,0x11,0x0e ; 8
   355 00009741 0E11110F01010E      <1>     db 0x0e,0x11,0x11,0x0f,0x01,0x01,0x0e ; 9
   356 00009748 00000000000404      <1>     db 0x00,0x00,0x00,0x00,0x00,0x04,0x04 ; .
   357 0000974F 00<rep 7h>          <1>     times 7 db 0                        ; blank
   358 00009756 1E11111E11111E      <1>     db 0x1e,0x11,0x11,0x1e,0x11,0x11,0x1e ; B
   359 0000975D 11111111110A04      <1>     db 0x11,0x11,0x11,0x11,0x11,0x0a,0x04 ; V
   360 00009764 0E11101010110E      <1>     db 0x0e,0x11,0x10,0x10,0x10,0x11,0x0e ; C
   361 0000976B 1111111111110E      <1>     db 0x11,0x11,0x11,0x11,0x11,0x11,0x0e ; U
   362 00009772 1111111515150A      <1>     db 0x11,0x11,0x11,0x15,0x15,0x15,0x0a ; W
   363 00009779 0E11111F111111      <1>     db 0x0e,0x11,0x11,0x1f,0x11,0x11,0x11 ; A
   364 00009780 0E04040404040E      <1>     db 0x0e,0x04,0x04,0x04,0x04,0x04,0x0e ; I
   365 00009787 1F040404040404      <1>     db 0x1f,0x04,0x04,0x04,0x04,0x04,0x04 ; T
   366 0000978E 00<rep 800h>        <1> hud_canvas times 64 * 32 db 0
  2122 00009F8E 00<rep 800h>            mesh_mask_ram times MESH_MASK_W*MESH_MASK_H/8 db 0
  2123                                  %ifdef XDEMO
  2124                                  %include "xdemo_art.inc"
  2125                                  %endif
