     1                                  ; Dreams XGA panorama and throughput comparison - IBM PS/2 MCA XGA-1.
     2                                  ; Build: python prepare_dreams.py, then NASM with PAN_STYLE 1/0/2.
     3                                  ; TEST_MODE=1/2 retain the original gradient and small BitBLT diagnostics.
     4                                  ; Register/mode sources: XGAKIT.ASM, MINI/XGA.INC, NT xgaregs.h/xga.h.
     5                                  
     6                                  cpu 386
     7                                  bits 16
     8                                  org 0x100
     9                                  
    10                                  %ifndef TEST_MODE
    11                                  %define TEST_MODE 3
    12                                  %endif
    13                                  %ifndef PAN_STYLE
    14                                  %define PAN_STYLE 1                 ; 1 = scanout, 0 = BitBLT, 2 = CPU copy
    15                                  %endif
    16                                  
    17                                  SCREEN_W equ 640
    18                                  SCREEN_H equ 480
    19                                  SOURCE_W equ 960
    20                                  SOURCE_H equ 640
    21                                  SOURCE_BASE equ SCREEN_W * SCREEN_H       ; 0x4b000
    22                                  SOURCE_PAGES equ SOURCE_W * SOURCE_H / 4096
    23                                  PAN_MAX_X equ SOURCE_W - SCREEN_W
    24                                  PAN_MAX_Y equ SOURCE_H - SCREEN_H
    25                                  PAN_X_AMPLITUDE equ 96
    26                                  PAN_Y_AMPLITUDE equ 48
    27                                  BLT_OP equ 0xA8218000                    ; source map B -> dest A, SRC_COPY
    28                                  %if TEST_MODE = 3
    29                                  %include "dreams_asset.inc"
     1                              <1> ; Generated from Dreams.bmp by prepare_dreams.py
     2                              <1> IMAGE_CRC equ 0x7bcec598
     3                              <1> PROGRESS_COLOR equ 74
     4                              <1> IMAGE_FIRST equ 0
     5                              <1> IMAGE_MIDDLE equ 14
     6                              <1> IMAGE_LAST equ 0
    30                                  PROGRESS_BASE equ 236 * SCREEN_W + 168 - 2 * 65536
    31                                  %else
    32                                  PROGRESS_COLOR equ 255
    33                                  %endif
    34                                  
    35                                  start:
    36 00000000 0E                          push cs
    37 00000001 1F                          pop ds
    38 00000002 B40F                        mov ah, 0x0f
    39 00000004 CD10                        int 0x10
    40 00000006 A2[BD09]                    mov [old_mode], al
    41 00000009 BA[5494]                    mov dx, log_boot_name
    42 0000000C E8C800                      call touch_file
    43 0000000F BA[9093]                    mov dx, msg_start
    44 00000012 E8BD00                      call puts
    45 00000015 E8CE00                      call detect_xga
    46 00000018 0F82A500                    jc .no_xga
    47 0000001C BA[6094]                    mov dx, log_detect_name
    48 0000001F E8B500                      call touch_file
    49 00000022 66833E[CA09]00              cmp dword [aperture], 0
    50 00000028 0F848A00                    je .no_aperture
    51 0000002C E8B501                      call set_xga_mode
    52 0000002F C606[BE09]01                mov byte [mode_active], 1
    53 00000034 BA[6B94]                    mov dx, log_mode_name
    54 00000037 E89D00                      call touch_file
    55                                  %if TEST_MODE != 1 && TEST_MODE != 3
    56                                      call probe_vram
    57                                      jc .no_vram
    58                                  %endif
    59 0000003A E8AA03                      call set_palette
    60                                  %if TEST_MODE = 1
    61                                      call fill_screen
    62                                      jmp .wait_key
    63                                  %else
    64                                  %if TEST_MODE = 3
    65 0000003D E8BA02                      call check_image_cache
    66 00000040 7315                        jnc .image_ready
    67 00000042 E8C901                      call probe_vram
    68 00000045 7259                        jc .no_vram
    69 00000047 E81B03                      call progress_init
    70 0000004A E8FC01                      call open_image
    71 0000004D 725F                        jc .image_error
    72 0000004F E81E02                      call load_image
    73 00000052 725A                        jc .image_error
    74 00000054 E8EE02                      call mark_image_cache
    75                                  .image_ready:
    76                                  %else
    77                                      call fill_source
    78                                  %endif
    79 00000057 E8AF05                      call init_motion
    80 0000005A E87904                      call setup_maps
    81                                  %if TEST_MODE = 2
    82                                      mov word [es:0x60], 127
    83                                      mov word [es:0x62], 127
    84                                      mov word [es:0x70], 80
    85                                      mov word [es:0x72], 80
    86                                      mov word [es:0x78], 256
    87                                      mov word [es:0x7a], 176
    88                                      mov dword [es:0x7c], BLT_OP
    89                                      call wait_cp
    90                                      jc .cp_timeout
    91                                      jmp .wait_key
    92                                  %else
    93 0000005D 26C70660007F02              mov word [es:0x60], SCREEN_W-1
    94 00000064 26C7066200DF01              mov word [es:0x62], SCREEN_H-1
    95                                  %if PAN_STYLE = 2
    96 0000006B E8E307                      call cpu_blit
    97                                  %else
    98                                      call full_blit
    99                                      jc .cp_timeout
   100                                      call log_first_blit
   101                                  %endif
   102                                  %if PAN_STYLE = 1
   103                                      call configure_scanout
   104                                  %endif
   105 0000006E E8DF04                      call setup_sprite_hud
   106                                  .frame:
   107                                  %if PAN_STYLE = 0
   108                                      ; The previous iteration waited for completion after its BitBLT.
   109                                      cmp byte [vsync_enabled], 0
   110                                      je .copy_now
   111                                      call wait_vsync
   112                                      jc .sync_failed
   113                                      call advance_motion             ; one sine step per observed refresh
   114                                      jmp .copy_now
   115                                  .sync_failed:
   116                                      mov byte [vsync_enabled], 0    ; status bit did not toggle
   117                                      mov word [hud_last_fps], 0xffff
   118                                      call update_sprite_hud
   119                                  .copy_now:
   120                                      mov ax, [pan_x]
   121                                      mov [es:0x70], ax
   122                                      mov ax, [pan_y]
   123                                      mov [es:0x72], ax
   124                                      mov word [es:0x78], 0
   125                                      mov word [es:0x7a], 0
   126                                      mov dword [es:0x7c], BLT_OP
   127                                      call wait_cp
   128                                      jc .cp_timeout
   129                                      call update_fps
   130                                  %elif PAN_STYLE = 2
   131 00000071 E8DD07                      call cpu_blit
   132 00000074 E81B06                      call update_fps
   133                                  %else
   134                                      call set_view
   135                                      call update_fps
   136                                      call refresh_source_pages
   137                                  %endif
   138                                  %if PAN_STYLE != 2
   139                                      inc byte [key_poll_div]
   140                                      test byte [key_poll_div], 7     ; BIOS keyboard call every eighth fast frame
   141                                      jnz .animate
   142                                  %endif
   143 00000077 B401                        mov ah, 1
   144 00000079 CD16                        int 0x16
   145 0000007B 7408                        jz .animate
   146 0000007D 30E4                        xor ah, ah
   147 0000007F CD16                        int 0x16
   148 00000081 3C1B                        cmp al, 27
   149 00000083 7405                        je .wait_key
   150                                  %if PAN_STYLE = 0
   151                                      cmp al, 's'
   152                                      je .toggle_sync
   153                                      cmp al, 'S'
   154                                      jne .animate
   155                                  .toggle_sync:
   156                                      xor byte [vsync_enabled], 1
   157                                      mov byte [fps_started], 0
   158                                      mov byte [fps_measured], 0
   159                                      mov word [hud_frames], 0
   160                                      mov word [hud_fps10], 0
   161                                      mov word [hud_last_fps], 0xffff
   162                                      mov word [motion_frame_count], 0
   163                                      mov word [motion_step_frames], 128
   164                                      call update_sprite_hud
   165                                  %endif
   166                                  .animate:
   167 00000085 E8A205                      call update_motion
   168 00000088 EBE7                        jmp .frame
   169                                  %endif
   170                                  %endif
   171                                  .wait_key:
   172                                  %if TEST_MODE != 3
   173                                      xor ah, ah
   174                                      int 0x16
   175                                      cmp al, 27
   176                                      jne .wait_key
   177                                  %endif
   178 0000008A E8D908                      call restore_mode
   179 0000008D B8004C                      mov ax, 0x4c00
   180 00000090 CD21                        int 0x21
   181                                  .cp_timeout:
   182 00000092 E8D108                      call restore_mode
   183 00000095 BA[9794]                    mov dx, log_cp_error
   184 00000098 E83C00                      call touch_file
   185 0000009B BA[2F94]                    mov dx, msg_cp_timeout
   186 0000009E EB2A                        jmp .error
   187                                  .no_vram:
   188 000000A0 E8C308                      call restore_mode
   189 000000A3 BA[8C94]                    mov dx, log_vram_error
   190 000000A6 E82E00                      call touch_file
   191 000000A9 BA[EB93]                    mov dx, msg_no_vram
   192 000000AC EB1C                        jmp .error
   193                                  .image_error:
   194 000000AE E8B508                      call restore_mode
   195 000000B1 BA[0B94]                    mov dx, msg_image_error
   196 000000B4 EB14                        jmp .error
   197                                  .no_aperture:
   198 000000B6 BA[8194]                    mov dx, log_ap_error
   199 000000B9 E81B00                      call touch_file
   200 000000BC BA[C493]                    mov dx, msg_no_aperture
   201 000000BF EB09                        jmp .error
   202                                  .no_xga:
   203 000000C1 BA[7794]                    mov dx, log_xga_error
   204 000000C4 E81000                      call touch_file
   205 000000C7 BA[A493]                    mov dx, msg_no_xga
   206                                  .error:
   207 000000CA E80500                      call puts
   208 000000CD B8014C                      mov ax, 0x4c01
   209 000000D0 CD21                        int 0x21
   210                                  
   211                                  puts:
   212 000000D2 B409                        mov ah, 9
   213 000000D4 CD21                        int 0x21
   214 000000D6 C3                          ret
   215                                  
   216                                  touch_file:
   217 000000D7 B43C                        mov ah, 0x3c
   218 000000D9 31C9                        xor cx, cx
   219 000000DB CD21                        int 0x21
   220 000000DD 7206                        jc .done
   221 000000DF 89C3                        mov bx, ax
   222 000000E1 B43E                        mov ah, 0x3e
   223 000000E3 CD21                        int 0x21
   224                                  .done:
   225 000000E5 C3                          ret
   226                                  
   227                                  ; BIOS MCA POS enumeration; slot 0 is motherboard, 1..8 are expansion slots.
   228                                  detect_xga:
   229 000000E6 B800C4                      mov ax, 0xc400
   230 000000E9 CD15                        int 0x15
   231 000000EB 7263                        jc .fail
   232 000000ED 8916[BF09]                  mov [pos_base], dx
   233 000000F1 31C9                        xor cx, cx
   234                                  .slot:
   235 000000F3 51                          push cx
   236 000000F4 FA                          cli
   237 000000F5 09C9                        or cx, cx
   238 000000F7 7506                        jnz .select_slot
   239 000000F9 B0DF                        mov al, 0xdf
   240 000000FB E694                        out 0x94, al
   241 000000FD EB09                        jmp .read_pos
   242                                  .select_slot:
   243 000000FF 89CB                        mov bx, cx
   244 00000101 B801C4                      mov ax, 0xc401
   245 00000104 CD15                        int 0x15
   246 00000106 721D                        jc .deselect
   247                                  .read_pos:
   248 00000108 8B16[BF09]                  mov dx, [pos_base]
   249 0000010C ED                          in ax, dx
   250 0000010D A3[C109]                    mov [card_id], ax
   251 00000110 83C202                      add dx, 2                      ; POS byte 1
   252 00000113 EC                          in al, dx
   253 00000114 A2[C309]                    mov [pos1], al
   254 00000117 83C202                      add dx, 2                      ; POS byte 3 is at base + 4
   255 0000011A EC                          in al, dx
   256 0000011B A2[C409]                    mov [pos3], al
   257 0000011E 42                          inc dx                         ; POS byte 4 is at base + 5
   258 0000011F EC                          in al, dx
   259 00000120 240F                        and al, 0x0f
   260 00000122 A2[C509]                    mov [pos4], al
   261                                  .deselect:
   262 00000125 59                          pop cx
   263 00000126 09C9                        or cx, cx
   264 00000128 7506                        jnz .normal_slot
   265 0000012A B0FF                        mov al, 0xff
   266 0000012C E694                        out 0x94, al
   267 0000012E EB09                        jmp .compare
   268                                  .normal_slot:
   269 00000130 51                          push cx
   270 00000131 89CB                        mov bx, cx
   271 00000133 B802C4                      mov ax, 0xc402
   272 00000136 CD15                        int 0x15
   273 00000138 59                          pop cx
   274                                  .compare:
   275 00000139 FB                          sti
   276 0000013A 813E[C109]DB8F              cmp word [card_id], 0x8fdb
   277 00000140 7410                        je .found
   278 00000142 813E[C109]DA8F              cmp word [card_id], 0x8fda
   279 00000148 7408                        je .found
   280 0000014A 41                          inc cx
   281 0000014B 83F909                      cmp cx, 9
   282 0000014E 76A3                        jbe .slot
   283                                  .fail:
   284 00000150 F9                          stc
   285 00000151 C3                          ret
   286                                  .found:
   287                                      ; io = 0x2100 + ((POS1 & 0x0e) << 3)
   288 00000152 31C0                        xor ax, ax
   289 00000154 A0[C309]                    mov al, [pos1]
   290 00000157 240E                        and al, 0x0e
   291 00000159 C1E003                      shl ax, 3
   292 0000015C 050021                      add ax, 0x2100
   293 0000015F A3[C609]                    mov [io_base], ax
   294                                      ; ROM = 0xc0000 + ((POS1 >> 4) * 0x2000).
   295                                      ; CP MMIO = ROM + 0x1c00 + (((POS1 & 0x0e)>>1) * 0x80).
   296 00000162 6631C0                      xor eax, eax
   297 00000165 A0[C309]                    mov al, [pos1]
   298 00000168 C0E804                      shr al, 4
   299 0000016B 66C1E00D                    shl eax, 13
   300 0000016F 6605001C0C00                add eax, 0xc1c00
   301 00000175 6631DB                      xor ebx, ebx
   302 00000178 8A1E[C309]                  mov bl, [pos1]
   303 0000017C 80E30E                      and bl, 0x0e
   304 0000017F 66C1E306                    shl ebx, 6
   305 00000183 6601D8                      add eax, ebx
   306 00000186 66C1E804                    shr eax, 4
   307 0000018A A3[C809]                    mov [cp_seg], ax
   308                                      ; 1 MB aperture physical address from POS4. Fall back to the 4 MB
   309                                      ; aperture from POS3 when the 1 MB aperture is disabled.
   310 0000018D 6631C0                      xor eax, eax
   311 00000190 A0[C509]                    mov al, [pos4]
   312 00000193 66C1E014                    shl eax, 20
   313 00000197 6609C0                      or eax, eax
   314 0000019A 7521                        jnz .ap_ready
   315 0000019C F606[C409]01                test byte [pos3], 1
   316 000001A1 741A                        jz .ap_ready
   317 000001A3 A0[C409]                    mov al, [pos3]
   318 000001A6 24FE                        and al, 0xfe
   319 000001A8 66C1E018                    shl eax, 24
   320 000001AC 6631DB                      xor ebx, ebx
   321 000001AF 8A1E[C309]                  mov bl, [pos1]
   322 000001B3 80E30E                      and bl, 0x0e
   323 000001B6 66C1E315                    shl ebx, 21
   324 000001BA 6601D8                      add eax, ebx
   325                                  .ap_ready:
   326 000001BD 66A3[CA09]                  mov [aperture], eax
   327                                      ; 86Box's XGA coprocessor resolves VRAM pixel maps against the 4 MB
   328                                      ; aperture base, even when the CPU is using the banked 64 KB window.
   329                                      ; This is the address decoded from POS3 plus the XGA instance number.
   330 000001C1 6631C0                      xor eax, eax
   331 000001C4 A0[C409]                    mov al, [pos3]
   332 000001C7 24FE                        and al, 0xfe
   333 000001C9 66C1E018                    shl eax, 24
   334 000001CD 6631DB                      xor ebx, ebx
   335 000001D0 8A1E[C309]                  mov bl, [pos1]
   336 000001D4 80E30E                      and bl, 0x0e
   337 000001D7 66C1E315                    shl ebx, 21
   338 000001DB 6601D8                      add eax, ebx
   339 000001DE 66A3[CE09]                  mov [cp_aperture], eax
   340 000001E2 F8                          clc
   341 000001E3 C3                          ret
   342                                  
   343                                  set_xga_mode:
   344 000001E4 BAC303                      mov dx, 0x3c3
   345 000001E7 B001                        mov al, 1
   346 000001E9 EE                          out dx, al
   347 000001EA BE[D294]                    mov si, mode_table
   348                                  .next:
   349 000001ED AC                          lodsb
   350 000001EE 3CFF                        cmp al, 0xff
   351 000001F0 741B                        je .done
   352 000001F2 88C3                        mov bl, al
   353 000001F4 30E4                        xor ah, ah
   354 000001F6 8B16[C609]                  mov dx, [io_base]
   355 000001FA 01C2                        add dx, ax
   356 000001FC AC                          lodsb
   357 000001FD 8A24                        mov ah, [si]
   358 000001FF 46                          inc si
   359 00000200 80FB0A                      cmp bl, 0x0a
   360 00000203 7405                        je .indexed
   361 00000205 88E0                        mov al, ah
   362 00000207 EE                          out dx, al
   363 00000208 EBE3                        jmp .next
   364                                  .indexed:
   365 0000020A EF                          out dx, ax
   366 0000020B EBE0                        jmp .next
   367                                  .done:
   368 0000020D C3                          ret
   369                                  
   370                                  ; Probe two banks separated by 512 KB; a 512 KB card may mirror page 12.
   371                                  probe_vram:
   372 0000020E 8B16[C609]                  mov dx, [io_base]
   373 00000212 83C208                      add dx, 8
   374 00000215 B800A0                      mov ax, 0xa000
   375 00000218 8EC0                        mov es, ax
   376 0000021A B004                        mov al, 4
   377 0000021C EE                          out dx, al
   378 0000021D 26C606000055                mov byte [es:0], 0x55
   379 00000223 B00C                        mov al, 12
   380 00000225 EE                          out dx, al
   381 00000226 26C6060000A5                mov byte [es:0], 0xa5
   382 0000022C 26803E0000A5                cmp byte [es:0], 0xa5
   383 00000232 7510                        jne .fail
   384 00000234 B004                        mov al, 4
   385 00000236 EE                          out dx, al
   386 00000237 26803E000055                cmp byte [es:0], 0x55
   387 0000023D 7505                        jne .fail
   388 0000023F 30C0                        xor al, al
   389 00000241 EE                          out dx, al
   390 00000242 F8                          clc
   391 00000243 C3                          ret
   392                                  .fail:
   393 00000244 30C0                        xor al, al
   394 00000246 EE                          out dx, al
   395 00000247 F9                          stc
   396 00000248 C3                          ret
   397                                  
   398                                  ; XGA palette port: index at I/O+0x0a, RGB stream at I/O+0x0b.
   399                                  %if TEST_MODE = 3
   400                                  open_image:
   401 00000249 B8003D                      mov ax, 0x3d00
   402 0000024C BA[7010]                    mov dx, image_name
   403 0000024F CD21                        int 0x21
   404 00000251 721B                        jc .fail
   405 00000253 A3[7B10]                    mov [image_handle], ax
   406 00000256 89C3                        mov bx, ax
   407 00000258 B80042                      mov ax, 0x4200                 ; palette is embedded in the COM
   408 0000025B 31C9                        xor cx, cx
   409 0000025D BA0003                      mov dx, 768
   410 00000260 CD21                        int 0x21
   411 00000262 7202                        jc .close_fail
   412 00000264 F8                          clc
   413 00000265 C3                          ret
   414                                  .close_fail:
   415 00000266 8B1E[7B10]                  mov bx, [image_handle]
   416 0000026A B43E                        mov ah, 0x3e
   417 0000026C CD21                        int 0x21
   418                                  .fail:
   419 0000026E F9                          stc
   420 0000026F C3                          ret
   421                                  
   422                                  ; Read up to 32 KB at a time, then copy aligned 4 KB pages to banked VRAM.
   423                                  ; This reduces DOS file reads from 150 to 19 without changing disk format.
   424                                  load_image:
   425 00000270 C706[7D10]0400              mov word [load_bank], 4
   426 00000276 C706[7F10]00B0              mov word [load_offset], 0xb000
   427 0000027C C706[8110]0000              mov word [loaded_pages], 0
   428 00000282 BD9600                      mov bp, SOURCE_PAGES
   429                                  .read_chunk:
   430 00000285 89E8                        mov ax, bp
   431 00000287 83F808                      cmp ax, 8
   432 0000028A 7603                        jbe .chunk_size_ready
   433 0000028C B80800                      mov ax, 8
   434                                  .chunk_size_ready:
   435 0000028F A3[8310]                    mov [chunk_pages], ax
   436 00000292 C1E00C                      shl ax, 12
   437 00000295 A3[8510]                    mov [chunk_bytes], ax
   438 00000298 8B1E[7B10]                  mov bx, [image_handle]
   439 0000029C B43F                        mov ah, 0x3f
   440 0000029E 8B0E[8510]                  mov cx, [chunk_bytes]
   441 000002A2 BA[8813]                    mov dx, image_page
   442 000002A5 CD21                        int 0x21
   443 000002A7 7247                        jc .fail
   444 000002A9 3B06[8510]                  cmp ax, [chunk_bytes]
   445 000002AD 7541                        jne .fail
   446 000002AF BE[8813]                    mov si, image_page
   447                                  .page:
   448 000002B2 B800A0                      mov ax, 0xa000
   449 000002B5 8EC0                        mov es, ax
   450 000002B7 8B1E[7D10]                  mov bx, [load_bank]
   451 000002BB E80902                      call select_bank
   452 000002BE 8B3E[7F10]                  mov di, [load_offset]
   453 000002C2 B90008                      mov cx, 2048
   454 000002C5 FC                          cld
   455 000002C6 F3A5                        rep movsw
   456 000002C8 8106[7F10]0010              add word [load_offset], 4096
   457 000002CE 7504                        jnz .next
   458 000002D0 FF06[7D10]                  inc word [load_bank]
   459                                  .next:
   460 000002D4 FF06[8110]                  inc word [loaded_pages]
   461 000002D8 E8DC00                      call progress_update
   462 000002DB 4D                          dec bp
   463 000002DC FF0E[8310]                  dec word [chunk_pages]
   464 000002E0 75D0                        jnz .page
   465 000002E2 09ED                        or bp, bp
   466 000002E4 759F                        jnz .read_chunk
   467 000002E6 8B1E[7B10]                  mov bx, [image_handle]
   468 000002EA B43E                        mov ah, 0x3e
   469 000002EC CD21                        int 0x21
   470 000002EE F8                          clc
   471 000002EF C3                          ret
   472                                  .fail:
   473 000002F0 8B1E[7B10]                  mov bx, [image_handle]
   474 000002F4 B43E                        mov ah, 0x3e
   475 000002F6 CD21                        int 0x21
   476 000002F8 F9                          stc
   477 000002F9 C3                          ret
   478                                  
   479                                  ; Unused VRAM starts at 0xe1000. The marker is written only after a
   480                                  ; complete load, and identifies the exact quantized source image.
   481                                  check_image_cache:
   482 000002FA B800A0                      mov ax, 0xa000
   483 000002FD 8EC0                        mov es, ax
   484 000002FF BB0E00                      mov bx, 14
   485 00000302 E8C201                      call select_bank
   486 00000305 2666813E0020445847-         cmp dword [es:0x2000], 0x42475844  ; "DXGB", loader/sprite revision
   486 0000030E 42                 
   487 0000030F 7532                        jne .miss
   488 00000311 2666813E042098C5CE-         cmp dword [es:0x2004], IMAGE_CRC
   488 0000031A 7B                 
   489 0000031B 7526                        jne .miss
   490 0000031D 26803EFF0F00                cmp byte [es:0x0fff], IMAGE_LAST
   491 00000323 751E                        jne .miss
   492 00000325 BB0900                      mov bx, 9
   493 00000328 E89C01                      call select_bank
   494 0000032B 26803E00600E                cmp byte [es:0x6000], IMAGE_MIDDLE
   495 00000331 7510                        jne .miss
   496 00000333 BB0400                      mov bx, 4
   497 00000336 E88E01                      call select_bank
   498 00000339 26803E00B000                cmp byte [es:0xb000], IMAGE_FIRST
   499 0000033F 7502                        jne .miss
   500 00000341 F8                          clc
   501 00000342 C3                          ret
   502                                  .miss:
   503 00000343 F9                          stc
   504 00000344 C3                          ret
   505                                  
   506                                  mark_image_cache:
   507 00000345 B800A0                      mov ax, 0xa000
   508 00000348 8EC0                        mov es, ax
   509 0000034A BB0E00                      mov bx, 14
   510 0000034D E87701                      call select_bank
   511 00000350 2666C7060020445847-         mov dword [es:0x2000], 0x42475844
   511 00000359 42                 
   512 0000035A 2666C706042098C5CE-         mov dword [es:0x2004], IMAGE_CRC
   512 00000363 7B                 
   513 00000364 C3                          ret
   514                                  
   515                                  ; Draw a PC1-BMP-inspired loading indicator in the XGA framebuffer.
   516                                  ; The advancing strip represents 150 transferred 4 KB source pages.
   517                                  progress_init:
   518 00000365 B800A0                      mov ax, 0xa000
   519 00000368 8EC0                        mov es, ax
   520 0000036A FC                          cld
   521 0000036B 31DB                        xor bx, bx
   522 0000036D BD0400                      mov bp, 4
   523 00000370 31C0                        xor ax, ax
   524                                  .bank:
   525 00000372 E85201                      call select_bank
   526 00000375 31FF                        xor di, di
   527 00000377 B90080                      mov cx, 32768
   528 0000037A F3AB                        rep stosw
   529 0000037C 43                          inc bx
   530 0000037D 4D                          dec bp
   531 0000037E 75F2                        jnz .bank
   532 00000380 E84401                      call select_bank               ; bank 4, only display bytes
   533 00000383 31FF                        xor di, di
   534 00000385 B90058                      mov cx, (SCREEN_W * SCREEN_H - 4 * 65536) / 2
   535 00000388 F3AB                        rep stosw
   536 0000038A BB0200                      mov bx, 2
   537 0000038D E83701                      call select_bank
   538 00000390 B04A                        mov al, PROGRESS_COLOR
   539 00000392 BFA84E                      mov di, PROGRESS_BASE
   540 00000395 B93001                      mov cx, 304
   541 00000398 F3AA                        rep stosb
   542 0000039A BF286A                      mov di, PROGRESS_BASE + 11 * SCREEN_W
   543 0000039D B93001                      mov cx, 304
   544 000003A0 F3AA                        rep stosb
   545 000003A2 BF2851                      mov di, PROGRESS_BASE + SCREEN_W
   546 000003A5 B90A00                      mov cx, 10
   547                                  .sides:
   548 000003A8 268805                      mov [es:di], al
   549 000003AB 2688852F01                  mov [es:di+303], al
   550 000003B0 81C78002                    add di, SCREEN_W
   551 000003B4 E2F2                        loop .sides
   552 000003B6 C3                          ret
   553                                  
   554                                  progress_update:
   555 000003B7 50                          push ax
   556 000003B8 53                          push bx
   557 000003B9 51                          push cx
   558 000003BA 57                          push di
   559 000003BB 06                          push es
   560 000003BC B800A0                      mov ax, 0xa000
   561 000003BF 8EC0                        mov es, ax
   562 000003C1 BB0200                      mov bx, 2
   563 000003C4 E80001                      call select_bank
   564 000003C7 A1[8110]                    mov ax, [loaded_pages]
   565 000003CA 48                          dec ax
   566 000003CB D1E0                        shl ax, 1
   567 000003CD 05AA53                      add ax, PROGRESS_BASE + 2 * SCREEN_W + 2
   568 000003D0 89C7                        mov di, ax
   569 000003D2 B84A4A                      mov ax, PROGRESS_COLOR * 257
   570 000003D5 B90800                      mov cx, 8
   571                                  .row:
   572 000003D8 268905                      mov [es:di], ax
   573 000003DB 81C78002                    add di, SCREEN_W
   574 000003DF E2F7                        loop .row
   575 000003E1 07                          pop es
   576 000003E2 5F                          pop di
   577 000003E3 59                          pop cx
   578 000003E4 5B                          pop bx
   579 000003E5 58                          pop ax
   580 000003E6 C3                          ret
   581                                  %endif
   582                                  
   583                                  set_palette:
   584 000003E7 8B16[C609]                  mov dx, [io_base]
   585 000003EB 83C20A                      add dx, 0x0a
   586 000003EE B86400                      mov ax, 0x0064
   587 000003F1 EF                          out dx, ax
   588 000003F2 B86600                      mov ax, 0x0066
   589 000003F5 EF                          out dx, ax
   590 000003F6 B86000                      mov ax, 0x0060
   591 000003F9 EF                          out dx, ax
   592 000003FA B86100                      mov ax, 0x0061
   593 000003FD EF                          out dx, ax
   594 000003FE B065                        mov al, 0x65
   595 00000400 EE                          out dx, al
   596 00000401 42                          inc dx
   597                                  %if TEST_MODE = 3
   598 00000402 BE[8710]                    mov si, image_palette
   599 00000405 B90003                      mov cx, 768
   600                                  .color:
   601 00000408 AC                          lodsb
   602 00000409 EE                          out dx, al
   603 0000040A E2FC                        loop .color
   604                                  %else
   605                                      xor bx, bx
   606                                  .color:
   607                                      ; RRRGGGBB -> three 8-bit DAC components.
   608                                      mov ax, bx
   609                                      and al, 0xe0
   610                                      out dx, al
   611                                      mov ax, bx
   612                                      and al, 0x1c
   613                                      shl al, 3
   614                                      out dx, al
   615                                      mov ax, bx
   616                                      and al, 3
   617                                      shl al, 6
   618                                      out dx, al
   619                                      inc bx
   620                                      cmp bx, 256
   621                                      jb .color
   622                                  %endif
   623 0000040C 4A                          dec dx
   624 0000040D B864FF                      mov ax, 0xff64
   625 00000410 EF                          out dx, ax
   626 00000411 C3                          ret
   627                                  
   628                                  ; On stage 1, fill visible screen by CPU solely to verify mode and banking.
   629                                  fill_screen:
   630 00000412 B800A0                      mov ax, 0xa000
   631 00000415 8EC0                        mov es, ax
   632 00000417 31FF                        xor di, di
   633 00000419 31DB                        xor bx, bx
   634 0000041B C706[D209]0000              mov word [row], 0
   635                                  .row:
   636 00000421 B98002                      mov cx, SCREEN_W
   637 00000424 A0[D209]                    mov al, [row]
   638                                  .pixel:
   639 00000427 268805                      mov [es:di], al
   640 0000042A 47                          inc di
   641 0000042B 7504                        jnz .no_wrap
   642 0000042D 43                          inc bx
   643 0000042E E89600                      call select_bank
   644                                  .no_wrap:
   645 00000431 E2F4                        loop .pixel
   646 00000433 FF06[D209]                  inc word [row]
   647 00000437 813E[D209]E001              cmp word [row], SCREEN_H
   648 0000043D 72E2                        jb .row
   649 0000043F C3                          ret
   650                                  
   651                                  ; Source is 800*800 bytes at offset 307200 in 1 MB of VRAM.
   652                                  ; CPU loads the image once through the 64 KB banked A000 window.
   653                                  fill_source:
   654 00000440 B800A0                      mov ax, 0xa000
   655 00000443 8EC0                        mov es, ax
   656 00000445 BB0400                      mov bx, 4
   657 00000448 E87C00                      call select_bank
   658 0000044B BF00B0                      mov di, 0xb000
   659 0000044E C706[D209]0000              mov word [row], 0
   660                                  .row:
   661 00000454 C706[D409]0000              mov word [col], 0
   662                                  .pixel:
   663 0000045A A1[D209]                    mov ax, [row]
   664 0000045D 3DF000                      cmp ax, 240
   665 00000460 7309                        jae .ground
   666 00000462 C1E804                      shr ax, 4
   667 00000465 241C                        and al, 0x1c
   668 00000467 0C03                        or al, 3
   669 00000469 EB27                        jmp .grid
   670                                  .ground:
   671 0000046B A1[D409]                    mov ax, [col]
   672 0000046E 83E07F                      and ax, 127
   673 00000471 D1E8                        shr ax, 1
   674 00000473 05F000                      add ax, 240
   675 00000476 3906[D209]                  cmp [row], ax
   676 0000047A 720C                        jb .mountain
   677 0000047C A1[D209]                    mov ax, [row]
   678 0000047F C1E805                      shr ax, 5
   679 00000482 241C                        and al, 0x1c
   680 00000484 0C84                        or al, 0x84
   681 00000486 EB0A                        jmp .grid
   682                                  .mountain:
   683 00000488 A1[D409]                    mov ax, [col]
   684 0000048B C1E804                      shr ax, 4
   685 0000048E 241C                        and al, 0x1c
   686 00000490 0CA0                        or al, 0xa0
   687                                  .grid:
   688 00000492 F706[D409]3F00              test word [col], 63
   689 00000498 7408                        jz .line
   690 0000049A F706[D209]3F00              test word [row], 63
   691 000004A0 7502                        jnz .store
   692                                  .line:
   693 000004A2 B0FF                        mov al, 0xff
   694                                  .store:
   695 000004A4 268805                      mov [es:di], al
   696 000004A7 47                          inc di
   697 000004A8 7504                        jnz .bank_ok
   698 000004AA 43                          inc bx
   699 000004AB E81900                      call select_bank
   700                                  .bank_ok:
   701 000004AE FF06[D409]                  inc word [col]
   702 000004B2 813E[D409]C003              cmp word [col], SOURCE_W
   703 000004B8 72A0                        jb .pixel
   704 000004BA FF06[D209]                  inc word [row]
   705 000004BE 813E[D209]8002              cmp word [row], SOURCE_H
   706 000004C4 728E                        jb .row
   707 000004C6 C3                          ret
   708                                  
   709                                  select_bank:
   710 000004C7 50                          push ax
   711 000004C8 52                          push dx
   712 000004C9 8B16[C609]                  mov dx, [io_base]
   713 000004CD 83C208                      add dx, 8
   714 000004D0 89D8                        mov ax, bx
   715 000004D2 EE                          out dx, al
   716 000004D3 5A                          pop dx
   717 000004D4 58                          pop ax
   718 000004D5 C3                          ret
   719                                  
   720                                  setup_maps:
   721 000004D6 A1[C809]                    mov ax, [cp_seg]
   722 000004D9 8EC0                        mov es, ax
   723 000004DB 26C606110000                mov byte [es:0x11], 0
   724 000004E1 26C606120001                mov byte [es:0x12], 1            ; destination map A
   725 000004E7 66A1[CE09]                  mov eax, [cp_aperture]
   726 000004EB 2666A31400                  mov [es:0x14], eax
   727 000004F0 26C70618007F02              mov word [es:0x18], SCREEN_W-1
   728 000004F7 26C7061A00DF01              mov word [es:0x1a], SCREEN_H-1
   729 000004FE 26C6061C0003                mov byte [es:0x1c], 3
   730 00000504 26C606120002                mov byte [es:0x12], 2            ; off-screen source map B
   731 0000050A 660500B00400                add eax, SOURCE_BASE
   732 00000510 2666A31400                  mov [es:0x14], eax
   733 00000515 26C7061800BF03              mov word [es:0x18], SOURCE_W-1
   734 0000051C 26C7061A007F02              mov word [es:0x1a], SOURCE_H-1
   735 00000523 26C6061C0003                mov byte [es:0x1c], 3
   736 00000529 26C6064A0004                mov byte [es:0x4a], 4            ; color compare disabled
   737 0000052F 2666C7065000FF0000-         mov dword [es:0x50], 0xff
   737 00000538 00                 
   738 00000539 2666C7065400FF0000-         mov dword [es:0x54], 0xff
   738 00000542 00                 
   739 00000543 26C606480003                mov byte [es:0x48], 3            ; XGA_S
   740 00000549 26C606490003                mov byte [es:0x49], 3
   741 0000054F C3                          ret
   742                                  
   743                                  %if PAN_STYLE = 1
   744                                  ; Scan the 960-pixel-wide source image directly. XGA display start is in
   745                                  ; dwords, and display pitch is expressed in units of eight pixels.
   746                                  configure_scanout:
   747                                      mov dx, [io_base]
   748                                      add dx, 0x0a
   749                                      mov ax, 0x7843                  ; 960 / 8 pixels per scan line
   750                                      out dx, ax
   751                                      mov ax, 0x0044
   752                                      out dx, ax
   753                                      call set_view
   754                                      ret
   755                                  
   756                                  %endif
   757                                  
   758                                  ; XGA's 64x64 hardware sprite is independent of the scanned framebuffer.
   759                                  ; These register values and sprite-data writes reproduce DREAMS.COM from
   760                                  ; dreams_xga_20260926_193007.img, the version the user verified in 86Box.
   761                                  setup_sprite_hud:
   762 00000550 6660                        pushad
   763 00000552 8B16[C609]                  mov dx, [io_base]
   764 00000556 83C20A                      add dx, 0x0a
   765 00000559 B83008                      mov ax, 0x0830                  ; sprite X = 8
   766 0000055C EF                          out dx, ax
   767 0000055D B83100                      mov ax, 0x0031
   768 00000560 EF                          out dx, ax
   769 00000561 B83200                      mov ax, 0x0032                  ; X hotspot = 0
   770 00000564 EF                          out dx, ax
   771 00000565 B83308                      mov ax, 0x0833                  ; sprite Y = 8
   772 00000568 EF                          out dx, ax
   773 00000569 B83400                      mov ax, 0x0034
   774 0000056C EF                          out dx, ax
   775 0000056D B83500                      mov ax, 0x0035                  ; Y hotspot = 0
   776 00000570 EF                          out dx, ax
   777 00000571 B83800                      mov ax, 0x0038                  ; sprite color 0 = black
   778 00000574 EF                          out dx, ax
   779 00000575 B83900                      mov ax, 0x0039
   780 00000578 EF                          out dx, ax
   781 00000579 B83A00                      mov ax, 0x003a
   782 0000057C EF                          out dx, ax
   783 0000057D B83BFF                      mov ax, 0xff3b                  ; sprite color 1 = white
   784 00000580 EF                          out dx, ax
   785 00000581 B83CFF                      mov ax, 0xff3c
   786 00000584 EF                          out dx, ax
   787 00000585 B83DFF                      mov ax, 0xff3d
   788 00000588 EF                          out dx, ax
   789 00000589 B86000                      mov ax, 0x0060                  ; sprite data position = 0
   790 0000058C EF                          out dx, ax
   791 0000058D B86100                      mov ax, 0x0061
   792 00000590 EF                          out dx, ax
   793 00000591 B06A                        mov al, 0x6a                  ; sprite data stream register
   794 00000593 EE                          out dx, al
   795 00000594 42                          inc dx
   796 00000595 B0AA                        mov al, 0xaa                  ; four transparent 2-bit pixels
   797 00000597 B90004                      mov cx, 1024
   798                                  .clear:
   799 0000059A EE                          out dx, al
   800 0000059B E2FD                        loop .clear
   801 0000059D C706[E209]FFFF              mov word [hud_last_fps], 0xffff
   802 000005A3 E80E00                      call update_sprite_hud
   803 000005A6 8B16[C609]                  mov dx, [io_base]
   804 000005AA 83C20A                      add dx, 0x0a
   805 000005AD B83601                      mov ax, 0x0136                  ; enable hardware sprite
   806 000005B0 EF                          out dx, ax
   807 000005B1 6661                        popad
   808 000005B3 C3                          ret
   809                                  
   810                                  update_sprite_hud:
   811 000005B4 6660                        pushad
   812 000005B6 A1[EF09]                    mov ax, [hud_fps10]
   813 000005B9 3B06[E209]                  cmp ax, [hud_last_fps]
   814 000005BD 7447                        je .done
   815 000005BF A3[E209]                    mov [hud_last_fps], ax
   816 000005C2 E80C02                      call render_hud
   817 000005C5 8B16[C609]                  mov dx, [io_base]
   818 000005C9 83C20A                      add dx, 0x0a
   819 000005CC B86000                      mov ax, 0x0060
   820 000005CF EF                          out dx, ax
   821 000005D0 B86100                      mov ax, 0x0061
   822 000005D3 EF                          out dx, ax
   823 000005D4 B06A                        mov al, 0x6a
   824 000005D6 EE                          out dx, al
   825 000005D7 42                          inc dx
   826 000005D8 BE[F00D]                    mov si, hud_canvas
   827 000005DB BDA000                      mov bp, 64 * 10 / 4
   828                                  .group:
   829 000005DE B0AA                        mov al, 0xaa
   830 000005E0 803C00                      cmp byte [si], 0
   831 000005E3 7402                        je .pixel1
   832 000005E5 3403                        xor al, 0x03
   833                                  .pixel1:
   834 000005E7 807C0100                    cmp byte [si+1], 0
   835 000005EB 7402                        je .pixel2
   836 000005ED 340C                        xor al, 0x0c
   837                                  .pixel2:
   838 000005EF 807C0200                    cmp byte [si+2], 0
   839 000005F3 7402                        je .pixel3
   840 000005F5 3430                        xor al, 0x30
   841                                  .pixel3:
   842 000005F7 807C0300                    cmp byte [si+3], 0
   843 000005FB 7402                        je .write
   844 000005FD 34C0                        xor al, 0xc0
   845                                  .write:
   846 000005FF EE                          out dx, al
   847 00000600 83C604                      add si, 4
   848 00000603 4D                          dec bp
   849 00000604 75D8                        jnz .group
   850                                  .done:
   851 00000606 6661                        popad
   852 00000608 C3                          ret
   853                                  
   854                                  %if PAN_STYLE = 1
   855                                  set_view:
   856                                      movzx eax, word [pan_y]
   857                                      imul eax, eax, SOURCE_W
   858                                      movzx ebx, word [pan_x]
   859                                      add eax, ebx
   860                                      add eax, SOURCE_BASE
   861                                      shr eax, 2
   862                                      mov ebx, eax
   863                                      mov dx, [io_base]
   864                                      add dx, 0x0a
   865                                      mov ah, bl
   866                                      mov al, 0x40
   867                                      out dx, ax
   868                                      shr ebx, 8
   869                                      mov ah, bl
   870                                      mov al, 0x41
   871                                      out dx, ax
   872                                      shr ebx, 8
   873                                      mov ah, bl
   874                                      mov al, 0x42                  ; latches start address in 86Box
   875                                      out dx, ax
   876                                      ret
   877                                  
   878                                  ; 86Box skips unmodified VRAM pages during scanout. Rewriting one unchanged
   879                                  ; byte per 4 KB page marks the source image for redraw after a start change.
   880                                  refresh_source_pages:
   881                                      push ax
   882                                      push bx
   883                                      push si
   884                                      push bp
   885                                      push es
   886                                      mov ax, 0xa000
   887                                      mov es, ax
   888                                      mov bx, 4
   889                                      call select_bank
   890                                      mov si, 0xb000
   891                                      mov bp, SOURCE_PAGES          ; pages 0x4b000 through 0xe0000
   892                                  .page:
   893                                      mov al, [es:si]
   894                                      mov [es:si], al
   895                                      add si, 4096
   896                                      jnz .next
   897                                      inc bx
   898                                      call select_bank
   899                                  .next:
   900                                      dec bp
   901                                      jnz .page
   902                                      pop es
   903                                      pop bp
   904                                      pop si
   905                                      pop bx
   906                                      pop ax
   907                                      ret
   908                                  %endif
   909                                  
   910                                  ; Follow demo5a.asm's two-axis sine/Lissajous path. Fast unsynchronized modes
   911                                  ; divide their completed frames by the measured rate for about 60 motion steps
   912                                  ; per second. This never waits for retrace or throttles the BitBLT benchmark.
   913                                  ; S mode advances after its explicit retrace wait. Slow DCPU uses BIOS ticks.
   914                                  init_motion:
   915 00000609 6660                        pushad
   916 0000060B 06                          push es
   917 0000060C 30E4                        xor ah, ah
   918 0000060E CD1A                        int 0x1a
   919 00000610 8916[DA09]                  mov [motion_origin], dx
   920 00000614 8916[E909]                  mov [fps_now], dx
   921 00000618 C606[DC09]00                mov byte [motion_phase], 0
   922 0000061D C706[DD09]0000              mov word [motion_frame_count], 0
   923 00000623 07                          pop es
   924 00000624 6661                        popad
   925 00000626 E82600                      call compute_motion
   926 00000629 C3                          ret
   927                                  
   928                                  update_motion:
   929 0000062A 6660                        pushad
   930                                  %if PAN_STYLE = 2
   931 0000062C A1[E909]                    mov ax, [fps_now]
   932 0000062F 2B06[DA09]                  sub ax, [motion_origin]
   933 00000633 BB0300                      mov bx, 3                       ; ~55 sine steps/s from 18.2 Hz ticks
   934 00000636 F7E3                        mul bx
   935 00000638 3A06[DC09]                  cmp al, [motion_phase]
   936 0000063C 7406                        je .done
   937 0000063E A2[DC09]                    mov [motion_phase], al
   938 00000641 E80B00                      call compute_motion
   939                                  %else
   940                                  %if PAN_STYLE = 0
   941                                      cmp byte [vsync_enabled], 0
   942                                      jne .done                       ; wait_vsync already advanced this frame
   943                                  %endif
   944                                      inc word [motion_frame_count]
   945                                      mov ax, [motion_frame_count]
   946                                      cmp ax, [motion_step_frames]
   947                                      jb .done
   948                                      mov word [motion_frame_count], 0
   949                                      call advance_motion
   950                                  %endif
   951                                  .done:
   952 00000644 6661                        popad
   953 00000646 C3                          ret
   954                                  
   955                                  advance_motion:
   956 00000647 FE06[DC09]                  inc byte [motion_phase]
   957 0000064B E80100                      call compute_motion
   958 0000064E C3                          ret
   959                                  
   960                                  compute_motion:
   961 0000064F 6660                        pushad
   962 00000651 A0[DC09]                    mov al, [motion_phase]
   963 00000654 0FB6F0                      movzx si, al
   964 00000657 8A84[700A]                  mov al, [sine_table + si]
   965 0000065B 2C32                        sub al, 50
   966 0000065D 98                          cbw
   967 0000065E BB6000                      mov bx, PAN_X_AMPLITUDE
   968 00000661 F7EB                        imul bx
   969 00000663 BB3200                      mov bx, 50
   970 00000666 F7FB                        idiv bx
   971 00000668 05A000                      add ax, PAN_MAX_X / 2
   972 0000066B A3[D609]                    mov [pan_x], ax
   973                                  
   974 0000066E A0[DC09]                    mov al, [motion_phase]
   975 00000671 D0E0                        shl al, 1
   976 00000673 0440                        add al, 64                     ; quarter-cycle Y offset
   977 00000675 0FB6F0                      movzx si, al
   978 00000678 8A84[700A]                  mov al, [sine_table + si]
   979 0000067C 2C32                        sub al, 50
   980 0000067E 98                          cbw
   981 0000067F BB3000                      mov bx, PAN_Y_AMPLITUDE
   982 00000682 F7EB                        imul bx
   983 00000684 BB3200                      mov bx, 50
   984 00000687 F7FB                        idiv bx
   985 00000689 83C050                      add ax, PAN_MAX_Y / 2
   986 0000068C A3[D809]                    mov [pan_y], ax
   987 0000068F 6661                        popad
   988 00000691 C3                          ret
   989                                  
   990                                  %if PAN_STYLE = 0
   991                                  ; Start each BitBLT at a new vertical retrace when S mode is enabled.
   992                                  ; Input Status 1 bit 3 is also driven by 86Box's XGA scanout. Bounded
   993                                  ; polling keeps the demo responsive if a machine does not expose the bit.
   994                                  wait_vsync:
   995                                      push ax
   996                                      push cx
   997                                      push dx
   998                                      mov dx, 0x3da
   999                                      mov cx, 0xffff
  1000                                  .leave_retrace:
  1001                                      in al, dx
  1002                                      test al, 8
  1003                                      jz .wait_retrace
  1004                                      loop .leave_retrace
  1005                                      jmp .timeout
  1006                                  .wait_retrace:
  1007                                      mov cx, 0xffff
  1008                                  .rise:
  1009                                      in al, dx
  1010                                      test al, 8
  1011                                      jnz .synced
  1012                                      loop .rise
  1013                                  .timeout:
  1014                                      stc
  1015                                      jmp .done
  1016                                  .synced:
  1017                                      clc
  1018                                  .done:
  1019                                      pop dx
  1020                                      pop cx
  1021                                      pop ax
  1022                                      ret
  1023                                  %endif
  1024                                  
  1025                                  ; Count completed panorama steps over at least 36 BIOS clock ticks (~2 s).
  1026                                  ; A slow frame can span several seconds; tick subtraction preserves that time.
  1027                                  ; This measures the guest animation loop, not host-window presentation.
  1028                                  update_fps:
  1029 00000692 6660                        pushad
  1030 00000694 0FA0                        push fs
  1031 00000696 B84000                      mov ax, 0x40
  1032 00000699 8EE0                        mov fs, ax
  1033 0000069B 6466A16C00                  mov eax, [fs:0x6c]            ; BIOS tick count, without INT 1Ah per frame
  1034 000006A0 0FA1                        pop fs
  1035 000006A2 66A3[E909]                  mov [fps_now], eax
  1036 000006A6 803E[E409]00                cmp byte [fps_started], 0
  1037 000006AB 750B                        jne .elapsed
  1038 000006AD 66A3[E509]                  mov [fps_start], eax
  1039 000006B1 C606[E409]01                mov byte [fps_started], 1
  1040 000006B6 EB4F                        jmp .done                      ; this completed frame precedes the timer
  1041                                  .elapsed:
  1042 000006B8 FF06[ED09]                  inc word [hud_frames]
  1043 000006BC 6689C3                      mov ebx, eax
  1044 000006BF 662B1E[E509]                sub ebx, [fps_start]
  1045 000006C4 7307                        jnc .delta_ready
  1046 000006C6 6681C3B0001800              add ebx, 0x1800b0             ; BIOS midnight rollover
  1047                                  .delta_ready:
  1048                                  %if PAN_STYLE != 2
  1049                                      cmp byte [fps_measured], 0
  1050                                      jne .normal_window
  1051                                      cmp ebx, 9                     ; show the first reading sooner
  1052                                      jb .done
  1053                                      jmp .calculate
  1054                                  .normal_window:
  1055                                  %endif
  1056 000006CD 6683FB24                    cmp ebx, 36
  1057 000006D1 7234                        jb .done
  1058                                  .calculate:
  1059 000006D3 660FB706[ED09]              movzx eax, word [hud_frames]
  1060 000006D9 66B9B6000000                mov ecx, 182                  ; 18.2 ticks/s * 10 for tenths
  1061 000006DF 66F7E1                      mul ecx
  1062 000006E2 6631D2                      xor edx, edx
  1063 000006E5 66F7F3                      div ebx
  1064                                  %if PAN_STYLE != 2
  1065                                      mov [fps_raw10], eax
  1066                                      add eax, 300
  1067                                      mov ecx, 600                   ; frames per ~1/60 s motion step
  1068                                      xor edx, edx
  1069                                      div ecx
  1070                                      test eax, eax
  1071                                      jnz .step_nonzero
  1072                                      inc eax
  1073                                  .step_nonzero:
  1074                                      cmp eax, 0xffff
  1075                                      jbe .step_ready
  1076                                      mov eax, 0xffff
  1077                                  .step_ready:
  1078                                      mov [motion_step_frames], ax
  1079                                      mov eax, [fps_raw10]
  1080                                  %endif
  1081                                  %if PAN_STYLE = 0
  1082                                      add eax, 5
  1083                                      mov ecx, 10
  1084                                      xor edx, edx
  1085                                      div ecx                         ; DBLIT shows whole copies/s, up to 9999
  1086                                  %endif
  1087 000006E8 663D0F270000                cmp eax, 9999
  1088 000006EE 7603                        jbe .store
  1089                                  .cap:
  1090 000006F0 B80F27                      mov ax, 9999
  1091                                  .store:
  1092 000006F3 A3[EF09]                    mov [hud_fps10], ax
  1093                                  %if PAN_STYLE != 2
  1094                                      mov byte [fps_measured], 1
  1095                                  %endif
  1096 000006F6 E8BBFE                      call update_sprite_hud
  1097 000006F9 66A1[E909]                  mov eax, [fps_now]
  1098 000006FD 66A3[E509]                  mov [fps_start], eax
  1099 00000701 C706[ED09]0000              mov word [hud_frames], 0
  1100                                  .done:
  1101 00000707 6661                        popad
  1102 00000709 C3                          ret
  1103                                  
  1104                                  restore_hud:
  1105 0000070A 803E[F109]00                cmp byte [hud_active], 0
  1106 0000070F 740E                        je .done
  1107 00000711 66A1[F209]                  mov eax, [hud_old_addr]
  1108 00000715 66A3[F609]                  mov [hud_work_addr], eax
  1109 00000719 BE[700B]                    mov si, hud_saved
  1110 0000071C E87400                      call copy_to_vram
  1111                                  .done:
  1112 0000071F C3                          ret
  1113                                  
  1114                                  show_hud:
  1115                                  %if PAN_STYLE = 1
  1116                                      ; Legacy VRAM text path is retained so the verified 193007 DREAMS
  1117                                      ; binary remains reproducible. The active FPS path is the sprite above.
  1118                                      movzx eax, word [pan_y]
  1119                                      add eax, 8
  1120                                      imul eax, eax, SOURCE_W
  1121                                      movzx ebx, word [pan_x]
  1122                                      add eax, ebx
  1123                                      add eax, SOURCE_BASE + 8
  1124                                      mov [hud_old_addr], eax
  1125                                      mov [hud_work_addr], eax
  1126                                      mov word [hud_pitch], SOURCE_W
  1127                                  %else
  1128 00000720 66C706[F209]080500-         mov dword [hud_old_addr], 2 * SCREEN_W + 8
  1128 00000728 00                 
  1129 00000729 66A1[F209]                  mov eax, [hud_old_addr]
  1130 0000072D 66A3[F609]                  mov [hud_work_addr], eax
  1131 00000731 C706[FA09]8002              mov word [hud_pitch], SCREEN_W
  1132                                  %endif
  1133 00000737 BE[700B]                    mov si, hud_saved
  1134 0000073A E81700                      call copy_from_vram
  1135 0000073D E89100                      call render_hud
  1136 00000740 66A1[F209]                  mov eax, [hud_old_addr]
  1137 00000744 66A3[F609]                  mov [hud_work_addr], eax
  1138 00000748 BE[F00D]                    mov si, hud_canvas
  1139 0000074B E84500                      call copy_to_vram
  1140 0000074E C606[F109]01                mov byte [hud_active], 1
  1141 00000753 C3                          ret
  1142                                  
  1143                                  ; Rectangle copy: 64 x 10 bytes at hud_work_addr.
  1144                                  ; Recompute the bank for each row and also handle a row crossing a bank edge.
  1145                                  copy_from_vram:
  1146 00000754 6660                        pushad
  1147 00000756 06                          push es
  1148 00000757 B800A0                      mov ax, 0xa000
  1149 0000075A 8EC0                        mov es, ax
  1150 0000075C BD0A00                      mov bp, 10
  1151                                  .row:
  1152 0000075F 66A1[F609]                  mov eax, [hud_work_addr]
  1153 00000763 6689C3                      mov ebx, eax
  1154 00000766 66C1EB10                    shr ebx, 16
  1155 0000076A 89C7                        mov di, ax
  1156 0000076C E858FD                      call select_bank
  1157 0000076F B94000                      mov cx, 64
  1158                                  .pixel:
  1159 00000772 268A05                      mov al, [es:di]
  1160 00000775 8804                        mov [si], al
  1161 00000777 46                          inc si
  1162 00000778 47                          inc di
  1163 00000779 7504                        jnz .same_bank
  1164 0000077B 43                          inc bx
  1165 0000077C E848FD                      call select_bank
  1166                                  .same_bank:
  1167 0000077F E2F1                        loop .pixel
  1168 00000781 660FB706[FA09]              movzx eax, word [hud_pitch]
  1169 00000787 660106[F609]                add [hud_work_addr], eax
  1170 0000078C 4D                          dec bp
  1171 0000078D 75D0                        jnz .row
  1172 0000078F 07                          pop es
  1173 00000790 6661                        popad
  1174 00000792 C3                          ret
  1175                                  
  1176                                  copy_to_vram:
  1177 00000793 6660                        pushad
  1178 00000795 06                          push es
  1179 00000796 FC                          cld
  1180 00000797 B800A0                      mov ax, 0xa000
  1181 0000079A 8EC0                        mov es, ax
  1182 0000079C BD0A00                      mov bp, 10
  1183                                  .row:
  1184 0000079F 66A1[F609]                  mov eax, [hud_work_addr]
  1185 000007A3 6689C3                      mov ebx, eax
  1186 000007A6 66C1EB10                    shr ebx, 16
  1187 000007AA 89C7                        mov di, ax
  1188 000007AC E818FD                      call select_bank
  1189 000007AF B94000                      mov cx, 64
  1190                                  .pixel:
  1191 000007B2 AC                          lodsb
  1192 000007B3 268805                      mov [es:di], al
  1193 000007B6 47                          inc di
  1194 000007B7 7504                        jnz .same_bank
  1195 000007B9 43                          inc bx
  1196 000007BA E80AFD                      call select_bank
  1197                                  .same_bank:
  1198 000007BD E2F3                        loop .pixel
  1199 000007BF 660FB706[FA09]              movzx eax, word [hud_pitch]
  1200 000007C5 660106[F609]                add [hud_work_addr], eax
  1201 000007CA 4D                          dec bp
  1202 000007CB 75D2                        jnz .row
  1203 000007CD 07                          pop es
  1204 000007CE 6661                        popad
  1205 000007D0 C3                          ret
  1206                                  
  1207                                  render_hud:
  1208 000007D1 6660                        pushad
  1209 000007D3 06                          push es
  1210 000007D4 1E                          push ds
  1211 000007D5 07                          pop es
  1212 000007D6 FC                          cld
  1213 000007D7 BF[F00D]                    mov di, hud_canvas
  1214 000007DA B98002                      mov cx, 64 * 10
  1215 000007DD 30C0                        xor al, al
  1216 000007DF F3AA                        rep stosb
  1217 000007E1 A1[EF09]                    mov ax, [hud_fps10]
  1218 000007E4 BB0A00                      mov bx, 10
  1219                                  %if PAN_STYLE = 0
  1220                                      xor dx, dx
  1221                                      div bx
  1222                                      add dl, 4
  1223                                      mov [hud_text+7], dl          ; ones
  1224                                      xor dx, dx
  1225                                      div bx
  1226                                      add dl, 4
  1227                                      mov [hud_text+6], dl          ; tens
  1228                                      xor dx, dx
  1229                                      div bx
  1230                                      add dl, 4
  1231                                      mov [hud_text+5], dl          ; hundreds
  1232                                      add al, 4
  1233                                      mov [hud_text+4], al          ; thousands
  1234                                      mov byte [hud_text+8], 15     ; blank when running without VSYNC wait
  1235                                      cmp byte [vsync_enabled], 0
  1236                                      je .mode_ready
  1237                                      mov byte [hud_text+8], 2      ; S marks synchronized BitBLT
  1238                                  .mode_ready:
  1239                                  %else
  1240 000007E7 31D2                        xor dx, dx
  1241 000007E9 F7F3                        div bx
  1242 000007EB 80C204                      add dl, 4
  1243 000007EE 8816[060A]                  mov [hud_text+8], dl          ; tenths
  1244 000007F2 31D2                        xor dx, dx
  1245 000007F4 F7F3                        div bx
  1246 000007F6 80C204                      add dl, 4
  1247 000007F9 8816[040A]                  mov [hud_text+6], dl          ; ones
  1248 000007FD 31D2                        xor dx, dx
  1249 000007FF F7F3                        div bx
  1250 00000801 80C204                      add dl, 4
  1251 00000804 8816[030A]                  mov [hud_text+5], dl          ; tens
  1252 00000808 0404                        add al, 4
  1253 0000080A A2[020A]                    mov [hud_text+4], al          ; hundreds
  1254                                  %endif
  1255 0000080D C706[FC09][310E]            mov word [hud_char_base], hud_canvas + 65
  1256 00000813 31DB                        xor bx, bx
  1257                                  .char:
  1258                                  %if PAN_STYLE = 0
  1259                                      cmp bx, 8
  1260                                      jne .glyph
  1261                                      add word [hud_char_base], 3    ; visible gap before the optional S
  1262                                  .glyph:
  1263                                  %endif
  1264 00000815 8A87[FE09]                  mov al, [hud_text+bx]
  1265 00000819 B107                        mov cl, 7
  1266 0000081B F6E1                        mul cl
  1267 0000081D BE[070A]                    mov si, hud_glyphs
  1268 00000820 01C6                        add si, ax
  1269 00000822 8B3E[FC09]                  mov di, [hud_char_base]
  1270 00000826 BD0700                      mov bp, 7
  1271                                  .row:
  1272 00000829 8A14                        mov dl, [si]
  1273 0000082B B90500                      mov cx, 5
  1274                                  .bit:
  1275 0000082E F6C210                      test dl, 0x10
  1276 00000831 7403                        jz .skip
  1277 00000833 C6054A                      mov byte [di], PROGRESS_COLOR
  1278                                  .skip:
  1279 00000836 D0E2                        shl dl, 1
  1280 00000838 47                          inc di
  1281 00000839 E2F3                        loop .bit
  1282 0000083B 46                          inc si
  1283 0000083C 83C73B                      add di, 59
  1284 0000083F 4D                          dec bp
  1285 00000840 75E7                        jnz .row
  1286 00000842 8306[FC09]06                add word [hud_char_base], 6
  1287 00000847 43                          inc bx
  1288                                  %if PAN_STYLE = 0
  1289                                      cmp bx, 9
  1290                                  %else
  1291 00000848 83FB09                      cmp bx, 9
  1292                                  %endif
  1293 0000084B 72C8                        jb .char
  1294 0000084D 07                          pop es
  1295 0000084E 6661                        popad
  1296 00000850 C3                          ret
  1297                                  
  1298                                  %if PAN_STYLE = 2
  1299                                  ; CPU-only comparison: read each 640-byte row through the banked A000
  1300                                  ; window into conventional RAM, switch banks, then write the display row.
  1301                                  cpu_blit:
  1302 00000851 6660                        pushad
  1303 00000853 06                          push es
  1304 00000854 660FB706[D809]              movzx eax, word [pan_y]
  1305 0000085A 6669C0C0030000              imul eax, eax, SOURCE_W
  1306 00000861 660FB71E[D609]              movzx ebx, word [pan_x]
  1307 00000867 6601D8                      add eax, ebx
  1308 0000086A 660500B00400                add eax, SOURCE_BASE
  1309 00000870 66A3[8893]                  mov [cpu_src_addr], eax
  1310 00000874 66C706[8C93]000000-         mov dword [cpu_dst_addr], 0
  1310 0000087C 00                 
  1311 0000087D BDE001                      mov bp, SCREEN_H
  1312                                  .row:
  1313 00000880 B800A0                      mov ax, 0xa000
  1314 00000883 8EC0                        mov es, ax
  1315 00000885 66A1[8893]                  mov eax, [cpu_src_addr]
  1316 00000889 6689C3                      mov ebx, eax
  1317 0000088C 66C1EB10                    shr ebx, 16
  1318 00000890 89C7                        mov di, ax
  1319 00000892 E832FC                      call select_bank
  1320 00000895 BE[8813]                    mov si, image_page
  1321 00000898 B98002                      mov cx, SCREEN_W
  1322                                  .read:
  1323 0000089B 268A05                      mov al, [es:di]
  1324 0000089E 8804                        mov [si], al
  1325 000008A0 46                          inc si
  1326 000008A1 47                          inc di
  1327 000008A2 7504                        jnz .read_same_bank
  1328 000008A4 43                          inc bx
  1329 000008A5 E81FFC                      call select_bank
  1330                                  .read_same_bank:
  1331 000008A8 E2F1                        loop .read
  1332                                  
  1333 000008AA 66A1[8C93]                  mov eax, [cpu_dst_addr]
  1334 000008AE 6689C3                      mov ebx, eax
  1335 000008B1 66C1EB10                    shr ebx, 16
  1336 000008B5 89C7                        mov di, ax
  1337 000008B7 E80DFC                      call select_bank
  1338 000008BA BE[8813]                    mov si, image_page
  1339 000008BD B98002                      mov cx, SCREEN_W
  1340 000008C0 FC                          cld
  1341                                  .write:
  1342 000008C1 AC                          lodsb
  1343 000008C2 268805                      mov [es:di], al
  1344 000008C5 47                          inc di
  1345 000008C6 7504                        jnz .write_same_bank
  1346 000008C8 43                          inc bx
  1347 000008C9 E8FBFB                      call select_bank
  1348                                  .write_same_bank:
  1349 000008CC E2F3                        loop .write
  1350 000008CE 668106[8893]C00300-         add dword [cpu_src_addr], SOURCE_W
  1350 000008D6 00                 
  1351 000008D7 668106[8C93]800200-         add dword [cpu_dst_addr], SCREEN_W
  1351 000008DF 00                 
  1352 000008E0 4D                          dec bp
  1353 000008E1 759D                        jnz .row
  1354 000008E3 07                          pop es
  1355 000008E4 6661                        popad
  1356 000008E6 C3                          ret
  1357                                  %endif
  1358                                  
  1359                                  full_blit:
  1360 000008E7 E84D00                      call wait_cp
  1361 000008EA 7229                        jc .failed
  1362 000008EC 26C70670000000              mov word [es:0x70], 0
  1363 000008F3 26C70672000000              mov word [es:0x72], 0
  1364 000008FA 26C70678000000              mov word [es:0x78], 0
  1365 00000901 26C7067A000000              mov word [es:0x7a], 0
  1366 00000908 2666C7067C00008021-         mov dword [es:0x7c], BLT_OP
  1366 00000911 A8                 
  1367 00000912 E82200                      call wait_cp
  1368                                  .failed:
  1369 00000915 C3                          ret
  1370                                  
  1371                                  ; A small guest-written marker establishes that DOS reached a completed BLT.
  1372                                  ; Visual correctness still requires an emulator screenshot or user inspection.
  1373                                  log_first_blit:
  1374 00000916 B43C                        mov ah, 0x3c
  1375 00000918 31C9                        xor cx, cx
  1376 0000091A BA[4A94]                    mov dx, log_name
  1377 0000091D CD21                        int 0x21
  1378 0000091F 7215                        jc .done
  1379 00000921 89C3                        mov bx, ax
  1380 00000923 B440                        mov ah, 0x40
  1381 00000925 B93200                      mov cx, log_end-log_text
  1382 00000928 BA[A094]                    mov dx, log_text
  1383 0000092B CD21                        int 0x21
  1384 0000092D B43E                        mov ah, 0x3e
  1385 0000092F CD21                        int 0x21
  1386 00000931 A1[C809]                    mov ax, [cp_seg]
  1387 00000934 8EC0                        mov es, ax
  1388                                  .done:
  1389 00000936 C3                          ret
  1390                                  
  1391                                  wait_cp:
  1392 00000937 51                          push cx
  1393 00000938 52                          push dx
  1394 00000939 BA4000                      mov dx, 64
  1395                                  .outer:
  1396 0000093C B9FFFF                      mov cx, 0xffff
  1397                                  .inner:
  1398 0000093F 813E[C109]DA8F              cmp word [card_id], 0x8fda
  1399 00000945 740A                        je .xga2
  1400 00000947 26F606110080                test byte [es:0x11], 0x80
  1401 0000094D 7413                        jz .done
  1402 0000094F EB08                        jmp .retry
  1403                                  .xga2:
  1404 00000951 26F606090080                test byte [es:0x09], 0x80
  1405 00000957 7409                        jz .done
  1406                                  .retry:
  1407 00000959 E2E4                        loop .inner
  1408 0000095B 4A                          dec dx
  1409 0000095C 75DE                        jnz .outer
  1410 0000095E 5A                          pop dx
  1411 0000095F 59                          pop cx
  1412 00000960 F9                          stc
  1413 00000961 C3                          ret
  1414                                  .done:
  1415 00000962 5A                          pop dx
  1416 00000963 59                          pop cx
  1417 00000964 F8                          clc
  1418 00000965 C3                          ret
  1419                                  
  1420                                  restore_mode:
  1421 00000966 803E[BE09]00                cmp byte [mode_active], 0
  1422 0000096B 744F                        je .done
  1423 0000096D 8B16[C609]                  mov dx, [io_base]
  1424 00000971 83C20A                      add dx, 0x0a
  1425 00000974 B83600                      mov ax, 0x0036                  ; disable hardware sprite
  1426 00000977 EF                          out dx, ax
  1427 00000978 8B16[C609]                  mov dx, [io_base]
  1428 0000097C 42                          inc dx
  1429 0000097D 30C0                        xor al, al
  1430 0000097F EE                          out dx, al
  1431 00000980 8B16[C609]                  mov dx, [io_base]
  1432 00000984 83C20A                      add dx, 0x0a
  1433 00000987 B864FF                      mov ax, 0xff64
  1434 0000098A EF                          out dx, ax
  1435 0000098B B85015                      mov ax, 0x1550
  1436 0000098E EF                          out dx, ax
  1437 0000098F B85014                      mov ax, 0x1450
  1438 00000992 EF                          out dx, ax
  1439 00000993 B85100                      mov ax, 0x0051
  1440 00000996 EF                          out dx, ax
  1441 00000997 B85404                      mov ax, 0x0454
  1442 0000099A EF                          out dx, ax
  1443 0000099B B8707F                      mov ax, 0x7f70
  1444 0000099E EF                          out dx, ax
  1445 0000099F B82A20                      mov ax, 0x202a
  1446 000009A2 EF                          out dx, ax
  1447 000009A3 8B16[C609]                  mov dx, [io_base]
  1448 000009A7 B001                        mov al, 1
  1449 000009A9 EE                          out dx, al
  1450 000009AA BAC303                      mov dx, 0x3c3
  1451 000009AD EE                          out dx, al
  1452 000009AE B80212                      mov ax, 0x1202
  1453 000009B1 B330                        mov bl, 0x30
  1454 000009B3 CD10                        int 0x10
  1455 000009B5 30E4                        xor ah, ah
  1456 000009B7 A0[BD09]                    mov al, [old_mode]
  1457 000009BA CD10                        int 0x10
  1458                                  .done:
  1459 000009BC C3                          ret
  1460                                  
  1461 000009BD 03                      old_mode db 3
  1462 000009BE 00                      mode_active db 0
  1463 000009BF 0000                    pos_base dw 0
  1464 000009C1 0000                    card_id dw 0
  1465 000009C3 00                      pos1 db 0
  1466 000009C4 00                      pos3 db 0
  1467 000009C5 00                      pos4 db 0
  1468 000009C6 0000                    io_base dw 0
  1469 000009C8 0000                    cp_seg dw 0
  1470 000009CA 00000000                aperture dd 0
  1471 000009CE 00000000                cp_aperture dd 0
  1472 000009D2 0000                    row dw 0
  1473 000009D4 0000                    col dw 0
  1474 000009D6 0000                    pan_x dw 0
  1475 000009D8 0000                    pan_y dw 0
  1476 000009DA 0000                    motion_origin dw 0
  1477 000009DC 00                      motion_phase db 0
  1478 000009DD 0000                    motion_frame_count dw 0
  1479 000009DF 8000                    motion_step_frames dw 128
  1480                                  %if PAN_STYLE != 2
  1481                                  fps_raw10 dd 0
  1482                                  %endif
  1483 000009E1 00                      key_poll_div db 0
  1484                                  %if PAN_STYLE = 0
  1485                                  vsync_enabled db 0
  1486                                  %endif
  1487                                  %if PAN_STYLE != 2
  1488                                  fps_measured db 0
  1489                                  %endif
  1490 000009E2 FFFF                    hud_last_fps dw 0xffff
  1491 000009E4 00                      fps_started db 0
  1492 000009E5 00000000                fps_start dd 0
  1493 000009E9 00000000                fps_now dd 0
  1494 000009ED 0000                    hud_frames dw 0
  1495 000009EF 0000                    hud_fps10 dw 0
  1496 000009F1 00                      hud_active db 0
  1497 000009F2 00000000                hud_old_addr dd 0
  1498 000009F6 00000000                hud_work_addr dd 0
  1499 000009FA C003                    hud_pitch dw SOURCE_W
  1500 000009FC 0000                    hud_char_base dw 0
  1501                                  %if PAN_STYLE = 0
  1502                                  hud_text db 0, 1, 2, 3, 4, 4, 4, 4, 15 ; FPS:0000 [S]
  1503                                  %else
  1504 000009FE 000102030404040E04      hud_text db 0, 1, 2, 3, 4, 4, 4, 14, 4 ; FPS:000.0
  1505                                  %endif
  1506                                  ; Five-bit rows for F, P, S, colon, digits 0..9, and dot.
  1507                                  hud_glyphs:
  1508 00000A07 1F10101E101010              db 0x1f,0x10,0x10,0x1e,0x10,0x10,0x10
  1509 00000A0E 1E11111E101010              db 0x1e,0x11,0x11,0x1e,0x10,0x10,0x10
  1510 00000A15 0F10100E01011E              db 0x0f,0x10,0x10,0x0e,0x01,0x01,0x1e
  1511 00000A1C 00040400040400              db 0x00,0x04,0x04,0x00,0x04,0x04,0x00
  1512 00000A23 0E11131519110E              db 0x0e,0x11,0x13,0x15,0x19,0x11,0x0e
  1513 00000A2A 040C040404040E              db 0x04,0x0c,0x04,0x04,0x04,0x04,0x0e
  1514 00000A31 0E11010204081F              db 0x0e,0x11,0x01,0x02,0x04,0x08,0x1f
  1515 00000A38 1E01010E01011E              db 0x1e,0x01,0x01,0x0e,0x01,0x01,0x1e
  1516 00000A3F 02060A121F0202              db 0x02,0x06,0x0a,0x12,0x1f,0x02,0x02
  1517 00000A46 1F10101E01011E              db 0x1f,0x10,0x10,0x1e,0x01,0x01,0x1e
  1518 00000A4D 0E10101E11110E              db 0x0e,0x10,0x10,0x1e,0x11,0x11,0x0e
  1519 00000A54 1F010204080808              db 0x1f,0x01,0x02,0x04,0x08,0x08,0x08
  1520 00000A5B 0E11110E11110E              db 0x0e,0x11,0x11,0x0e,0x11,0x11,0x0e
  1521 00000A62 0E11110F01010E              db 0x0e,0x11,0x11,0x0f,0x01,0x01,0x0e
  1522 00000A69 00000000000404              db 0x00,0x00,0x00,0x00,0x00,0x04,0x04
  1523                                  %if PAN_STYLE = 0
  1524                                      times 7 db 0                      ; blank glyph 15
  1525                                  %endif
  1526                                  ; Exact 256-step, 0..100 sine curve from PC1-Labs demo5a.asm.
  1527                                  sine_table:
  1528 00000A70 323334353738393A3B-         db 50, 51, 52, 53, 55, 56, 57, 58, 59, 61, 62, 63, 64, 65, 66, 68
  1528 00000A79 3D3E3F40414244     
  1529 00000A80 45464748494A4B4C4D-         db 69, 70, 71, 72, 73, 74, 75, 76, 77, 78, 79, 80, 81, 82, 83, 84
  1529 00000A89 4E4F5051525354     
  1530 00000A90 54555657575859595A-         db 84, 85, 86, 87, 87, 88, 89, 89, 90, 90, 91, 91, 92, 92, 93, 93
  1530 00000A99 5A5B5B5C5C5D5D     
  1531 00000AA0 5E5E5E5F5F5F606060-         db 94, 94, 94, 95, 95, 95, 96, 96, 96, 96, 97, 97, 97, 97, 97, 97
  1531 00000AA9 60616161616161     
  1532 00000AB0 616161616161616160-         db 97, 97, 97, 97, 97, 97, 97, 97, 96, 96, 96, 96, 95, 95, 95, 94
  1532 00000AB9 6060605F5F5F5E     
  1533 00000AC0 5E5E5D5D5C5C5B5B5A-         db 94, 94, 93, 93, 92, 92, 91, 91, 90, 90, 89, 89, 88, 87, 87, 86
  1533 00000AC9 5A595958575756     
  1534 00000AD0 555454535251504F4E-         db 85, 84, 84, 83, 82, 81, 80, 79, 78, 77, 76, 75, 74, 73, 72, 71
  1534 00000AD9 4D4C4B4A494847     
  1535 00000AE0 4645444241403F3E3D-         db 70, 69, 68, 66, 65, 64, 63, 62, 61, 59, 58, 57, 56, 55, 53, 52
  1535 00000AE9 3B3A3938373534     
  1536 00000AF0 3231302F2D2C2B2A29-         db 50, 49, 48, 47, 45, 44, 43, 42, 41, 39, 38, 37, 36, 35, 34, 32
  1536 00000AF9 27262524232220     
  1537 00000B00 1F1E1D1C1B1A191817-         db 31, 30, 29, 28, 27, 26, 25, 24, 23, 22, 21, 20, 19, 18, 17, 16
  1537 00000B09 16151413121110     
  1538 00000B10 100F0E0D0D0C0B0B0A-         db 16, 15, 14, 13, 13, 12, 11, 11, 10, 10,  9,  9,  8,  8,  7,  7
  1538 00000B19 0A090908080707     
  1539 00000B20 060606050505040404-         db  6,  6,  6,  5,  5,  5,  4,  4,  4,  4,  3,  3,  3,  3,  3,  3
  1539 00000B29 04030303030303     
  1540 00000B30 030303030303030304-         db  3,  3,  3,  3,  3,  3,  3,  3,  4,  4,  4,  4,  5,  5,  5,  6
  1540 00000B39 04040405050506     
  1541 00000B40 06060707080809090A-         db  6,  6,  7,  7,  8,  8,  9,  9, 10, 10, 11, 11, 12, 13, 13, 14
  1541 00000B49 0A0B0B0C0D0D0E     
  1542 00000B50 0F1010111213141516-         db 15, 16, 16, 17, 18, 19, 20, 21, 22, 23, 24, 25, 26, 27, 28, 29
  1542 00000B59 1718191A1B1C1D     
  1543 00000B60 1E1F20222324252627-         db 30, 31, 32, 34, 35, 36, 37, 38, 39, 41, 42, 43, 44, 45, 47, 48
  1543 00000B69 292A2B2C2D2F30     
  1544 00000B70 00<rep 280h>            hud_saved times 64 * 10 db 0
  1545 00000DF0 00<rep 280h>            hud_canvas times 64 * 10 db 0
  1546                                  %if TEST_MODE = 3
  1547 00001070 445245414D532E4441-     image_name db 'DREAMS.DAT', 0
  1547 00001079 5400               
  1548 0000107B 0000                    image_handle dw 0
  1549 0000107D 0400                    load_bank dw 4
  1550 0000107F 00B0                    load_offset dw 0xb000
  1551 00001081 0000                    loaded_pages dw 0
  1552 00001083 0000                    chunk_pages dw 0
  1553 00001085 0000                    chunk_bytes dw 0
  1554 00001087 <bin 300h>              image_palette incbin "bin/DREAMS.DAT", 0, 768
  1555 00001387 90                      align 2
  1556 00001388 00<rep 8000h>           image_page times 32768 db 0
  1557                                  %endif
  1558                                  %if PAN_STYLE = 2
  1559 00009388 00000000                cpu_src_addr dd 0
  1560 0000938C 00000000                cpu_dst_addr dd 0
  1561                                  %endif
  1562 00009390 447265616D73205847-     msg_start db 'Dreams XGA Flight', 13, 10, '$'
  1562 00009399 4120466C696768740D-
  1562 000093A2 0A24               
  1563 000093A4 5847412D312F584741-     msg_no_xga db 'XGA-1/XGA-2 not found on MCA.', 13, 10, '$'
  1563 000093AD 2D32206E6F7420666F-
  1563 000093B6 756E64206F6E204D43-
  1563 000093BF 412E0D0A24         
  1564 000093C4 4E6F20584741203120-     msg_no_aperture db 'No XGA 1 MB or 4 MB aperture in POS.', 13, 10, '$'
  1564 000093CD 4D42206F722034204D-
  1564 000093D6 422061706572747572-
  1564 000093DF 6520696E20504F532E-
  1564 000093E8 0D0A24             
  1565 000093EB 50616E6F72616D6120-     msg_no_vram db 'Panorama needs 1 MB XGA VRAM.', 13, 10, '$'
  1565 000093F4 6E656564732031204D-
  1565 000093FD 422058474120565241-
  1565 00009406 4D2E0D0A24         
  1566 0000940B 445245414D532E4441-     msg_image_error db 'DREAMS.DAT missing or incomplete.', 13, 10, '$'
  1566 00009414 54206D697373696E67-
  1566 0000941D 206F7220696E636F6D-
  1566 00009426 706C6574652E0D0A24 
  1567 0000942F 58474120636F70726F-     msg_cp_timeout db 'XGA coprocessor timeout.', 13, 10, '$'
  1567 00009438 636573736F72207469-
  1567 00009441 6D656F75742E0D0A24 
  1568 0000944A 5847414F4B2E545854-     log_name db 'XGAOK.TXT', 0
  1568 00009453 00                 
  1569 00009454 584741424F4F542E54-     log_boot_name db 'XGABOOT.TXT', 0
  1569 0000945D 585400             
  1570 00009460 5847414445542E5458-     log_detect_name db 'XGADET.TXT', 0
  1570 00009469 5400               
  1571 0000946B 5847414D4F44452E54-     log_mode_name db 'XGAMODE.TXT', 0
  1571 00009474 585400             
  1572 00009477 4E4F5847412E545854-     log_xga_error db 'NOXGA.TXT', 0
  1572 00009480 00                 
  1573 00009481 4E4F415045522E5458-     log_ap_error db 'NOAPER.TXT', 0
  1573 0000948A 5400               
  1574 0000948C 4E4F5652414D2E5458-     log_vram_error db 'NOVRAM.TXT', 0
  1574 00009495 5400               
  1575 00009497 4E4F43502E54585400      log_cp_error db 'NOCP.TXT', 0
  1576 000094A0 584741206D6F64652C-     log_text db 'XGA mode, maps, and first BLT command completed.', 13, 10
  1576 000094A9 206D6170732C20616E-
  1576 000094B2 642066697273742042-
  1576 000094BB 4C5420636F6D6D616E-
  1576 000094C4 6420636F6D706C6574-
  1576 000094CD 65642E0D0A         
  1577                                  log_end:
  1578                                  
  1579                                  %include "xga_mode_640.inc"
     1                              <1> ; Generated from XGA Toolkit/XGAKIT.ASM by build_mode_table.py.
     2                              <1> ; Entries: I/O offset, register index (0 for direct), value.
     3                              <1> mode_table:
     4 000094D2 040000              <1>     db 0x04, 0x00, 0x00
     5 000094D5 0500FF              <1>     db 0x05, 0x00, 0xff
     6 000094D8 000004              <1>     db 0x00, 0x00, 0x04
     7 000094DB 0A6400              <1>     db 0x0a, 0x64, 0x00
     8 000094DE 010001              <1>     db 0x01, 0x00, 0x01
     9 000094E1 080000              <1>     db 0x08, 0x00, 0x00
    10 000094E4 060000              <1>     db 0x06, 0x00, 0x00
    11 000094E7 090003              <1>     db 0x09, 0x00, 0x03
    12 000094EA 0A5001              <1>     db 0x0a, 0x50, 0x01
    13 000094ED 0A5000              <1>     db 0x0a, 0x50, 0x00
    14 000094F0 0A1063              <1>     db 0x0a, 0x10, 0x63
    15 000094F3 0A1100              <1>     db 0x0a, 0x11, 0x00
    16 000094F6 0A124F              <1>     db 0x0a, 0x12, 0x4f
    17 000094F9 0A1300              <1>     db 0x0a, 0x13, 0x00
    18 000094FC 0A144F              <1>     db 0x0a, 0x14, 0x4f
    19 000094FF 0A1500              <1>     db 0x0a, 0x15, 0x00
    20 00009502 0A1663              <1>     db 0x0a, 0x16, 0x63
    21 00009505 0A1700              <1>     db 0x0a, 0x17, 0x00
    22 00009508 0A1855              <1>     db 0x0a, 0x18, 0x55
    23 0000950B 0A1900              <1>     db 0x0a, 0x19, 0x00
    24 0000950E 0A1A61              <1>     db 0x0a, 0x1a, 0x61
    25 00009511 0A1B00              <1>     db 0x0a, 0x1b, 0x00
    26 00009514 0A1C00              <1>     db 0x0a, 0x1c, 0x00
    27 00009517 0A1E00              <1>     db 0x0a, 0x1e, 0x00
    28 0000951A 0A200C              <1>     db 0x0a, 0x20, 0x0c
    29 0000951D 0A2102              <1>     db 0x0a, 0x21, 0x02
    30 00009520 0A22DF              <1>     db 0x0a, 0x22, 0xdf
    31 00009523 0A2301              <1>     db 0x0a, 0x23, 0x01
    32 00009526 0A24DF              <1>     db 0x0a, 0x24, 0xdf
    33 00009529 0A2501              <1>     db 0x0a, 0x25, 0x01
    34 0000952C 0A260C              <1>     db 0x0a, 0x26, 0x0c
    35 0000952F 0A2702              <1>     db 0x0a, 0x27, 0x02
    36 00009532 0A28EA              <1>     db 0x0a, 0x28, 0xea
    37 00009535 0A2901              <1>     db 0x0a, 0x29, 0x01
    38 00009538 0A2AEC              <1>     db 0x0a, 0x2a, 0xec
    39 0000953B 0A2CFF              <1>     db 0x0a, 0x2c, 0xff
    40 0000953E 0A2DFF              <1>     db 0x0a, 0x2d, 0xff
    41 00009541 0A3600              <1>     db 0x0a, 0x36, 0x00
    42 00009544 0A4000              <1>     db 0x0a, 0x40, 0x00
    43 00009547 0A4100              <1>     db 0x0a, 0x41, 0x00
    44 0000954A 0A4200              <1>     db 0x0a, 0x42, 0x00
    45 0000954D 0A4350              <1>     db 0x0a, 0x43, 0x50
    46 00009550 0A4400              <1>     db 0x0a, 0x44, 0x00
    47 00009553 0A5400              <1>     db 0x0a, 0x54, 0x00
    48 00009556 0A5103              <1>     db 0x0a, 0x51, 0x03
    49 00009559 0A7000              <1>     db 0x0a, 0x70, 0x00
    50 0000955C 0A50C7              <1>     db 0x0a, 0x50, 0xc7
    51 0000955F 0A5500              <1>     db 0x0a, 0x55, 0x00
    52 00009562 0A6000              <1>     db 0x0a, 0x60, 0x00
    53 00009565 0A6100              <1>     db 0x0a, 0x61, 0x00
    54 00009568 0A6200              <1>     db 0x0a, 0x62, 0x00
    55 0000956B 0A6300              <1>     db 0x0a, 0x63, 0x00
    56 0000956E 0A64FF              <1>     db 0x0a, 0x64, 0xff
    57 00009571 FF0000              <1>     db 0xff, 0, 0
