     1                                  ; Dreams XGA panorama and throughput comparison - IBM PS/2 MCA XGA-1.
     2                                  ; Build: python prepare_dreams.py, then NASM with PAN_STYLE 1/0/2.
     3                                  ; TEST_MODE=1/2 retain the original gradient and small BitBLT diagnostics.
     4                                  ; Register/mode sources: XGAKIT.ASM, MINI/XGA.INC, NT xgaregs.h/xga.h.
     5                                  
     6                                  cpu 386
     7                                  bits 16
     8                                  org 0x100
     9                                  
    10                                  %ifndef TEST_MODE
    11                                  %define TEST_MODE 3
    12                                  %endif
    13                                  %ifndef PAN_STYLE
    14                                  %define PAN_STYLE 1                 ; 1 = scanout, 0 = BitBLT, 2 = CPU copy
    15                                  %endif
    16                                  
    17                                  SCREEN_W equ 640
    18                                  SCREEN_H equ 480
    19                                  SOURCE_W equ 960
    20                                  SOURCE_H equ 640
    21                                  SOURCE_BASE equ SCREEN_W * SCREEN_H       ; 0x4b000
    22                                  SOURCE_PAGES equ SOURCE_W * SOURCE_H / 4096
    23                                  PAN_MAX_X equ SOURCE_W - SCREEN_W
    24                                  PAN_MAX_Y equ SOURCE_H - SCREEN_H
    25                                  PAN_X_AMPLITUDE equ 96
    26                                  PAN_Y_AMPLITUDE equ 48
    27                                  BLT_OP equ 0xA8218000                    ; source map B -> dest A, SRC_COPY
    28                                  %if TEST_MODE = 3
    29                                  %include "dreams_asset.inc"
     1                              <1> ; Generated from Dreams.bmp by prepare_dreams.py
     2                              <1> IMAGE_CRC equ 0x7bcec598
     3                              <1> PROGRESS_COLOR equ 74
     4                              <1> IMAGE_FIRST equ 0
     5                              <1> IMAGE_MIDDLE equ 14
     6                              <1> IMAGE_LAST equ 0
    30                                  PROGRESS_BASE equ 236 * SCREEN_W + 168 - 2 * 65536
    31                                  %else
    32                                  PROGRESS_COLOR equ 255
    33                                  %endif
    34                                  
    35                                  start:
    36 00000000 0E                          push cs
    37 00000001 1F                          pop ds
    38 00000002 B40F                        mov ah, 0x0f
    39 00000004 CD10                        int 0x10
    40 00000006 A2[1D0A]                    mov [old_mode], al
    41 00000009 BA[B094]                    mov dx, log_boot_name
    42 0000000C E8DE00                      call touch_file
    43 0000000F BA[EC93]                    mov dx, msg_start
    44 00000012 E8D300                      call puts
    45 00000015 E8E400                      call detect_xga
    46 00000018 0F82BB00                    jc .no_xga
    47 0000001C BA[BC94]                    mov dx, log_detect_name
    48 0000001F E8CB00                      call touch_file
    49 00000022 66833E[2A0A]00              cmp dword [aperture], 0
    50 00000028 0F84A000                    je .no_aperture
    51 0000002C E8CB01                      call set_xga_mode
    52 0000002F C606[1E0A]01                mov byte [mode_active], 1
    53 00000034 BA[C794]                    mov dx, log_mode_name
    54 00000037 E8B300                      call touch_file
    55                                  %if TEST_MODE != 1 && TEST_MODE != 3
    56                                      call probe_vram
    57                                      jc .no_vram
    58                                  %endif
    59 0000003A E8C003                      call set_palette
    60                                  %if TEST_MODE = 1
    61                                      call fill_screen
    62                                      jmp .wait_key
    63                                  %else
    64                                  %if TEST_MODE = 3
    65 0000003D E8D002                      call check_image_cache
    66 00000040 7315                        jnc .image_ready
    67 00000042 E8DF01                      call probe_vram
    68 00000045 726F                        jc .no_vram
    69 00000047 E83103                      call progress_init
    70 0000004A E81202                      call open_image
    71 0000004D 7275                        jc .image_error
    72 0000004F E83402                      call load_image
    73 00000052 7270                        jc .image_error
    74 00000054 E80403                      call mark_image_cache
    75                                  .image_ready:
    76                                  %else
    77                                      call fill_source
    78                                  %endif
    79 00000057 E84906                      call init_motion
    80 0000005A E88F04                      call setup_maps
    81                                  %if TEST_MODE = 2
    82                                      mov word [es:0x60], 127
    83                                      mov word [es:0x62], 127
    84                                      mov word [es:0x70], 80
    85                                      mov word [es:0x72], 80
    86                                      mov word [es:0x78], 256
    87                                      mov word [es:0x7a], 176
    88                                      mov dword [es:0x7c], BLT_OP
    89                                      call wait_cp
    90                                      jc .cp_timeout
    91                                      jmp .wait_key
    92                                  %else
    93 0000005D 26C70660007F02              mov word [es:0x60], SCREEN_W-1
    94 00000064 26C7066200DF01              mov word [es:0x62], SCREEN_H-1
    95                                  %if PAN_STYLE = 2
    96                                      call cpu_blit
    97                                  %else
    98 0000006B E8D908                      call full_blit
    99 0000006E 7238                        jc .cp_timeout
   100 00000070 E80309                      call log_first_blit
   101                                  %endif
   102                                  %if PAN_STYLE = 1
   103 00000073 E8F004                      call configure_scanout
   104                                  %endif
   105 00000076 E80005                      call setup_sprite_hud
   106                                  .frame:
   107                                  %if PAN_STYLE = 0
   108                                      ; The previous iteration waited for completion after its BitBLT.
   109                                      cmp byte [vsync_enabled], 0
   110                                      je .copy_now
   111                                      call wait_vsync
   112                                      jc .sync_failed
   113                                      call advance_motion             ; one sine step per observed refresh
   114                                      jmp .copy_now
   115                                  .sync_failed:
   116                                      mov byte [vsync_enabled], 0    ; status bit did not toggle
   117                                      mov word [hud_last_fps], 0xffff
   118                                      call update_sprite_hud
   119                                  .copy_now:
   120                                      mov ax, [pan_x]
   121                                      mov [es:0x70], ax
   122                                      mov ax, [pan_y]
   123                                      mov [es:0x72], ax
   124                                      mov word [es:0x78], 0
   125                                      mov word [es:0x7a], 0
   126                                      mov dword [es:0x7c], BLT_OP
   127                                      call wait_cp
   128                                      jc .cp_timeout
   129                                      call update_fps
   130                                  %elif PAN_STYLE = 2
   131                                      call cpu_blit
   132                                      call update_fps
   133                                  %else
   134 00000079 E8B605                      call set_view
   135 0000007C E8AB06                      call update_fps
   136 0000007F E8F205                      call refresh_source_pages
   137                                  %endif
   138                                  %if PAN_STYLE != 2
   139 00000082 FE06[450A]                  inc byte [key_poll_div]
   140 00000086 F606[450A]07                test byte [key_poll_div], 7     ; BIOS keyboard call every eighth fast frame
   141 0000008B 750E                        jnz .animate
   142                                  %endif
   143 0000008D B401                        mov ah, 1
   144 0000008F CD16                        int 0x16
   145 00000091 7408                        jz .animate
   146 00000093 30E4                        xor ah, ah
   147 00000095 CD16                        int 0x16
   148 00000097 3C1B                        cmp al, 27
   149 00000099 7405                        je .wait_key
   150                                  %if PAN_STYLE = 0
   151                                      cmp al, 's'
   152                                      je .toggle_sync
   153                                      cmp al, 'S'
   154                                      jne .animate
   155                                  .toggle_sync:
   156                                      xor byte [vsync_enabled], 1
   157                                      mov byte [fps_started], 0
   158                                      mov byte [fps_measured], 0
   159                                      mov word [hud_frames], 0
   160                                      mov word [hud_fps10], 0
   161                                      mov word [hud_last_fps], 0xffff
   162                                      mov word [motion_frame_count], 0
   163                                      mov word [motion_step_frames], 128
   164                                      call update_sprite_hud
   165                                  %endif
   166                                  .animate:
   167 0000009B E82606                      call update_motion
   168 0000009E EBD9                        jmp .frame
   169                                  %endif
   170                                  %endif
   171                                  .wait_key:
   172                                  %if TEST_MODE != 3
   173                                      xor ah, ah
   174                                      int 0x16
   175                                      cmp al, 27
   176                                      jne .wait_key
   177                                  %endif
   178 000000A0 E82309                      call restore_mode
   179 000000A3 B8004C                      mov ax, 0x4c00
   180 000000A6 CD21                        int 0x21
   181                                  .cp_timeout:
   182 000000A8 E81B09                      call restore_mode
   183 000000AB BA[F394]                    mov dx, log_cp_error
   184 000000AE E83C00                      call touch_file
   185 000000B1 BA[8B94]                    mov dx, msg_cp_timeout
   186 000000B4 EB2A                        jmp .error
   187                                  .no_vram:
   188 000000B6 E80D09                      call restore_mode
   189 000000B9 BA[E894]                    mov dx, log_vram_error
   190 000000BC E82E00                      call touch_file
   191 000000BF BA[4794]                    mov dx, msg_no_vram
   192 000000C2 EB1C                        jmp .error
   193                                  .image_error:
   194 000000C4 E8FF08                      call restore_mode
   195 000000C7 BA[6794]                    mov dx, msg_image_error
   196 000000CA EB14                        jmp .error
   197                                  .no_aperture:
   198 000000CC BA[DD94]                    mov dx, log_ap_error
   199 000000CF E81B00                      call touch_file
   200 000000D2 BA[2094]                    mov dx, msg_no_aperture
   201 000000D5 EB09                        jmp .error
   202                                  .no_xga:
   203 000000D7 BA[D394]                    mov dx, log_xga_error
   204 000000DA E81000                      call touch_file
   205 000000DD BA[0094]                    mov dx, msg_no_xga
   206                                  .error:
   207 000000E0 E80500                      call puts
   208 000000E3 B8014C                      mov ax, 0x4c01
   209 000000E6 CD21                        int 0x21
   210                                  
   211                                  puts:
   212 000000E8 B409                        mov ah, 9
   213 000000EA CD21                        int 0x21
   214 000000EC C3                          ret
   215                                  
   216                                  touch_file:
   217 000000ED B43C                        mov ah, 0x3c
   218 000000EF 31C9                        xor cx, cx
   219 000000F1 CD21                        int 0x21
   220 000000F3 7206                        jc .done
   221 000000F5 89C3                        mov bx, ax
   222 000000F7 B43E                        mov ah, 0x3e
   223 000000F9 CD21                        int 0x21
   224                                  .done:
   225 000000FB C3                          ret
   226                                  
   227                                  ; BIOS MCA POS enumeration; slot 0 is motherboard, 1..8 are expansion slots.
   228                                  detect_xga:
   229 000000FC B800C4                      mov ax, 0xc400
   230 000000FF CD15                        int 0x15
   231 00000101 7263                        jc .fail
   232 00000103 8916[1F0A]                  mov [pos_base], dx
   233 00000107 31C9                        xor cx, cx
   234                                  .slot:
   235 00000109 51                          push cx
   236 0000010A FA                          cli
   237 0000010B 09C9                        or cx, cx
   238 0000010D 7506                        jnz .select_slot
   239 0000010F B0DF                        mov al, 0xdf
   240 00000111 E694                        out 0x94, al
   241 00000113 EB09                        jmp .read_pos
   242                                  .select_slot:
   243 00000115 89CB                        mov bx, cx
   244 00000117 B801C4                      mov ax, 0xc401
   245 0000011A CD15                        int 0x15
   246 0000011C 721D                        jc .deselect
   247                                  .read_pos:
   248 0000011E 8B16[1F0A]                  mov dx, [pos_base]
   249 00000122 ED                          in ax, dx
   250 00000123 A3[210A]                    mov [card_id], ax
   251 00000126 83C202                      add dx, 2                      ; POS byte 1
   252 00000129 EC                          in al, dx
   253 0000012A A2[230A]                    mov [pos1], al
   254 0000012D 83C202                      add dx, 2                      ; POS byte 3 is at base + 4
   255 00000130 EC                          in al, dx
   256 00000131 A2[240A]                    mov [pos3], al
   257 00000134 42                          inc dx                         ; POS byte 4 is at base + 5
   258 00000135 EC                          in al, dx
   259 00000136 240F                        and al, 0x0f
   260 00000138 A2[250A]                    mov [pos4], al
   261                                  .deselect:
   262 0000013B 59                          pop cx
   263 0000013C 09C9                        or cx, cx
   264 0000013E 7506                        jnz .normal_slot
   265 00000140 B0FF                        mov al, 0xff
   266 00000142 E694                        out 0x94, al
   267 00000144 EB09                        jmp .compare
   268                                  .normal_slot:
   269 00000146 51                          push cx
   270 00000147 89CB                        mov bx, cx
   271 00000149 B802C4                      mov ax, 0xc402
   272 0000014C CD15                        int 0x15
   273 0000014E 59                          pop cx
   274                                  .compare:
   275 0000014F FB                          sti
   276 00000150 813E[210A]DB8F              cmp word [card_id], 0x8fdb
   277 00000156 7410                        je .found
   278 00000158 813E[210A]DA8F              cmp word [card_id], 0x8fda
   279 0000015E 7408                        je .found
   280 00000160 41                          inc cx
   281 00000161 83F909                      cmp cx, 9
   282 00000164 76A3                        jbe .slot
   283                                  .fail:
   284 00000166 F9                          stc
   285 00000167 C3                          ret
   286                                  .found:
   287                                      ; io = 0x2100 + ((POS1 & 0x0e) << 3)
   288 00000168 31C0                        xor ax, ax
   289 0000016A A0[230A]                    mov al, [pos1]
   290 0000016D 240E                        and al, 0x0e
   291 0000016F C1E003                      shl ax, 3
   292 00000172 050021                      add ax, 0x2100
   293 00000175 A3[260A]                    mov [io_base], ax
   294                                      ; ROM = 0xc0000 + ((POS1 >> 4) * 0x2000).
   295                                      ; CP MMIO = ROM + 0x1c00 + (((POS1 & 0x0e)>>1) * 0x80).
   296 00000178 6631C0                      xor eax, eax
   297 0000017B A0[230A]                    mov al, [pos1]
   298 0000017E C0E804                      shr al, 4
   299 00000181 66C1E00D                    shl eax, 13
   300 00000185 6605001C0C00                add eax, 0xc1c00
   301 0000018B 6631DB                      xor ebx, ebx
   302 0000018E 8A1E[230A]                  mov bl, [pos1]
   303 00000192 80E30E                      and bl, 0x0e
   304 00000195 66C1E306                    shl ebx, 6
   305 00000199 6601D8                      add eax, ebx
   306 0000019C 66C1E804                    shr eax, 4
   307 000001A0 A3[280A]                    mov [cp_seg], ax
   308                                      ; 1 MB aperture physical address from POS4. Fall back to the 4 MB
   309                                      ; aperture from POS3 when the 1 MB aperture is disabled.
   310 000001A3 6631C0                      xor eax, eax
   311 000001A6 A0[250A]                    mov al, [pos4]
   312 000001A9 66C1E014                    shl eax, 20
   313 000001AD 6609C0                      or eax, eax
   314 000001B0 7521                        jnz .ap_ready
   315 000001B2 F606[240A]01                test byte [pos3], 1
   316 000001B7 741A                        jz .ap_ready
   317 000001B9 A0[240A]                    mov al, [pos3]
   318 000001BC 24FE                        and al, 0xfe
   319 000001BE 66C1E018                    shl eax, 24
   320 000001C2 6631DB                      xor ebx, ebx
   321 000001C5 8A1E[230A]                  mov bl, [pos1]
   322 000001C9 80E30E                      and bl, 0x0e
   323 000001CC 66C1E315                    shl ebx, 21
   324 000001D0 6601D8                      add eax, ebx
   325                                  .ap_ready:
   326 000001D3 66A3[2A0A]                  mov [aperture], eax
   327                                      ; 86Box's XGA coprocessor resolves VRAM pixel maps against the 4 MB
   328                                      ; aperture base, even when the CPU is using the banked 64 KB window.
   329                                      ; This is the address decoded from POS3 plus the XGA instance number.
   330 000001D7 6631C0                      xor eax, eax
   331 000001DA A0[240A]                    mov al, [pos3]
   332 000001DD 24FE                        and al, 0xfe
   333 000001DF 66C1E018                    shl eax, 24
   334 000001E3 6631DB                      xor ebx, ebx
   335 000001E6 8A1E[230A]                  mov bl, [pos1]
   336 000001EA 80E30E                      and bl, 0x0e
   337 000001ED 66C1E315                    shl ebx, 21
   338 000001F1 6601D8                      add eax, ebx
   339 000001F4 66A3[2E0A]                  mov [cp_aperture], eax
   340 000001F8 F8                          clc
   341 000001F9 C3                          ret
   342                                  
   343                                  set_xga_mode:
   344 000001FA BAC303                      mov dx, 0x3c3
   345 000001FD B001                        mov al, 1
   346 000001FF EE                          out dx, al
   347 00000200 BE[2E95]                    mov si, mode_table
   348                                  .next:
   349 00000203 AC                          lodsb
   350 00000204 3CFF                        cmp al, 0xff
   351 00000206 741B                        je .done
   352 00000208 88C3                        mov bl, al
   353 0000020A 30E4                        xor ah, ah
   354 0000020C 8B16[260A]                  mov dx, [io_base]
   355 00000210 01C2                        add dx, ax
   356 00000212 AC                          lodsb
   357 00000213 8A24                        mov ah, [si]
   358 00000215 46                          inc si
   359 00000216 80FB0A                      cmp bl, 0x0a
   360 00000219 7405                        je .indexed
   361 0000021B 88E0                        mov al, ah
   362 0000021D EE                          out dx, al
   363 0000021E EBE3                        jmp .next
   364                                  .indexed:
   365 00000220 EF                          out dx, ax
   366 00000221 EBE0                        jmp .next
   367                                  .done:
   368 00000223 C3                          ret
   369                                  
   370                                  ; Probe two banks separated by 512 KB; a 512 KB card may mirror page 12.
   371                                  probe_vram:
   372 00000224 8B16[260A]                  mov dx, [io_base]
   373 00000228 83C208                      add dx, 8
   374 0000022B B800A0                      mov ax, 0xa000
   375 0000022E 8EC0                        mov es, ax
   376 00000230 B004                        mov al, 4
   377 00000232 EE                          out dx, al
   378 00000233 26C606000055                mov byte [es:0], 0x55
   379 00000239 B00C                        mov al, 12
   380 0000023B EE                          out dx, al
   381 0000023C 26C6060000A5                mov byte [es:0], 0xa5
   382 00000242 26803E0000A5                cmp byte [es:0], 0xa5
   383 00000248 7510                        jne .fail
   384 0000024A B004                        mov al, 4
   385 0000024C EE                          out dx, al
   386 0000024D 26803E000055                cmp byte [es:0], 0x55
   387 00000253 7505                        jne .fail
   388 00000255 30C0                        xor al, al
   389 00000257 EE                          out dx, al
   390 00000258 F8                          clc
   391 00000259 C3                          ret
   392                                  .fail:
   393 0000025A 30C0                        xor al, al
   394 0000025C EE                          out dx, al
   395 0000025D F9                          stc
   396 0000025E C3                          ret
   397                                  
   398                                  ; XGA palette port: index at I/O+0x0a, RGB stream at I/O+0x0b.
   399                                  %if TEST_MODE = 3
   400                                  open_image:
   401 0000025F B8003D                      mov ax, 0x3d00
   402 00000262 BA[D510]                    mov dx, image_name
   403 00000265 CD21                        int 0x21
   404 00000267 721B                        jc .fail
   405 00000269 A3[E010]                    mov [image_handle], ax
   406 0000026C 89C3                        mov bx, ax
   407 0000026E B80042                      mov ax, 0x4200                 ; palette is embedded in the COM
   408 00000271 31C9                        xor cx, cx
   409 00000273 BA0003                      mov dx, 768
   410 00000276 CD21                        int 0x21
   411 00000278 7202                        jc .close_fail
   412 0000027A F8                          clc
   413 0000027B C3                          ret
   414                                  .close_fail:
   415 0000027C 8B1E[E010]                  mov bx, [image_handle]
   416 00000280 B43E                        mov ah, 0x3e
   417 00000282 CD21                        int 0x21
   418                                  .fail:
   419 00000284 F9                          stc
   420 00000285 C3                          ret
   421                                  
   422                                  ; Read up to 32 KB at a time, then copy aligned 4 KB pages to banked VRAM.
   423                                  ; This reduces DOS file reads from 150 to 19 without changing disk format.
   424                                  load_image:
   425 00000286 C706[E210]0400              mov word [load_bank], 4
   426 0000028C C706[E410]00B0              mov word [load_offset], 0xb000
   427 00000292 C706[E610]0000              mov word [loaded_pages], 0
   428 00000298 BD9600                      mov bp, SOURCE_PAGES
   429                                  .read_chunk:
   430 0000029B 89E8                        mov ax, bp
   431 0000029D 83F808                      cmp ax, 8
   432 000002A0 7603                        jbe .chunk_size_ready
   433 000002A2 B80800                      mov ax, 8
   434                                  .chunk_size_ready:
   435 000002A5 A3[E810]                    mov [chunk_pages], ax
   436 000002A8 C1E00C                      shl ax, 12
   437 000002AB A3[EA10]                    mov [chunk_bytes], ax
   438 000002AE 8B1E[E010]                  mov bx, [image_handle]
   439 000002B2 B43F                        mov ah, 0x3f
   440 000002B4 8B0E[EA10]                  mov cx, [chunk_bytes]
   441 000002B8 BA[EC13]                    mov dx, image_page
   442 000002BB CD21                        int 0x21
   443 000002BD 7247                        jc .fail
   444 000002BF 3B06[EA10]                  cmp ax, [chunk_bytes]
   445 000002C3 7541                        jne .fail
   446 000002C5 BE[EC13]                    mov si, image_page
   447                                  .page:
   448 000002C8 B800A0                      mov ax, 0xa000
   449 000002CB 8EC0                        mov es, ax
   450 000002CD 8B1E[E210]                  mov bx, [load_bank]
   451 000002D1 E80902                      call select_bank
   452 000002D4 8B3E[E410]                  mov di, [load_offset]
   453 000002D8 B90008                      mov cx, 2048
   454 000002DB FC                          cld
   455 000002DC F3A5                        rep movsw
   456 000002DE 8106[E410]0010              add word [load_offset], 4096
   457 000002E4 7504                        jnz .next
   458 000002E6 FF06[E210]                  inc word [load_bank]
   459                                  .next:
   460 000002EA FF06[E610]                  inc word [loaded_pages]
   461 000002EE E8DC00                      call progress_update
   462 000002F1 4D                          dec bp
   463 000002F2 FF0E[E810]                  dec word [chunk_pages]
   464 000002F6 75D0                        jnz .page
   465 000002F8 09ED                        or bp, bp
   466 000002FA 759F                        jnz .read_chunk
   467 000002FC 8B1E[E010]                  mov bx, [image_handle]
   468 00000300 B43E                        mov ah, 0x3e
   469 00000302 CD21                        int 0x21
   470 00000304 F8                          clc
   471 00000305 C3                          ret
   472                                  .fail:
   473 00000306 8B1E[E010]                  mov bx, [image_handle]
   474 0000030A B43E                        mov ah, 0x3e
   475 0000030C CD21                        int 0x21
   476 0000030E F9                          stc
   477 0000030F C3                          ret
   478                                  
   479                                  ; Unused VRAM starts at 0xe1000. The marker is written only after a
   480                                  ; complete load, and identifies the exact quantized source image.
   481                                  check_image_cache:
   482 00000310 B800A0                      mov ax, 0xa000
   483 00000313 8EC0                        mov es, ax
   484 00000315 BB0E00                      mov bx, 14
   485 00000318 E8C201                      call select_bank
   486 0000031B 2666813E0020445847-         cmp dword [es:0x2000], 0x42475844  ; "DXGB", loader/sprite revision
   486 00000324 42                 
   487 00000325 7532                        jne .miss
   488 00000327 2666813E042098C5CE-         cmp dword [es:0x2004], IMAGE_CRC
   488 00000330 7B                 
   489 00000331 7526                        jne .miss
   490 00000333 26803EFF0F00                cmp byte [es:0x0fff], IMAGE_LAST
   491 00000339 751E                        jne .miss
   492 0000033B BB0900                      mov bx, 9
   493 0000033E E89C01                      call select_bank
   494 00000341 26803E00600E                cmp byte [es:0x6000], IMAGE_MIDDLE
   495 00000347 7510                        jne .miss
   496 00000349 BB0400                      mov bx, 4
   497 0000034C E88E01                      call select_bank
   498 0000034F 26803E00B000                cmp byte [es:0xb000], IMAGE_FIRST
   499 00000355 7502                        jne .miss
   500 00000357 F8                          clc
   501 00000358 C3                          ret
   502                                  .miss:
   503 00000359 F9                          stc
   504 0000035A C3                          ret
   505                                  
   506                                  mark_image_cache:
   507 0000035B B800A0                      mov ax, 0xa000
   508 0000035E 8EC0                        mov es, ax
   509 00000360 BB0E00                      mov bx, 14
   510 00000363 E87701                      call select_bank
   511 00000366 2666C7060020445847-         mov dword [es:0x2000], 0x42475844
   511 0000036F 42                 
   512 00000370 2666C706042098C5CE-         mov dword [es:0x2004], IMAGE_CRC
   512 00000379 7B                 
   513 0000037A C3                          ret
   514                                  
   515                                  ; Draw a PC1-BMP-inspired loading indicator in the XGA framebuffer.
   516                                  ; The advancing strip represents 150 transferred 4 KB source pages.
   517                                  progress_init:
   518 0000037B B800A0                      mov ax, 0xa000
   519 0000037E 8EC0                        mov es, ax
   520 00000380 FC                          cld
   521 00000381 31DB                        xor bx, bx
   522 00000383 BD0400                      mov bp, 4
   523 00000386 31C0                        xor ax, ax
   524                                  .bank:
   525 00000388 E85201                      call select_bank
   526 0000038B 31FF                        xor di, di
   527 0000038D B90080                      mov cx, 32768
   528 00000390 F3AB                        rep stosw
   529 00000392 43                          inc bx
   530 00000393 4D                          dec bp
   531 00000394 75F2                        jnz .bank
   532 00000396 E84401                      call select_bank               ; bank 4, only display bytes
   533 00000399 31FF                        xor di, di
   534 0000039B B90058                      mov cx, (SCREEN_W * SCREEN_H - 4 * 65536) / 2
   535 0000039E F3AB                        rep stosw
   536 000003A0 BB0200                      mov bx, 2
   537 000003A3 E83701                      call select_bank
   538 000003A6 B04A                        mov al, PROGRESS_COLOR
   539 000003A8 BFA84E                      mov di, PROGRESS_BASE
   540 000003AB B93001                      mov cx, 304
   541 000003AE F3AA                        rep stosb
   542 000003B0 BF286A                      mov di, PROGRESS_BASE + 11 * SCREEN_W
   543 000003B3 B93001                      mov cx, 304
   544 000003B6 F3AA                        rep stosb
   545 000003B8 BF2851                      mov di, PROGRESS_BASE + SCREEN_W
   546 000003BB B90A00                      mov cx, 10
   547                                  .sides:
   548 000003BE 268805                      mov [es:di], al
   549 000003C1 2688852F01                  mov [es:di+303], al
   550 000003C6 81C78002                    add di, SCREEN_W
   551 000003CA E2F2                        loop .sides
   552 000003CC C3                          ret
   553                                  
   554                                  progress_update:
   555 000003CD 50                          push ax
   556 000003CE 53                          push bx
   557 000003CF 51                          push cx
   558 000003D0 57                          push di
   559 000003D1 06                          push es
   560 000003D2 B800A0                      mov ax, 0xa000
   561 000003D5 8EC0                        mov es, ax
   562 000003D7 BB0200                      mov bx, 2
   563 000003DA E80001                      call select_bank
   564 000003DD A1[E610]                    mov ax, [loaded_pages]
   565 000003E0 48                          dec ax
   566 000003E1 D1E0                        shl ax, 1
   567 000003E3 05AA53                      add ax, PROGRESS_BASE + 2 * SCREEN_W + 2
   568 000003E6 89C7                        mov di, ax
   569 000003E8 B84A4A                      mov ax, PROGRESS_COLOR * 257
   570 000003EB B90800                      mov cx, 8
   571                                  .row:
   572 000003EE 268905                      mov [es:di], ax
   573 000003F1 81C78002                    add di, SCREEN_W
   574 000003F5 E2F7                        loop .row
   575 000003F7 07                          pop es
   576 000003F8 5F                          pop di
   577 000003F9 59                          pop cx
   578 000003FA 5B                          pop bx
   579 000003FB 58                          pop ax
   580 000003FC C3                          ret
   581                                  %endif
   582                                  
   583                                  set_palette:
   584 000003FD 8B16[260A]                  mov dx, [io_base]
   585 00000401 83C20A                      add dx, 0x0a
   586 00000404 B86400                      mov ax, 0x0064
   587 00000407 EF                          out dx, ax
   588 00000408 B86600                      mov ax, 0x0066
   589 0000040B EF                          out dx, ax
   590 0000040C B86000                      mov ax, 0x0060
   591 0000040F EF                          out dx, ax
   592 00000410 B86100                      mov ax, 0x0061
   593 00000413 EF                          out dx, ax
   594 00000414 B065                        mov al, 0x65
   595 00000416 EE                          out dx, al
   596 00000417 42                          inc dx
   597                                  %if TEST_MODE = 3
   598 00000418 BE[EC10]                    mov si, image_palette
   599 0000041B B90003                      mov cx, 768
   600                                  .color:
   601 0000041E AC                          lodsb
   602 0000041F EE                          out dx, al
   603 00000420 E2FC                        loop .color
   604                                  %else
   605                                      xor bx, bx
   606                                  .color:
   607                                      ; RRRGGGBB -> three 8-bit DAC components.
   608                                      mov ax, bx
   609                                      and al, 0xe0
   610                                      out dx, al
   611                                      mov ax, bx
   612                                      and al, 0x1c
   613                                      shl al, 3
   614                                      out dx, al
   615                                      mov ax, bx
   616                                      and al, 3
   617                                      shl al, 6
   618                                      out dx, al
   619                                      inc bx
   620                                      cmp bx, 256
   621                                      jb .color
   622                                  %endif
   623 00000422 4A                          dec dx
   624 00000423 B864FF                      mov ax, 0xff64
   625 00000426 EF                          out dx, ax
   626 00000427 C3                          ret
   627                                  
   628                                  ; On stage 1, fill visible screen by CPU solely to verify mode and banking.
   629                                  fill_screen:
   630 00000428 B800A0                      mov ax, 0xa000
   631 0000042B 8EC0                        mov es, ax
   632 0000042D 31FF                        xor di, di
   633 0000042F 31DB                        xor bx, bx
   634 00000431 C706[320A]0000              mov word [row], 0
   635                                  .row:
   636 00000437 B98002                      mov cx, SCREEN_W
   637 0000043A A0[320A]                    mov al, [row]
   638                                  .pixel:
   639 0000043D 268805                      mov [es:di], al
   640 00000440 47                          inc di
   641 00000441 7504                        jnz .no_wrap
   642 00000443 43                          inc bx
   643 00000444 E89600                      call select_bank
   644                                  .no_wrap:
   645 00000447 E2F4                        loop .pixel
   646 00000449 FF06[320A]                  inc word [row]
   647 0000044D 813E[320A]E001              cmp word [row], SCREEN_H
   648 00000453 72E2                        jb .row
   649 00000455 C3                          ret
   650                                  
   651                                  ; Source is 800*800 bytes at offset 307200 in 1 MB of VRAM.
   652                                  ; CPU loads the image once through the 64 KB banked A000 window.
   653                                  fill_source:
   654 00000456 B800A0                      mov ax, 0xa000
   655 00000459 8EC0                        mov es, ax
   656 0000045B BB0400                      mov bx, 4
   657 0000045E E87C00                      call select_bank
   658 00000461 BF00B0                      mov di, 0xb000
   659 00000464 C706[320A]0000              mov word [row], 0
   660                                  .row:
   661 0000046A C706[340A]0000              mov word [col], 0
   662                                  .pixel:
   663 00000470 A1[320A]                    mov ax, [row]
   664 00000473 3DF000                      cmp ax, 240
   665 00000476 7309                        jae .ground
   666 00000478 C1E804                      shr ax, 4
   667 0000047B 241C                        and al, 0x1c
   668 0000047D 0C03                        or al, 3
   669 0000047F EB27                        jmp .grid
   670                                  .ground:
   671 00000481 A1[340A]                    mov ax, [col]
   672 00000484 83E07F                      and ax, 127
   673 00000487 D1E8                        shr ax, 1
   674 00000489 05F000                      add ax, 240
   675 0000048C 3906[320A]                  cmp [row], ax
   676 00000490 720C                        jb .mountain
   677 00000492 A1[320A]                    mov ax, [row]
   678 00000495 C1E805                      shr ax, 5
   679 00000498 241C                        and al, 0x1c
   680 0000049A 0C84                        or al, 0x84
   681 0000049C EB0A                        jmp .grid
   682                                  .mountain:
   683 0000049E A1[340A]                    mov ax, [col]
   684 000004A1 C1E804                      shr ax, 4
   685 000004A4 241C                        and al, 0x1c
   686 000004A6 0CA0                        or al, 0xa0
   687                                  .grid:
   688 000004A8 F706[340A]3F00              test word [col], 63
   689 000004AE 7408                        jz .line
   690 000004B0 F706[320A]3F00              test word [row], 63
   691 000004B6 7502                        jnz .store
   692                                  .line:
   693 000004B8 B0FF                        mov al, 0xff
   694                                  .store:
   695 000004BA 268805                      mov [es:di], al
   696 000004BD 47                          inc di
   697 000004BE 7504                        jnz .bank_ok
   698 000004C0 43                          inc bx
   699 000004C1 E81900                      call select_bank
   700                                  .bank_ok:
   701 000004C4 FF06[340A]                  inc word [col]
   702 000004C8 813E[340A]C003              cmp word [col], SOURCE_W
   703 000004CE 72A0                        jb .pixel
   704 000004D0 FF06[320A]                  inc word [row]
   705 000004D4 813E[320A]8002              cmp word [row], SOURCE_H
   706 000004DA 728E                        jb .row
   707 000004DC C3                          ret
   708                                  
   709                                  select_bank:
   710 000004DD 50                          push ax
   711 000004DE 52                          push dx
   712 000004DF 8B16[260A]                  mov dx, [io_base]
   713 000004E3 83C208                      add dx, 8
   714 000004E6 89D8                        mov ax, bx
   715 000004E8 EE                          out dx, al
   716 000004E9 5A                          pop dx
   717 000004EA 58                          pop ax
   718 000004EB C3                          ret
   719                                  
   720                                  setup_maps:
   721 000004EC A1[280A]                    mov ax, [cp_seg]
   722 000004EF 8EC0                        mov es, ax
   723 000004F1 26C606110000                mov byte [es:0x11], 0
   724 000004F7 26C606120001                mov byte [es:0x12], 1            ; destination map A
   725 000004FD 66A1[2E0A]                  mov eax, [cp_aperture]
   726 00000501 2666A31400                  mov [es:0x14], eax
   727 00000506 26C70618007F02              mov word [es:0x18], SCREEN_W-1
   728 0000050D 26C7061A00DF01              mov word [es:0x1a], SCREEN_H-1
   729 00000514 26C6061C0003                mov byte [es:0x1c], 3
   730 0000051A 26C606120002                mov byte [es:0x12], 2            ; off-screen source map B
   731 00000520 660500B00400                add eax, SOURCE_BASE
   732 00000526 2666A31400                  mov [es:0x14], eax
   733 0000052B 26C7061800BF03              mov word [es:0x18], SOURCE_W-1
   734 00000532 26C7061A007F02              mov word [es:0x1a], SOURCE_H-1
   735 00000539 26C6061C0003                mov byte [es:0x1c], 3
   736 0000053F 26C6064A0004                mov byte [es:0x4a], 4            ; color compare disabled
   737 00000545 2666C7065000FF0000-         mov dword [es:0x50], 0xff
   737 0000054E 00                 
   738 0000054F 2666C7065400FF0000-         mov dword [es:0x54], 0xff
   738 00000558 00                 
   739 00000559 26C606480003                mov byte [es:0x48], 3            ; XGA_S
   740 0000055F 26C606490003                mov byte [es:0x49], 3
   741 00000565 C3                          ret
   742                                  
   743                                  %if PAN_STYLE = 1
   744                                  ; Scan the 960-pixel-wide source image directly. XGA display start is in
   745                                  ; dwords, and display pitch is expressed in units of eight pixels.
   746                                  configure_scanout:
   747 00000566 8B16[260A]                  mov dx, [io_base]
   748 0000056A 83C20A                      add dx, 0x0a
   749 0000056D B84378                      mov ax, 0x7843                  ; 960 / 8 pixels per scan line
   750 00000570 EF                          out dx, ax
   751 00000571 B84400                      mov ax, 0x0044
   752 00000574 EF                          out dx, ax
   753 00000575 E8BA00                      call set_view
   754 00000578 C3                          ret
   755                                  
   756                                  %endif
   757                                  
   758                                  ; XGA's 64x64 hardware sprite is independent of the scanned framebuffer.
   759                                  ; These register values and sprite-data writes reproduce DREAMS.COM from
   760                                  ; dreams_xga_20260926_193007.img, the version the user verified in 86Box.
   761                                  setup_sprite_hud:
   762 00000579 6660                        pushad
   763 0000057B 8B16[260A]                  mov dx, [io_base]
   764 0000057F 83C20A                      add dx, 0x0a
   765 00000582 B83008                      mov ax, 0x0830                  ; sprite X = 8
   766 00000585 EF                          out dx, ax
   767 00000586 B83100                      mov ax, 0x0031
   768 00000589 EF                          out dx, ax
   769 0000058A B83200                      mov ax, 0x0032                  ; X hotspot = 0
   770 0000058D EF                          out dx, ax
   771 0000058E B83308                      mov ax, 0x0833                  ; sprite Y = 8
   772 00000591 EF                          out dx, ax
   773 00000592 B83400                      mov ax, 0x0034
   774 00000595 EF                          out dx, ax
   775 00000596 B83500                      mov ax, 0x0035                  ; Y hotspot = 0
   776 00000599 EF                          out dx, ax
   777 0000059A B83800                      mov ax, 0x0038                  ; sprite color 0 = black
   778 0000059D EF                          out dx, ax
   779 0000059E B83900                      mov ax, 0x0039
   780 000005A1 EF                          out dx, ax
   781 000005A2 B83A00                      mov ax, 0x003a
   782 000005A5 EF                          out dx, ax
   783 000005A6 B83BFF                      mov ax, 0xff3b                  ; sprite color 1 = white
   784 000005A9 EF                          out dx, ax
   785 000005AA B83CFF                      mov ax, 0xff3c
   786 000005AD EF                          out dx, ax
   787 000005AE B83DFF                      mov ax, 0xff3d
   788 000005B1 EF                          out dx, ax
   789 000005B2 B86000                      mov ax, 0x0060                  ; sprite data position = 0
   790 000005B5 EF                          out dx, ax
   791 000005B6 B86100                      mov ax, 0x0061
   792 000005B9 EF                          out dx, ax
   793 000005BA B06A                        mov al, 0x6a                  ; sprite data stream register
   794 000005BC EE                          out dx, al
   795 000005BD 42                          inc dx
   796 000005BE B0AA                        mov al, 0xaa                  ; four transparent 2-bit pixels
   797 000005C0 B90004                      mov cx, 1024
   798                                  .clear:
   799 000005C3 EE                          out dx, al
   800 000005C4 E2FD                        loop .clear
   801 000005C6 C706[470A]FFFF              mov word [hud_last_fps], 0xffff
   802 000005CC E80E00                      call update_sprite_hud
   803 000005CF 8B16[260A]                  mov dx, [io_base]
   804 000005D3 83C20A                      add dx, 0x0a
   805 000005D6 B83601                      mov ax, 0x0136                  ; enable hardware sprite
   806 000005D9 EF                          out dx, ax
   807 000005DA 6661                        popad
   808 000005DC C3                          ret
   809                                  
   810                                  update_sprite_hud:
   811 000005DD 6660                        pushad
   812 000005DF A1[540A]                    mov ax, [hud_fps10]
   813 000005E2 3B06[470A]                  cmp ax, [hud_last_fps]
   814 000005E6 7447                        je .done
   815 000005E8 A3[470A]                    mov [hud_last_fps], ax
   816 000005EB E8D902                      call render_hud
   817 000005EE 8B16[260A]                  mov dx, [io_base]
   818 000005F2 83C20A                      add dx, 0x0a
   819 000005F5 B86000                      mov ax, 0x0060
   820 000005F8 EF                          out dx, ax
   821 000005F9 B86100                      mov ax, 0x0061
   822 000005FC EF                          out dx, ax
   823 000005FD B06A                        mov al, 0x6a
   824 000005FF EE                          out dx, al
   825 00000600 42                          inc dx
   826 00000601 BE[550E]                    mov si, hud_canvas
   827 00000604 BDA000                      mov bp, 64 * 10 / 4
   828                                  .group:
   829 00000607 B0AA                        mov al, 0xaa
   830 00000609 803C00                      cmp byte [si], 0
   831 0000060C 7402                        je .pixel1
   832 0000060E 3403                        xor al, 0x03
   833                                  .pixel1:
   834 00000610 807C0100                    cmp byte [si+1], 0
   835 00000614 7402                        je .pixel2
   836 00000616 340C                        xor al, 0x0c
   837                                  .pixel2:
   838 00000618 807C0200                    cmp byte [si+2], 0
   839 0000061C 7402                        je .pixel3
   840 0000061E 3430                        xor al, 0x30
   841                                  .pixel3:
   842 00000620 807C0300                    cmp byte [si+3], 0
   843 00000624 7402                        je .write
   844 00000626 34C0                        xor al, 0xc0
   845                                  .write:
   846 00000628 EE                          out dx, al
   847 00000629 83C604                      add si, 4
   848 0000062C 4D                          dec bp
   849 0000062D 75D8                        jnz .group
   850                                  .done:
   851 0000062F 6661                        popad
   852 00000631 C3                          ret
   853                                  
   854                                  %if PAN_STYLE = 1
   855                                  set_view:
   856 00000632 660FB706[380A]              movzx eax, word [pan_y]
   857 00000638 6669C0C0030000              imul eax, eax, SOURCE_W
   858 0000063F 660FB71E[360A]              movzx ebx, word [pan_x]
   859 00000645 6601D8                      add eax, ebx
   860 00000648 660500B00400                add eax, SOURCE_BASE
   861 0000064E 66C1E802                    shr eax, 2
   862 00000652 6689C3                      mov ebx, eax
   863 00000655 8B16[260A]                  mov dx, [io_base]
   864 00000659 83C20A                      add dx, 0x0a
   865 0000065C 88DC                        mov ah, bl
   866 0000065E B040                        mov al, 0x40
   867 00000660 EF                          out dx, ax
   868 00000661 66C1EB08                    shr ebx, 8
   869 00000665 88DC                        mov ah, bl
   870 00000667 B041                        mov al, 0x41
   871 00000669 EF                          out dx, ax
   872 0000066A 66C1EB08                    shr ebx, 8
   873 0000066E 88DC                        mov ah, bl
   874 00000670 B042                        mov al, 0x42                  ; latches start address in 86Box
   875 00000672 EF                          out dx, ax
   876 00000673 C3                          ret
   877                                  
   878                                  ; 86Box skips unmodified VRAM pages during scanout. Rewriting one unchanged
   879                                  ; byte per 4 KB page marks the source image for redraw after a start change.
   880                                  refresh_source_pages:
   881 00000674 50                          push ax
   882 00000675 53                          push bx
   883 00000676 56                          push si
   884 00000677 55                          push bp
   885 00000678 06                          push es
   886 00000679 B800A0                      mov ax, 0xa000
   887 0000067C 8EC0                        mov es, ax
   888 0000067E BB0400                      mov bx, 4
   889 00000681 E859FE                      call select_bank
   890 00000684 BE00B0                      mov si, 0xb000
   891 00000687 BD9600                      mov bp, SOURCE_PAGES          ; pages 0x4b000 through 0xe0000
   892                                  .page:
   893 0000068A 268A04                      mov al, [es:si]
   894 0000068D 268804                      mov [es:si], al
   895 00000690 81C60010                    add si, 4096
   896 00000694 7504                        jnz .next
   897 00000696 43                          inc bx
   898 00000697 E843FE                      call select_bank
   899                                  .next:
   900 0000069A 4D                          dec bp
   901 0000069B 75ED                        jnz .page
   902 0000069D 07                          pop es
   903 0000069E 5D                          pop bp
   904 0000069F 5E                          pop si
   905 000006A0 5B                          pop bx
   906 000006A1 58                          pop ax
   907 000006A2 C3                          ret
   908                                  %endif
   909                                  
   910                                  ; Follow demo5a.asm's two-axis sine/Lissajous path. Fast unsynchronized modes
   911                                  ; divide their completed frames by the measured rate for about 60 motion steps
   912                                  ; per second. This never waits for retrace or throttles the BitBLT benchmark.
   913                                  ; S mode advances after its explicit retrace wait. Slow DCPU uses BIOS ticks.
   914                                  init_motion:
   915 000006A3 6660                        pushad
   916 000006A5 06                          push es
   917 000006A6 30E4                        xor ah, ah
   918 000006A8 CD1A                        int 0x1a
   919 000006AA 8916[3A0A]                  mov [motion_origin], dx
   920 000006AE 8916[4E0A]                  mov [fps_now], dx
   921 000006B2 C606[3C0A]00                mov byte [motion_phase], 0
   922 000006B7 C706[3D0A]0000              mov word [motion_frame_count], 0
   923 000006BD 07                          pop es
   924 000006BE 6661                        popad
   925 000006C0 E82400                      call compute_motion
   926 000006C3 C3                          ret
   927                                  
   928                                  update_motion:
   929 000006C4 6660                        pushad
   930                                  %if PAN_STYLE = 2
   931                                      mov ax, [fps_now]
   932                                      sub ax, [motion_origin]
   933                                      mov bx, 3                       ; ~55 sine steps/s from 18.2 Hz ticks
   934                                      mul bx
   935                                      cmp al, [motion_phase]
   936                                      je .done
   937                                      mov [motion_phase], al
   938                                      call compute_motion
   939                                  %else
   940                                  %if PAN_STYLE = 0
   941                                      cmp byte [vsync_enabled], 0
   942                                      jne .done                       ; wait_vsync already advanced this frame
   943                                  %endif
   944 000006C6 FF06[3D0A]                  inc word [motion_frame_count]
   945 000006CA A1[3D0A]                    mov ax, [motion_frame_count]
   946 000006CD 3B06[3F0A]                  cmp ax, [motion_step_frames]
   947 000006D1 7209                        jb .done
   948 000006D3 C706[3D0A]0000              mov word [motion_frame_count], 0
   949 000006D9 E80300                      call advance_motion
   950                                  %endif
   951                                  .done:
   952 000006DC 6661                        popad
   953 000006DE C3                          ret
   954                                  
   955                                  advance_motion:
   956 000006DF FE06[3C0A]                  inc byte [motion_phase]
   957 000006E3 E80100                      call compute_motion
   958 000006E6 C3                          ret
   959                                  
   960                                  compute_motion:
   961 000006E7 6660                        pushad
   962 000006E9 A0[3C0A]                    mov al, [motion_phase]
   963 000006EC 0FB6F0                      movzx si, al
   964 000006EF 8A84[D50A]                  mov al, [sine_table + si]
   965 000006F3 2C32                        sub al, 50
   966 000006F5 98                          cbw
   967 000006F6 BB6000                      mov bx, PAN_X_AMPLITUDE
   968 000006F9 F7EB                        imul bx
   969 000006FB BB3200                      mov bx, 50
   970 000006FE F7FB                        idiv bx
   971 00000700 05A000                      add ax, PAN_MAX_X / 2
   972 00000703 A3[360A]                    mov [pan_x], ax
   973                                  
   974 00000706 A0[3C0A]                    mov al, [motion_phase]
   975 00000709 D0E0                        shl al, 1
   976 0000070B 0440                        add al, 64                     ; quarter-cycle Y offset
   977 0000070D 0FB6F0                      movzx si, al
   978 00000710 8A84[D50A]                  mov al, [sine_table + si]
   979 00000714 2C32                        sub al, 50
   980 00000716 98                          cbw
   981 00000717 BB3000                      mov bx, PAN_Y_AMPLITUDE
   982 0000071A F7EB                        imul bx
   983 0000071C BB3200                      mov bx, 50
   984 0000071F F7FB                        idiv bx
   985 00000721 83C050                      add ax, PAN_MAX_Y / 2
   986 00000724 A3[380A]                    mov [pan_y], ax
   987 00000727 6661                        popad
   988 00000729 C3                          ret
   989                                  
   990                                  %if PAN_STYLE = 0
   991                                  ; Start each BitBLT at a new vertical retrace when S mode is enabled.
   992                                  ; Input Status 1 bit 3 is also driven by 86Box's XGA scanout. Bounded
   993                                  ; polling keeps the demo responsive if a machine does not expose the bit.
   994                                  wait_vsync:
   995                                      push ax
   996                                      push cx
   997                                      push dx
   998                                      mov dx, 0x3da
   999                                      mov cx, 0xffff
  1000                                  .leave_retrace:
  1001                                      in al, dx
  1002                                      test al, 8
  1003                                      jz .wait_retrace
  1004                                      loop .leave_retrace
  1005                                      jmp .timeout
  1006                                  .wait_retrace:
  1007                                      mov cx, 0xffff
  1008                                  .rise:
  1009                                      in al, dx
  1010                                      test al, 8
  1011                                      jnz .synced
  1012                                      loop .rise
  1013                                  .timeout:
  1014                                      stc
  1015                                      jmp .done
  1016                                  .synced:
  1017                                      clc
  1018                                  .done:
  1019                                      pop dx
  1020                                      pop cx
  1021                                      pop ax
  1022                                      ret
  1023                                  %endif
  1024                                  
  1025                                  ; Count completed panorama steps over at least 36 BIOS clock ticks (~2 s).
  1026                                  ; A slow frame can span several seconds; tick subtraction preserves that time.
  1027                                  ; This measures the guest animation loop, not host-window presentation.
  1028                                  update_fps:
  1029 0000072A 6660                        pushad
  1030 0000072C 0FA0                        push fs
  1031 0000072E B84000                      mov ax, 0x40
  1032 00000731 8EE0                        mov fs, ax
  1033 00000733 6466A16C00                  mov eax, [fs:0x6c]            ; BIOS tick count, without INT 1Ah per frame
  1034 00000738 0FA1                        pop fs
  1035 0000073A 66A3[4E0A]                  mov [fps_now], eax
  1036 0000073E 803E[490A]00                cmp byte [fps_started], 0
  1037 00000743 750C                        jne .elapsed
  1038 00000745 66A3[4A0A]                  mov [fps_start], eax
  1039 00000749 C606[490A]01                mov byte [fps_started], 1
  1040 0000074E E99500                      jmp .done                      ; this completed frame precedes the timer
  1041                                  .elapsed:
  1042 00000751 FF06[520A]                  inc word [hud_frames]
  1043 00000755 6689C3                      mov ebx, eax
  1044 00000758 662B1E[4A0A]                sub ebx, [fps_start]
  1045 0000075D 7307                        jnc .delta_ready
  1046 0000075F 6681C3B0001800              add ebx, 0x1800b0             ; BIOS midnight rollover
  1047                                  .delta_ready:
  1048                                  %if PAN_STYLE != 2
  1049 00000766 803E[460A]00                cmp byte [fps_measured], 0
  1050 0000076B 7508                        jne .normal_window
  1051 0000076D 6683FB09                    cmp ebx, 9                     ; show the first reading sooner
  1052 00000771 7273                        jb .done
  1053 00000773 EB06                        jmp .calculate
  1054                                  .normal_window:
  1055                                  %endif
  1056 00000775 6683FB24                    cmp ebx, 36
  1057 00000779 726B                        jb .done
  1058                                  .calculate:
  1059 0000077B 660FB706[520A]              movzx eax, word [hud_frames]
  1060 00000781 66B9B6000000                mov ecx, 182                  ; 18.2 ticks/s * 10 for tenths
  1061 00000787 66F7E1                      mul ecx
  1062 0000078A 6631D2                      xor edx, edx
  1063 0000078D 66F7F3                      div ebx
  1064                                  %if PAN_STYLE != 2
  1065 00000790 66A3[410A]                  mov [fps_raw10], eax
  1066 00000794 66052C010000                add eax, 300
  1067 0000079A 66B958020000                mov ecx, 600                   ; frames per ~1/60 s motion step
  1068 000007A0 6631D2                      xor edx, edx
  1069 000007A3 66F7F1                      div ecx
  1070 000007A6 6685C0                      test eax, eax
  1071 000007A9 7502                        jnz .step_nonzero
  1072 000007AB 6640                        inc eax
  1073                                  .step_nonzero:
  1074 000007AD 663DFFFF0000                cmp eax, 0xffff
  1075 000007B3 7606                        jbe .step_ready
  1076 000007B5 66B8FFFF0000                mov eax, 0xffff
  1077                                  .step_ready:
  1078 000007BB A3[3F0A]                    mov [motion_step_frames], ax
  1079 000007BE 66A1[410A]                  mov eax, [fps_raw10]
  1080                                  %endif
  1081                                  %if PAN_STYLE = 0
  1082                                      add eax, 5
  1083                                      mov ecx, 10
  1084                                      xor edx, edx
  1085                                      div ecx                         ; DBLIT shows whole copies/s, up to 9999
  1086                                  %endif
  1087 000007C2 663D0F270000                cmp eax, 9999
  1088 000007C8 7603                        jbe .store
  1089                                  .cap:
  1090 000007CA B80F27                      mov ax, 9999
  1091                                  .store:
  1092 000007CD A3[540A]                    mov [hud_fps10], ax
  1093                                  %if PAN_STYLE != 2
  1094 000007D0 C606[460A]01                mov byte [fps_measured], 1
  1095                                  %endif
  1096 000007D5 E805FE                      call update_sprite_hud
  1097 000007D8 66A1[4E0A]                  mov eax, [fps_now]
  1098 000007DC 66A3[4A0A]                  mov [fps_start], eax
  1099 000007E0 C706[520A]0000              mov word [hud_frames], 0
  1100                                  .done:
  1101 000007E6 6661                        popad
  1102 000007E8 C3                          ret
  1103                                  
  1104                                  restore_hud:
  1105 000007E9 803E[560A]00                cmp byte [hud_active], 0
  1106 000007EE 740E                        je .done
  1107 000007F0 66A1[570A]                  mov eax, [hud_old_addr]
  1108 000007F4 66A3[5B0A]                  mov [hud_work_addr], eax
  1109 000007F8 BE[D50B]                    mov si, hud_saved
  1110 000007FB E88B00                      call copy_to_vram
  1111                                  .done:
  1112 000007FE C3                          ret
  1113                                  
  1114                                  show_hud:
  1115                                  %if PAN_STYLE = 1
  1116                                      ; Legacy VRAM text path is retained so the verified 193007 DREAMS
  1117                                      ; binary remains reproducible. The active FPS path is the sprite above.
  1118 000007FF 660FB706[380A]              movzx eax, word [pan_y]
  1119 00000805 6683C008                    add eax, 8
  1120 00000809 6669C0C0030000              imul eax, eax, SOURCE_W
  1121 00000810 660FB71E[360A]              movzx ebx, word [pan_x]
  1122 00000816 6601D8                      add eax, ebx
  1123 00000819 660508B00400                add eax, SOURCE_BASE + 8
  1124 0000081F 66A3[570A]                  mov [hud_old_addr], eax
  1125 00000823 66A3[5B0A]                  mov [hud_work_addr], eax
  1126 00000827 C706[5F0A]C003              mov word [hud_pitch], SOURCE_W
  1127                                  %else
  1128                                      mov dword [hud_old_addr], 2 * SCREEN_W + 8
  1129                                      mov eax, [hud_old_addr]
  1130                                      mov [hud_work_addr], eax
  1131                                      mov word [hud_pitch], SCREEN_W
  1132                                  %endif
  1133 0000082D BE[D50B]                    mov si, hud_saved
  1134 00000830 E81700                      call copy_from_vram
  1135 00000833 E89100                      call render_hud
  1136 00000836 66A1[570A]                  mov eax, [hud_old_addr]
  1137 0000083A 66A3[5B0A]                  mov [hud_work_addr], eax
  1138 0000083E BE[550E]                    mov si, hud_canvas
  1139 00000841 E84500                      call copy_to_vram
  1140 00000844 C606[560A]01                mov byte [hud_active], 1
  1141 00000849 C3                          ret
  1142                                  
  1143                                  ; Rectangle copy: 64 x 10 bytes at hud_work_addr.
  1144                                  ; Recompute the bank for each row and also handle a row crossing a bank edge.
  1145                                  copy_from_vram:
  1146 0000084A 6660                        pushad
  1147 0000084C 06                          push es
  1148 0000084D B800A0                      mov ax, 0xa000
  1149 00000850 8EC0                        mov es, ax
  1150 00000852 BD0A00                      mov bp, 10
  1151                                  .row:
  1152 00000855 66A1[5B0A]                  mov eax, [hud_work_addr]
  1153 00000859 6689C3                      mov ebx, eax
  1154 0000085C 66C1EB10                    shr ebx, 16
  1155 00000860 89C7                        mov di, ax
  1156 00000862 E878FC                      call select_bank
  1157 00000865 B94000                      mov cx, 64
  1158                                  .pixel:
  1159 00000868 268A05                      mov al, [es:di]
  1160 0000086B 8804                        mov [si], al
  1161 0000086D 46                          inc si
  1162 0000086E 47                          inc di
  1163 0000086F 7504                        jnz .same_bank
  1164 00000871 43                          inc bx
  1165 00000872 E868FC                      call select_bank
  1166                                  .same_bank:
  1167 00000875 E2F1                        loop .pixel
  1168 00000877 660FB706[5F0A]              movzx eax, word [hud_pitch]
  1169 0000087D 660106[5B0A]                add [hud_work_addr], eax
  1170 00000882 4D                          dec bp
  1171 00000883 75D0                        jnz .row
  1172 00000885 07                          pop es
  1173 00000886 6661                        popad
  1174 00000888 C3                          ret
  1175                                  
  1176                                  copy_to_vram:
  1177 00000889 6660                        pushad
  1178 0000088B 06                          push es
  1179 0000088C FC                          cld
  1180 0000088D B800A0                      mov ax, 0xa000
  1181 00000890 8EC0                        mov es, ax
  1182 00000892 BD0A00                      mov bp, 10
  1183                                  .row:
  1184 00000895 66A1[5B0A]                  mov eax, [hud_work_addr]
  1185 00000899 6689C3                      mov ebx, eax
  1186 0000089C 66C1EB10                    shr ebx, 16
  1187 000008A0 89C7                        mov di, ax
  1188 000008A2 E838FC                      call select_bank
  1189 000008A5 B94000                      mov cx, 64
  1190                                  .pixel:
  1191 000008A8 AC                          lodsb
  1192 000008A9 268805                      mov [es:di], al
  1193 000008AC 47                          inc di
  1194 000008AD 7504                        jnz .same_bank
  1195 000008AF 43                          inc bx
  1196 000008B0 E82AFC                      call select_bank
  1197                                  .same_bank:
  1198 000008B3 E2F3                        loop .pixel
  1199 000008B5 660FB706[5F0A]              movzx eax, word [hud_pitch]
  1200 000008BB 660106[5B0A]                add [hud_work_addr], eax
  1201 000008C0 4D                          dec bp
  1202 000008C1 75D2                        jnz .row
  1203 000008C3 07                          pop es
  1204 000008C4 6661                        popad
  1205 000008C6 C3                          ret
  1206                                  
  1207                                  render_hud:
  1208 000008C7 6660                        pushad
  1209 000008C9 06                          push es
  1210 000008CA 1E                          push ds
  1211 000008CB 07                          pop es
  1212 000008CC FC                          cld
  1213 000008CD BF[550E]                    mov di, hud_canvas
  1214 000008D0 B98002                      mov cx, 64 * 10
  1215 000008D3 30C0                        xor al, al
  1216 000008D5 F3AA                        rep stosb
  1217 000008D7 A1[540A]                    mov ax, [hud_fps10]
  1218 000008DA BB0A00                      mov bx, 10
  1219                                  %if PAN_STYLE = 0
  1220                                      xor dx, dx
  1221                                      div bx
  1222                                      add dl, 4
  1223                                      mov [hud_text+7], dl          ; ones
  1224                                      xor dx, dx
  1225                                      div bx
  1226                                      add dl, 4
  1227                                      mov [hud_text+6], dl          ; tens
  1228                                      xor dx, dx
  1229                                      div bx
  1230                                      add dl, 4
  1231                                      mov [hud_text+5], dl          ; hundreds
  1232                                      add al, 4
  1233                                      mov [hud_text+4], al          ; thousands
  1234                                      mov byte [hud_text+8], 15     ; blank when running without VSYNC wait
  1235                                      cmp byte [vsync_enabled], 0
  1236                                      je .mode_ready
  1237                                      mov byte [hud_text+8], 2      ; S marks synchronized BitBLT
  1238                                  .mode_ready:
  1239                                  %else
  1240 000008DD 31D2                        xor dx, dx
  1241 000008DF F7F3                        div bx
  1242 000008E1 80C204                      add dl, 4
  1243 000008E4 8816[6B0A]                  mov [hud_text+8], dl          ; tenths
  1244 000008E8 31D2                        xor dx, dx
  1245 000008EA F7F3                        div bx
  1246 000008EC 80C204                      add dl, 4
  1247 000008EF 8816[690A]                  mov [hud_text+6], dl          ; ones
  1248 000008F3 31D2                        xor dx, dx
  1249 000008F5 F7F3                        div bx
  1250 000008F7 80C204                      add dl, 4
  1251 000008FA 8816[680A]                  mov [hud_text+5], dl          ; tens
  1252 000008FE 0404                        add al, 4
  1253 00000900 A2[670A]                    mov [hud_text+4], al          ; hundreds
  1254                                  %endif
  1255 00000903 C706[610A][960E]            mov word [hud_char_base], hud_canvas + 65
  1256 00000909 31DB                        xor bx, bx
  1257                                  .char:
  1258                                  %if PAN_STYLE = 0
  1259                                      cmp bx, 8
  1260                                      jne .glyph
  1261                                      add word [hud_char_base], 3    ; visible gap before the optional S
  1262                                  .glyph:
  1263                                  %endif
  1264 0000090B 8A87[630A]                  mov al, [hud_text+bx]
  1265 0000090F B107                        mov cl, 7
  1266 00000911 F6E1                        mul cl
  1267 00000913 BE[6C0A]                    mov si, hud_glyphs
  1268 00000916 01C6                        add si, ax
  1269 00000918 8B3E[610A]                  mov di, [hud_char_base]
  1270 0000091C BD0700                      mov bp, 7
  1271                                  .row:
  1272 0000091F 8A14                        mov dl, [si]
  1273 00000921 B90500                      mov cx, 5
  1274                                  .bit:
  1275 00000924 F6C210                      test dl, 0x10
  1276 00000927 7403                        jz .skip
  1277 00000929 C6054A                      mov byte [di], PROGRESS_COLOR
  1278                                  .skip:
  1279 0000092C D0E2                        shl dl, 1
  1280 0000092E 47                          inc di
  1281 0000092F E2F3                        loop .bit
  1282 00000931 46                          inc si
  1283 00000932 83C73B                      add di, 59
  1284 00000935 4D                          dec bp
  1285 00000936 75E7                        jnz .row
  1286 00000938 8306[610A]06                add word [hud_char_base], 6
  1287 0000093D 43                          inc bx
  1288                                  %if PAN_STYLE = 0
  1289                                      cmp bx, 9
  1290                                  %else
  1291 0000093E 83FB09                      cmp bx, 9
  1292                                  %endif
  1293 00000941 72C8                        jb .char
  1294 00000943 07                          pop es
  1295 00000944 6661                        popad
  1296 00000946 C3                          ret
  1297                                  
  1298                                  %if PAN_STYLE = 2
  1299                                  ; CPU-only comparison: read each 640-byte row through the banked A000
  1300                                  ; window into conventional RAM, switch banks, then write the display row.
  1301                                  cpu_blit:
  1302                                      pushad
  1303                                      push es
  1304                                      movzx eax, word [pan_y]
  1305                                      imul eax, eax, SOURCE_W
  1306                                      movzx ebx, word [pan_x]
  1307                                      add eax, ebx
  1308                                      add eax, SOURCE_BASE
  1309                                      mov [cpu_src_addr], eax
  1310                                      mov dword [cpu_dst_addr], 0
  1311                                      mov bp, SCREEN_H
  1312                                  .row:
  1313                                      mov ax, 0xa000
  1314                                      mov es, ax
  1315                                      mov eax, [cpu_src_addr]
  1316                                      mov ebx, eax
  1317                                      shr ebx, 16
  1318                                      mov di, ax
  1319                                      call select_bank
  1320                                      mov si, image_page
  1321                                      mov cx, SCREEN_W
  1322                                  .read:
  1323                                      mov al, [es:di]
  1324                                      mov [si], al
  1325                                      inc si
  1326                                      inc di
  1327                                      jnz .read_same_bank
  1328                                      inc bx
  1329                                      call select_bank
  1330                                  .read_same_bank:
  1331                                      loop .read
  1332                                  
  1333                                      mov eax, [cpu_dst_addr]
  1334                                      mov ebx, eax
  1335                                      shr ebx, 16
  1336                                      mov di, ax
  1337                                      call select_bank
  1338                                      mov si, image_page
  1339                                      mov cx, SCREEN_W
  1340                                      cld
  1341                                  .write:
  1342                                      lodsb
  1343                                      mov [es:di], al
  1344                                      inc di
  1345                                      jnz .write_same_bank
  1346                                      inc bx
  1347                                      call select_bank
  1348                                  .write_same_bank:
  1349                                      loop .write
  1350                                      add dword [cpu_src_addr], SOURCE_W
  1351                                      add dword [cpu_dst_addr], SCREEN_W
  1352                                      dec bp
  1353                                      jnz .row
  1354                                      pop es
  1355                                      popad
  1356                                      ret
  1357                                  %endif
  1358                                  
  1359                                  full_blit:
  1360 00000947 E84D00                      call wait_cp
  1361 0000094A 7229                        jc .failed
  1362 0000094C 26C70670000000              mov word [es:0x70], 0
  1363 00000953 26C70672000000              mov word [es:0x72], 0
  1364 0000095A 26C70678000000              mov word [es:0x78], 0
  1365 00000961 26C7067A000000              mov word [es:0x7a], 0
  1366 00000968 2666C7067C00008021-         mov dword [es:0x7c], BLT_OP
  1366 00000971 A8                 
  1367 00000972 E82200                      call wait_cp
  1368                                  .failed:
  1369 00000975 C3                          ret
  1370                                  
  1371                                  ; A small guest-written marker establishes that DOS reached a completed BLT.
  1372                                  ; Visual correctness still requires an emulator screenshot or user inspection.
  1373                                  log_first_blit:
  1374 00000976 B43C                        mov ah, 0x3c
  1375 00000978 31C9                        xor cx, cx
  1376 0000097A BA[A694]                    mov dx, log_name
  1377 0000097D CD21                        int 0x21
  1378 0000097F 7215                        jc .done
  1379 00000981 89C3                        mov bx, ax
  1380 00000983 B440                        mov ah, 0x40
  1381 00000985 B93200                      mov cx, log_end-log_text
  1382 00000988 BA[FC94]                    mov dx, log_text
  1383 0000098B CD21                        int 0x21
  1384 0000098D B43E                        mov ah, 0x3e
  1385 0000098F CD21                        int 0x21
  1386 00000991 A1[280A]                    mov ax, [cp_seg]
  1387 00000994 8EC0                        mov es, ax
  1388                                  .done:
  1389 00000996 C3                          ret
  1390                                  
  1391                                  wait_cp:
  1392 00000997 51                          push cx
  1393 00000998 52                          push dx
  1394 00000999 BA4000                      mov dx, 64
  1395                                  .outer:
  1396 0000099C B9FFFF                      mov cx, 0xffff
  1397                                  .inner:
  1398 0000099F 813E[210A]DA8F              cmp word [card_id], 0x8fda
  1399 000009A5 740A                        je .xga2
  1400 000009A7 26F606110080                test byte [es:0x11], 0x80
  1401 000009AD 7413                        jz .done
  1402 000009AF EB08                        jmp .retry
  1403                                  .xga2:
  1404 000009B1 26F606090080                test byte [es:0x09], 0x80
  1405 000009B7 7409                        jz .done
  1406                                  .retry:
  1407 000009B9 E2E4                        loop .inner
  1408 000009BB 4A                          dec dx
  1409 000009BC 75DE                        jnz .outer
  1410 000009BE 5A                          pop dx
  1411 000009BF 59                          pop cx
  1412 000009C0 F9                          stc
  1413 000009C1 C3                          ret
  1414                                  .done:
  1415 000009C2 5A                          pop dx
  1416 000009C3 59                          pop cx
  1417 000009C4 F8                          clc
  1418 000009C5 C3                          ret
  1419                                  
  1420                                  restore_mode:
  1421 000009C6 803E[1E0A]00                cmp byte [mode_active], 0
  1422 000009CB 744F                        je .done
  1423 000009CD 8B16[260A]                  mov dx, [io_base]
  1424 000009D1 83C20A                      add dx, 0x0a
  1425 000009D4 B83600                      mov ax, 0x0036                  ; disable hardware sprite
  1426 000009D7 EF                          out dx, ax
  1427 000009D8 8B16[260A]                  mov dx, [io_base]
  1428 000009DC 42                          inc dx
  1429 000009DD 30C0                        xor al, al
  1430 000009DF EE                          out dx, al
  1431 000009E0 8B16[260A]                  mov dx, [io_base]
  1432 000009E4 83C20A                      add dx, 0x0a
  1433 000009E7 B864FF                      mov ax, 0xff64
  1434 000009EA EF                          out dx, ax
  1435 000009EB B85015                      mov ax, 0x1550
  1436 000009EE EF                          out dx, ax
  1437 000009EF B85014                      mov ax, 0x1450
  1438 000009F2 EF                          out dx, ax
  1439 000009F3 B85100                      mov ax, 0x0051
  1440 000009F6 EF                          out dx, ax
  1441 000009F7 B85404                      mov ax, 0x0454
  1442 000009FA EF                          out dx, ax
  1443 000009FB B8707F                      mov ax, 0x7f70
  1444 000009FE EF                          out dx, ax
  1445 000009FF B82A20                      mov ax, 0x202a
  1446 00000A02 EF                          out dx, ax
  1447 00000A03 8B16[260A]                  mov dx, [io_base]
  1448 00000A07 B001                        mov al, 1
  1449 00000A09 EE                          out dx, al
  1450 00000A0A BAC303                      mov dx, 0x3c3
  1451 00000A0D EE                          out dx, al
  1452 00000A0E B80212                      mov ax, 0x1202
  1453 00000A11 B330                        mov bl, 0x30
  1454 00000A13 CD10                        int 0x10
  1455 00000A15 30E4                        xor ah, ah
  1456 00000A17 A0[1D0A]                    mov al, [old_mode]
  1457 00000A1A CD10                        int 0x10
  1458                                  .done:
  1459 00000A1C C3                          ret
  1460                                  
  1461 00000A1D 03                      old_mode db 3
  1462 00000A1E 00                      mode_active db 0
  1463 00000A1F 0000                    pos_base dw 0
  1464 00000A21 0000                    card_id dw 0
  1465 00000A23 00                      pos1 db 0
  1466 00000A24 00                      pos3 db 0
  1467 00000A25 00                      pos4 db 0
  1468 00000A26 0000                    io_base dw 0
  1469 00000A28 0000                    cp_seg dw 0
  1470 00000A2A 00000000                aperture dd 0
  1471 00000A2E 00000000                cp_aperture dd 0
  1472 00000A32 0000                    row dw 0
  1473 00000A34 0000                    col dw 0
  1474 00000A36 0000                    pan_x dw 0
  1475 00000A38 0000                    pan_y dw 0
  1476 00000A3A 0000                    motion_origin dw 0
  1477 00000A3C 00                      motion_phase db 0
  1478 00000A3D 0000                    motion_frame_count dw 0
  1479 00000A3F 8000                    motion_step_frames dw 128
  1480                                  %if PAN_STYLE != 2
  1481 00000A41 00000000                fps_raw10 dd 0
  1482                                  %endif
  1483 00000A45 00                      key_poll_div db 0
  1484                                  %if PAN_STYLE = 0
  1485                                  vsync_enabled db 0
  1486                                  %endif
  1487                                  %if PAN_STYLE != 2
  1488 00000A46 00                      fps_measured db 0
  1489                                  %endif
  1490 00000A47 FFFF                    hud_last_fps dw 0xffff
  1491 00000A49 00                      fps_started db 0
  1492 00000A4A 00000000                fps_start dd 0
  1493 00000A4E 00000000                fps_now dd 0
  1494 00000A52 0000                    hud_frames dw 0
  1495 00000A54 0000                    hud_fps10 dw 0
  1496 00000A56 00                      hud_active db 0
  1497 00000A57 00000000                hud_old_addr dd 0
  1498 00000A5B 00000000                hud_work_addr dd 0
  1499 00000A5F C003                    hud_pitch dw SOURCE_W
  1500 00000A61 0000                    hud_char_base dw 0
  1501                                  %if PAN_STYLE = 0
  1502                                  hud_text db 0, 1, 2, 3, 4, 4, 4, 4, 15 ; FPS:0000 [S]
  1503                                  %else
  1504 00000A63 000102030404040E04      hud_text db 0, 1, 2, 3, 4, 4, 4, 14, 4 ; FPS:000.0
  1505                                  %endif
  1506                                  ; Five-bit rows for F, P, S, colon, digits 0..9, and dot.
  1507                                  hud_glyphs:
  1508 00000A6C 1F10101E101010              db 0x1f,0x10,0x10,0x1e,0x10,0x10,0x10
  1509 00000A73 1E11111E101010              db 0x1e,0x11,0x11,0x1e,0x10,0x10,0x10
  1510 00000A7A 0F10100E01011E              db 0x0f,0x10,0x10,0x0e,0x01,0x01,0x1e
  1511 00000A81 00040400040400              db 0x00,0x04,0x04,0x00,0x04,0x04,0x00
  1512 00000A88 0E11131519110E              db 0x0e,0x11,0x13,0x15,0x19,0x11,0x0e
  1513 00000A8F 040C040404040E              db 0x04,0x0c,0x04,0x04,0x04,0x04,0x0e
  1514 00000A96 0E11010204081F              db 0x0e,0x11,0x01,0x02,0x04,0x08,0x1f
  1515 00000A9D 1E01010E01011E              db 0x1e,0x01,0x01,0x0e,0x01,0x01,0x1e
  1516 00000AA4 02060A121F0202              db 0x02,0x06,0x0a,0x12,0x1f,0x02,0x02
  1517 00000AAB 1F10101E01011E              db 0x1f,0x10,0x10,0x1e,0x01,0x01,0x1e
  1518 00000AB2 0E10101E11110E              db 0x0e,0x10,0x10,0x1e,0x11,0x11,0x0e
  1519 00000AB9 1F010204080808              db 0x1f,0x01,0x02,0x04,0x08,0x08,0x08
  1520 00000AC0 0E11110E11110E              db 0x0e,0x11,0x11,0x0e,0x11,0x11,0x0e
  1521 00000AC7 0E11110F01010E              db 0x0e,0x11,0x11,0x0f,0x01,0x01,0x0e
  1522 00000ACE 00000000000404              db 0x00,0x00,0x00,0x00,0x00,0x04,0x04
  1523                                  %if PAN_STYLE = 0
  1524                                      times 7 db 0                      ; blank glyph 15
  1525                                  %endif
  1526                                  ; Exact 256-step, 0..100 sine curve from PC1-Labs demo5a.asm.
  1527                                  sine_table:
  1528 00000AD5 323334353738393A3B-         db 50, 51, 52, 53, 55, 56, 57, 58, 59, 61, 62, 63, 64, 65, 66, 68
  1528 00000ADE 3D3E3F40414244     
  1529 00000AE5 45464748494A4B4C4D-         db 69, 70, 71, 72, 73, 74, 75, 76, 77, 78, 79, 80, 81, 82, 83, 84
  1529 00000AEE 4E4F5051525354     
  1530 00000AF5 54555657575859595A-         db 84, 85, 86, 87, 87, 88, 89, 89, 90, 90, 91, 91, 92, 92, 93, 93
  1530 00000AFE 5A5B5B5C5C5D5D     
  1531 00000B05 5E5E5E5F5F5F606060-         db 94, 94, 94, 95, 95, 95, 96, 96, 96, 96, 97, 97, 97, 97, 97, 97
  1531 00000B0E 60616161616161     
  1532 00000B15 616161616161616160-         db 97, 97, 97, 97, 97, 97, 97, 97, 96, 96, 96, 96, 95, 95, 95, 94
  1532 00000B1E 6060605F5F5F5E     
  1533 00000B25 5E5E5D5D5C5C5B5B5A-         db 94, 94, 93, 93, 92, 92, 91, 91, 90, 90, 89, 89, 88, 87, 87, 86
  1533 00000B2E 5A595958575756     
  1534 00000B35 555454535251504F4E-         db 85, 84, 84, 83, 82, 81, 80, 79, 78, 77, 76, 75, 74, 73, 72, 71
  1534 00000B3E 4D4C4B4A494847     
  1535 00000B45 4645444241403F3E3D-         db 70, 69, 68, 66, 65, 64, 63, 62, 61, 59, 58, 57, 56, 55, 53, 52
  1535 00000B4E 3B3A3938373534     
  1536 00000B55 3231302F2D2C2B2A29-         db 50, 49, 48, 47, 45, 44, 43, 42, 41, 39, 38, 37, 36, 35, 34, 32
  1536 00000B5E 27262524232220     
  1537 00000B65 1F1E1D1C1B1A191817-         db 31, 30, 29, 28, 27, 26, 25, 24, 23, 22, 21, 20, 19, 18, 17, 16
  1537 00000B6E 16151413121110     
  1538 00000B75 100F0E0D0D0C0B0B0A-         db 16, 15, 14, 13, 13, 12, 11, 11, 10, 10,  9,  9,  8,  8,  7,  7
  1538 00000B7E 0A090908080707     
  1539 00000B85 060606050505040404-         db  6,  6,  6,  5,  5,  5,  4,  4,  4,  4,  3,  3,  3,  3,  3,  3
  1539 00000B8E 04030303030303     
  1540 00000B95 030303030303030304-         db  3,  3,  3,  3,  3,  3,  3,  3,  4,  4,  4,  4,  5,  5,  5,  6
  1540 00000B9E 04040405050506     
  1541 00000BA5 06060707080809090A-         db  6,  6,  7,  7,  8,  8,  9,  9, 10, 10, 11, 11, 12, 13, 13, 14
  1541 00000BAE 0A0B0B0C0D0D0E     
  1542 00000BB5 0F1010111213141516-         db 15, 16, 16, 17, 18, 19, 20, 21, 22, 23, 24, 25, 26, 27, 28, 29
  1542 00000BBE 1718191A1B1C1D     
  1543 00000BC5 1E1F20222324252627-         db 30, 31, 32, 34, 35, 36, 37, 38, 39, 41, 42, 43, 44, 45, 47, 48
  1543 00000BCE 292A2B2C2D2F30     
  1544 00000BD5 00<rep 280h>            hud_saved times 64 * 10 db 0
  1545 00000E55 00<rep 280h>            hud_canvas times 64 * 10 db 0
  1546                                  %if TEST_MODE = 3
  1547 000010D5 445245414D532E4441-     image_name db 'DREAMS.DAT', 0
  1547 000010DE 5400               
  1548 000010E0 0000                    image_handle dw 0
  1549 000010E2 0400                    load_bank dw 4
  1550 000010E4 00B0                    load_offset dw 0xb000
  1551 000010E6 0000                    loaded_pages dw 0
  1552 000010E8 0000                    chunk_pages dw 0
  1553 000010EA 0000                    chunk_bytes dw 0
  1554 000010EC <bin 300h>              image_palette incbin "bin/DREAMS.DAT", 0, 768
  1555                                  align 2
  1556 000013EC 00<rep 8000h>           image_page times 32768 db 0
  1557                                  %endif
  1558                                  %if PAN_STYLE = 2
  1559                                  cpu_src_addr dd 0
  1560                                  cpu_dst_addr dd 0
  1561                                  %endif
  1562 000093EC 447265616D73205847-     msg_start db 'Dreams XGA Flight', 13, 10, '$'
  1562 000093F5 4120466C696768740D-
  1562 000093FE 0A24               
  1563 00009400 5847412D312F584741-     msg_no_xga db 'XGA-1/XGA-2 not found on MCA.', 13, 10, '$'
  1563 00009409 2D32206E6F7420666F-
  1563 00009412 756E64206F6E204D43-
  1563 0000941B 412E0D0A24         
  1564 00009420 4E6F20584741203120-     msg_no_aperture db 'No XGA 1 MB or 4 MB aperture in POS.', 13, 10, '$'
  1564 00009429 4D42206F722034204D-
  1564 00009432 422061706572747572-
  1564 0000943B 6520696E20504F532E-
  1564 00009444 0D0A24             
  1565 00009447 50616E6F72616D6120-     msg_no_vram db 'Panorama needs 1 MB XGA VRAM.', 13, 10, '$'
  1565 00009450 6E656564732031204D-
  1565 00009459 422058474120565241-
  1565 00009462 4D2E0D0A24         
  1566 00009467 445245414D532E4441-     msg_image_error db 'DREAMS.DAT missing or incomplete.', 13, 10, '$'
  1566 00009470 54206D697373696E67-
  1566 00009479 206F7220696E636F6D-
  1566 00009482 706C6574652E0D0A24 
  1567 0000948B 58474120636F70726F-     msg_cp_timeout db 'XGA coprocessor timeout.', 13, 10, '$'
  1567 00009494 636573736F72207469-
  1567 0000949D 6D656F75742E0D0A24 
  1568 000094A6 5847414F4B2E545854-     log_name db 'XGAOK.TXT', 0
  1568 000094AF 00                 
  1569 000094B0 584741424F4F542E54-     log_boot_name db 'XGABOOT.TXT', 0
  1569 000094B9 585400             
  1570 000094BC 5847414445542E5458-     log_detect_name db 'XGADET.TXT', 0
  1570 000094C5 5400               
  1571 000094C7 5847414D4F44452E54-     log_mode_name db 'XGAMODE.TXT', 0
  1571 000094D0 585400             
  1572 000094D3 4E4F5847412E545854-     log_xga_error db 'NOXGA.TXT', 0
  1572 000094DC 00                 
  1573 000094DD 4E4F415045522E5458-     log_ap_error db 'NOAPER.TXT', 0
  1573 000094E6 5400               
  1574 000094E8 4E4F5652414D2E5458-     log_vram_error db 'NOVRAM.TXT', 0
  1574 000094F1 5400               
  1575 000094F3 4E4F43502E54585400      log_cp_error db 'NOCP.TXT', 0
  1576 000094FC 584741206D6F64652C-     log_text db 'XGA mode, maps, and first BLT command completed.', 13, 10
  1576 00009505 206D6170732C20616E-
  1576 0000950E 642066697273742042-
  1576 00009517 4C5420636F6D6D616E-
  1576 00009520 6420636F6D706C6574-
  1576 00009529 65642E0D0A         
  1577                                  log_end:
  1578                                  
  1579                                  %include "xga_mode_640.inc"
     1                              <1> ; Generated from XGA Toolkit/XGAKIT.ASM by build_mode_table.py.
     2                              <1> ; Entries: I/O offset, register index (0 for direct), value.
     3                              <1> mode_table:
     4 0000952E 040000              <1>     db 0x04, 0x00, 0x00
     5 00009531 0500FF              <1>     db 0x05, 0x00, 0xff
     6 00009534 000004              <1>     db 0x00, 0x00, 0x04
     7 00009537 0A6400              <1>     db 0x0a, 0x64, 0x00
     8 0000953A 010001              <1>     db 0x01, 0x00, 0x01
     9 0000953D 080000              <1>     db 0x08, 0x00, 0x00
    10 00009540 060000              <1>     db 0x06, 0x00, 0x00
    11 00009543 090003              <1>     db 0x09, 0x00, 0x03
    12 00009546 0A5001              <1>     db 0x0a, 0x50, 0x01
    13 00009549 0A5000              <1>     db 0x0a, 0x50, 0x00
    14 0000954C 0A1063              <1>     db 0x0a, 0x10, 0x63
    15 0000954F 0A1100              <1>     db 0x0a, 0x11, 0x00
    16 00009552 0A124F              <1>     db 0x0a, 0x12, 0x4f
    17 00009555 0A1300              <1>     db 0x0a, 0x13, 0x00
    18 00009558 0A144F              <1>     db 0x0a, 0x14, 0x4f
    19 0000955B 0A1500              <1>     db 0x0a, 0x15, 0x00
    20 0000955E 0A1663              <1>     db 0x0a, 0x16, 0x63
    21 00009561 0A1700              <1>     db 0x0a, 0x17, 0x00
    22 00009564 0A1855              <1>     db 0x0a, 0x18, 0x55
    23 00009567 0A1900              <1>     db 0x0a, 0x19, 0x00
    24 0000956A 0A1A61              <1>     db 0x0a, 0x1a, 0x61
    25 0000956D 0A1B00              <1>     db 0x0a, 0x1b, 0x00
    26 00009570 0A1C00              <1>     db 0x0a, 0x1c, 0x00
    27 00009573 0A1E00              <1>     db 0x0a, 0x1e, 0x00
    28 00009576 0A200C              <1>     db 0x0a, 0x20, 0x0c
    29 00009579 0A2102              <1>     db 0x0a, 0x21, 0x02
    30 0000957C 0A22DF              <1>     db 0x0a, 0x22, 0xdf
    31 0000957F 0A2301              <1>     db 0x0a, 0x23, 0x01
    32 00009582 0A24DF              <1>     db 0x0a, 0x24, 0xdf
    33 00009585 0A2501              <1>     db 0x0a, 0x25, 0x01
    34 00009588 0A260C              <1>     db 0x0a, 0x26, 0x0c
    35 0000958B 0A2702              <1>     db 0x0a, 0x27, 0x02
    36 0000958E 0A28EA              <1>     db 0x0a, 0x28, 0xea
    37 00009591 0A2901              <1>     db 0x0a, 0x29, 0x01
    38 00009594 0A2AEC              <1>     db 0x0a, 0x2a, 0xec
    39 00009597 0A2CFF              <1>     db 0x0a, 0x2c, 0xff
    40 0000959A 0A2DFF              <1>     db 0x0a, 0x2d, 0xff
    41 0000959D 0A3600              <1>     db 0x0a, 0x36, 0x00
    42 000095A0 0A4000              <1>     db 0x0a, 0x40, 0x00
    43 000095A3 0A4100              <1>     db 0x0a, 0x41, 0x00
    44 000095A6 0A4200              <1>     db 0x0a, 0x42, 0x00
    45 000095A9 0A4350              <1>     db 0x0a, 0x43, 0x50
    46 000095AC 0A4400              <1>     db 0x0a, 0x44, 0x00
    47 000095AF 0A5400              <1>     db 0x0a, 0x54, 0x00
    48 000095B2 0A5103              <1>     db 0x0a, 0x51, 0x03
    49 000095B5 0A7000              <1>     db 0x0a, 0x70, 0x00
    50 000095B8 0A50C7              <1>     db 0x0a, 0x50, 0xc7
    51 000095BB 0A5500              <1>     db 0x0a, 0x55, 0x00
    52 000095BE 0A6000              <1>     db 0x0a, 0x60, 0x00
    53 000095C1 0A6100              <1>     db 0x0a, 0x61, 0x00
    54 000095C4 0A6200              <1>     db 0x0a, 0x62, 0x00
    55 000095C7 0A6300              <1>     db 0x0a, 0x63, 0x00
    56 000095CA 0A64FF              <1>     db 0x0a, 0x64, 0xff
    57 000095CD FF0000              <1>     db 0xff, 0, 0
